Rep.,Kfold,Num. Vars.,Precision-Background,Recall-Background,F1_score_Background,Num. Obs. Background,AUC_Background,Precision-DoS,Recall-DoS,F1_score_DoS,Num. Obs. Dos,AUC_DoS,Precision-Botnet,Recall-Botnet,F1_score_Botnet,Num. Obs. Botnet,AUC_Botnet,Precision-Scan,Recall-Scan,F1_score_Scan,Num. Obs. Scan,AUC_Scan,Precision-SSHscan,Recall-SSHscan,F1_score_SSHscan,Num. Obs. SSHscan,AUC_SSHscan,Precision-UDPscan,Recall-UDPscan,F1_score_UDPscan,Num. Obs. UDPscan,AUC_UDPscan,Precision-Spam,Recall-Spam,F1_score_Spam,Num. Obs. Spam,AUC_Spam,Precision-w,Recall-w,F1_score_w,Total Obs.,AUC_w,Time
10,1,88,0.8651785714285715,0.9662622569386737,0.9129308314359739,6017,0.851253399211695,1.0,0.37349397590361444,0.543859649122807,83,0.6867469879518072,1.0,0.01694915254237288,0.03333333333333333,118,0.5084745762711864,0.9375,0.8571428571428571,0.8955223880597014,35,0.9284652376401341,0.0,0.0,0.0,5,0.5,0.0,0.0,0.0,2,0.5,0.9287796751353603,0.6986215538847118,0.7974253531199714,3192,0.8356526299774997,0.8891511518533415,0.8577020736352094,0.8589614375478014,9452,0.8402868367818823,1836.670646905899
