Rep.,Kfold,Num. Vars.,Precision-Background,Recall-Background,F1_score_Background,Num. Obs. Background,AUC_Background,Precision-DoS,Recall-DoS,F1_score_DoS,Num. Obs. Dos,AUC_DoS,Precision-Botnet,Recall-Botnet,F1_score_Botnet,Num. Obs. Botnet,AUC_Botnet,Precision-Scan,Recall-Scan,F1_score_Scan,Num. Obs. Scan,AUC_Scan,Precision-SSHscan,Recall-SSHscan,F1_score_SSHscan,Num. Obs. SSHscan,AUC_SSHscan,Precision-UDPscan,Recall-UDPscan,F1_score_UDPscan,Num. Obs. UDPscan,AUC_UDPscan,Precision-Spam,Recall-Spam,F1_score_Spam,Num. Obs. Spam,AUC_Spam,Precision-w,Recall-w,F1_score_w,Total Obs.,AUC_w,Time
15,1,79,0.8694869486948695,0.9629506562551919,0.9138352384706347,6019,0.8549114642928564,1.0,0.5952380952380952,0.7462686567164178,84,0.7976190476190477,1.0,0.058823529411764705,0.1111111111111111,119,0.5294117647058824,0.9142857142857143,0.9142857142857143,0.9142857142857143,35,0.9569836383762718,0.0,0.0,0.0,5,0.5,0.0,0.0,0.0,2,0.5,0.9187675070028011,0.7192982456140351,0.8068880688806889,3192,0.8434454191033138,0.8884462591526398,0.8651649746192893,0.8654684650601006,9456,0.8465507940672219,2361.4700429439545
