Rep.,Kfold,Num. Vars.,Precision-Background,Recall-Background,F1_score_Background,Num. Obs. Background,AUC_Background,Precision-DoS,Recall-DoS,F1_score_DoS,Num. Obs. Dos,AUC_DoS,Precision-Botnet,Recall-Botnet,F1_score_Botnet,Num. Obs. Botnet,AUC_Botnet,Precision-Scan,Recall-Scan,F1_score_Scan,Num. Obs. Scan,AUC_Scan,Precision-SSHscan,Recall-SSHscan,F1_score_SSHscan,Num. Obs. SSHscan,AUC_SSHscan,Precision-UDPscan,Recall-UDPscan,F1_score_UDPscan,Num. Obs. UDPscan,AUC_UDPscan,Precision-Spam,Recall-Spam,F1_score_Spam,Num. Obs. Spam,AUC_Spam,Precision-w,Recall-w,F1_score_w,Total Obs.,AUC_w,Time
1,1,84,0.8668060325518889,0.9646061814556331,0.913094769956744,6018,0.8525765055038491,1.0,0.4880952380952381,0.6559999999999999,84,0.7440476190476191,1.0,0.025210084033613446,0.049180327868852465,119,0.5126050420168067,0.9117647058823529,0.8611111111111112,0.8857142857142858,36,0.9303963198867657,0.0,0.0,0.0,5,0.5,0.0,0.0,0.0,2,0.5,0.9222312703583062,0.7095864661654135,0.8020538243626063,3192,0.8395473837851334,0.8879044467314662,0.8613578680203046,0.861675370798142,9456,0.8429711216878419,1816.06982421875
