Rep.,Kfold,Num. Vars.,Precision-Background,Recall-Background,F1_score_Background,Num. Obs. Background,AUC_Background,Precision-DoS,Recall-DoS,F1_score_DoS,Num. Obs. Dos,AUC_DoS,Precision-Botnet,Recall-Botnet,F1_score_Botnet,Num. Obs. Botnet,AUC_Botnet,Precision-Scan,Recall-Scan,F1_score_Scan,Num. Obs. Scan,AUC_Scan,Precision-SSHscan,Recall-SSHscan,F1_score_SSHscan,Num. Obs. SSHscan,AUC_SSHscan,Precision-UDPscan,Recall-UDPscan,F1_score_UDPscan,Num. Obs. UDPscan,AUC_UDPscan,Precision-Spam,Recall-Spam,F1_score_Spam,Num. Obs. Spam,AUC_Spam,Precision-w,Recall-w,F1_score_w,Total Obs.,AUC_w,Time
3,1,86,0.876219512195122,0.9551345962113659,0.9139767848624581,6018,0.8595097232292653,1.0,0.40476190476190477,0.576271186440678,84,0.7023809523809523,1.0,0.025210084033613446,0.049180327868852465,119,0.5126050420168067,0.868421052631579,0.9166666666666666,0.8918918918918918,36,0.9580679687223578,0.0,0.0,0.0,5,0.5,0.0,0.0,0.0,2,0.5,0.9108255451713395,0.7325399310992797,0.8120118035063358,3193,0.847990910632654,0.8898824307938107,0.8625356878502697,0.8649078277131778,9457,0.8499687997163783,1610.6424436569214
