Rep.,Kfold,Num. Vars.,Precision-Background,Recall-Background,F1_score_Background,Num. Obs. Background,AUC_Background,Precision-DoS,Recall-DoS,F1_score_DoS,Num. Obs. Dos,AUC_DoS,Precision-Botnet,Recall-Botnet,F1_score_Botnet,Num. Obs. Botnet,AUC_Botnet,Precision-Scan,Recall-Scan,F1_score_Scan,Num. Obs. Scan,AUC_Scan,Precision-SSHscan,Recall-SSHscan,F1_score_SSHscan,Num. Obs. SSHscan,AUC_SSHscan,Precision-UDPscan,Recall-UDPscan,F1_score_UDPscan,Num. Obs. UDPscan,AUC_UDPscan,Precision-Spam,Recall-Spam,F1_score_Spam,Num. Obs. Spam,AUC_Spam,Precision-w,Recall-w,F1_score_w,Total Obs.,AUC_w,Time
6,4,90,0.8696110943623756,0.9587834469004487,0.9120227649988143,6017,0.8535918397969375,1.0,0.44047619047619047,0.6115702479338843,84,0.7202380952380952,1.0,0.03361344537815126,0.06504065040650406,119,0.5168067226890757,0.9666666666666667,0.8285714285714286,0.8923076923076922,35,0.914232635729451,0.0,0.0,0.0,5,0.5,0.0,0.0,0.0,2,0.5,0.9194065757818765,0.7181334168493579,0.8064005626868296,3193,0.8430175228609613,0.8889421982636996,0.8600740349021682,0.8622760953053942,9455,0.8445600415445534,1541.044951915741
