Rep.,Kfold,Num. Vars.,Precision-Background,Recall-Background,F1_score_Background,Num. Obs. Background,AUC_Background,Precision-DoS,Recall-DoS,F1_score_DoS,Num. Obs. Dos,AUC_DoS,Precision-Botnet,Recall-Botnet,F1_score_Botnet,Num. Obs. Botnet,AUC_Botnet,Precision-Scan,Recall-Scan,F1_score_Scan,Num. Obs. Scan,AUC_Scan,Precision-SSHscan,Recall-SSHscan,F1_score_SSHscan,Num. Obs. SSHscan,AUC_SSHscan,Precision-UDPscan,Recall-UDPscan,F1_score_UDPscan,Num. Obs. UDPscan,AUC_UDPscan,Precision-Spam,Recall-Spam,F1_score_Spam,Num. Obs. Spam,AUC_Spam,Precision-w,Recall-w,F1_score_w,Total Obs.,AUC_w,Time
7,4,88,0.8579243051448847,0.9644341033737743,0.9080666614505908,6017,0.8424555624489581,1.0,0.6309523809523809,0.7737226277372262,84,0.8154761904761905,1.0,0.025210084033613446,0.049180327868852465,119,0.5126050420168067,0.9117647058823529,0.8857142857142857,0.8985507246376812,35,0.942697907188353,0.0,0.0,0.0,6,0.5,0.0,0.0,0.0,2,0.5,0.9208211143695014,0.6885964912280702,0.7879548306148054,3192,0.8292096299346483,0.8816819995589742,0.8554204124801692,0.8547100324039453,9455,0.8336738957967604,1583.493392944336
