,Rep,Kfold,Num_Vars_,Precision_background,Recall_background,F1_score_background,Num_Obs_background,AUC_background,Accuracy_background,Precision_dos,Recall_dos,F1_score_dos,Num_Obs_dos,AUC_dos,Accuracy_dos,Precision_scan,Recall_scan,F1_score_scan,Num_Obs_scan,AUC_scan,Accuracy_scan,Precision_w,Recall_w,F1_score_w,Total_Obs,AUC_w,Accuracy_w,Hyper_time,Training_time,Testing_time,Total_time
0,1.0,1.0,62.0,0.9873807325330872,0.5723461195361285,0.7246442285972442,5605.0,0.7024995903803092,0.5832478632478633,0.012924071082390954,0.0963855421686747,0.022792022792022797,166.0,0.4406980490575957,0.7654700854700854,0.05416666666666667,0.6582278481012658,0.10009624639076037,79.0,0.7504447159411198,0.8401709401709402,0.9471271056947516,0.56,0.6962943556471624,5850.0,0.6957181560315456,0.5918881729856089,159.64253926277158,5.092142105102539,1.482044696807861,167.79086208343506
