Rep.,Kfold,Num. Vars.,Precision-Background,Recall-Background,F1_score_Background,Num. Obs. Background,AUC_Background,Precision-DoS,Recall-DoS,F1_score_DoS,Num. Obs. Dos,AUC_DoS,Precision-Botnet,Recall-Botnet,F1_score_Botnet,Num. Obs. Botnet,AUC_Botnet,Precision-Scan,Recall-Scan,F1_score_Scan,Num. Obs. Scan,AUC_Scan,Precision-SSHscan,Recall-SSHscan,F1_score_SSHscan,Num. Obs. SSHscan,AUC_SSHscan,Precision-UDPscan,Recall-UDPscan,F1_score_UDPscan,Num. Obs. UDPscan,AUC_UDPscan,Precision-Spam,Recall-Spam,F1_score_Spam,Num. Obs. Spam,AUC_Spam,Precision-w,Recall-w,F1_score_w,Total Obs.,AUC_w,Time
12,2,85,0.8146842878120412,0.9220541798238324,0.8650502845560147,6017,0.77732985555966,0.9047619047619048,0.9156626506024096,0.9101796407185628,83,0.9574043853929969,0.9464285714285714,0.8983050847457628,0.9217391304347826,118,0.9488311367589967,0.8048780487804879,0.9428571428571428,0.868421052631579,35,0.9710038077033936,0.0,0.0,0.0,6,0.5,0.2222222222222222,1.0,0.3636363636363636,2,0.9996296296296296,0.8164859002169197,0.5897837668442495,0.6848617176128093,3191,0.7611113371835047,0.8170493919840048,0.8090351248413035,0.8046797968912758,9452,0.776164943769477,29.8814218044281
