Rep.,Kfold,Num. Vars.,Precision-Background,Recall-Background,F1_score_Background,Num. Obs. Background,AUC_Background,Precision-DoS,Recall-DoS,F1_score_DoS,Num. Obs. Dos,AUC_DoS,Precision-Botnet,Recall-Botnet,F1_score_Botnet,Num. Obs. Botnet,AUC_Botnet,Precision-Scan,Recall-Scan,F1_score_Scan,Num. Obs. Scan,AUC_Scan,Precision-SSHscan,Recall-SSHscan,F1_score_SSHscan,Num. Obs. SSHscan,AUC_SSHscan,Precision-UDPscan,Recall-UDPscan,F1_score_UDPscan,Num. Obs. UDPscan,AUC_UDPscan,Precision-Spam,Recall-Spam,F1_score_Spam,Num. Obs. Spam,AUC_Spam,Precision-w,Recall-w,F1_score_w,Total Obs.,AUC_w,Time
1,3,87,0.8142368851240898,0.9104353605849119,0.8596532517455089,6018,0.7732671708310295,0.9113924050632911,0.8674698795180723,0.8888888888888888,83,0.9333614072083425,0.981651376146789,0.8991596638655462,0.9385964912280701,119,0.9494726967281448,0.9210526315789473,1.0,0.958904109589041,35,0.9998407305160331,0.0,0.0,0.0,6,0.4996295120143961,0.5,0.5,0.5,2,0.7499470955454448,0.7838053450339051,0.6159874608150471,0.6898367561874671,3190,0.7647237320042025,0.8067402465695455,0.8102189781021898,0.803343375152018,9453,0.7746682411609775,15.933573007583618
