Rep.,Kfold,Num. Vars.,Precision-Background,Recall-Background,F1_score_Background,Num. Obs. Background,AUC_Background,Precision-DoS,Recall-DoS,F1_score_DoS,Num. Obs. Dos,AUC_DoS,Precision-Botnet,Recall-Botnet,F1_score_Botnet,Num. Obs. Botnet,AUC_Botnet,Precision-Scan,Recall-Scan,F1_score_Scan,Num. Obs. Scan,AUC_Scan,Precision-SSHscan,Recall-SSHscan,F1_score_SSHscan,Num. Obs. SSHscan,AUC_SSHscan,Precision-UDPscan,Recall-UDPscan,F1_score_UDPscan,Num. Obs. UDPscan,AUC_UDPscan,Precision-Spam,Recall-Spam,F1_score_Spam,Num. Obs. Spam,AUC_Spam,Precision-w,Recall-w,F1_score_w,Total Obs.,AUC_w,Time
15,1,79,0.8186643078283945,0.9225785014121947,0.8675206998906421,6019,0.7823541328707758,0.8735632183908046,0.9047619047619048,0.8888888888888888,84,0.9517940979208586,0.9809523809523809,0.865546218487395,0.9196428571428571,119,0.9326660084618618,0.8918918918918919,0.9428571428571428,0.9166666666666667,35,0.9712162797397911,0.0,0.0,0.0,5,0.5,0.0,0.0,0.0,2,0.5,0.7967121090617482,0.6224937343358395,0.6989096025325361,3192,0.7707775185089161,0.813449067347566,0.8197969543147208,0.8109892178432349,9456,0.7823331106020375,19.173796892166138
