Rep.,Kfold,Num. Vars.,Precision-Background,Recall-Background,F1_score_Background,Num. Obs. Background,AUC_Background,Precision-DoS,Recall-DoS,F1_score_DoS,Num. Obs. Dos,AUC_DoS,Precision-Botnet,Recall-Botnet,F1_score_Botnet,Num. Obs. Botnet,AUC_Botnet,Precision-Scan,Recall-Scan,F1_score_Scan,Num. Obs. Scan,AUC_Scan,Precision-SSHscan,Recall-SSHscan,F1_score_SSHscan,Num. Obs. SSHscan,AUC_SSHscan,Precision-UDPscan,Recall-UDPscan,F1_score_UDPscan,Num. Obs. UDPscan,AUC_UDPscan,Precision-Spam,Recall-Spam,F1_score_Spam,Num. Obs. Spam,AUC_Spam,Precision-w,Recall-w,F1_score_w,Total Obs.,AUC_w,Time
11,2,86,0.8135119222843685,0.918716755319149,0.8629195940671351,6016,0.7750406587186377,0.896551724137931,0.9285714285714286,0.912280701754386,84,0.9638054068889803,0.954954954954955,0.8907563025210085,0.9217391304347827,119,0.9451103132489336,0.8611111111111112,0.8857142857142857,0.8732394366197184,35,0.942591693717198,0.0,0.0,0.0,5,0.49989415749364946,0.0,0.0,0.0,1,0.49984130342784594,0.798202614379085,0.6119636705292828,0.6927849672043964,3193,0.7665249662550567,0.8105191521772235,0.8141330794456786,0.8061217173323093,9453,0.7764282897418827,28.877334117889404
