Rep.,Kfold,Num. Vars.,Precision-Background,Recall-Background,F1_score_Background,Num. Obs. Background,AUC_Background,Precision-DoS,Recall-DoS,F1_score_DoS,Num. Obs. Dos,AUC_DoS,Precision-Botnet,Recall-Botnet,F1_score_Botnet,Num. Obs. Botnet,AUC_Botnet,Precision-Scan,Recall-Scan,F1_score_Scan,Num. Obs. Scan,AUC_Scan,Precision-SSHscan,Recall-SSHscan,F1_score_SSHscan,Num. Obs. SSHscan,AUC_SSHscan,Precision-UDPscan,Recall-UDPscan,F1_score_UDPscan,Num. Obs. UDPscan,AUC_UDPscan,Precision-Spam,Recall-Spam,F1_score_Spam,Num. Obs. Spam,AUC_Spam,Precision-w,Recall-w,F1_score_w,Total Obs.,AUC_w,Time
19,5,82,0.8157157599882058,0.9194084413426388,0.8644637137723615,6018,0.7778066653744626,0.9397590361445783,0.9397590361445783,0.9397590361445783,83,0.9696127375792788,0.9727272727272728,0.8991596638655462,0.9344978165938865,119,0.9494191463409144,0.8648648648648649,0.9142857142857143,0.888888888888889,35,0.9568774361852183,0.0,0.0,0.0,6,0.4999470787468247,0.0,0.0,0.0,2,0.4998942022852306,0.7987903225806452,0.6208085239736759,0.6986422147769353,3191,0.7705671232354409,0.8125599935147743,0.8177491009096679,0.8093956302222399,9454,0.7796349819383321,24.570363998413086
