Rep.,Kfold,Num. Vars.,Precision-Background,Recall-Background,F1_score_Background,Num. Obs. Background,AUC_Background,Precision-DoS,Recall-DoS,F1_score_DoS,Num. Obs. Dos,AUC_DoS,Precision-Botnet,Recall-Botnet,F1_score_Botnet,Num. Obs. Botnet,AUC_Botnet,Precision-Scan,Recall-Scan,F1_score_Scan,Num. Obs. Scan,AUC_Scan,Precision-SSHscan,Recall-SSHscan,F1_score_SSHscan,Num. Obs. SSHscan,AUC_SSHscan,Precision-UDPscan,Recall-UDPscan,F1_score_UDPscan,Num. Obs. UDPscan,AUC_UDPscan,Precision-Spam,Recall-Spam,F1_score_Spam,Num. Obs. Spam,AUC_Spam,Precision-w,Recall-w,F1_score_w,Total Obs.,AUC_w,Time
5,3,83,0.8158791290179233,0.9152542372881356,0.8627143864045735,6018,0.7767481896568735,0.9367088607594937,0.8809523809523809,0.9079754601226993,84,0.9402093815114093,0.9636363636363636,0.8983050847457628,0.9298245614035089,118,0.9489383178655978,0.8918918918918919,0.9428571428571428,0.9166666666666667,35,0.9712162346624603,0.0,0.0,0.0,6,0.4999470787468247,0.3333333333333333,1.0,0.5,1,0.9998942134772031,0.7937649880095923,0.6221804511278195,0.6975763962065331,3192,0.7698893312809331,0.8110430108862828,0.8153162682462449,0.8078116780519602,9454,0.7786018410469693,39.71176552772522
