Rep.,Kfold,Num. Vars.,Precision-Background,Recall-Background,F1_score_Background,Num. Obs. Background,AUC_Background,Precision-DoS,Recall-DoS,F1_score_DoS,Num. Obs. Dos,AUC_DoS,Precision-Botnet,Recall-Botnet,F1_score_Botnet,Num. Obs. Botnet,AUC_Botnet,Precision-Scan,Recall-Scan,F1_score_Scan,Num. Obs. Scan,AUC_Scan,Precision-SSHscan,Recall-SSHscan,F1_score_SSHscan,Num. Obs. SSHscan,AUC_SSHscan,Precision-UDPscan,Recall-UDPscan,F1_score_UDPscan,Num. Obs. UDPscan,AUC_UDPscan,Precision-Spam,Recall-Spam,F1_score_Spam,Num. Obs. Spam,AUC_Spam,Precision-w,Recall-w,F1_score_w,Total Obs.,AUC_w,Time
5,1,84,0.8077035307849431,0.9200598304803058,0.8602284204801492,6017,0.7682929353158003,0.9080459770114943,0.9518072289156626,0.9294117647058823,83,0.9754767656690148,0.9369369369369369,0.8739495798319328,0.9043478260869565,119,0.9365998568682963,0.8717948717948718,0.9444444444444444,0.9066666666666667,36,0.9719567730822773,0.0,0.0,0.0,5,0.4998941686951,0.4,1.0,0.5714285714285715,2,0.9998413034278459,0.7952853598014888,0.6024436090225563,0.6855614973262031,3192,0.7616976908095855,0.8057489888080622,0.812143008250476,0.8020782875409447,9454,0.7706861828494305,22.153064012527466
