Rep.,Kfold,Num. Vars.,Precision-Background,Recall-Background,F1_score_Background,Num. Obs. Background,AUC_Background,Precision-DoS,Recall-DoS,F1_score_DoS,Num. Obs. Dos,AUC_DoS,Precision-Botnet,Recall-Botnet,F1_score_Botnet,Num. Obs. Botnet,AUC_Botnet,Precision-Scan,Recall-Scan,F1_score_Scan,Num. Obs. Scan,AUC_Scan,Precision-SSHscan,Recall-SSHscan,F1_score_SSHscan,Num. Obs. SSHscan,AUC_SSHscan,Precision-UDPscan,Recall-UDPscan,F1_score_UDPscan,Num. Obs. UDPscan,AUC_UDPscan,Precision-Spam,Recall-Spam,F1_score_Spam,Num. Obs. Spam,AUC_Spam,Precision-w,Recall-w,F1_score_w,Total Obs.,AUC_w,Time
7,5,83,0.8126928162185985,0.9193950473657969,0.8627573300062382,6017,0.7742699495118688,0.9864864864864865,0.8690476190476191,0.9240506329113924,84,0.9344704534252075,0.963302752293578,0.8823529411764706,0.9210526315789473,119,0.9409622460809516,0.8780487804878049,1.0,0.9350649350649352,36,0.9997345790423612,0.0,0.0,0.0,5,0.4998941798941799,0.0,0.0,0.0,1,0.4998942246668077,0.8056155507559395,0.5840901973066082,0.677196804647785,3193,0.7561140861972198,0.813475492039808,0.8049709148598625,0.8010986891457115,9455,0.7723441987077366,35.660449504852295
