Rep.,Kfold,Num. Vars.,Precision-Background,Recall-Background,F1_score_Background,Num. Obs. Background,AUC_Background,Precision-DoS,Recall-DoS,F1_score_DoS,Num. Obs. Dos,AUC_DoS,Precision-Botnet,Recall-Botnet,F1_score_Botnet,Num. Obs. Botnet,AUC_Botnet,Precision-Scan,Recall-Scan,F1_score_Scan,Num. Obs. Scan,AUC_Scan,Precision-SSHscan,Recall-SSHscan,F1_score_SSHscan,Num. Obs. SSHscan,AUC_SSHscan,Precision-UDPscan,Recall-UDPscan,F1_score_UDPscan,Num. Obs. UDPscan,AUC_UDPscan,Precision-Spam,Recall-Spam,F1_score_Spam,Num. Obs. Spam,AUC_Spam,Precision-w,Recall-w,F1_score_w,Total Obs.,AUC_w,Time
8,5,88,0.8139816070054593,0.9228979727484214,0.8650248223498491,24072,0.7767905154350967,0.9968354430379747,0.9459459459459459,0.970724191063174,333,0.9729596346600028,0.9795918367346939,0.9094736842105263,0.9432314410480349,475,0.9546163408199161,1.0,0.9787234042553191,0.989247311827957,141,0.9893617021276595,0.0,0.0,0.0,22,0.5,1.0,1.0,1.0,7,1.0,0.8090793381417055,0.5973842900775316,0.6873000855971527,12769,0.7627640013261909,0.8162709653229192,0.8127131864935614,0.8069166894334913,37819,0.7766882556577122,38.14648985862732
