{"C": 6.370732095056885, "gamma": 0.12691117131311266}