{"C": 7.040860894895206, "gamma": 0.14903520244908244}