{"C": 2.3620249276607357, "gamma": 0.12510059032027246}