{"C": 9.67561995577087, "gamma": 0.14130778822465817}