{"C": 9.686688067069595, "gamma": 0.1266716701862845}