{"C": 4.2629546881720515, "gamma": 0.125474031198213}