{"C": 5.970598489255835, "gamma": 0.12538662467237902}