{"C": 4.318569547576469, "gamma": 0.12504498312324044}