{"C": 9.761633287690241, "gamma": 0.14142822977685476}