{"C": 9.812325253690789, "gamma": 0.12517298976278546}