{"C": 9.894955146496418, "gamma": 0.14409564595380892}