{"C": 7.049472125741707, "gamma": 0.12500691393421318}