{"C": 4.8071938716422835, "gamma": 0.1254872981406952}