{"C": 7.721525607961305, "gamma": 0.12545957652668216}