{"C": 8.712339557720243, "gamma": 0.12550497563905932}