Rep,Kfold,Num_Vars_,Precision_label_background,Recall_label_background,F1_score_label_background,Num_Obs_label_background,AUC_label_background,Accuracy_label_background,Precision_label_dos,Recall_label_dos,F1_score_label_dos,Num_Obs_label_dos,AUC_label_dos,Accuracy_label_dos,Precision_label_exploit,Recall_label_exploit,F1_score_label_exploit,Num_Obs_label_exploit,AUC_label_exploit,Accuracy_label_exploit,Precision_label_fuzzer,Recall_label_fuzzer,F1_score_label_fuzzer,Num_Obs_label_fuzzer,AUC_label_fuzzer,Accuracy_label_fuzzer,Precision_label_generic,Recall_label_generic,F1_score_label_generic,Num_Obs_label_generic,AUC_label_generic,Accuracy_label_generic,Precision_label_reconnaissance,Recall_label_reconnaissance,F1_score_label_reconnaissance,Num_Obs_label_reconnaissance,AUC_label_reconnaissance,Accuracy_label_reconnaissance,Precision_w,Recall_w,F1_score_w,Total_Obs,AUC_w,Accuracy_w,Hyper_time,Training_time,Testing_time,Total_time
2.0,2.0,69.0,0.9830155979202773,0.9989432898908066,0.9909154437456323,2839.0,0.9947235829298994,0.9934991873984248,0.9634146341463414,0.9753086419753086,0.9693251533742332,81.0,0.9874648792094275,0.9993749218652331,0.9841395717684377,0.9233630952380952,0.9527831094049903,1344.0,0.9601789180172445,0.9846230778847356,0.9981684981684982,0.9544658493870403,0.9758281110116384,571.0,0.9771656118232994,0.996624578072259,0.9993427538613211,0.9986863711001642,0.9990144546649146,3045.0,0.9991413284648984,0.9992499062382798,1.0,0.7033898305084746,0.8258706467661692,118.0,0.8516949152542372,0.995624453056632,0.9905544323931277,0.9783695923980995,0.9838602629930219,7998.0,0.9871633261435165,0.9945110355598652,1189.1389064788818,10.889338970184326,9.530891418457031,1228.5414652824402
