,Rep,Kfold,Num_Vars_,Precision_background,Recall_background,F1_score_background,Num_Obs_background,AUC_background,Accuracy_background,Precision_dos,Recall_dos,F1_score_dos,Num_Obs_dos,AUC_dos,Accuracy_dos,Precision_scan,Recall_scan,F1_score_scan,Num_Obs_scan,AUC_scan,Accuracy_scan,Precision_w,Recall_w,F1_score_w,Total_Obs,AUC_w,Accuracy_w,Hyper_time,Training_time,Testing_time,Total_time
0,1.0,2.0,92.0,0.9545199326221224,0.9580163426317272,0.9562649416397132,3549.0,0.6537069664965864,0.9181147972617169,0.3224489795918367,0.7745098039215687,0.4553314121037464,102.0,0.8647981920040743,0.9502369668246444,0.10810810810810813,0.027210884353741496,0.043478260869565216,147.0,0.5090861323987278,0.9536598209583992,0.9047848680058376,0.9170616113744076,0.9074827241342154,3798.0,0.6537785942978973,0.9203532332224409,0.0,1.6521568298339844,0.002678871154785156,2.1583101749420166
