Rep.,Kfold,Num. Vars.,Precision-Background,Recall-Background,F1_score_Background,Num. Obs. Background,AUC_Background,Precision-DoS,Recall-DoS,F1_score_DoS,Num. Obs. Dos,AUC_DoS,Precision-Botnet,Recall-Botnet,F1_score_Botnet,Num. Obs. Botnet,AUC_Botnet,Precision-Scan,Recall-Scan,F1_score_Scan,Num. Obs. Scan,AUC_Scan,Precision-SSHscan,Recall-SSHscan,F1_score_SSHscan,Num. Obs. SSHscan,AUC_SSHscan,Precision-UDPscan,Recall-UDPscan,F1_score_UDPscan,Num. Obs. UDPscan,AUC_UDPscan,Precision-Spam,Recall-Spam,F1_score_Spam,Num. Obs. Spam,AUC_Spam,Precision-w,Recall-w,F1_score_w,Total Obs.,AUC_w,Time
13,2,85,0.8642438804625319,0.9564567059996676,0.9080151467339855,6017,0.8466417445573302,1.0,0.39759036144578314,0.5689655172413793,83,0.6987951807228916,1.0,0.03361344537815126,0.06504065040650406,119,0.5168067226890757,0.9696969696969697,0.9142857142857143,0.9411764705882354,35,0.9570897616772098,0.0,0.0,0.0,5,0.5,0.0,0.0,0.0,2,0.5,0.909895414320193,0.708868693199624,0.7968997710058129,3191,0.8365458303883442,0.8823075634551613,0.8554803216250529,0.8563626173273314,9452,0.8379347506802121,0:25:25.614614
