Rep.,Kfold,Num. Vars.,Precision-Background,Recall-Background,F1_score_Background,Num. Obs. Background,AUC_Background,Precision-DoS,Recall-DoS,F1_score_DoS,Num. Obs. Dos,AUC_DoS,Precision-Botnet,Recall-Botnet,F1_score_Botnet,Num. Obs. Botnet,AUC_Botnet,Precision-Scan,Recall-Scan,F1_score_Scan,Num. Obs. Scan,AUC_Scan,Precision-SSHscan,Recall-SSHscan,F1_score_SSHscan,Num. Obs. SSHscan,AUC_SSHscan,Precision-UDPscan,Recall-UDPscan,F1_score_UDPscan,Num. Obs. UDPscan,AUC_UDPscan,Precision-Spam,Recall-Spam,F1_score_Spam,Num. Obs. Spam,AUC_Spam,Precision-w,Recall-w,F1_score_w,Total Obs.,AUC_w,Time
16,5,76,0.8748483009708737,0.9582917912927883,0.914670896114195,6018,0.8590935091504686,1.0,0.5301204819277109,0.6929133858267718,83,0.7650602409638554,1.0,0.025210084033613446,0.049180327868852465,119,0.5126050420168067,0.8611111111111112,0.8857142857142857,0.8732394366197184,35,0.942591721899504,0.0,0.0,0.0,5,0.5,0.0,0.0,0.0,2,0.5,0.9129586260733802,0.7327694235588973,0.8129996524157108,3192,0.8485788989401002,0.8896911252969998,0.8656653268457796,0.8666714611432071,9454,0.8503997560557227,0:25:59.454702
