Rep.,Kfold,Num. Vars.,Precision-Background,Recall-Background,F1_score_Background,Num. Obs. Background,AUC_Background,Precision-DoS,Recall-DoS,F1_score_DoS,Num. Obs. Dos,AUC_DoS,Precision-Botnet,Recall-Botnet,F1_score_Botnet,Num. Obs. Botnet,AUC_Botnet,Precision-Scan,Recall-Scan,F1_score_Scan,Num. Obs. Scan,AUC_Scan,Precision-SSHscan,Recall-SSHscan,F1_score_SSHscan,Num. Obs. SSHscan,AUC_SSHscan,Precision-UDPscan,Recall-UDPscan,F1_score_UDPscan,Num. Obs. UDPscan,AUC_UDPscan,Precision-Spam,Recall-Spam,F1_score_Spam,Num. Obs. Spam,AUC_Spam,Precision-w,Recall-w,F1_score_w,Total Obs.,AUC_w,Time
15,4,83,0.8517492711370263,0.9710819345188633,0.907509513085346,6017,0.8375921747077878,1.0,0.46987951807228917,0.639344262295082,83,0.7349397590361446,1.0,0.01680672268907563,0.03305785123966942,119,0.5084033613445378,0.9428571428571428,0.9428571428571428,0.9428571428571428,35,0.9713224030455159,0.0,0.0,0.0,5,0.5,0.0,0.0,0.0,2,0.5,0.9399649430324277,0.6717820231756968,0.7835616438356164,3193,0.824950267297799,0.8844175404626643,0.852760736196319,0.8517449256473093,9454,0.8285228054585598,0:25:00.340389
