Rep.,Kfold,Num. Vars.,Precision-Background,Recall-Background,F1_score_Background,Num. Obs. Background,AUC_Background,Precision-DoS,Recall-DoS,F1_score_DoS,Num. Obs. Dos,AUC_DoS,Precision-Botnet,Recall-Botnet,F1_score_Botnet,Num. Obs. Botnet,AUC_Botnet,Precision-Scan,Recall-Scan,F1_score_Scan,Num. Obs. Scan,AUC_Scan,Precision-SSHscan,Recall-SSHscan,F1_score_SSHscan,Num. Obs. SSHscan,AUC_SSHscan,Precision-UDPscan,Recall-UDPscan,F1_score_UDPscan,Num. Obs. UDPscan,AUC_UDPscan,Precision-Spam,Recall-Spam,F1_score_Spam,Num. Obs. Spam,AUC_Spam,Precision-w,Recall-w,F1_score_w,Total Obs.,AUC_w,Time
4,3,84,0.8666766646670666,0.9601262668217312,0.9110112713801529,6019,0.8506975920837412,1.0,0.6024096385542169,0.7518796992481204,83,0.8012048192771084,1.0,0.01680672268907563,0.03305785123966942,119,0.5084033613445378,0.9142857142857143,0.9142857142857143,0.9142857142857143,35,0.9569836214740672,0.0,0.0,0.0,6,0.5,0.0,0.0,0.0,1,0.5,0.9157894736842105,0.7086466165413534,0.7990109501942777,3192,0.8377178476288119,0.885640068178855,0.8593336858804865,0.8600909248854987,9455,0.8417068855774509,0:25:05.201353
