Rep.,Kfold,Num. Vars.,Precision-Background,Recall-Background,F1_score_Background,Num. Obs. Background,AUC_Background,Precision-DoS,Recall-DoS,F1_score_DoS,Num. Obs. Dos,AUC_DoS,Precision-Botnet,Recall-Botnet,F1_score_Botnet,Num. Obs. Botnet,AUC_Botnet,Precision-Scan,Recall-Scan,F1_score_Scan,Num. Obs. Scan,AUC_Scan,Precision-SSHscan,Recall-SSHscan,F1_score_SSHscan,Num. Obs. SSHscan,AUC_SSHscan,Precision-UDPscan,Recall-UDPscan,F1_score_UDPscan,Num. Obs. UDPscan,AUC_UDPscan,Precision-Spam,Recall-Spam,F1_score_Spam,Num. Obs. Spam,AUC_Spam,Precision-w,Recall-w,F1_score_w,Total Obs.,AUC_w,Time
5,2,88,0.8814126959963465,0.9621136590229312,0.9199968221180583,6018,0.8677642175277542,1.0,0.32142857142857145,0.4864864864864865,84,0.6607142857142857,1.0,0.01680672268907563,0.03305785123966942,119,0.5084033613445378,0.9090909090909091,0.8571428571428571,0.8823529411764706,35,0.9284122098048432,0.0,0.0,0.0,5,0.5,0.0,0.0,0.0,2,0.5,0.918622848200313,0.7353585969307861,0.8168377109062447,3193,0.8510738378235281,0.895973195920875,0.8668570219966159,0.8693300326283498,9456,0.8557189353421869,0:25:49.217932
