Rep.,Kfold,Num. Vars.,Precision-Background,Recall-Background,F1_score_Background,Num. Obs. Background,AUC_Background,Precision-DoS,Recall-DoS,F1_score_DoS,Num. Obs. Dos,AUC_DoS,Precision-Botnet,Recall-Botnet,F1_score_Botnet,Num. Obs. Botnet,AUC_Botnet,Precision-Scan,Recall-Scan,F1_score_Scan,Num. Obs. Scan,AUC_Scan,Precision-SSHscan,Recall-SSHscan,F1_score_SSHscan,Num. Obs. SSHscan,AUC_SSHscan,Precision-UDPscan,Recall-UDPscan,F1_score_UDPscan,Num. Obs. UDPscan,AUC_UDPscan,Precision-Spam,Recall-Spam,F1_score_Spam,Num. Obs. Spam,AUC_Spam,Precision-w,Recall-w,F1_score_w,Total Obs.,AUC_w,Time
6,5,87,0.8738615664845173,0.956630109670987,0.9133745835316516,6018,0.8573895600741431,1.0,0.5301204819277109,0.6929133858267718,83,0.7650602409638554,1.0,0.04201680672268908,0.08064516129032258,119,0.5210084033613446,0.9393939393939394,0.8857142857142857,0.9117647058823529,35,0.9427509744740873,0.0,0.0,0.0,5,0.5,0.0,0.0,0.0,2,0.5,0.9120662460567823,0.724624060150376,0.8076117318435754,3192,0.8445062172358395,0.8890515287069878,0.8620689655172413,0.8645658178190421,9454,0.8480463827004004,0:25:53.329165
