Rep.,Kfold,Num. Vars.,Precision-Background,Recall-Background,F1_score_Background,Num. Obs. Background,AUC_Background,Precision-DoS,Recall-DoS,F1_score_DoS,Num. Obs. Dos,AUC_DoS,Precision-Botnet,Recall-Botnet,F1_score_Botnet,Num. Obs. Botnet,AUC_Botnet,Precision-Scan,Recall-Scan,F1_score_Scan,Num. Obs. Scan,AUC_Scan,Precision-SSHscan,Recall-SSHscan,F1_score_SSHscan,Num. Obs. SSHscan,AUC_SSHscan,Precision-UDPscan,Recall-UDPscan,F1_score_UDPscan,Num. Obs. UDPscan,AUC_UDPscan,Precision-Spam,Recall-Spam,F1_score_Spam,Num. Obs. Spam,AUC_Spam,Precision-w,Recall-w,F1_score_w,Total Obs.,AUC_w,Time
9,5,82,0.8524662360540223,0.9649385177799934,0.9052221356196415,6018,0.8362236244313237,1.0,0.4166666666666667,0.5882352941176471,84,0.7083333333333334,1.0,0.008403361344537815,0.016666666666666666,119,0.5042016806722689,0.9696969696969697,0.9142857142857143,0.9411764705882354,35,0.9570897729513292,0.0,0.0,0.0,5,0.5,0.0,0.0,0.0,1,0.5,0.9171294318667236,0.6726190476190477,0.7760708476414243,3192,0.8208192651062342,0.8773596730517328,0.848529722868627,0.8471738134483006,9454,0.8259410839962028,0:25:38.850178
