Rep.,Kfold,Num. Vars.,Precision-Background,Recall-Background,F1_score_Background,Num. Obs. Background,AUC_Background,Precision-DoS,Recall-DoS,F1_score_DoS,Num. Obs. Dos,AUC_DoS,Precision-Botnet,Recall-Botnet,F1_score_Botnet,Num. Obs. Botnet,AUC_Botnet,Precision-Scan,Recall-Scan,F1_score_Scan,Num. Obs. Scan,AUC_Scan,Precision-SSHscan,Recall-SSHscan,F1_score_SSHscan,Num. Obs. SSHscan,AUC_SSHscan,Precision-UDPscan,Recall-UDPscan,F1_score_UDPscan,Num. Obs. UDPscan,AUC_UDPscan,Precision-Spam,Recall-Spam,F1_score_Spam,Num. Obs. Spam,AUC_Spam,Precision-w,Recall-w,F1_score_w,Total Obs.,AUC_w,Time
9,3,81,0.8694018635407273,0.9612828182120305,0.913036616161616,6018,0.8541494149284315,1.0,0.5180722891566265,0.6825396825396826,83,0.7590361445783133,1.0,0.03361344537815126,0.06504065040650406,119,0.5168067226890757,0.8857142857142857,0.8857142857142857,0.8857142857142857,35,0.9426447835451869,0.0,0.0,0.0,5,0.5,0.0,0.0,0.0,2,0.5,0.9145950280673617,0.7148229395173926,0.8024626209322779,3191,0.8404041238628164,0.8868648206231934,0.8615254416587327,0.8622345509895981,9453,0.8444931033227155,0:24:45.651648
