Rep,Kfold,Num_Vars_,Precision_background,Recall_background,F1_score_background,Num_Obs_background,AUC_background,Accuracy_background,Precision_dos,Recall_dos,F1_score_dos,Num_Obs_dos,AUC_dos,Accuracy_dos,Precision_scan,Recall_scan,F1_score_scan,Num_Obs_scan,AUC_scan,Accuracy_scan,Precision_w,Recall_w,F1_score_w,Total_Obs,AUC_w,Accuracy_w,Hyper_time,Training_time,Testing_time,Total_time
17.0,4.0,33.0,0.0,0.0,0.0,1.0,0.1875598086124402,0.3749402199904352,0.9033613445378151,0.22419186652763295,0.3592314118629908,1918.0,0.4791479563852038,0.2663797226207556,0.09523809523809523,0.011627906976744186,0.02072538860103627,172.0,0.5008634584388671,0.9096126255380201,0.8364552899112777,0.2065997130559541,0.3312150238128142,2091.0,0.48079476566567125,0.3193422380674984,0.0,1.535027027130127,0.0016930103302001953,0.0016930103302001953
