Rep,Kfold,Num_Vars_,Precision_background,Recall_background,F1_score_background,Num_Obs_background,AUC_background,Accuracy_background,Precision_dos,Recall_dos,F1_score_dos,Num_Obs_dos,AUC_dos,Accuracy_dos,Precision_scan,Recall_scan,F1_score_scan,Num_Obs_scan,AUC_scan,Accuracy_scan,Precision_w,Recall_w,F1_score_w,Total_Obs,AUC_w,Accuracy_w,Hyper_time,Training_time,Testing_time,Total_time
14.0,2.0,55.0,0.9748124330117899,0.9929039301310044,0.9837750135208221,1832.0,0.9857115628717178,0.9850746268656716,0.9116409537166901,0.988342625443487,0.9484435797665369,1973.0,0.9480061930343961,0.9472636815920398,0.6296296296296297,0.07906976744186046,0.14049586776859505,215.0,0.5382208232741497,0.9482587064676616,0.9253468530674127,0.9417910447761194,0.9213337361243212,4020.0,0.9432729549855207,0.9645481547486449,0.0,2.0625367164611816,0.02431178092956543,3.2641711235046387
