Rep,Kfold,Num_Vars_,Precision_background,Recall_background,F1_score_background,Num_Obs_background,AUC_background,Accuracy_background,Precision_dos,Recall_dos,F1_score_dos,Num_Obs_dos,AUC_dos,Accuracy_dos,Precision_scan,Recall_scan,F1_score_scan,Num_Obs_scan,AUC_scan,Accuracy_scan,Precision_w,Recall_w,F1_score_w,Total_Obs,AUC_w,Accuracy_w,Hyper_time,Training_time,Testing_time,Total_time
14.0,3.0,43.0,0.943579766536965,0.6840620592383639,0.7931316434995911,709.0,0.5520310296191819,0.6666666666666666,0.0962566844919786,0.9,0.17391304347826084,20.0,0.8356562922868741,0.7747035573122529,0.026845637583892617,0.13333333333333333,0.0446927374301676,30.0,0.4672153635116598,0.7747035573122529,0.8850178620448808,0.6679841897233202,0.7472323823895656,759.0,0.556152288209601,0.6737837213864022,0.0,1.7541909217834473,0.0012080669403076172,0.0012080669403076172
