Rep,Kfold,Num_Vars_,Precision_background,Recall_background,F1_score_background,Num_Obs_background,AUC_background,Accuracy_background,Precision_dos,Recall_dos,F1_score_dos,Num_Obs_dos,AUC_dos,Accuracy_dos,Precision_scan,Recall_scan,F1_score_scan,Num_Obs_scan,AUC_scan,Accuracy_scan,Precision_w,Recall_w,F1_score_w,Total_Obs,AUC_w,Accuracy_w,Hyper_time,Training_time,Testing_time,Total_time
1.0,3.0,80.0,0.9779569892473118,0.9929039301310044,0.985373781148429,1832.0,0.9870826780453924,0.9865671641791045,0.9136321195144724,0.9928970065956367,0.9516168247021639,1971.0,0.9513045306282234,0.950497512437811,0.5,0.018433179723502304,0.035555555555555556,217.0,0.5086906892569654,0.9460199004975124,0.9206184357870896,0.9402985074626866,0.9175515134595628,4020.0,0.9437170586109823,0.9666935224375636,0.0,122.81818962097168,0.003065347671508789,138.6807029247284
