Rep,Kfold,Num_Vars_,Precision_background,Recall_background,F1_score_background,Num_Obs_background,AUC_background,Accuracy_background,Precision_dos,Recall_dos,F1_score_dos,Num_Obs_dos,AUC_dos,Accuracy_dos,Precision_scan,Recall_scan,F1_score_scan,Num_Obs_scan,AUC_scan,Accuracy_scan,Precision_w,Recall_w,F1_score_w,Total_Obs,AUC_w,Accuracy_w,Hyper_time,Training_time,Testing_time,Total_time
17.0,3.0,28.0,0.9612903225806452,0.6295774647887324,0.7608510638297874,710.0,0.6311152630066111,0.6297760210803689,0.07758620689655173,0.9,0.14285714285714285,20.0,0.8052097428958052,0.7154150197628458,0.030303030303030304,0.034482758620689655,0.03225806451612904,29.0,0.49532357109116676,0.9209486166007905,0.90243299215939,0.6139657444005271,0.7167284348448744,759.0,0.6305143809673964,0.6431578198204767,0.0,1.6527082920074463,0.0011210441589355469,0.0011210441589355469
