Rep,Kfold,Num_Vars_,Precision_background,Recall_background,F1_score_background,Num_Obs_background,AUC_background,Accuracy_background,Precision_dos,Recall_dos,F1_score_dos,Num_Obs_dos,AUC_dos,Accuracy_dos,Precision_scan,Recall_scan,F1_score_scan,Num_Obs_scan,AUC_scan,Accuracy_scan,Precision_w,Recall_w,F1_score_w,Total_Obs,AUC_w,Accuracy_w,Hyper_time,Training_time,Testing_time,Total_time
10.0,5.0,30.0,0.992548435171386,0.5941123996431757,0.7433035714285714,1121.0,0.747056199821588,0.6071733561058924,0.08353808353808354,1.0,0.15419501133786848,34.0,0.8359718557607739,0.681468830059778,0.041666666666666664,0.875,0.07954545454545454,16.0,0.7981060606060606,0.7233134073441503,0.9531629012246671,0.609735269000854,0.7171295142866296,1171.0,0.7503353886127784,0.6109174098499096,0.0,2.172548532485962,0.001422882080078125,0.001422882080078125
