Rep,Kfold,Num_Vars_,Precision_background,Recall_background,F1_score_background,Num_Obs_background,AUC_background,Accuracy_background,Precision_dos,Recall_dos,F1_score_dos,Num_Obs_dos,AUC_dos,Accuracy_dos,Precision_scan,Recall_scan,F1_score_scan,Num_Obs_scan,AUC_scan,Accuracy_scan,Precision_w,Recall_w,F1_score_w,Total_Obs,AUC_w,Accuracy_w,Hyper_time,Training_time,Testing_time,Total_time
12.0,3.0,61.0,0.9758713136729222,0.9934497816593887,0.9845820935893969,1832.0,0.9864415270271351,0.985820895522388,0.9126168224299065,0.9903651115618661,0.9499027237354085,1972.0,0.9495282589059331,0.9487562189054727,0.75,0.027777777777777776,0.05357142857142857,216.0,0.5136260077111812,0.9472636815920398,0.9327056269852162,0.9400497512437811,0.9175457699585644,4020.0,0.9429288113785639,0.9655671889309672,0.0,2.3834261894226074,0.002794027328491211,3.652418613433838
