Rep,Kfold,Num_Vars_,Precision_background,Recall_background,F1_score_background,Num_Obs_background,AUC_background,Accuracy_background,Precision_dos,Recall_dos,F1_score_dos,Num_Obs_dos,AUC_dos,Accuracy_dos,Precision_scan,Recall_scan,F1_score_scan,Num_Obs_scan,AUC_scan,Accuracy_scan,Precision_w,Recall_w,F1_score_w,Total_Obs,AUC_w,Accuracy_w,Hyper_time,Training_time,Testing_time,Total_time
14.0,1.0,43.0,0.9986431478968792,0.656556645851918,0.7922497308934339,1121.0,0.8180742412933059,0.67008547008547,0.07808564231738035,0.9393939393939394,0.14418604651162792,33.0,0.808747101623091,0.6854700854700855,0.007194244604316547,0.1875,0.013856812933025405,16.0,0.41437391681109176,0.635042735042735,0.9591204298312346,0.6581196581196581,0.7633263221139757,1170.0,0.812290479925073,0.6700401782453065,0.0,1.5530085563659668,0.0014138221740722656,0.0014138221740722656
