Rep,Kfold,Num_Vars_,Precision_background,Recall_background,F1_score_background,Num_Obs_background,AUC_background,Accuracy_background,Precision_dos,Recall_dos,F1_score_dos,Num_Obs_dos,AUC_dos,Accuracy_dos,Precision_scan,Recall_scan,F1_score_scan,Num_Obs_scan,AUC_scan,Accuracy_scan,Precision_w,Recall_w,F1_score_w,Total_Obs,AUC_w,Accuracy_w,Hyper_time,Training_time,Testing_time,Total_time
10.0,4.0,34.0,0.9705724986623863,0.9907154560349536,0.9805405405405405,1831.0,0.982794913947125,0.982089552238806,0.9135338345864662,0.9858012170385395,0.9482926829268292,1972.0,0.9479787335192698,0.9472636815920398,0.9375,0.06912442396313365,0.12875536480686695,217.0,0.5344307368303705,0.949502487562189,0.9408070813072987,0.9385572139303483,0.9187419936876933,4020.0,0.9415131890122826,0.963246763693968,0.0,1.70786714553833,0.0024290084838867188,2.714279890060425
