Rep,Kfold,Num_Vars_,Precision_background,Recall_background,F1_score_background,Num_Obs_background,AUC_background,Accuracy_background,Precision_dos,Recall_dos,F1_score_dos,Num_Obs_dos,AUC_dos,Accuracy_dos,Precision_scan,Recall_scan,F1_score_scan,Num_Obs_scan,AUC_scan,Accuracy_scan,Precision_w,Recall_w,F1_score_w,Total_Obs,AUC_w,Accuracy_w,Hyper_time,Training_time,Testing_time,Total_time
16.0,1.0,64.0,1.0,0.6708296164139161,0.802989855846236,1121.0,0.8354148082069581,0.6846153846153846,0.08333333333333333,0.9696969696969697,0.15347721822541965,33.0,0.8300551691053011,0.6982905982905983,0.031746031746031744,0.75,0.06091370558375634,16.0,0.716421143847487,0.6837606837606838,0.9609042192375526,0.6803418803418804,0.7745222187131705,1170.0,0.8336363751128503,0.6849894075535101,0.0,1.9350287914276123,0.038077592849731445,0.038077592849731445
