Rep,Kfold,Num_Vars_,Precision_background,Recall_background,F1_score_background,Num_Obs_background,AUC_background,Accuracy_background,Precision_dos,Recall_dos,F1_score_dos,Num_Obs_dos,AUC_dos,Accuracy_dos,Precision_scan,Recall_scan,F1_score_scan,Num_Obs_scan,AUC_scan,Accuracy_scan,Precision_w,Recall_w,F1_score_w,Total_Obs,AUC_w,Accuracy_w,Hyper_time,Training_time,Testing_time,Total_time
16.0,2.0,37.0,0.9709990687774378,0.9963144963144963,0.9834939028498283,7326.0,0.9857043748566655,0.9847627340008707,0.9162938544855191,0.9868137441359198,0.9502472376533788,7887.0,0.9500108759742099,0.9493127682069781,0.9850746268656716,0.07621247113163972,0.1414790996784566,866.0,0.538073368938593,0.950183469121214,0.9449234053769806,0.9420983892033087,0.9218357606798672,16079.0,0.9440871675172179,0.9655115664156841,0.0,1.916548728942871,0.0023360252380371094,2.8622705936431885
