Rep,Kfold,Num_Vars_,Precision_background,Recall_background,F1_score_background,Num_Obs_background,AUC_background,Accuracy_background,Precision_dos,Recall_dos,F1_score_dos,Num_Obs_dos,AUC_dos,Accuracy_dos,Precision_scan,Recall_scan,F1_score_scan,Num_Obs_scan,AUC_scan,Accuracy_scan,Precision_w,Recall_w,F1_score_w,Total_Obs,AUC_w,Accuracy_w,Hyper_time,Training_time,Testing_time,Total_time
18.0,3.0,39.0,0.970682302771855,0.993995633187773,0.9822006472491909,1832.0,0.9844292608352028,0.9835820895522388,0.9143932267168391,0.9858012170385395,0.9487554904831625,1972.0,0.9484670147692698,0.9477611940298507,1.0,0.037037037037037035,0.07142857142857142,216.0,0.5185185185185185,0.9482587064676616,0.9446451297919515,0.9385572139303483,0.9168572100551955,4020.0,0.941754069396789,0.9641122744486522,0.0,1.770925760269165,0.008733510971069336,2.8440165519714355
