Rep,Kfold,Num_Vars_,Precision_background,Recall_background,F1_score_background,Num_Obs_background,AUC_background,Accuracy_background,Precision_dos,Recall_dos,F1_score_dos,Num_Obs_dos,AUC_dos,Accuracy_dos,Precision_scan,Recall_scan,F1_score_scan,Num_Obs_scan,AUC_scan,Accuracy_scan,Precision_w,Recall_w,F1_score_w,Total_Obs,AUC_w,Accuracy_w,Hyper_time,Training_time,Testing_time,Total_time
13.0,5.0,32.0,0.0005271481286241434,1.0,0.001053740779768177,1.0,0.5461943513642891,0.09282296650717703,0.9114583333333334,0.09124087591240876,0.16587677725118485,1918.0,0.49620183330504164,0.15789473684210525,0.09090909090909091,0.005847953216374269,0.010989010989010988,171.0,0.5003184528979213,0.9138755980861244,0.8438866339841706,0.08468899521531101,0.153125279132858,2090.0,0.4965625675004683,0.219716581580092,0.0,1.7913613319396973,0.013005495071411133,0.013005495071411133
