Rep,Kfold,Num_Vars_,Precision_background,Recall_background,F1_score_background,Num_Obs_background,AUC_background,Accuracy_background,Precision_dos,Recall_dos,F1_score_dos,Num_Obs_dos,AUC_dos,Accuracy_dos,Precision_scan,Recall_scan,F1_score_scan,Num_Obs_scan,AUC_scan,Accuracy_scan,Precision_w,Recall_w,F1_score_w,Total_Obs,AUC_w,Accuracy_w,Hyper_time,Training_time,Testing_time,Total_time
17.0,3.0,28.0,1.0,0.6181980374665478,0.7640573318632856,1121.0,0.8090990187332738,0.6341880341880342,0.08396946564885496,1.0,0.15492957746478872,33.0,0.841688654353562,0.6923076923076923,0.020771513353115726,0.4375,0.039660056657223795,16.0,0.5757690641247833,0.7102564102564103,0.9607720825470615,0.6264957264957266,0.7369705179329887,1170.0,0.8068273765980035,0.6368675578931989,0.0,1.6527082920074463,0.0013232231140136719,0.0013232231140136719
