Rep,Kfold,Num_Vars_,Precision_background,Recall_background,F1_score_background,Num_Obs_background,AUC_background,Accuracy_background,Precision_dos,Recall_dos,F1_score_dos,Num_Obs_dos,AUC_dos,Accuracy_dos,Precision_scan,Recall_scan,F1_score_scan,Num_Obs_scan,AUC_scan,Accuracy_scan,Precision_w,Recall_w,F1_score_w,Total_Obs,AUC_w,Accuracy_w,Hyper_time,Training_time,Testing_time,Total_time
15.0,3.0,37.0,0.0006485084306095979,1.0,0.0012961762799740765,1.0,0.6313397129186603,0.26303204208512676,0.9094736842105263,0.22523461939520334,0.36105307145842036,1918.0,0.4883398530502028,0.2687709230033477,0.08823529411764706,0.03488372093023256,0.05,172.0,0.5012876134614686,0.890961262553802,0.8414862005798448,0.209947393591583,0.33529463760570555,2091.0,0.4894732890380585,0.3199478716029459,0.0,1.8135058879852295,0.01562809944152832,0.01562809944152832
