Rep,Kfold,Num_Vars_,Precision_background,Recall_background,F1_score_background,Num_Obs_background,AUC_background,Accuracy_background,Precision_dos,Recall_dos,F1_score_dos,Num_Obs_dos,AUC_dos,Accuracy_dos,Precision_scan,Recall_scan,F1_score_scan,Num_Obs_scan,AUC_scan,Accuracy_scan,Precision_w,Recall_w,F1_score_w,Total_Obs,AUC_w,Accuracy_w,Hyper_time,Training_time,Testing_time,Total_time
11.0,5.0,34.0,1.0,0.5932203389830508,0.7446808510638298,1121.0,0.7966101694915254,0.6099230111206159,0.08029197080291971,1.0,0.14864864864864866,33.0,0.8336267605633803,0.6766467065868264,0.02702702702702703,0.7333333333333333,0.052132701421800945,15.0,0.6950895436164067,0.6578272027373824,0.9615526436628758,0.6065012831479898,0.7189688879121348,1169.0,0.7963524604386977,0.6124212530578582,0.0,1.6842942237854004,0.003294229507446289,0.003294229507446289
