Rep,Kfold,Num_Vars_,Precision_background,Recall_background,F1_score_background,Num_Obs_background,AUC_background,Accuracy_background,Precision_dos,Recall_dos,F1_score_dos,Num_Obs_dos,AUC_dos,Accuracy_dos,Precision_scan,Recall_scan,F1_score_scan,Num_Obs_scan,AUC_scan,Accuracy_scan,Precision_w,Recall_w,F1_score_w,Total_Obs,AUC_w,Accuracy_w,Hyper_time,Training_time,Testing_time,Total_time
1.0,5.0,61.0,0.0,0.0,0.0,0.0,,0.33939684059358544,0.9133709981167608,0.2528675703858186,0.3960800326663945,1918.0,0.4919308612163011,0.2920057443752992,0.0891089108910891,0.15789473684210525,0.11392405063291139,171.0,0.506997420558696,0.7989468645284825,0.8458990895884746,0.24509334609861178,0.37298349225101607,2089.0,,0.33350260006998295,0.0,122.91794013977051,0.006094932556152344,0.006094932556152344
