Rep,Kfold,Num_Vars_,Precision_background,Recall_background,F1_score_background,Num_Obs_background,AUC_background,Accuracy_background,Precision_dos,Recall_dos,F1_score_dos,Num_Obs_dos,AUC_dos,Accuracy_dos,Precision_scan,Recall_scan,F1_score_scan,Num_Obs_scan,AUC_scan,Accuracy_scan,Precision_w,Recall_w,F1_score_w,Total_Obs,AUC_w,Accuracy_w,Hyper_time,Training_time,Testing_time,Total_time
16.0,3.0,56.0,0.9541666666666667,0.6459802538787024,0.7703952901597981,709.0,0.6029901269393512,0.6403162055335968,0.06716417910447761,0.9,0.125,20.0,0.7808525033829499,0.6679841897233202,0.1,0.2,0.13333333333333333,30.0,0.562962962962963,0.8972332015810277,0.8970322137664772,0.6350461133069829,0.7282085121519063,759.0,0.6060947812339235,0.6512000916537778,0.0,1.806502103805542,0.0014691352844238281,0.0014691352844238281
