Rep,Kfold,Num_Vars_,Precision_background,Recall_background,F1_score_background,Num_Obs_background,AUC_background,Accuracy_background,Precision_dos,Recall_dos,F1_score_dos,Num_Obs_dos,AUC_dos,Accuracy_dos,Precision_scan,Recall_scan,F1_score_scan,Num_Obs_scan,AUC_scan,Accuracy_scan,Precision_w,Recall_w,F1_score_w,Total_Obs,AUC_w,Accuracy_w,Hyper_time,Training_time,Testing_time,Total_time
11.0,3.0,30.0,0.9702444208289054,0.9972692517749864,0.9835712361971451,1831.0,0.9858433970158623,0.9848258706467662,0.9156058462989156,0.9847870182555781,0.9489372098705107,1972.0,0.9486923372527891,0.9480099502487562,0.75,0.055299539170506916,0.10300429184549356,217.0,0.5271238689804677,0.9480099502487562,0.9315528018505441,0.9402985074626866,0.9190485180776349,4020.0,0.9428573205391307,0.964778594589243,0.0,1.3852508068084717,0.002321481704711914,2.1479172706604004
