Rep,Kfold,Num_Vars_,Precision_background,Recall_background,F1_score_background,Num_Obs_background,AUC_background,Accuracy_background,Precision_dos,Recall_dos,F1_score_dos,Num_Obs_dos,AUC_dos,Accuracy_dos,Precision_scan,Recall_scan,F1_score_scan,Num_Obs_scan,AUC_scan,Accuracy_scan,Precision_w,Recall_w,F1_score_w,Total_Obs,AUC_w,Accuracy_w,Hyper_time,Training_time,Testing_time,Total_time
11.0,5.0,34.0,0.9733333333333334,0.99617903930131,0.9846236849204208,1832.0,0.9866583353799645,0.9858173675043543,0.9145539906103286,0.9883307965499746,0.9500121921482565,1971.0,0.9497318045249873,0.9489922866384672,0.8235294117647058,0.06481481481481481,0.12017167381974249,216.0,0.5320129819538182,0.9489922866384672,0.936455569818562,0.9422741975615825,0.9211897743327915,4019.0,0.9441140236966583,0.9657784394491926,0.0,1.6842942237854004,0.0043985843658447266,2.955811023712158
