Rep,Kfold,Num_Vars_,Precision_background,Recall_background,F1_score_background,Num_Obs_background,AUC_background,Accuracy_background,Precision_dos,Recall_dos,F1_score_dos,Num_Obs_dos,AUC_dos,Accuracy_dos,Precision_scan,Recall_scan,F1_score_scan,Num_Obs_scan,AUC_scan,Accuracy_scan,Precision_w,Recall_w,F1_score_w,Total_Obs,AUC_w,Accuracy_w,Hyper_time,Training_time,Testing_time,Total_time
13.0,1.0,50.0,0.9396551724137931,0.6140845070422535,0.7427597955706984,710.0,0.532532449599558,0.6031537450722734,0.072,0.8571428571428571,0.13284132841328414,21.0,0.7718146718146718,0.6911957950065704,0.048,0.2,0.07741935483870968,30.0,0.5186046511627906,0.812089356110381,0.8805613303729214,0.6044678055190538,0.6997000044639109,761.0,0.5385864479089066,0.6138199098288614,0.0,1.7342529296875,0.01334381103515625,0.01334381103515625
