Rep,Kfold,Num_Vars_,Precision_background,Recall_background,F1_score_background,Num_Obs_background,AUC_background,Accuracy_background,Precision_dos,Recall_dos,F1_score_dos,Num_Obs_dos,AUC_dos,Accuracy_dos,Precision_scan,Recall_scan,F1_score_scan,Num_Obs_scan,AUC_scan,Accuracy_scan,Precision_w,Recall_w,F1_score_w,Total_Obs,AUC_w,Accuracy_w,Hyper_time,Training_time,Testing_time,Total_time
13.0,2.0,36.0,0.9972183588317107,0.639607493309545,0.7793478260869565,1121.0,0.7993955833894664,0.652991452991453,0.08115183246073299,0.9393939393939394,0.1493975903614458,33.0,0.8153434076916926,0.6982905982905983,0.06363636363636363,0.875,0.11864406779661017,16.0,0.8482452339688041,0.8222222222222222,0.9586136517433622,0.6512820512820513,0.7525447338548306,1170.0,0.8005134232281355,0.6565833881218498,0.0,1.8433327674865723,0.0035064220428466797,0.0035064220428466797
