Rep,Kfold,Num_Vars_,Precision_background,Recall_background,F1_score_background,Num_Obs_background,AUC_background,Accuracy_background,Precision_dos,Recall_dos,F1_score_dos,Num_Obs_dos,AUC_dos,Accuracy_dos,Precision_scan,Recall_scan,F1_score_scan,Num_Obs_scan,AUC_scan,Accuracy_scan,Precision_w,Recall_w,F1_score_w,Total_Obs,AUC_w,Accuracy_w,Hyper_time,Training_time,Testing_time,Total_time
12.0,4.0,27.0,0.9534368070953437,0.6056338028169014,0.7407407407407407,710.0,0.5969345484672742,0.6044678055190539,0.0683453237410072,0.9047619047619048,0.12709030100334448,21.0,0.7773809523809524,0.657030223390276,0.045454545454545456,0.03333333333333333,0.03846153846153846,30.0,0.5023027815777474,0.9342969776609724,0.8932181618921046,0.5913272010512484,0.6961217718802132,761.0,0.5981834597360015,0.6189207436787821,0.0,1.8038959503173828,0.016594648361206055,0.016594648361206055
