Rep,Kfold,Num_Vars_,Precision_background,Recall_background,F1_score_background,Num_Obs_background,AUC_background,Accuracy_background,Precision_dos,Recall_dos,F1_score_dos,Num_Obs_dos,AUC_dos,Accuracy_dos,Precision_scan,Recall_scan,F1_score_scan,Num_Obs_scan,AUC_scan,Accuracy_scan,Precision_w,Recall_w,F1_score_w,Total_Obs,AUC_w,Accuracy_w,Hyper_time,Training_time,Testing_time,Total_time
13.0,4.0,35.0,0.9985163204747775,0.6003568242640499,0.7498607242339833,1121.0,0.7899743304993719,0.6162393162393163,0.07407407407407407,0.9696969696969697,0.13763440860215054,33.0,0.8089469896857759,0.6572649572649573,0.027918781725888325,0.6875,0.053658536585365846,16.0,0.6778054592720971,0.6683760683760683,0.9591691796617813,0.6119658119658119,0.7230720888337882,1170.0,0.7889755235023761,0.6181094309299437,0.0,1.798140048980713,0.0029113292694091797,0.0029113292694091797
