Rep,Kfold,Num_Vars_,Precision_background,Recall_background,F1_score_background,Num_Obs_background,AUC_background,Accuracy_background,Precision_dos,Recall_dos,F1_score_dos,Num_Obs_dos,AUC_dos,Accuracy_dos,Precision_scan,Recall_scan,F1_score_scan,Num_Obs_scan,AUC_scan,Accuracy_scan,Precision_w,Recall_w,F1_score_w,Total_Obs,AUC_w,Accuracy_w,Hyper_time,Training_time,Testing_time,Total_time
15.0,2.0,42.0,0.9942028985507246,0.6119536128456735,0.7575924903368305,1121.0,0.7651604798922245,0.6247863247863248,0.07673267326732673,0.9393939393939394,0.14187643020594967,33.0,0.8056688254577437,0.6794871794871795,0.11904761904761904,0.9375,0.21126760563380279,16.0,0.9206564124783362,0.9042735042735043,0.9563575977760224,0.6256410256410256,0.7327550303884822,1170.0,0.7684294630760192,0.6301512163050624,0.0,1.8830459117889404,0.0015456676483154297,0.0015456676483154297
