Rep,Kfold,Num_Vars_,Precision_background,Recall_background,F1_score_background,Num_Obs_background,AUC_background,Accuracy_background,Precision_dos,Recall_dos,F1_score_dos,Num_Obs_dos,AUC_dos,Accuracy_dos,Precision_scan,Recall_scan,F1_score_scan,Num_Obs_scan,AUC_scan,Accuracy_scan,Precision_w,Recall_w,F1_score_w,Total_Obs,AUC_w,Accuracy_w,Hyper_time,Training_time,Testing_time,Total_time
14.0,2.0,55.0,0.9972413793103448,0.6449598572702944,0.7833152762730229,1121.0,0.802071765369841,0.6581196581196581,0.08616187989556136,0.9705882352941176,0.15827338129496402,34.0,0.831244821872411,0.7,0.03926701570680628,1.0,0.07556675062972293,15.0,0.8411255411255412,0.6863247863247863,0.9584838421871349,0.658974358974359,0.7560779666030201,1170.0,0.8034202188377239,0.659698297903426,0.0,2.0625367164611816,0.03301644325256348,0.03301644325256348
