Rep,Kfold,Num_Vars_,Precision_background,Recall_background,F1_score_background,Num_Obs_background,AUC_background,Accuracy_background,Precision_dos,Recall_dos,F1_score_dos,Num_Obs_dos,AUC_dos,Accuracy_dos,Precision_scan,Recall_scan,F1_score_scan,Num_Obs_scan,AUC_scan,Accuracy_scan,Precision_w,Recall_w,F1_score_w,Total_Obs,AUC_w,Accuracy_w,Hyper_time,Training_time,Testing_time,Total_time
17.0,2.0,28.0,0.9501133786848073,0.5901408450704225,0.7280625543006082,710.0,0.5793841480254073,0.5886990801576872,0.07228915662650602,0.8571428571428571,0.13333333333333333,21.0,0.7724903474903474,0.6925098554533509,0.046153846153846156,0.1,0.06315789473684211,30.0,0.5075923392612859,0.8830486202365309,0.8902538587910448,0.5781865965834428,0.6854390938180513,761.0,0.5818828023300592,0.6031675591111356,0.0,1.773620843887329,0.0011203289031982422,0.0011203289031982422
