Rep,Kfold,Num_Vars_,Precision_background,Recall_background,F1_score_background,Num_Obs_background,AUC_background,Accuracy_background,Precision_dos,Recall_dos,F1_score_dos,Num_Obs_dos,AUC_dos,Accuracy_dos,Precision_scan,Recall_scan,F1_score_scan,Num_Obs_scan,AUC_scan,Accuracy_scan,Precision_w,Recall_w,F1_score_w,Total_Obs,AUC_w,Accuracy_w,Hyper_time,Training_time,Testing_time,Total_time
17.0,1.0,34.0,0.0,0.0,0.0,0.0,,0.10914313068453806,0.9276595744680851,0.11366006256517205,0.20250812819321876,1918.0,0.5071224289434048,0.17807563427477263,0.0,0.0,0.0,171.0,0.49504692387904065,0.9090473910962182,0.8517238218428852,0.10435615126854955,0.1859313498681635,2089.0,,0.23791104376087466,0.0,1.845428228378296,0.0015859603881835938,0.0015859603881835938
