Rep,Kfold,Num_Vars_,Precision_background,Recall_background,F1_score_background,Num_Obs_background,AUC_background,Accuracy_background,Precision_dos,Recall_dos,F1_score_dos,Num_Obs_dos,AUC_dos,Accuracy_dos,Precision_scan,Recall_scan,F1_score_scan,Num_Obs_scan,AUC_scan,Accuracy_scan,Precision_w,Recall_w,F1_score_w,Total_Obs,AUC_w,Accuracy_w,Hyper_time,Training_time,Testing_time,Total_time
11.0,2.0,55.0,0.9946091644204852,0.6583407671721677,0.7922705314009663,1121.0,0.7891703835860839,0.6695132365499573,0.08288770053475936,0.9117647058823529,0.15196078431372548,34.0,0.8050468208391537,0.7045260461144321,0.029787234042553193,0.875,0.05761316872427984,16.0,0.7400974025974025,0.6088812980358668,0.954954441398998,0.6686592655849701,0.76364111278116,1171.0,0.7889608457302217,0.6697013872834899,0.0,1.943284273147583,0.001552581787109375,0.001552581787109375
