Rep,Kfold,Num_Vars_,Precision_background,Recall_background,F1_score_background,Num_Obs_background,AUC_background,Accuracy_background,Precision_dos,Recall_dos,F1_score_dos,Num_Obs_dos,AUC_dos,Accuracy_dos,Precision_scan,Recall_scan,F1_score_scan,Num_Obs_scan,AUC_scan,Accuracy_scan,Precision_w,Recall_w,F1_score_w,Total_Obs,AUC_w,Accuracy_w,Hyper_time,Training_time,Testing_time,Total_time
10.0,2.0,32.0,0.9491525423728814,0.6309859154929578,0.7580372250423012,710.0,0.5705949985628054,0.6231884057971014,0.08260869565217391,0.95,0.152,20.0,0.8322395128552097,0.7206851119894598,0.037037037037037035,0.034482758620689655,0.03571428571428571,29.0,0.4994331601322627,0.9288537549407114,0.8914684493700438,0.6166007905138341,0.7144692280181135,759.0,0.5747704886436517,0.6374364021726111,0.0,2.3011538982391357,0.001537322998046875,0.001537322998046875
