Rep,Kfold,Num_Vars_,Precision_background,Recall_background,F1_score_background,Num_Obs_background,AUC_background,Accuracy_background,Precision_dos,Recall_dos,F1_score_dos,Num_Obs_dos,AUC_dos,Accuracy_dos,Precision_scan,Recall_scan,F1_score_scan,Num_Obs_scan,AUC_scan,Accuracy_scan,Precision_w,Recall_w,F1_score_w,Total_Obs,AUC_w,Accuracy_w,Hyper_time,Training_time,Testing_time,Total_time
18.0,5.0,38.0,0.9957805907172996,0.631578947368421,0.7729257641921398,1121.0,0.7851772287862513,0.6444444444444445,0.08266666666666667,0.9393939393939394,0.15196078431372548,33.0,0.81842168385704,0.7042735042735043,0.027842227378190254,0.75,0.053691275167785234,16.0,0.6934575389948006,0.6384615384615384,0.9567893314804649,0.6418803418803419,0.7455756820037831,1170.0,0.7848606065475101,0.6460501132296005,0.0,1.8011314868927002,0.001323699951171875,0.001323699951171875
