Rep,Kfold,Num_Vars_,Precision_background,Recall_background,F1_score_background,Num_Obs_background,AUC_background,Accuracy_background,Precision_dos,Recall_dos,F1_score_dos,Num_Obs_dos,AUC_dos,Accuracy_dos,Precision_scan,Recall_scan,F1_score_scan,Num_Obs_scan,AUC_scan,Accuracy_scan,Precision_w,Recall_w,F1_score_w,Total_Obs,AUC_w,Accuracy_w,Hyper_time,Training_time,Testing_time,Total_time
11.0,1.0,31.0,0.9700854700854701,0.9912663755458515,0.980561555075594,1832.0,0.9828302613897525,0.9820850957949738,0.9134931828866949,0.9857940131912735,0.9482674475353832,1971.0,0.9479751315956367,0.9472505598407565,0.8947368421052632,0.0787037037037037,0.1446808510638298,216.0,0.539088901549459,0.9499875590943021,0.938281861796714,0.9395371983080368,0.9197996944066971,4019.0,0.9418878392574545,0.9632764522784006,0.0,1.9307312965393066,0.0021698474884033203,2.773019790649414
