Rep,Kfold,Num_Vars_,Precision_background,Recall_background,F1_score_background,Num_Obs_background,AUC_background,Accuracy_background,Precision_dos,Recall_dos,F1_score_dos,Num_Obs_dos,AUC_dos,Accuracy_dos,Precision_scan,Recall_scan,F1_score_scan,Num_Obs_scan,AUC_scan,Accuracy_scan,Precision_w,Recall_w,F1_score_w,Total_Obs,AUC_w,Accuracy_w,Hyper_time,Training_time,Testing_time,Total_time
19.0,1.0,29.0,0.9954476479514416,0.5851917930419268,0.7370786516853932,1121.0,0.7619836516230043,0.6,0.07311320754716981,0.9393939393939394,0.13566739606126912,33.0,0.7968737506996083,0.6623931623931624,0.04477611940298507,0.75,0.08450704225352113,16.0,0.7640814558058925,0.7777777777777778,0.9564324505239916,0.5974358974358974,0.7111917139191488,1170.0,0.7629964192609994,0.6041909562422383,0.0,1.8146023750305176,0.003571748733520508,0.003571748733520508
