Rep,Kfold,Num_Vars_,Precision_background,Recall_background,F1_score_background,Num_Obs_background,AUC_background,Accuracy_background,Precision_dos,Recall_dos,F1_score_dos,Num_Obs_dos,AUC_dos,Accuracy_dos,Precision_scan,Recall_scan,F1_score_scan,Num_Obs_scan,AUC_scan,Accuracy_scan,Precision_w,Recall_w,F1_score_w,Total_Obs,AUC_w,Accuracy_w,Hyper_time,Training_time,Testing_time,Total_time
13.0,5.0,32.0,0.9466666666666667,0.6,0.7344827586206896,710.0,0.5551020408163265,0.5942028985507246,0.06557377049180328,0.8,0.12121212121212123,20.0,0.7457374830852503,0.69433465085639,0.043478260869565216,0.06896551724137931,0.05333333333333333,29.0,0.5043457723193198,0.9064558629776021,0.8889402876263329,0.5849802371541502,0.6922973224131733,759.0,0.5581860685619988,0.6087720303221248,0.0,1.7913613319396973,0.0011811256408691406,0.0011811256408691406
