Rep,Kfold,Num_Vars_,Precision_background,Recall_background,F1_score_background,Num_Obs_background,AUC_background,Accuracy_background,Precision_dos,Recall_dos,F1_score_dos,Num_Obs_dos,AUC_dos,Accuracy_dos,Precision_scan,Recall_scan,F1_score_scan,Num_Obs_scan,AUC_scan,Accuracy_scan,Precision_w,Recall_w,F1_score_w,Total_Obs,AUC_w,Accuracy_w,Hyper_time,Training_time,Testing_time,Total_time
17.0,2.0,28.0,0.9971139971139971,0.6164139161462979,0.7618522601984565,1121.0,0.788206958073149,0.6310845431255337,0.0835509138381201,0.9411764705882353,0.15347721822541968,34.0,0.8162346732888406,0.6985482493595218,0.04693140794223827,0.8125,0.08873720136518772,16.0,0.7919642857142858,0.7719897523484202,0.9576058278073122,0.6285226302305722,0.734990951600322,1171.0,0.789072081522843,0.6349686160200869,0.0,1.773620843887329,0.003292083740234375,0.003292083740234375
