Rep,Kfold,Num_Vars_,Precision_background,Recall_background,F1_score_background,Num_Obs_background,AUC_background,Accuracy_background,Precision_dos,Recall_dos,F1_score_dos,Num_Obs_dos,AUC_dos,Accuracy_dos,Precision_scan,Recall_scan,F1_score_scan,Num_Obs_scan,AUC_scan,Accuracy_scan,Precision_w,Recall_w,F1_score_w,Total_Obs,AUC_w,Accuracy_w,Hyper_time,Training_time,Testing_time,Total_time
18.0,5.0,38.0,0.9480812641083521,0.5923836389280677,0.7291666666666666,709.0,0.5661918194640339,0.5889328063241107,0.05860805860805861,0.8,0.1092150170648464,20.0,0.7261163734776725,0.6561264822134387,0.034482758620689655,0.1,0.05128205128205129,30.0,0.4923868312757202,0.8537549407114624,0.8885326221127846,0.5783926218708827,0.6860367965038539,759.0,0.5674887119997695,0.6011706687080463,0.0,1.8011314868927002,0.0011000633239746094,0.0011000633239746094
