Rep,Kfold,Num_Vars_,Precision_background,Recall_background,F1_score_background,Num_Obs_background,AUC_background,Accuracy_background,Precision_dos,Recall_dos,F1_score_dos,Num_Obs_dos,AUC_dos,Accuracy_dos,Precision_scan,Recall_scan,F1_score_scan,Num_Obs_scan,AUC_scan,Accuracy_scan,Precision_w,Recall_w,F1_score_w,Total_Obs,AUC_w,Accuracy_w,Hyper_time,Training_time,Testing_time,Total_time
13.0,5.0,32.0,0.9955357142857143,0.5967885816235504,0.7462353597322923,1121.0,0.7683942908117751,0.6114432109308283,0.08040201005025126,0.9411764705882353,0.14814814814814817,34.0,0.8096383672202391,0.6857386848847139,0.05058365758754864,0.8125,0.09523809523809523,16.0,0.8006222943722944,0.7890691716481639,0.9560534095451709,0.609735269000854,0.7199749656880838,1171.0,0.7700321615674165,0.6160273795780611,0.0,1.7913613319396973,0.0012886524200439453,0.0012886524200439453
