Rep,Kfold,Num_Vars_,Precision_background,Recall_background,F1_score_background,Num_Obs_background,AUC_background,Accuracy_background,Precision_dos,Recall_dos,F1_score_dos,Num_Obs_dos,AUC_dos,Accuracy_dos,Precision_scan,Recall_scan,F1_score_scan,Num_Obs_scan,AUC_scan,Accuracy_scan,Precision_w,Recall_w,F1_score_w,Total_Obs,AUC_w,Accuracy_w,Hyper_time,Training_time,Testing_time,Total_time
14.0,1.0,43.0,0.9429223744292238,0.5816901408450704,0.7195121951219513,710.0,0.5408450704225352,0.5763157894736842,0.06884057971014493,0.9047619047619048,0.12794612794612795,21.0,0.7784973258586249,0.6592105263157895,0.04285714285714286,0.10344827586206896,0.06060606060606061,29.0,0.5058965045521016,0.8776315789473684,0.8844255199493671,0.5723684210526315,0.6780238197118814,760.0,0.54607821378295,0.5901038781163436,0.0,1.5530085563659668,0.0010976791381835938,0.0010976791381835938
