Rep,Kfold,Num_Vars_,Precision_background,Recall_background,F1_score_background,Num_Obs_background,AUC_background,Accuracy_background,Precision_dos,Recall_dos,F1_score_dos,Num_Obs_dos,AUC_dos,Accuracy_dos,Precision_scan,Recall_scan,F1_score_scan,Num_Obs_scan,AUC_scan,Accuracy_scan,Precision_w,Recall_w,F1_score_w,Total_Obs,AUC_w,Accuracy_w,Hyper_time,Training_time,Testing_time,Total_time
15.0,5.0,30.0,0.9972789115646259,0.6538804638715433,0.7898706896551725,1121.0,0.8065320686704656,0.6666666666666666,0.09467455621301775,0.9696969696969697,0.17250673854447438,33.0,0.8502838410490126,0.7376068376068377,0.036855036855036855,0.9375,0.07092198581560283,16.0,0.798905979202773,0.6641025641025641,0.9586868382979963,0.6666666666666666,0.7626260831183467,1170.0,0.8076618046166271,0.6686324786324785,0.0,1.9283535480499268,0.0025787353515625,0.0025787353515625
