Rep,Kfold,Num_Vars_,Precision_background,Recall_background,F1_score_background,Num_Obs_background,AUC_background,Accuracy_background,Precision_dos,Recall_dos,F1_score_dos,Num_Obs_dos,AUC_dos,Accuracy_dos,Precision_scan,Recall_scan,F1_score_scan,Num_Obs_scan,AUC_scan,Accuracy_scan,Precision_w,Recall_w,F1_score_w,Total_Obs,AUC_w,Accuracy_w,Hyper_time,Training_time,Testing_time,Total_time
18.0,1.0,66.0,0.9796137339055794,0.9967248908296943,0.988095238095238,1832.0,0.9896787159815749,0.9890547263681592,0.9162377164248947,0.9934043632673769,0.9532619279454723,1971.0,0.9530223378074317,0.9522388059701492,0.7272727272727273,0.07373271889400922,0.13389121338912133,217.0,0.536077508539826,0.9485074626865672,0.9349191744792713,0.945273631840796,0.9249064998697614,4020.0,0.9472207101616504,0.9688151902180638,0.0,2.170410633087158,0.02675032615661621,3.5198709964752197
