Rep,Kfold,Num_Vars_,Precision_background,Recall_background,F1_score_background,Num_Obs_background,AUC_background,Accuracy_background,Precision_dos,Recall_dos,F1_score_dos,Num_Obs_dos,AUC_dos,Accuracy_dos,Precision_scan,Recall_scan,F1_score_scan,Num_Obs_scan,AUC_scan,Accuracy_scan,Precision_w,Recall_w,F1_score_w,Total_Obs,AUC_w,Accuracy_w,Hyper_time,Training_time,Testing_time,Total_time
10.0,3.0,38.0,0.9395973154362416,0.5915492957746479,0.7260155574762316,710.0,0.525774647887324,0.5828947368421052,0.04878048780487805,0.6,0.09022556390977443,20.0,0.641891891891892,0.6815789473684211,0.05747126436781609,0.16666666666666666,0.08547008547008546,30.0,0.5271689497716896,0.8592105263157894,0.8813340021669259,0.575,0.6839995521716086,760.0,0.5288854030670902,0.5963988919667591,0.0,2.1332859992980957,0.005872964859008789,0.005872964859008789
