Rep,Kfold,Num_Vars_,Precision_background,Recall_background,F1_score_background,Num_Obs_background,AUC_background,Accuracy_background,Precision_dos,Recall_dos,F1_score_dos,Num_Obs_dos,AUC_dos,Accuracy_dos,Precision_scan,Recall_scan,F1_score_scan,Num_Obs_scan,AUC_scan,Accuracy_scan,Precision_w,Recall_w,F1_score_w,Total_Obs,AUC_w,Accuracy_w,Hyper_time,Training_time,Testing_time,Total_time
12.0,2.0,40.0,0.9578313253012049,0.671830985915493,0.7897350993377483,710.0,0.6259154929577465,0.6657894736842105,0.09950248756218906,1.0,0.1809954751131222,20.0,0.8777027027027027,0.7618421052631579,0.11428571428571428,0.13333333333333333,0.12307692307692307,30.0,0.5454337899543379,0.925,0.9019458712416719,0.6592105263157895,0.7474001812162783,760.0,0.6293645628324792,0.6785491689750692,0.0,1.565234899520874,0.0010499954223632812,0.0010499954223632812
