Rep,Kfold,Num_Vars_,Precision_background,Recall_background,F1_score_background,Num_Obs_background,AUC_background,Accuracy_background,Precision_dos,Recall_dos,F1_score_dos,Num_Obs_dos,AUC_dos,Accuracy_dos,Precision_scan,Recall_scan,F1_score_scan,Num_Obs_scan,AUC_scan,Accuracy_scan,Precision_w,Recall_w,F1_score_w,Total_Obs,AUC_w,Accuracy_w,Hyper_time,Training_time,Testing_time,Total_time
13.0,3.0,55.0,0.9972862957937585,0.655664585191793,0.791173304628633,1121.0,0.8074241293305904,0.6683760683760683,0.08311688311688312,0.9696969696969697,0.15311004784688995,33.0,0.8296154153673942,0.6974358974358974,0.012315270935960592,0.3125,0.023696682464454978,16.0,0.4825064991334489,0.6478632478632479,0.9580323410791759,0.6598290598290598,0.762681241869296,1170.0,0.8036067193785051,0.6689151873767258,0.0,1.584390640258789,0.0013887882232666016,0.0013887882232666016
