Rep,Kfold,Num_Vars_,Precision_background,Recall_background,F1_score_background,Num_Obs_background,AUC_background,Accuracy_background,Precision_dos,Recall_dos,F1_score_dos,Num_Obs_dos,AUC_dos,Accuracy_dos,Precision_scan,Recall_scan,F1_score_scan,Num_Obs_scan,AUC_scan,Accuracy_scan,Precision_w,Recall_w,F1_score_w,Total_Obs,AUC_w,Accuracy_w,Hyper_time,Training_time,Testing_time,Total_time
19.0,2.0,45.0,0.9727418492784607,0.99399235390497,0.9832522960561859,1831.0,0.9853470220872498,0.9845771144278607,0.9145138562705496,0.9873225152129818,0.9495245062179956,1972.0,0.9492276638564909,0.9485074626865672,0.8571428571428571,0.027649769585253458,0.053571428571428575,217.0,0.5136934096414304,0.9472636815920398,0.9379382215408918,0.9385572139303483,0.9165229553086477,4020.0,0.9421688608106829,0.9648690626469641,0.0,1.7641117572784424,0.0256195068359375,3.2403392791748047
