Rep,Kfold,Num_Vars_,Precision_background,Recall_background,F1_score_background,Num_Obs_background,AUC_background,Accuracy_background,Precision_dos,Recall_dos,F1_score_dos,Num_Obs_dos,AUC_dos,Accuracy_dos,Precision_scan,Recall_scan,F1_score_scan,Num_Obs_scan,AUC_scan,Accuracy_scan,Precision_w,Recall_w,F1_score_w,Total_Obs,AUC_w,Accuracy_w,Hyper_time,Training_time,Testing_time,Total_time
10.0,3.0,38.0,0.9722962173681406,0.99617903930131,0.984092747371259,1832.0,0.9862065214788085,0.9853233830845771,0.9143932267168391,0.9863013698630136,0.9489870637051501,1971.0,0.948738776683581,0.9480099502487562,0.9166666666666666,0.05069124423963134,0.09606986899563319,217.0,0.5252141469686192,0.9485074626865672,0.9409035787920373,0.9402985074626866,0.9189449197311068,4020.0,0.9429517278817675,0.9650413356105048,0.0,2.1332859992980957,0.014530420303344727,3.8226661682128906
