Rep,Kfold,Num_Vars_,Precision_background,Recall_background,F1_score_background,Num_Obs_background,AUC_background,Accuracy_background,Precision_dos,Recall_dos,F1_score_dos,Num_Obs_dos,AUC_dos,Accuracy_dos,Precision_scan,Recall_scan,F1_score_scan,Num_Obs_scan,AUC_scan,Accuracy_scan,Precision_w,Recall_w,F1_score_w,Total_Obs,AUC_w,Accuracy_w,Hyper_time,Training_time,Testing_time,Total_time
1.0,1.0,44.0,0.0008525149190110827,1.0,0.0017035775127768314,1.0,0.7194830062230733,0.43923444976076553,0.9321192052980133,0.2935349322210636,0.44647105471847737,1918.0,0.5275814195989039,0.3320574162679426,0.14218009478672985,0.17543859649122806,0.1570680628272251,171.0,0.5405593190898038,0.845933014354067,0.8670422413804015,0.28421052631578947,0.4225798207038315,2090.0,0.528735066680037,0.3741530642613493,0.0,122.79383087158203,0.002063751220703125,0.002063751220703125
