Rep,Kfold,Num_Vars_,Precision_background,Recall_background,F1_score_background,Num_Obs_background,AUC_background,Accuracy_background,Precision_dos,Recall_dos,F1_score_dos,Num_Obs_dos,AUC_dos,Accuracy_dos,Precision_scan,Recall_scan,F1_score_scan,Num_Obs_scan,AUC_scan,Accuracy_scan,Precision_w,Recall_w,F1_score_w,Total_Obs,AUC_w,Accuracy_w,Hyper_time,Training_time,Testing_time,Total_time
15.0,3.0,37.0,0.97016515716569,0.993995633187773,0.9819358317605824,1832.0,0.9842065877222556,0.983337478239244,0.9153339604891816,0.9863152559553978,0.949499878019029,1973.0,0.9492123154776989,0.948520268589903,0.6666666666666666,0.046296296296296294,0.08658008658008658,216.0,0.5224911179247579,0.9475254911713504,0.9269575906423028,0.9393185774682915,0.9179236512853095,4021.0,0.9422333868730216,0.9643298324185987,0.0,1.8135058879852295,0.00223541259765625,3.014800786972046
