Rep,Kfold,Num_Vars_,Precision_background,Recall_background,F1_score_background,Num_Obs_background,AUC_background,Accuracy_background,Precision_dos,Recall_dos,F1_score_dos,Num_Obs_dos,AUC_dos,Accuracy_dos,Precision_scan,Recall_scan,F1_score_scan,Num_Obs_scan,AUC_scan,Accuracy_scan,Precision_w,Recall_w,F1_score_w,Total_Obs,AUC_w,Accuracy_w,Hyper_time,Training_time,Testing_time,Total_time
1.0,4.0,61.0,0.9747583243823845,0.9912616056799564,0.9829406986190089,1831.0,0.9848953071798594,0.9843283582089553,0.9121084618980833,0.9893509127789046,0.949160788129409,1972.0,0.9487770188894523,0.9480099502487562,0.05660377358490566,0.013824884792626729,0.022222222222222227,217.0,0.5003386848364921,0.9343283582089552,0.8944635317599728,0.9375621890547263,0.9145103770111497,4020.0,0.9410211650014532,0.9638134575876836,0.0,122.70394897460938,0.002429962158203125,136.5679931640625
