Rep,Kfold,Num_Vars_,Precision_background,Recall_background,F1_score_background,Num_Obs_background,AUC_background,Accuracy_background,Precision_dos,Recall_dos,F1_score_dos,Num_Obs_dos,AUC_dos,Accuracy_dos,Precision_scan,Recall_scan,F1_score_scan,Num_Obs_scan,AUC_scan,Accuracy_scan,Precision_w,Recall_w,F1_score_w,Total_Obs,AUC_w,Accuracy_w,Hyper_time,Training_time,Testing_time,Total_time
1.0,1.0,44.0,0.977491961414791,0.9956331877729258,0.9864791779340183,1832.0,0.9882100065122634,0.9875559980089597,0.9143258426966292,0.9908675799086758,0.9510591672753834,1971.0,0.9507342296221445,0.9499751119960179,0.7894736842105263,0.06976744186046512,0.1282051282051282,215.0,0.5343578203254469,0.9492284718765555,0.9364455827208106,0.9437531110004977,0.923178590154058,4018.0,0.9455412717485526,0.967070098444506,0.0,122.79383087158203,0.0026292800903320312,139.15686416625977
