Rep,Kfold,Num_Vars_,Precision_background,Recall_background,F1_score_background,Num_Obs_background,AUC_background,Accuracy_background,Precision_dos,Recall_dos,F1_score_dos,Num_Obs_dos,AUC_dos,Accuracy_dos,Precision_scan,Recall_scan,F1_score_scan,Num_Obs_scan,AUC_scan,Accuracy_scan,Precision_w,Recall_w,F1_score_w,Total_Obs,AUC_w,Accuracy_w,Hyper_time,Training_time,Testing_time,Total_time
17.0,3.0,28.0,0.9710765934654526,0.9896288209606987,0.980264936469316,1832.0,0.9824687314680037,0.9818362776810152,0.9149436090225563,0.9878234398782344,0.9499878019029031,1971.0,0.9497222668141172,0.9489922866384672,0.5454545454545454,0.05555555555555555,0.10084033613445377,216.0,0.5264630262658135,0.946752923612839,0.9206728923688354,0.9385419258522021,0.9181519865059594,4019.0,0.9419012982367314,0.9638433663041581,0.0,1.6527082920074463,0.010016441345214844,2.750051975250244
