Rep,Kfold,Num_Vars_,Precision_background,Recall_background,F1_score_background,Num_Obs_background,AUC_background,Accuracy_background,Precision_dos,Recall_dos,F1_score_dos,Num_Obs_dos,AUC_dos,Accuracy_dos,Precision_scan,Recall_scan,F1_score_scan,Num_Obs_scan,AUC_scan,Accuracy_scan,Precision_w,Recall_w,F1_score_w,Total_Obs,AUC_w,Accuracy_w,Hyper_time,Training_time,Testing_time,Total_time
12.0,4.0,27.0,0.9970544918998527,0.6039250669045495,0.7522222222222222,1121.0,0.7815543701869686,0.6188034188034188,0.07635467980295567,0.9393939393939394,0.14123006833712984,33.0,0.8047893179819301,0.6777777777777778,0.03678929765886288,0.6875,0.06984126984126986,16.0,0.7189666377816291,0.7495726495726496,0.9579542039451061,0.6145299145299146,0.7256574048578603,1170.0,0.7813538142542749,0.6222550953320184,0.0,1.8038959503173828,0.03201103210449219,0.03201103210449219
