Rep,Kfold,Num_Vars_,Precision_background,Recall_background,F1_score_background,Num_Obs_background,AUC_background,Accuracy_background,Precision_dos,Recall_dos,F1_score_dos,Num_Obs_dos,AUC_dos,Accuracy_dos,Precision_scan,Recall_scan,F1_score_scan,Num_Obs_scan,AUC_scan,Accuracy_scan,Precision_w,Recall_w,F1_score_w,Total_Obs,AUC_w,Accuracy_w,Hyper_time,Training_time,Testing_time,Total_time
14.0,3.0,43.0,0.9928876244665719,0.6226583407671722,0.7653508771929824,1121.0,0.7603087622203208,0.6341880341880342,0.07175925925925926,0.9393939393939394,0.13333333333333333,33.0,0.7933557207963542,0.6555555555555556,0.028720626631853787,0.6875,0.055137844611528826,16.0,0.6825714904679376,0.6777777777777778,0.9537218911185404,0.6324786324786325,0.737812426365058,1170.0,0.7601777821220054,0.6353868069252684,0.0,1.7541909217834473,0.0016334056854248047,0.0016334056854248047
