Rep,Kfold,Num_Vars_,Precision_background,Recall_background,F1_score_background,Num_Obs_background,AUC_background,Accuracy_background,Precision_dos,Recall_dos,F1_score_dos,Num_Obs_dos,AUC_dos,Accuracy_dos,Precision_scan,Recall_scan,F1_score_scan,Num_Obs_scan,AUC_scan,Accuracy_scan,Precision_w,Recall_w,F1_score_w,Total_Obs,AUC_w,Accuracy_w,Hyper_time,Training_time,Testing_time,Total_time
19.0,1.0,29.0,0.9376443418013857,0.571830985915493,0.710411198600175,710.0,0.5104052888761139,0.5638998682476943,0.048109965635738834,0.7,0.090032154340836,20.0,0.6625845737483085,0.6271409749670619,0.025,0.034482758620689655,0.028985507246376812,29.0,0.4905290505432216,0.9117259552042161,0.8793342318731208,0.5546772068511199,0.6680278969737627,759.0,0.5136558485411864,0.578856098361168,0.0,1.8146023750305176,0.0011680126190185547,0.0011680126190185547
