Rep,Kfold,Num_Vars_,Precision_background,Recall_background,F1_score_background,Num_Obs_background,AUC_background,Accuracy_background,Precision_dos,Recall_dos,F1_score_dos,Num_Obs_dos,AUC_dos,Accuracy_dos,Precision_scan,Recall_scan,F1_score_scan,Num_Obs_scan,AUC_scan,Accuracy_scan,Precision_w,Recall_w,F1_score_w,Total_Obs,AUC_w,Accuracy_w,Hyper_time,Training_time,Testing_time,Total_time
15.0,5.0,30.0,0.0005277044854881266,1.0,0.0010548523206751054,1.0,0.546673049305888,0.0937799043062201,0.9133858267716536,0.18143899895724713,0.30274032187907784,1918.0,0.494789266920484,0.23301435406698565,0.11688311688311688,0.10526315789473684,0.11076923076923077,171.0,0.5171964564877539,0.8617224880382776,0.8477806490141292,0.17559808612440192,0.28688924912819636,2090.0,0.49664740720679434,0.28438749112886613,0.0,1.9283535480499268,0.0015881061553955078,0.0015881061553955078
