Rep,Kfold,Num_Vars_,Precision_background,Recall_background,F1_score_background,Num_Obs_background,AUC_background,Accuracy_background,Precision_dos,Recall_dos,F1_score_dos,Num_Obs_dos,AUC_dos,Accuracy_dos,Precision_scan,Recall_scan,F1_score_scan,Num_Obs_scan,AUC_scan,Accuracy_scan,Precision_w,Recall_w,F1_score_w,Total_Obs,AUC_w,Accuracy_w,Hyper_time,Training_time,Testing_time,Total_time
1.0,4.0,61.0,0.9613733905579399,0.6318758815232722,0.7625531914893616,709.0,0.632264471373881,0.6319261213720316,0.07203389830508475,0.85,0.1328125,20.0,0.7766260162601626,0.7071240105540897,0.04242424242424243,0.2413793103448276,0.07216494845360825,29.0,0.5123220282862684,0.762532981530343,0.9027502835118524,0.6226912928759895,0.7195240715977731,758.0,0.6314846561340194,0.6389070669237892,0.0,122.70394897460938,0.0017452239990234375,0.0017452239990234375
