Rep,Kfold,Num_Vars_,Precision_background,Recall_background,F1_score_background,Num_Obs_background,AUC_background,Accuracy_background,Precision_dos,Recall_dos,F1_score_dos,Num_Obs_dos,AUC_dos,Accuracy_dos,Precision_scan,Recall_scan,F1_score_scan,Num_Obs_scan,AUC_scan,Accuracy_scan,Precision_w,Recall_w,F1_score_w,Total_Obs,AUC_w,Accuracy_w,Hyper_time,Training_time,Testing_time,Total_time
1.0,5.0,61.0,0.9396551724137931,0.6140845070422535,0.7427597955706984,710.0,0.532532449599558,0.6031537450722734,0.07142857142857142,0.8571428571428571,0.13186813186813187,21.0,0.7704633204633204,0.6885676741130092,0.037267080745341616,0.2,0.06282722513089005,30.0,0.49398084815321475,0.7647831800262812,0.8801224505074289,0.6044678055190538,0.699097900628585,761.0,0.5375784420368099,0.6118824908784175,0.0,122.91794013977051,0.0103302001953125,0.0103302001953125
