Rep,Kfold,Num_Vars_,Precision_background,Recall_background,F1_score_background,Num_Obs_background,AUC_background,Accuracy_background,Precision_dos,Recall_dos,F1_score_dos,Num_Obs_dos,AUC_dos,Accuracy_dos,Precision_scan,Recall_scan,F1_score_scan,Num_Obs_scan,AUC_scan,Accuracy_scan,Precision_w,Recall_w,F1_score_w,Total_Obs,AUC_w,Accuracy_w,Hyper_time,Training_time,Testing_time,Total_time
12.0,3.0,61.0,0.9959893048128342,0.6645851917930419,0.7972177635098984,1121.0,0.8016803509985618,0.6760683760683761,0.07692307692307693,0.9393939393939394,0.14220183486238533,33.0,0.8061085791956505,0.6803418803418804,0.019178082191780823,0.4375,0.03674540682414698,16.0,0.5636373483535528,0.6863247863247863,0.9567088218365104,0.6692307692307692,0.7683433332942232,1170.0,0.7985499608175224,0.6763291694060926,0.0,2.3834261894226074,0.03417634963989258,0.03417634963989258
