Rep,Kfold,Num_Vars_,Precision_background,Recall_background,F1_score_background,Num_Obs_background,AUC_background,Accuracy_background,Precision_dos,Recall_dos,F1_score_dos,Num_Obs_dos,AUC_dos,Accuracy_dos,Precision_scan,Recall_scan,F1_score_scan,Num_Obs_scan,AUC_scan,Accuracy_scan,Precision_w,Recall_w,F1_score_w,Total_Obs,AUC_w,Accuracy_w,Hyper_time,Training_time,Testing_time,Total_time
10.0,4.0,34.0,0.9521739130434783,0.6169014084507042,0.7487179487179486,710.0,0.5927644297155482,0.6136662286465178,0.08403361344537816,0.9523809523809523,0.15444015444015446,21.0,0.8288931788931788,0.7122207621550591,0.09375,0.1,0.09677419354838711,30.0,0.5301641586867305,0.926412614980289,0.8943767202933279,0.6057818659658344,0.7066178878310623,761.0,0.5968126499545308,0.6287148972321847,0.0,1.70786714553833,0.0010974407196044922,0.0010974407196044922
