Rep,Kfold,Num_Vars_,Precision_background,Recall_background,F1_score_background,Num_Obs_background,AUC_background,Accuracy_background,Precision_dos,Recall_dos,F1_score_dos,Num_Obs_dos,AUC_dos,Accuracy_dos,Precision_scan,Recall_scan,F1_score_scan,Num_Obs_scan,AUC_scan,Accuracy_scan,Precision_w,Recall_w,F1_score_w,Total_Obs,AUC_w,Accuracy_w,Hyper_time,Training_time,Testing_time,Total_time
19.0,4.0,32.0,1.0,0.6378233719892953,0.7788671023965141,1121.0,0.8189116859946477,0.652991452991453,0.0889487870619946,1.0,0.16336633663366337,33.0,0.851363236587511,0.7111111111111111,0.026785714285714284,0.75,0.051724137931034475,16.0,0.6860918544194108,0.6239316239316239,0.9609947704287326,0.6495726495726496,0.7515629889763246,1170.0,0.8180106465624774,0.654233326028198,0.0,1.7650275230407715,0.011800765991210938,0.011800765991210938
