Rep,Kfold,Num_Vars_,Precision_background,Recall_background,F1_score_background,Num_Obs_background,AUC_background,Accuracy_background,Precision_dos,Recall_dos,F1_score_dos,Num_Obs_dos,AUC_dos,Accuracy_dos,Precision_scan,Recall_scan,F1_score_scan,Num_Obs_scan,AUC_scan,Accuracy_scan,Precision_w,Recall_w,F1_score_w,Total_Obs,AUC_w,Accuracy_w,Hyper_time,Training_time,Testing_time,Total_time
11.0,1.0,31.0,0.9437229437229437,0.6140845070422535,0.7440273037542663,710.0,0.5417361310721471,0.6047430830039525,0.0735930735930736,0.85,0.1354581673306773,20.0,0.7802097428958051,0.7140974967061924,0.08333333333333333,0.06896551724137931,0.07547169811320754,29.0,0.5194142654700047,0.9354413702239789,0.8879207090669541,0.5994729907773385,0.7024469410506265,759.0,0.5471671431064172,0.620259998159981,0.0,1.9307312965393066,0.0011172294616699219,0.0011172294616699219
