Rep,Kfold,Num_Vars_,Precision_background,Recall_background,F1_score_background,Num_Obs_background,AUC_background,Accuracy_background,Precision_dos,Recall_dos,F1_score_dos,Num_Obs_dos,AUC_dos,Accuracy_dos,Precision_scan,Recall_scan,F1_score_scan,Num_Obs_scan,AUC_scan,Accuracy_scan,Precision_w,Recall_w,F1_score_w,Total_Obs,AUC_w,Accuracy_w,Hyper_time,Training_time,Testing_time,Total_time
10.0,1.0,40.0,0.9711384286477819,0.9923539049699618,0.981631550513236,1831.0,0.9838425532159082,0.9830845771144279,0.914044152184124,0.986815415821501,0.9490368202877347,1972.0,0.9487299735357505,0.9480099502487562,0.9230769230769231,0.055299539170506916,0.10434782608695653,217.0,0.527518294434057,0.9487562189054727,0.9405366227037,0.9390547263681592,0.9182864320542332,4020.0,0.9419857444385618,0.9640257666889432,0.0,2.0508127212524414,0.016269207000732422,3.6358602046966553
