Rep,Kfold,Num_Vars_,Precision_background,Recall_background,F1_score_background,Num_Obs_background,AUC_background,Accuracy_background,Precision_dos,Recall_dos,F1_score_dos,Num_Obs_dos,AUC_dos,Accuracy_dos,Precision_scan,Recall_scan,F1_score_scan,Num_Obs_scan,AUC_scan,Accuracy_scan,Precision_w,Recall_w,F1_score_w,Total_Obs,AUC_w,Accuracy_w,Hyper_time,Training_time,Testing_time,Total_time
15.0,5.0,30.0,0.9716425896201177,0.9912663755458515,0.9813563901648202,1832.0,0.9835216704054669,0.9828358208955223,0.9127988748241913,0.9878234398782344,0.9488304093567252,1971.0,0.9485237257956327,0.9477611940298507,0.8823529411764706,0.06912442396313365,0.12820512820512822,217.0,0.534299261679174,0.9492537313432836,0.9379717399745847,0.9398009950248756,0.9193557603095942,4020.0,0.942113160077211,0.9638260191579416,0.0,1.9283535480499268,0.002077341079711914,2.7787539958953857
