Rep,Kfold,Num_Vars_,Precision_background,Recall_background,F1_score_background,Num_Obs_background,AUC_background,Accuracy_background,Precision_dos,Recall_dos,F1_score_dos,Num_Obs_dos,AUC_dos,Accuracy_dos,Precision_scan,Recall_scan,F1_score_scan,Num_Obs_scan,AUC_scan,Accuracy_scan,Precision_w,Recall_w,F1_score_w,Total_Obs,AUC_w,Accuracy_w,Hyper_time,Training_time,Testing_time,Total_time
17.0,5.0,53.0,0.9408396946564885,0.6943661971830986,0.7990275526742301,710.0,0.5371830985915493,0.6736842105263158,0.07317073170731707,0.75,0.13333333333333333,20.0,0.7466216216216216,0.743421052631579,0.061855670103092786,0.2,0.09448818897637795,30.0,0.5376712328767123,0.8486842105263158,0.88330956308335,0.6763157894736842,0.7536985193877124,760.0,0.542713907129913,0.6824272853185595,0.0,1.9380006790161133,0.0012359619140625,0.0012359619140625
