Rep,Kfold,Num_Vars_,Precision_background,Recall_background,F1_score_background,Num_Obs_background,AUC_background,Accuracy_background,Precision_dos,Recall_dos,F1_score_dos,Num_Obs_dos,AUC_dos,Accuracy_dos,Precision_scan,Recall_scan,F1_score_scan,Num_Obs_scan,AUC_scan,Accuracy_scan,Precision_w,Recall_w,F1_score_w,Total_Obs,AUC_w,Accuracy_w,Hyper_time,Training_time,Testing_time,Total_time
15.0,3.0,37.0,0.9591397849462365,0.6281690140845071,0.7591489361702128,710.0,0.6240845070422536,0.6276315789473684,0.07279693486590039,0.9047619047619048,0.1347517730496454,21.0,0.7886461756556479,0.6789473684210526,0.05660377358490566,0.10344827586206896,0.07317073170731707,29.0,0.5175244115288457,0.9,0.9002098583920712,0.6157894736842106,0.7157203725452709,760.0,0.6245654968725068,0.6394425207756232,0.0,1.8135058879852295,0.009969472885131836,0.009969472885131836
