Rep,Kfold,Num_Vars_,Precision_background,Recall_background,F1_score_background,Num_Obs_background,AUC_background,Accuracy_background,Precision_dos,Recall_dos,F1_score_dos,Num_Obs_dos,AUC_dos,Accuracy_dos,Precision_scan,Recall_scan,F1_score_scan,Num_Obs_scan,AUC_scan,Accuracy_scan,Precision_w,Recall_w,F1_score_w,Total_Obs,AUC_w,Accuracy_w,Hyper_time,Training_time,Testing_time,Total_time
19.0,2.0,45.0,0.9470198675496688,0.6050775740479548,0.7383820998278829,709.0,0.5625387870239774,0.5994729907773386,0.07228915662650602,0.8571428571428571,0.13333333333333333,21.0,0.7720673635307782,0.691699604743083,0.06666666666666667,0.27586206896551724,0.10738255033557047,29.0,0.5612187057156354,0.8247694334650857,0.8891811485048815,0.5994729907773385,0.6975322829218715,759.0,0.5682855824768112,0.610632879751285,0.0,1.7641117572784424,0.002545595169067383,0.002545595169067383
