Rep,Kfold,Num_Vars_,Precision_background,Recall_background,F1_score_background,Num_Obs_background,AUC_background,Accuracy_background,Precision_dos,Recall_dos,F1_score_dos,Num_Obs_dos,AUC_dos,Accuracy_dos,Precision_scan,Recall_scan,F1_score_scan,Num_Obs_scan,AUC_scan,Accuracy_scan,Precision_w,Recall_w,F1_score_w,Total_Obs,AUC_w,Accuracy_w,Hyper_time,Training_time,Testing_time,Total_time
13.0,2.0,36.0,0.9722222222222222,0.99399235390497,0.9829867674858224,1831.0,0.9851131787806384,0.9843244588206022,0.9144736842105263,0.9873160832064941,0.9494998780190289,1971.0,0.949224447853247,0.9484946504105499,0.8823529411764706,0.06912442396313365,0.12820512820512822,217.0,0.5342991925181265,0.949241104752426,0.9390487953976437,0.9407812888778303,0.9204114316154665,4019.0,0.9431715705007544,0.9648585120156737,0.0,1.8433327674865723,0.027388572692871094,2.834313154220581
