Rep,Kfold,Num_Vars_,Precision_background,Recall_background,F1_score_background,Num_Obs_background,AUC_background,Accuracy_background,Precision_dos,Recall_dos,F1_score_dos,Num_Obs_dos,AUC_dos,Accuracy_dos,Precision_scan,Recall_scan,F1_score_scan,Num_Obs_scan,AUC_scan,Accuracy_scan,Precision_w,Recall_w,F1_score_w,Total_Obs,AUC_w,Accuracy_w,Hyper_time,Training_time,Testing_time,Total_time
10.0,5.0,30.0,0.9571734475374732,0.6295774647887324,0.7595581988105353,710.0,0.610707099741305,0.6271409749670619,0.08370044052863436,0.95,0.15384615384615383,20.0,0.8342692828146143,0.7246376811594203,0.06976744186046512,0.10344827586206896,0.08333333333333333,29.0,0.5243268776570619,0.9130434782608695,0.9002508726958263,0.6179183135704875,0.7177600934111592,759.0,0.6132976362643922,0.6406338691954777,0.0,2.172548532485962,0.0012481212615966797,0.0012481212615966797
