Rep,Kfold,Num_Vars_,Precision_background,Recall_background,F1_score_background,Num_Obs_background,AUC_background,Accuracy_background,Precision_dos,Recall_dos,F1_score_dos,Num_Obs_dos,AUC_dos,Accuracy_dos,Precision_scan,Recall_scan,F1_score_scan,Num_Obs_scan,AUC_scan,Accuracy_scan,Precision_w,Recall_w,F1_score_w,Total_Obs,AUC_w,Accuracy_w,Hyper_time,Training_time,Testing_time,Total_time
15.0,2.0,42.0,0.9524838012958964,0.6211267605633802,0.751918158567775,710.0,0.5905633802816901,0.6171052631578947,0.09134615384615384,0.9047619047619048,0.16593886462882096,21.0,0.8245054449384625,0.7486842105263158,0.07142857142857142,0.06896551724137931,0.07017543859649124,29.0,0.5166989008915515,0.9302631578947368,0.8950699956872162,0.6078947368421052,0.7097127584995048,760.0,0.5942090558810035,0.6326904432132964,0.0,1.8830459117889404,0.0010514259338378906,0.0010514259338378906
