Rep,Kfold,Num_Vars_,Precision_background,Recall_background,F1_score_background,Num_Obs_background,AUC_background,Accuracy_background,Precision_dos,Recall_dos,F1_score_dos,Num_Obs_dos,AUC_dos,Accuracy_dos,Precision_scan,Recall_scan,F1_score_scan,Num_Obs_scan,AUC_scan,Accuracy_scan,Precision_w,Recall_w,F1_score_w,Total_Obs,AUC_w,Accuracy_w,Hyper_time,Training_time,Testing_time,Total_time
10.0,2.0,32.0,0.0,0.0,0.0,1.0,0.1948300622307324,0.3894736842105263,0.9168765743073047,0.1897810218978102,0.3144708423326134,1918.0,0.49896027839076557,0.24066985645933014,0.0,0.0,0.0,171.0,0.4966128191766545,0.9119617224880383,0.841420703120292,0.17416267942583732,0.2885909452602644,2090.0,0.49862269669613735,0.29566493441084224,0.0,2.3011538982391357,0.005631923675537109,0.005631923675537109
