Rep,Kfold,Num_Vars_,Precision_background,Recall_background,F1_score_background,Num_Obs_background,AUC_background,Accuracy_background,Precision_dos,Recall_dos,F1_score_dos,Num_Obs_dos,AUC_dos,Accuracy_dos,Precision_scan,Recall_scan,F1_score_scan,Num_Obs_scan,AUC_scan,Accuracy_scan,Precision_w,Recall_w,F1_score_w,Total_Obs,AUC_w,Accuracy_w,Hyper_time,Training_time,Testing_time,Total_time
18.0,1.0,66.0,0.9986206896551724,0.6458519179304193,0.7843986998916578,1121.0,0.8127218773325565,0.6598290598290598,0.07766990291262135,0.9696969696969697,0.1438202247191011,33.0,0.8177420644439113,0.6743589743589744,0.06751054852320675,1.0,0.12648221343873517,16.0,0.9042461005199307,0.8111111111111111,0.9599120245093471,0.6598290598290598,0.7573339533412807,1170.0,0.8141150856621914,0.6623076923076923,0.0,2.170410633087158,0.012389421463012695,0.012389421463012695
