Rep,Kfold,Num_Vars_,Precision_background,Recall_background,F1_score_background,Num_Obs_background,AUC_background,Accuracy_background,Precision_dos,Recall_dos,F1_score_dos,Num_Obs_dos,AUC_dos,Accuracy_dos,Precision_scan,Recall_scan,F1_score_scan,Num_Obs_scan,AUC_scan,Accuracy_scan,Precision_w,Recall_w,F1_score_w,Total_Obs,AUC_w,Accuracy_w,Hyper_time,Training_time,Testing_time,Total_time
16.0,2.0,37.0,0.0,0.0,0.0,1.0,0.22368421052631576,0.44715447154471544,0.9002267573696145,0.20698644421272158,0.3365832980076303,1918.0,0.47632559204855734,0.2515542802486848,0.058823529411764705,0.005813953488372093,0.010582010582010583,172.0,0.49873813880776086,0.9105691056910569,0.8305846808674051,0.19033955045432807,0.3096063469147493,2091.0,0.4780483642441866,0.3058565997931057,0.0,1.916548728942871,0.0014774799346923828,0.0014774799346923828
