Rep,Kfold,Num_Vars_,Precision_background,Recall_background,F1_score_background,Num_Obs_background,AUC_background,Accuracy_background,Precision_dos,Recall_dos,F1_score_dos,Num_Obs_dos,AUC_dos,Accuracy_dos,Precision_scan,Recall_scan,F1_score_scan,Num_Obs_scan,AUC_scan,Accuracy_scan,Precision_w,Recall_w,F1_score_w,Total_Obs,AUC_w,Accuracy_w,Hyper_time,Training_time,Testing_time,Total_time
18.0,2.0,37.0,0.9944827586206897,0.6431757359500446,0.7811484290357531,1121.0,0.7807715414444101,0.6547008547008547,0.07989690721649484,0.9393939393939394,0.14726840855106887,33.0,0.812704885264252,0.6931623931623931,0.02877697841726619,0.75,0.05542725173210162,16.0,0.6995233968804161,0.6504273504273504,0.9554805145355674,0.652991452991453,0.7533453696230582,1170.0,0.7805611397632399,0.6557272262400468,0.0,1.451024055480957,0.0012617111206054688,0.0012617111206054688
