Rep,Kfold,Num_Vars_,Precision_background,Recall_background,F1_score_background,Num_Obs_background,AUC_background,Accuracy_background,Precision_dos,Recall_dos,F1_score_dos,Num_Obs_dos,AUC_dos,Accuracy_dos,Precision_scan,Recall_scan,F1_score_scan,Num_Obs_scan,AUC_scan,Accuracy_scan,Precision_w,Recall_w,F1_score_w,Total_Obs,AUC_w,Accuracy_w,Hyper_time,Training_time,Testing_time,Total_time
19.0,5.0,39.0,0.0007042253521126761,1.0,0.0014074595355383533,1.0,0.6603638104356151,0.32105263157894737,0.9304932735426009,0.21637122002085507,0.3510998307952623,1918.0,0.5180693309406601,0.2660287081339713,0.0703125,0.05263157894736842,0.06020066889632107,171.0,0.4953100573215216,0.8655502392344497,0.8596699714737133,0.20334928229665072,0.32713167335221033,2090.0,0.5162752920366516,0.315106797005563,0.0,1.6740021705627441,0.009428739547729492,0.009428739547729492
