Rep,Kfold,Num_Vars_,Precision_background,Recall_background,F1_score_background,Num_Obs_background,AUC_background,Accuracy_background,Precision_dos,Recall_dos,F1_score_dos,Num_Obs_dos,AUC_dos,Accuracy_dos,Precision_scan,Recall_scan,F1_score_scan,Num_Obs_scan,AUC_scan,Accuracy_scan,Precision_w,Recall_w,F1_score_w,Total_Obs,AUC_w,Accuracy_w,Hyper_time,Training_time,Testing_time,Total_time
18.0,4.0,47.0,0.0008038585209003215,1.0,0.001606425702811245,1.0,0.7024892292963141,0.4052631578947368,0.9316987740805605,0.2773722627737226,0.4274809160305344,1918.0,0.5253140383636055,0.3181818181818182,0.15517241379310345,0.15789473684210525,0.15652173913043477,171.0,0.5406461698801459,0.8607655502392344,0.8677193948821322,0.2679425837320574,0.4051077611308957,2090.0,0.5266532583063142,0.36261669833566085,0.0,1.9335737228393555,0.0018291473388671875,0.0018291473388671875
