Rep,Kfold,Num_Vars_,Precision_background,Recall_background,F1_score_background,Num_Obs_background,AUC_background,Accuracy_background,Precision_dos,Recall_dos,F1_score_dos,Num_Obs_dos,AUC_dos,Accuracy_dos,Precision_scan,Recall_scan,F1_score_scan,Num_Obs_scan,AUC_scan,Accuracy_scan,Precision_w,Recall_w,F1_score_w,Total_Obs,AUC_w,Accuracy_w,Hyper_time,Training_time,Testing_time,Total_time
14.0,4.0,65.0,0.9542619542619543,0.6464788732394366,0.7707808564231738,710.0,0.6032394366197183,0.6407894736842106,0.08018867924528301,0.85,0.14655172413793102,20.0,0.7932432432432432,0.7394736842105263,0.043478260869565216,0.23333333333333334,0.07329842931937171,30.0,0.5111872146118722,0.7671052631578947,0.8953080380749738,0.6355263157894737,0.7268215729247279,760.0,0.6046058964516066,0.6483725761772854,0.0,1.7801125049591064,0.00144195556640625,0.00144195556640625
