Rep,Kfold,Num_Vars_,Precision_background,Recall_background,F1_score_background,Num_Obs_background,AUC_background,Accuracy_background,Precision_dos,Recall_dos,F1_score_dos,Num_Obs_dos,AUC_dos,Accuracy_dos,Precision_scan,Recall_scan,F1_score_scan,Num_Obs_scan,AUC_scan,Accuracy_scan,Precision_w,Recall_w,F1_score_w,Total_Obs,AUC_w,Accuracy_w,Hyper_time,Training_time,Testing_time,Total_time
19.0,3.0,64.0,0.9780042918454935,0.9950873362445415,0.9864718614718615,1832.0,0.9881700970203046,0.9875590943020652,0.9144059869036483,0.9913793103448276,0.951338199513382,1972.0,0.9509900948402202,0.9502363772082607,0.75,0.08372093023255814,0.15062761506276154,215.0,0.541071821583156,0.9494899228663847,0.9346012612179494,0.9445135605872107,0.9245186157987892,4019.0,0.9460090884315727,0.9672094376791108,0.0,1.750028371810913,0.002484560012817383,2.5113027095794678
