Rep,Kfold,Num_Vars_,Precision_background,Recall_background,F1_score_background,Num_Obs_background,AUC_background,Accuracy_background,Precision_dos,Recall_dos,F1_score_dos,Num_Obs_dos,AUC_dos,Accuracy_dos,Precision_scan,Recall_scan,F1_score_scan,Num_Obs_scan,AUC_scan,Accuracy_scan,Precision_w,Recall_w,F1_score_w,Total_Obs,AUC_w,Accuracy_w,Hyper_time,Training_time,Testing_time,Total_time
15.0,1.0,36.0,0.9732763228220203,0.9945385035499726,0.9837925445705024,1831.0,0.9858432919943648,0.9850709131624782,0.9167450611476952,0.9888381532217149,0.9514278740541859,1971.0,0.9512061859858574,0.9504851953222194,1.0,0.06451612903225806,0.12121212121212122,217.0,0.532258064516129,0.9494899228663847,0.946995138743276,0.9415277432197064,0.9213464839941331,4019.0,0.9443658771385436,0.9661882247431196,0.0,1.6857185363769531,0.0023603439331054688,3.1338894367218018
