Rep,Kfold,Num_Vars_,Precision_background,Recall_background,F1_score_background,Num_Obs_background,AUC_background,Accuracy_background,Precision_dos,Recall_dos,F1_score_dos,Num_Obs_dos,AUC_dos,Accuracy_dos,Precision_scan,Recall_scan,F1_score_scan,Num_Obs_scan,AUC_scan,Accuracy_scan,Precision_w,Recall_w,F1_score_w,Total_Obs,AUC_w,Accuracy_w,Hyper_time,Training_time,Testing_time,Total_time
1.0,1.0,44.0,0.9495798319327731,0.6366197183098592,0.7622259696458684,710.0,0.5734118999712561,0.6284584980237155,0.08411214953271028,0.9,0.15384615384615383,20.0,0.8173883626522327,0.7391304347826086,0.06451612903225806,0.13793103448275862,0.08791208791208792,29.0,0.5292394898441191,0.8906455862977603,0.8929576961855844,0.6245059288537549,0.7204305824439264,759.0,0.5781530453730117,0.6413924430765814,0.0,122.79383087158203,0.0012586116790771484,0.0012586116790771484
