Rep,Kfold,Num_Vars_,Precision_background,Recall_background,F1_score_background,Num_Obs_background,AUC_background,Accuracy_background,Precision_dos,Recall_dos,F1_score_dos,Num_Obs_dos,AUC_dos,Accuracy_dos,Precision_scan,Recall_scan,F1_score_scan,Num_Obs_scan,AUC_scan,Accuracy_scan,Precision_w,Recall_w,F1_score_w,Total_Obs,AUC_w,Accuracy_w,Hyper_time,Training_time,Testing_time,Total_time
16.0,2.0,37.0,0.9712918660287081,0.9972707423580786,0.9841098841906813,1832.0,0.9862953346159679,0.9853233830845771,0.9161168708765316,0.9863013698630136,0.9499144881505008,1971.0,0.94971486257914,0.9490049751243781,0.8461538461538461,0.05069124423963134,0.0956521739130435,217.0,0.5250826718174227,0.9482587064676616,0.9374846854919457,0.9407960199004975,0.9193848969455461,4020.0,0.9434636783443577,0.965515766936462,0.0,1.916548728942871,0.0023360252380371094,2.8622705936431885
