Rep,Kfold,Num_Vars_,Precision_background,Recall_background,F1_score_background,Num_Obs_background,AUC_background,Accuracy_background,Precision_dos,Recall_dos,F1_score_dos,Num_Obs_dos,AUC_dos,Accuracy_dos,Precision_scan,Recall_scan,F1_score_scan,Num_Obs_scan,AUC_scan,Accuracy_scan,Precision_w,Recall_w,F1_score_w,Total_Obs,AUC_w,Accuracy_w,Hyper_time,Training_time,Testing_time,Total_time
18.0,2.0,37.0,0.0,0.0,0.0,0.0,,0.4609861177596936,0.9203675344563553,0.31334723670490094,0.4675223648385843,1918.0,0.5046268347267194,0.3446625179511728,0.0,0.0,0.0,171.0,0.49608967674661103,0.9109621828626137,0.8450286888881233,0.28769746290090953,0.42925222391594287,2089.0,,0.3910183067017024,0.0,1.451024055480957,0.0017201900482177734,0.0017201900482177734
