Rep,Kfold,Num_Vars_,Precision_background,Recall_background,F1_score_background,Num_Obs_background,AUC_background,Accuracy_background,Precision_dos,Recall_dos,F1_score_dos,Num_Obs_dos,AUC_dos,Accuracy_dos,Precision_scan,Recall_scan,F1_score_scan,Num_Obs_scan,AUC_scan,Accuracy_scan,Precision_w,Recall_w,F1_score_w,Total_Obs,AUC_w,Accuracy_w,Hyper_time,Training_time,Testing_time,Total_time
17.0,4.0,33.0,0.9410430839002267,0.5845070422535211,0.7211120764552563,710.0,0.5322535211267605,0.5776315789473684,0.05970149253731343,0.7619047619047619,0.11072664359861592,21.0,0.7104517043623946,0.6618421052631579,0.01639344262295082,0.034482758620689655,0.022222222222222223,29.0,0.4762017076277183,0.8842105263157894,0.8814075404585658,0.5684210526315789,0.6775779976884834,760.0,0.535038599095808,0.5916568559556786,0.0,1.535027027130127,0.0012271404266357422,0.0012271404266357422
