Rep,Kfold,Num_Vars_,Precision_background,Recall_background,F1_score_background,Num_Obs_background,AUC_background,Accuracy_background,Precision_dos,Recall_dos,F1_score_dos,Num_Obs_dos,AUC_dos,Accuracy_dos,Precision_scan,Recall_scan,F1_score_scan,Num_Obs_scan,AUC_scan,Accuracy_scan,Precision_w,Recall_w,F1_score_w,Total_Obs,AUC_w,Accuracy_w,Hyper_time,Training_time,Testing_time,Total_time
20.0,1.0,35.0,0.959830866807611,0.6394366197183099,0.7675401521555368,710.0,0.6258407588387468,0.6376811594202898,0.07657657657657657,0.85,0.14049586776859502,20.0,0.786299052774019,0.7259552042160737,0.05555555555555555,0.13793103448275862,0.07920792079207921,29.0,0.5223901747756259,0.8774703557312253,0.9020060053702851,0.6258234519104084,0.7247173321327713,759.0,0.6261162515144714,0.649169127258146,0.0,1.5589139461517334,0.0010979175567626953,0.0010979175567626953
