Rep,Kfold,Num_Vars_,Precision_background,Recall_background,F1_score_background,Num_Obs_background,AUC_background,Accuracy_background,Precision_dos,Recall_dos,F1_score_dos,Num_Obs_dos,AUC_dos,Accuracy_dos,Precision_scan,Recall_scan,F1_score_scan,Num_Obs_scan,AUC_scan,Accuracy_scan,Precision_w,Recall_w,F1_score_w,Total_Obs,AUC_w,Accuracy_w,Hyper_time,Training_time,Testing_time,Total_time
20.0,2.0,65.0,0.9972337482710927,0.6431757359500446,0.7819956616052061,1121.0,0.8011797047097162,0.6564102564102564,0.07407407407407407,0.9696969696969697,0.13763440860215054,33.0,0.8089469896857759,0.6572649572649573,0.03571428571428571,0.8125,0.06842105263157894,16.0,0.7541702772963605,0.6974358974358974,0.9580469272032205,0.6547008547008547,0.7540630846029164,1170.0,0.8007559180136447,0.6569953977646285,0.0,1.9206714630126953,0.0013108253479003906,0.0013108253479003906
