Rep,Kfold,Num_Vars_,Precision_background,Recall_background,F1_score_background,Num_Obs_background,AUC_background,Accuracy_background,Precision_dos,Recall_dos,F1_score_dos,Num_Obs_dos,AUC_dos,Accuracy_dos,Precision_scan,Recall_scan,F1_score_scan,Num_Obs_scan,AUC_scan,Accuracy_scan,Precision_w,Recall_w,F1_score_w,Total_Obs,AUC_w,Accuracy_w,Hyper_time,Training_time,Testing_time,Total_time
20.0,3.0,37.0,0.9717634523175279,0.9956331877729258,0.9835535184685898,1832.0,0.9857106094186694,0.9848296443670729,0.916156382477626,0.9863083164300203,0.9499389499389499,1972.0,0.9497183358626431,0.9490176572991793,0.875,0.06451612903225806,0.12017167381974249,217.0,0.5319951833384213,0.9490176572991793,0.9392703384460557,0.9408107435961204,0.920474237337217,4021.0,0.9435735761155364,0.9653338871694556,0.0,1.887047529220581,0.010883092880249023,2.8363404273986816
