Rep,Kfold,Num_Vars_,Precision_background,Recall_background,F1_score_background,Num_Obs_background,AUC_background,Accuracy_background,Precision_dos,Recall_dos,F1_score_dos,Num_Obs_dos,AUC_dos,Accuracy_dos,Precision_scan,Recall_scan,F1_score_scan,Num_Obs_scan,AUC_scan,Accuracy_scan,Precision_w,Recall_w,F1_score_w,Total_Obs,AUC_w,Accuracy_w,Hyper_time,Training_time,Testing_time,Total_time
2.0,5.0,47.0,0.9521829521829522,0.6459802538787024,0.7697478991596639,709.0,0.5974999308609199,0.6394736842105263,0.08597285067873303,0.9047619047619048,0.15702479338842976,21.0,0.8157097751143759,0.7315789473684211,0.14705882352941177,0.3333333333333333,0.20408163265306123,30.0,0.6269406392694064,0.8973684210526316,0.8964669837734853,0.6407894736842106,0.7304884607170402,760.0,0.6046915466261531,0.6521987534626039,0.0,123.05772542953491,0.0014781951904296875,0.0014781951904296875
