Rep,Kfold,Num_Vars_,Precision_background,Recall_background,F1_score_background,Num_Obs_background,AUC_background,Accuracy_background,Precision_dos,Recall_dos,F1_score_dos,Num_Obs_dos,AUC_dos,Accuracy_dos,Precision_scan,Recall_scan,F1_score_scan,Num_Obs_scan,AUC_scan,Accuracy_scan,Precision_w,Recall_w,F1_score_w,Total_Obs,AUC_w,Accuracy_w,Hyper_time,Training_time,Testing_time,Total_time
20.0,2.0,65.0,0.0,0.0,0.0,1.0,0.19339396840593587,0.3866028708133971,0.9189765458422174,0.22471324296141815,0.36112274821952245,1918.0,0.5018915052016393,0.2703349282296651,0.1024390243902439,0.12280701754385964,0.11170212765957446,171.0,0.5134618725030398,0.8401913875598086,0.851729228754117,0.21626794258373205,0.3405428205334121,2090.0,0.5026905651402728,0.31701517822394176,0.0,1.9206714630126953,0.008707046508789062,0.008707046508789062
