Rep,Kfold,Num_Vars_,Precision_background,Recall_background,F1_score_background,Num_Obs_background,AUC_background,Accuracy_background,Precision_dos,Recall_dos,F1_score_dos,Num_Obs_dos,AUC_dos,Accuracy_dos,Precision_scan,Recall_scan,F1_score_scan,Num_Obs_scan,AUC_scan,Accuracy_scan,Precision_w,Recall_w,F1_score_w,Total_Obs,AUC_w,Accuracy_w,Hyper_time,Training_time,Testing_time,Total_time
20.0,2.0,65.0,0.9779332615715823,0.9923539049699618,0.9850908105177556,1831.0,0.9868076654648711,0.9863150037322717,0.9134300421151147,0.9898580121703854,0.9501095156972501,1972.0,0.9497409259679481,0.9489922866384672,0.6875,0.05092592592592592,0.09482758620689655,216.0,0.5248055872069808,0.9477481960686738,0.9306742585191773,0.9405324707638716,0.9200796212076828,4019.0,0.9437899846508286,0.9659291294938245,0.0,1.9206714630126953,0.0023429393768310547,3.233154535293579
