Rep,Kfold,Num_Vars_,Precision_background,Recall_background,F1_score_background,Num_Obs_background,AUC_background,Accuracy_background,Precision_dos,Recall_dos,F1_score_dos,Num_Obs_dos,AUC_dos,Accuracy_dos,Precision_scan,Recall_scan,F1_score_scan,Num_Obs_scan,AUC_scan,Accuracy_scan,Precision_w,Recall_w,F1_score_w,Total_Obs,AUC_w,Accuracy_w,Hyper_time,Training_time,Testing_time,Total_time
20.0,4.0,31.0,0.9449339207048458,0.604225352112676,0.7371134020618556,710.0,0.552112676056338,0.5973684210526315,0.0661764705882353,0.8571428571428571,0.12286689419795223,21.0,0.7567175720085058,0.6618421052631579,0.016129032258064516,0.034482758620689655,0.02197802197802198,29.0,0.47551771309967455,0.8828947368421053,0.8852112256819439,0.5894736842105263,0.6928527406308385,760.0,0.5548435298579857,0.6100450138504155,0.0,1.5826325416564941,0.0012810230255126953,0.0012810230255126953
