Rep,Kfold,Num_Vars_,Precision_background,Recall_background,F1_score_background,Num_Obs_background,AUC_background,Accuracy_background,Precision_dos,Recall_dos,F1_score_dos,Num_Obs_dos,AUC_dos,Accuracy_dos,Precision_scan,Recall_scan,F1_score_scan,Num_Obs_scan,AUC_scan,Accuracy_scan,Precision_w,Recall_w,F1_score_w,Total_Obs,AUC_w,Accuracy_w,Hyper_time,Training_time,Testing_time,Total_time
20.0,3.0,37.0,0.9942363112391931,0.6155218554861731,0.7603305785123967,1121.0,0.7677609277430867,0.6285226302305722,0.07142857142857142,0.8823529411764706,0.13215859030837004,34.0,0.7696725128045943,0.6635354397950469,0.024271844660194174,0.625,0.04672897196261682,16.0,0.6384740259740259,0.6515798462852262,0.9541894328285824,0.623398804440649,0.7323412759472956,1171.0,0.7660499144756113,0.6298542706934813,0.0,1.887047529220581,0.0013127326965332031,0.0013127326965332031
