Rep,Kfold,Num_Vars_,Precision_background,Recall_background,F1_score_background,Num_Obs_background,AUC_background,Accuracy_background,Precision_dos,Recall_dos,F1_score_dos,Num_Obs_dos,AUC_dos,Accuracy_dos,Precision_scan,Recall_scan,F1_score_scan,Num_Obs_scan,AUC_scan,Accuracy_scan,Precision_w,Recall_w,F1_score_w,Total_Obs,AUC_w,Accuracy_w,Hyper_time,Training_time,Testing_time,Total_time
20.0,4.0,31.0,0.9733333333333334,0.99617903930131,0.9846236849204208,1832.0,0.9866635598700334,0.985820895522388,0.9153339604891816,0.986815415821501,0.9497315763787213,1972.0,0.9494623954107505,0.9487562189054727,0.8461538461538461,0.05092592592592592,0.09606986899563318,216.0,0.5252000817852552,0.9485074626865672,0.9380483750051154,0.9407960199004975,0.9197642664418174,4020.0,0.9436195778849543,0.9656340189599268,0.0,1.5826325416564941,0.00225067138671875,2.3564631938934326
