Rep,Kfold,Num_Vars_,Precision_background,Recall_background,F1_score_background,Num_Obs_background,AUC_background,Accuracy_background,Precision_dos,Recall_dos,F1_score_dos,Num_Obs_dos,AUC_dos,Accuracy_dos,Precision_scan,Recall_scan,F1_score_scan,Num_Obs_scan,AUC_scan,Accuracy_scan,Precision_w,Recall_w,F1_score_w,Total_Obs,AUC_w,Accuracy_w,Hyper_time,Training_time,Testing_time,Total_time
2.0,2.0,44.0,0.9971098265895953,0.6155218554861731,0.761169332597904,1121.0,0.7873527644777805,0.6299145299145299,0.07598039215686274,0.9393939393939394,0.14058956916099774,33.0,0.8039098105061165,0.6760683760683761,0.025252525252525252,0.625,0.04854368932038835,16.0,0.6452556325823223,0.6649572649572649,0.957838896540302,0.6247863247863248,0.7339204928664013,1170.0,0.7858765494424024,0.6316955219519322,0.0,121.48526906967163,0.05927276611328125,0.05927276611328125
