Rep,Kfold,Num_Vars_,Precision_background,Recall_background,F1_score_background,Num_Obs_background,AUC_background,Accuracy_background,Precision_dos,Recall_dos,F1_score_dos,Num_Obs_dos,AUC_dos,Accuracy_dos,Precision_scan,Recall_scan,F1_score_scan,Num_Obs_scan,AUC_scan,Accuracy_scan,Precision_w,Recall_w,F1_score_w,Total_Obs,AUC_w,Accuracy_w,Hyper_time,Training_time,Testing_time,Total_time
20.0,3.0,37.0,0.0,0.0,0.0,1.0,0.053614169459071326,0.10717703349282297,0.916243654822335,0.18821689259645463,0.31228373702422146,1918.0,0.49817821374008775,0.23923444976076555,0.03225806451612903,0.005847953216374269,0.009900990099009901,171.0,0.4951074054773898,0.9043062200956937,0.8434791669767927,0.17320574162679425,0.2873939124016208,2090.0,0.4977142557222876,0.29358622742153334,0.0,1.887047529220581,0.011775493621826172,0.011775493621826172
