Rep,Kfold,Num_Vars_,Precision_background,Recall_background,F1_score_background,Num_Obs_background,AUC_background,Accuracy_background,Precision_dos,Recall_dos,F1_score_dos,Num_Obs_dos,AUC_dos,Accuracy_dos,Precision_scan,Recall_scan,F1_score_scan,Num_Obs_scan,AUC_scan,Accuracy_scan,Precision_w,Recall_w,F1_score_w,Total_Obs,AUC_w,Accuracy_w,Hyper_time,Training_time,Testing_time,Total_time
20.0,1.0,35.0,1.0,0.6467439785905441,0.7854821235102926,1121.0,0.823371989295272,0.6615384615384615,0.08753315649867374,1.0,0.16097560975609757,33.0,0.8487247141600703,0.705982905982906,0.052845528455284556,0.8125,0.09923664122137404,16.0,0.8052967937608319,0.7982905982905983,0.9613112159143082,0.658974358974359,0.7584832836209668,1170.0,0.8238398839892782,0.6646621374826504,0.0,1.5589139461517334,0.00142669677734375,0.00142669677734375
