Rep,Kfold,Num_Vars_,Precision_background,Recall_background,F1_score_background,Num_Obs_background,AUC_background,Accuracy_background,Precision_dos,Recall_dos,F1_score_dos,Num_Obs_dos,AUC_dos,Accuracy_dos,Precision_scan,Recall_scan,F1_score_scan,Num_Obs_scan,AUC_scan,Accuracy_scan,Precision_w,Recall_w,F1_score_w,Total_Obs,AUC_w,Accuracy_w,Hyper_time,Training_time,Testing_time,Total_time
2.0,3.0,56.0,0.9945578231292517,0.6520963425512935,0.7877155172413793,1121.0,0.7852318447450345,0.6632478632478632,0.07633587786259542,0.9090909090909091,0.14084507042253522,33.0,0.7949148476852963,0.6871794871794872,0.034574468085106384,0.8125,0.0663265306122449,16.0,0.7489709705372617,0.6871794871794872,0.9555312779373663,0.6615384615384615,0.759605304821646,1170.0,0.7850090798815339,0.6642501278398715,0.0,122.87328910827637,0.046807050704956055,0.046807050704956055
