Rep,Kfold,Num_Vars_,Precision_background,Recall_background,F1_score_background,Num_Obs_background,AUC_background,Accuracy_background,Precision_dos,Recall_dos,F1_score_dos,Num_Obs_dos,AUC_dos,Accuracy_dos,Precision_scan,Recall_scan,F1_score_scan,Num_Obs_scan,AUC_scan,Accuracy_scan,Precision_w,Recall_w,F1_score_w,Total_Obs,AUC_w,Accuracy_w,Hyper_time,Training_time,Testing_time,Total_time
20.0,3.0,37.0,0.9432048681541582,0.6549295774647887,0.7730673316708229,710.0,0.5474647887323943,0.6407894736842106,0.06787330316742081,0.75,0.12448132780082988,20.0,0.7358108108108108,0.7223684210526315,0.1111111111111111,0.16666666666666666,0.13333333333333333,30.0,0.5559360730593608,0.9144736842105263,0.887324020771229,0.6381578947368421,0.7307466211082906,760.0,0.5527556557999961,0.6537396121883657,0.0,1.887047529220581,0.008573532104492188,0.008573532104492188
