Rep,Kfold,Num_Vars_,Precision_background,Recall_background,F1_score_background,Num_Obs_background,AUC_background,Accuracy_background,Precision_dos,Recall_dos,F1_score_dos,Num_Obs_dos,AUC_dos,Accuracy_dos,Precision_scan,Recall_scan,F1_score_scan,Num_Obs_scan,AUC_scan,Accuracy_scan,Precision_w,Recall_w,F1_score_w,Total_Obs,AUC_w,Accuracy_w,Hyper_time,Training_time,Testing_time,Total_time
2.0,4.0,56.0,0.9947780678851175,0.6797502230151651,0.8076311605723371,1121.0,0.7990587849769704,0.6897435897435897,0.07552083333333333,0.8787878787878788,0.13908872901678657,33.0,0.7832813624370353,0.6931623931623931,0.0635593220338983,0.9375,0.11904761904761903,16.0,0.8729961005199307,0.8102564102564103,0.9561156844032128,0.6888888888888889,0.7793583085161587,1170.0,0.7996248893401066,0.6914880561034407,0.0,122.25928950309753,0.04309725761413574,0.04309725761413574
