Rep,Kfold,Num_Vars_,Precision_background,Recall_background,F1_score_background,Num_Obs_background,AUC_background,Accuracy_background,Precision_dos,Recall_dos,F1_score_dos,Num_Obs_dos,AUC_dos,Accuracy_dos,Precision_scan,Recall_scan,F1_score_scan,Num_Obs_scan,AUC_scan,Accuracy_scan,Precision_w,Recall_w,F1_score_w,Total_Obs,AUC_w,Accuracy_w,Hyper_time,Training_time,Testing_time,Total_time
2.0,5.0,47.0,0.0008904719501335708,1.0,0.0017793594306049823,1.0,0.7315789473684211,0.4634146341463415,0.9306518723994452,0.34984358706986446,0.5085259568018189,1918.0,0.530413123014701,0.3797226207556193,0.12672176308539945,0.26744186046511625,0.1719626168224299,172.0,0.5511258286171334,0.7881396461023433,0.8640781085532161,0.34337637494022,0.48059882094633055,2091.0,0.5322130996708331,0.4133579246164645,0.0,123.05772542953491,0.002063751220703125,0.002063751220703125
