Rep,Kfold,Num_Vars_,Precision_background,Recall_background,F1_score_background,Num_Obs_background,AUC_background,Accuracy_background,Precision_dos,Recall_dos,F1_score_dos,Num_Obs_dos,AUC_dos,Accuracy_dos,Precision_scan,Recall_scan,F1_score_scan,Num_Obs_scan,AUC_scan,Accuracy_scan,Precision_w,Recall_w,F1_score_w,Total_Obs,AUC_w,Accuracy_w,Hyper_time,Training_time,Testing_time,Total_time
2.0,5.0,47.0,0.9754010695187165,0.9961769524849808,0.98567954606863,1831.0,0.9875813953836508,0.9868159203980099,0.9157250470809792,0.9863083164300203,0.94970703125,1972.0,0.9494529863400101,0.9487562189054727,0.25,0.004608294930875576,0.00904977375565611,217.0,0.5019097220118486,0.9455223880597015,0.906969938092652,0.9378109452736318,0.9153147550700594,4020.0,0.9426610034046109,0.9659168089898765,0.0,123.05772542953491,0.0027027130126953125,137.60789608955383
