Rep,Kfold,Num_Vars_,Precision_background,Recall_background,F1_score_background,Num_Obs_background,AUC_background,Accuracy_background,Precision_dos,Recall_dos,F1_score_dos,Num_Obs_dos,AUC_dos,Accuracy_dos,Precision_scan,Recall_scan,F1_score_scan,Num_Obs_scan,AUC_scan,Accuracy_scan,Precision_w,Recall_w,F1_score_w,Total_Obs,AUC_w,Accuracy_w,Hyper_time,Training_time,Testing_time,Total_time
3.0,3.0,52.0,0.9986559139784946,0.6628010704727921,0.7967828418230563,1121.0,0.8211964536037429,0.6760683760683761,0.08695652173913043,0.9696969696969697,0.15960099750623444,33.0,0.8370912289118094,0.711965811965812,0.027659574468085105,0.8125,0.05349794238683127,16.0,0.7082430675909879,0.6068376068376068,0.9596627333151906,0.6735042735042736,0.7686464663927702,1170.0,0.8201001060900353,0.6761341222879684,0.0,217.73138070106506,0.003011941909790039,0.003011941909790039
