Rep,Kfold,Num_Vars_,Precision_background,Recall_background,F1_score_background,Num_Obs_background,AUC_background,Accuracy_background,Precision_dos,Recall_dos,F1_score_dos,Num_Obs_dos,AUC_dos,Accuracy_dos,Precision_scan,Recall_scan,F1_score_scan,Num_Obs_scan,AUC_scan,Accuracy_scan,Precision_w,Recall_w,F1_score_w,Total_Obs,AUC_w,Accuracy_w,Hyper_time,Training_time,Testing_time,Total_time
3.0,5.0,34.0,0.9915848527349228,0.6306868867082962,0.7709923664122137,1121.0,0.7528434433541481,0.6407185628742516,0.075,0.9090909090909091,0.13856812933025403,33.0,0.7916933418693981,0.6809238665526091,0.057034220532319393,1.0,0.10791366906474821,15.0,0.8925476603119584,0.787852865697177,0.9537186768381807,0.6432848588537211,0.7446312198904714,1169.0,0.7557327589276043,0.6437414795241486,0.0,214.81601572036743,0.06416082382202148,0.06416082382202148
