Rep,Kfold,Num_Vars_,Precision_background,Recall_background,F1_score_background,Num_Obs_background,AUC_background,Accuracy_background,Precision_dos,Recall_dos,F1_score_dos,Num_Obs_dos,AUC_dos,Accuracy_dos,Precision_scan,Recall_scan,F1_score_scan,Num_Obs_scan,AUC_scan,Accuracy_scan,Precision_w,Recall_w,F1_score_w,Total_Obs,AUC_w,Accuracy_w,Hyper_time,Training_time,Testing_time,Total_time
3.0,2.0,34.0,0.97016515716569,0.993995633187773,0.9819358317605824,1832.0,0.984194890210713,0.9833291863647674,0.916077322017916,0.9857940131912735,0.9496578690127077,1971.0,0.9494399753456367,0.9487434685245086,0.8888888888888888,0.07407407407407407,0.13675213675213674,216.0,0.5367740867346441,0.9497387409803434,0.939271204186329,0.9405324707638716,0.9206819022512802,4019.0,0.9431038648934957,0.964562332404532,0.0,123.28447484970093,0.0028357505798339844,138.94077610969543
