Rep,Kfold,Num_Vars_,Precision_background,Recall_background,F1_score_background,Num_Obs_background,AUC_background,Accuracy_background,Precision_dos,Recall_dos,F1_score_dos,Num_Obs_dos,AUC_dos,Accuracy_dos,Precision_scan,Recall_scan,F1_score_scan,Num_Obs_scan,AUC_scan,Accuracy_scan,Precision_w,Recall_w,F1_score_w,Total_Obs,AUC_w,Accuracy_w,Hyper_time,Training_time,Testing_time,Total_time
3.0,2.0,34.0,0.0,0.0,0.0,1.0,0.04691239827668742,0.0937799043062201,0.9139344262295082,0.11626694473409802,0.2062904717853839,1918.0,0.49708696073914205,0.17894736842105263,0.10526315789473684,0.011695906432748537,0.021052631578947368,171.0,0.5014185629089224,0.9110047846889953,0.8473331241666013,0.1076555023923445,0.19103594492074943,2090.0,0.49722597002553925,0.23880222522378153,0.0,123.28447484970093,0.0018842220306396484,0.0018842220306396484
