Rep,Kfold,Num_Vars_,Precision_background,Recall_background,F1_score_background,Num_Obs_background,AUC_background,Accuracy_background,Precision_dos,Recall_dos,F1_score_dos,Num_Obs_dos,AUC_dos,Accuracy_dos,Precision_scan,Recall_scan,F1_score_scan,Num_Obs_scan,AUC_scan,Accuracy_scan,Precision_w,Recall_w,F1_score_w,Total_Obs,AUC_w,Accuracy_w,Hyper_time,Training_time,Testing_time,Total_time
3.0,4.0,42.0,0.0005452562704471102,1.0,0.0010899182561307902,1.0,0.5612733365246529,0.12296650717703349,0.9027027027027027,0.08706986444212722,0.15882073228720878,1918.0,0.4912093508257148,0.1535885167464115,0.04878048780487805,0.023391812865497075,0.03162055335968379,171.0,0.4913728214926756,0.8827751196172249,0.8324046853850183,0.08229665071770335,0.1483379756314012,2090.0,0.4912562491365996,0.21323458712025822,0.0,215.35301160812378,0.0019295215606689453,0.0019295215606689453
