Rep,Kfold,Num_Vars_,Precision_background,Recall_background,F1_score_background,Num_Obs_background,AUC_background,Accuracy_background,Precision_dos,Recall_dos,F1_score_dos,Num_Obs_dos,AUC_dos,Accuracy_dos,Precision_scan,Recall_scan,F1_score_scan,Num_Obs_scan,AUC_scan,Accuracy_scan,Precision_w,Recall_w,F1_score_w,Total_Obs,AUC_w,Accuracy_w,Hyper_time,Training_time,Testing_time,Total_time
3.0,2.0,34.0,0.9483870967741935,0.6211267605633802,0.7506382978723404,710.0,0.5656654210980167,0.613965744400527,0.07488986784140969,0.85,0.13765182186234817,20.0,0.782916102841678,0.7193675889328063,0.05,0.06896551724137931,0.057971014492753624,29.0,0.5084553613604157,0.9143610013175231,0.8910443162931564,0.606060606060606,0.7080202731843194,759.0,0.5692041851329084,0.628220684244056,0.0,123.28447484970093,0.0016055107116699219,0.0016055107116699219
