Rep,Kfold,Num_Vars_,Precision_background,Recall_background,F1_score_background,Num_Obs_background,AUC_background,Accuracy_background,Precision_dos,Recall_dos,F1_score_dos,Num_Obs_dos,AUC_dos,Accuracy_dos,Precision_scan,Recall_scan,F1_score_scan,Num_Obs_scan,AUC_scan,Accuracy_scan,Precision_w,Recall_w,F1_score_w,Total_Obs,AUC_w,Accuracy_w,Hyper_time,Training_time,Testing_time,Total_time
3.0,4.0,42.0,0.9561752988047809,0.6770098730606487,0.7927332782824112,709.0,0.6140151406119569,0.6688654353562006,0.07729468599033816,0.8,0.1409691629955947,20.0,0.7705962059620597,0.7427440633245382,0.05555555555555555,0.27586206896551724,0.09248554913294797,29.0,0.5446525708339246,0.7928759894459103,0.8985294085534399,0.6649076517150395,0.7487458555237427,758.0,0.6154928540465732,0.6755592066332037,0.0,215.35301160812378,0.0026056766510009766,0.0026056766510009766
