Rep,Kfold,Num_Vars_,Precision_background,Recall_background,F1_score_background,Num_Obs_background,AUC_background,Accuracy_background,Precision_dos,Recall_dos,F1_score_dos,Num_Obs_dos,AUC_dos,Accuracy_dos,Precision_scan,Recall_scan,F1_score_scan,Num_Obs_scan,AUC_scan,Accuracy_scan,Precision_w,Recall_w,F1_score_w,Total_Obs,AUC_w,Accuracy_w,Hyper_time,Training_time,Testing_time,Total_time
3.0,1.0,60.0,0.9959128065395095,0.6520963425512935,0.7881401617250674,1121.0,0.7954359263776875,0.6641025641025641,0.0746987951807229,0.9393939393939394,0.13839285714285715,33.0,0.8008315343407691,0.67008547008547,0.02849740932642487,0.6875,0.05472636815920398,16.0,0.681271663778163,0.6752136752136753,0.9567002349751939,0.6606837606837607,0.7597843653590275,1170.0,0.794026889506909,0.6644232595514645,0.0,121.10910224914551,0.06245684623718262,0.06245684623718262
