Rep,Kfold,Num_Vars_,Precision_background,Recall_background,F1_score_background,Num_Obs_background,AUC_background,Accuracy_background,Precision_dos,Recall_dos,F1_score_dos,Num_Obs_dos,AUC_dos,Accuracy_dos,Precision_scan,Recall_scan,F1_score_scan,Num_Obs_scan,AUC_scan,Accuracy_scan,Precision_w,Recall_w,F1_score_w,Total_Obs,AUC_w,Accuracy_w,Hyper_time,Training_time,Testing_time,Total_time
3.0,3.0,52.0,0.0007662835249042146,1.0,0.0015313935681470138,1.0,0.6878889420775491,0.37607655502392345,0.924812030075188,0.32064650677789364,0.47619047619047616,1918.0,0.5149744161796445,0.3526315789473684,0.09073724007561437,0.2807017543859649,0.13714285714285715,171.0,0.5150251867291993,0.7110047846889952,0.8561274201055815,0.31770334928229665,0.4482231068413062,2090.0,0.5150613043566166,0.3819642407454042,0.0,217.73138070106506,0.006240129470825195,0.006240129470825195
