Rep,Kfold,Num_Vars_,Precision_background,Recall_background,F1_score_background,Num_Obs_background,AUC_background,Accuracy_background,Precision_dos,Recall_dos,F1_score_dos,Num_Obs_dos,AUC_dos,Accuracy_dos,Precision_scan,Recall_scan,F1_score_scan,Num_Obs_scan,AUC_scan,Accuracy_scan,Precision_w,Recall_w,F1_score_w,Total_Obs,AUC_w,Accuracy_w,Hyper_time,Training_time,Testing_time,Total_time
3.0,1.0,60.0,0.0,0.0,0.0,0.0,,0.35311004784688993,0.9085603112840467,0.2434827945776851,0.384046052631579,1918.0,0.4851134903120983,0.2832535885167464,0.125,0.13372093023255813,0.1292134831460674,172.0,0.5248896621965711,0.8516746411483254,0.8440759220300486,0.23444976076555024,0.36307418566913496,2090.0,,0.3300327373457567,0.0,121.10910224914551,0.0019884109497070312,0.0019884109497070312
