Rep,Kfold,Num_Vars_,Precision_background,Recall_background,F1_score_background,Num_Obs_background,AUC_background,Accuracy_background,Precision_dos,Recall_dos,F1_score_dos,Num_Obs_dos,AUC_dos,Accuracy_dos,Precision_scan,Recall_scan,F1_score_scan,Num_Obs_scan,AUC_scan,Accuracy_scan,Precision_w,Recall_w,F1_score_w,Total_Obs,AUC_w,Accuracy_w,Hyper_time,Training_time,Testing_time,Total_time
3.0,4.0,42.0,0.9970972423802612,0.6128456735057984,0.7591160220994476,1121.0,0.7864228367528991,0.627668659265585,0.0765661252900232,0.9705882352941176,0.14193548387096772,34.0,0.8102721299601635,0.659265584970111,0.03494623655913978,0.8125,0.06701030927835051,16.0,0.7508387445887446,0.6908625106746371,0.9572232252374719,0.6259607173356105,0.7317395663309542,1171.0,0.7866290967822933,0.6294495278364635,0.0,215.35301160812378,0.001619100570678711,0.001619100570678711
