Rep,Kfold,Num_Vars_,Precision_background,Recall_background,F1_score_background,Num_Obs_background,AUC_background,Accuracy_background,Precision_dos,Recall_dos,F1_score_dos,Num_Obs_dos,AUC_dos,Accuracy_dos,Precision_scan,Recall_scan,F1_score_scan,Num_Obs_scan,AUC_scan,Accuracy_scan,Precision_w,Recall_w,F1_score_w,Total_Obs,AUC_w,Accuracy_w,Hyper_time,Training_time,Testing_time,Total_time
4.0,4.0,27.0,0.9970238095238095,0.5976806422836753,0.747350808700502,1121.0,0.7784321578765315,0.6128205128205129,0.0825,1.0,0.15242494226327946,33.0,0.8386103781882146,0.6863247863247863,0.032448377581120944,0.6875,0.06197183098591549,16.0,0.7016356152512998,0.7153846153846154,0.9580387730918706,0.6102564102564103,0.7211981443963467,1170.0,0.7790792831656613,0.6162962962962963,0.0,214.4572560787201,0.06440401077270508,0.06440401077270508
