Rep,Kfold,Num_Vars_,Precision_background,Recall_background,F1_score_background,Num_Obs_background,AUC_background,Accuracy_background,Precision_dos,Recall_dos,F1_score_dos,Num_Obs_dos,AUC_dos,Accuracy_dos,Precision_scan,Recall_scan,F1_score_scan,Num_Obs_scan,AUC_scan,Accuracy_scan,Precision_w,Recall_w,F1_score_w,Total_Obs,AUC_w,Accuracy_w,Hyper_time,Training_time,Testing_time,Total_time
4.0,2.0,41.0,0.9738805970149254,0.997815401419989,0.9857027245751281,1831.0,0.9877102601249853,0.9868126399601891,0.9161168708765316,0.9863013698630136,0.9499144881505008,1971.0,0.9496936536815068,0.9489922866384672,0.8095238095238095,0.07834101382488479,0.14285714285714285,217.0,0.5386444679855619,0.949241104752426,0.9366778781534308,0.9425230156755412,0.9226432308638209,4019.0,0.9448194892381102,0.966236143434387,0.0,213.46065258979797,0.0030527114868164062,222.03993010520935
