Rep,Kfold,Num_Vars_,Precision_background,Recall_background,F1_score_background,Num_Obs_background,AUC_background,Accuracy_background,Precision_dos,Recall_dos,F1_score_dos,Num_Obs_dos,AUC_dos,Accuracy_dos,Precision_scan,Recall_scan,F1_score_scan,Num_Obs_scan,AUC_scan,Accuracy_scan,Precision_w,Recall_w,F1_score_w,Total_Obs,AUC_w,Accuracy_w,Hyper_time,Training_time,Testing_time,Total_time
4.0,1.0,61.0,0.9789983844911146,0.99235807860262,0.9856329628625644,1832.0,0.9872627155701715,0.9868126399601891,0.9154995331465919,0.9949264332825977,0.9535618769754437,1971.0,0.9532737635162989,0.952475740233889,0.8235294117647058,0.06481481481481481,0.12017167381974249,216.0,0.5320129819538182,0.9489922866384672,0.9395016106396694,0.9437671062453347,0.9233906765433892,4019.0,0.9461265705193342,0.9679404763179823,0.0,214.89338946342468,0.0032846927642822266,229.7693612575531
