Rep,Kfold,Num_Vars_,Precision_background,Recall_background,F1_score_background,Num_Obs_background,AUC_background,Accuracy_background,Precision_dos,Recall_dos,F1_score_dos,Num_Obs_dos,AUC_dos,Accuracy_dos,Precision_scan,Recall_scan,F1_score_scan,Num_Obs_scan,AUC_scan,Accuracy_scan,Precision_w,Recall_w,F1_score_w,Total_Obs,AUC_w,Accuracy_w,Hyper_time,Training_time,Testing_time,Total_time
4.0,5.0,69.0,0.0,0.0,0.0,1.0,0.1768788894207755,0.3535885167464115,0.929637526652452,0.2273201251303441,0.3653121072475911,1918.0,0.5177298300070325,0.2751196172248804,0.08395522388059702,0.2631578947368421,0.1272984441301273,171.0,0.5036477331943721,0.7047846889952153,0.8600005355995144,0.23014354066985646,0.3456634716014983,2090.0,0.5164145718751898,0.3103115771159085,0.0,212.6553919315338,0.010090112686157227,0.010090112686157227
