Rep,Kfold,Num_Vars_,Precision_background,Recall_background,F1_score_background,Num_Obs_background,AUC_background,Accuracy_background,Precision_dos,Recall_dos,F1_score_dos,Num_Obs_dos,AUC_dos,Accuracy_dos,Precision_scan,Recall_scan,F1_score_scan,Num_Obs_scan,AUC_scan,Accuracy_scan,Precision_w,Recall_w,F1_score_w,Total_Obs,AUC_w,Accuracy_w,Hyper_time,Training_time,Testing_time,Total_time
4.0,1.0,61.0,0.0,0.0,0.0,1.0,0.17352800382958355,0.34688995215311,0.9296028880866426,0.26850886339937435,0.41666666666666674,1918.0,0.5208823386764314,0.31004784688995213,0.21739130434782608,0.08771929824561403,0.12499999999999997,171.0,0.5297898210873719,0.8995215311004785,0.87088624516443,0.2535885167464115,0.39260366826156307,2090.0,0.5214449344455339,0.35829513976328375,0.0,214.89338946342468,0.0050356388092041016,0.0050356388092041016
