Rep,Kfold,Num_Vars_,Precision_background,Recall_background,F1_score_background,Num_Obs_background,AUC_background,Accuracy_background,Precision_dos,Recall_dos,F1_score_dos,Num_Obs_dos,AUC_dos,Accuracy_dos,Precision_scan,Recall_scan,F1_score_scan,Num_Obs_scan,AUC_scan,Accuracy_scan,Precision_w,Recall_w,F1_score_w,Total_Obs,AUC_w,Accuracy_w,Hyper_time,Training_time,Testing_time,Total_time
4.0,5.0,69.0,0.9779806659505907,0.993995633187773,0.9859231185706552,1832.0,0.9876328097414424,0.9870678935588162,0.9139784946236559,0.9913793103448276,0.95110678666991,1972.0,0.9507897039767086,0.9500124347177319,0.05263157894736842,0.004608294930875576,0.00847457627118644,217.0,0.49993821686606876,0.941805521014673,0.8966543705672495,0.9393185774682915,0.9160986619212511,4021.0,0.9432447641751626,0.9664523005031839,0.0,212.6553919315338,0.014532327651977539,217.45170283317566
