Rep,Kfold,Num_Vars_,Precision_background,Recall_background,F1_score_background,Num_Obs_background,AUC_background,Accuracy_background,Precision_dos,Recall_dos,F1_score_dos,Num_Obs_dos,AUC_dos,Accuracy_dos,Precision_scan,Recall_scan,F1_score_scan,Num_Obs_scan,AUC_scan,Accuracy_scan,Precision_w,Recall_w,F1_score_w,Total_Obs,AUC_w,Accuracy_w,Hyper_time,Training_time,Testing_time,Total_time
4.0,3.0,55.0,0.0,0.0,0.0,1.0,0.18851674641148325,0.3768531802965088,0.9332298136645962,0.31334723670490094,0.4691647150663544,1918.0,0.5323961617050516,0.34959349593495936,0.11242603550295859,0.22093023255813954,0.14901960784313725,172.0,0.5322994049710968,0.7924438067910091,0.8652664087590647,0.30559540889526543,0.4426060717581479,2091.0,0.5322237458401382,0.3860342004550943,0.0,214.53188562393188,0.007602691650390625,0.007602691650390625
