Rep,Kfold,Num_Vars_,Precision_background,Recall_background,F1_score_background,Num_Obs_background,AUC_background,Accuracy_background,Precision_dos,Recall_dos,F1_score_dos,Num_Obs_dos,AUC_dos,Accuracy_dos,Precision_scan,Recall_scan,F1_score_scan,Num_Obs_scan,AUC_scan,Accuracy_scan,Precision_w,Recall_w,F1_score_w,Total_Obs,AUC_w,Accuracy_w,Hyper_time,Training_time,Testing_time,Total_time
4.0,2.0,41.0,0.0,0.0,0.0,0.0,,0.4698564593301435,0.9241935483870968,0.29874869655891556,0.45153664302600477,1918.0,0.5127464413027136,0.3339712918660287,0.18571428571428572,0.1511627906976744,0.16666666666666666,172.0,0.5458629386230812,0.8755980861244019,0.8634191784446452,0.28660287081339714,0.42809279808159995,2090.0,,0.37854536297245944,0.0,213.46065258979797,0.007318735122680664,0.007318735122680664
