Rep,Kfold,Num_Vars_,Precision_background,Recall_background,F1_score_background,Num_Obs_background,AUC_background,Accuracy_background,Precision_dos,Recall_dos,F1_score_dos,Num_Obs_dos,AUC_dos,Accuracy_dos,Precision_scan,Recall_scan,F1_score_scan,Num_Obs_scan,AUC_scan,Accuracy_scan,Precision_w,Recall_w,F1_score_w,Total_Obs,AUC_w,Accuracy_w,Hyper_time,Training_time,Testing_time,Total_time
4.0,2.0,41.0,0.9972337482710927,0.6431757359500446,0.7819956616052061,1121.0,0.8011797047097162,0.6564102564102564,0.08072916666666667,0.9393939393939394,0.1486810551558753,33.0,0.8144639002158791,0.6965811965811965,0.03504043126684636,0.8125,0.06718346253229973,16.0,0.7511373483535528,0.6914529914529914,0.9582254198394569,0.6538461538461539,0.754357732376151,1170.0,0.8008700472310879,0.6580224998173716,0.0,213.46065258979797,0.010209798812866211,0.010209798812866211
