Rep,Kfold,Num_Vars_,Precision_background,Recall_background,F1_score_background,Num_Obs_background,AUC_background,Accuracy_background,Precision_dos,Recall_dos,F1_score_dos,Num_Obs_dos,AUC_dos,Accuracy_dos,Precision_scan,Recall_scan,F1_score_scan,Num_Obs_scan,AUC_scan,Accuracy_scan,Precision_w,Recall_w,F1_score_w,Total_Obs,AUC_w,Accuracy_w,Hyper_time,Training_time,Testing_time,Total_time
5.0,3.0,81.0,0.0008136696501220504,1.0,0.0016260162601626016,1.0,0.7062200956937799,0.41272118603538976,0.9378330373001776,0.27528675703858185,0.42563482466747277,1918.0,0.5364873091551291,0.31850789096126253,0.08768656716417911,0.27325581395348836,0.1327683615819209,172.0,0.5092177975447484,0.7063605930176949,0.8674541696621854,0.27546628407460544,0.40134164415139323,2091.0,0.5343253659650541,0.3504566609511145,0.0,214.27404069900513,0.00624537467956543,0.00624537467956543
