Rep,Kfold,Num_Vars_,Precision_background,Recall_background,F1_score_background,Num_Obs_background,AUC_background,Accuracy_background,Precision_dos,Recall_dos,F1_score_dos,Num_Obs_dos,AUC_dos,Accuracy_dos,Precision_scan,Recall_scan,F1_score_scan,Num_Obs_scan,AUC_scan,Accuracy_scan,Precision_w,Recall_w,F1_score_w,Total_Obs,AUC_w,Accuracy_w,Hyper_time,Training_time,Testing_time,Total_time
5.0,3.0,81.0,0.9478079331941545,0.6394366197183099,0.7636669470142978,710.0,0.569718309859155,0.6302631578947369,0.08035714285714286,0.8571428571428571,0.1469387755102041,21.0,0.7891938913589792,0.725,0.05232558139534884,0.3103448275862069,0.08955223880597014,29.0,0.543681305721968,0.7592105263157894,0.8896691768793616,0.6328947368421053,0.720902975777946,760.0,0.5747892494532574,0.6378012465373961,0.0,214.27404069900513,0.0017554759979248047,0.0017554759979248047
