Rep,Kfold,Num_Vars_,Precision_background,Recall_background,F1_score_background,Num_Obs_background,AUC_background,Accuracy_background,Precision_dos,Recall_dos,F1_score_dos,Num_Obs_dos,AUC_dos,Accuracy_dos,Precision_scan,Recall_scan,F1_score_scan,Num_Obs_scan,AUC_scan,Accuracy_scan,Precision_w,Recall_w,F1_score_w,Total_Obs,AUC_w,Accuracy_w,Hyper_time,Training_time,Testing_time,Total_time
5.0,2.0,28.0,0.0,0.0,0.0,1.0,0.06606031594064143,0.1320574162679426,0.9017632241813602,0.18665276329509906,0.30928725701943843,1918.0,0.4799542886242938,0.23492822966507176,0.041666666666666664,0.005847953216374269,0.010256410256410256,171.0,0.4969312720745758,0.9076555023923445,0.8309602219999278,0.17177033492822966,0.28467311249623395,2090.0,0.4811452791493247,0.28992033149424234,0.0,213.15728497505188,0.007424116134643555,0.007424116134643555
