Rep,Kfold,Num_Vars_,Precision_background,Recall_background,F1_score_background,Num_Obs_background,AUC_background,Accuracy_background,Precision_dos,Recall_dos,F1_score_dos,Num_Obs_dos,AUC_dos,Accuracy_dos,Precision_scan,Recall_scan,F1_score_scan,Num_Obs_scan,AUC_scan,Accuracy_scan,Precision_w,Recall_w,F1_score_w,Total_Obs,AUC_w,Accuracy_w,Hyper_time,Training_time,Testing_time,Total_time
5.0,5.0,23.0,0.0005302226935312832,1.0,0.0010598834128245894,1.0,0.5488271900430828,0.09808612440191387,0.8960396039603961,0.09436913451511991,0.17075471698113207,1918.0,0.48613805562965295,0.15885167464114833,0.1875,0.017543859649122806,0.0320855614973262,171.0,0.5053847490012159,0.9133971291866029,0.8376397084300158,0.08851674641148326,0.1593278651049124,2090.0,0.487742779888481,0.22055813740527916,0.0,214.60743832588196,0.0017123222351074219,0.0017123222351074219
