Rep,Kfold,Num_Vars_,Precision_background,Recall_background,F1_score_background,Num_Obs_background,AUC_background,Accuracy_background,Precision_dos,Recall_dos,F1_score_dos,Num_Obs_dos,AUC_dos,Accuracy_dos,Precision_scan,Recall_scan,F1_score_scan,Num_Obs_scan,AUC_scan,Accuracy_scan,Precision_w,Recall_w,F1_score_w,Total_Obs,AUC_w,Accuracy_w,Hyper_time,Training_time,Testing_time,Total_time
5.0,4.0,41.0,0.0,0.0,0.0,0.0,,0.2929631402584969,0.917741935483871,0.2966631908237748,0.4483845547675335,1918.0,0.49920878839434346,0.3298228817616084,0.0641025641025641,0.029239766081871343,0.040160642570281124,171.0,0.4955896432077761,0.8855911919578746,0.8478652803827683,0.27477261847774054,0.41496842791940997,2089.0,,0.37531660174416537,0.0,215.32339072227478,0.004847049713134766,0.004847049713134766
