Rep,Kfold,Num_Vars_,Precision_background,Recall_background,F1_score_background,Num_Obs_background,AUC_background,Accuracy_background,Precision_dos,Recall_dos,F1_score_dos,Num_Obs_dos,AUC_dos,Accuracy_dos,Precision_scan,Recall_scan,F1_score_scan,Num_Obs_scan,AUC_scan,Accuracy_scan,Precision_w,Recall_w,F1_score_w,Total_Obs,AUC_w,Accuracy_w,Hyper_time,Training_time,Testing_time,Total_time
5.0,1.0,45.0,0.9525862068965517,0.6225352112676056,0.7529812606473595,710.0,0.5867778097154355,0.6179183135704874,0.07851239669421488,0.95,0.1450381679389313,20.0,0.8241204330175913,0.7048748353096179,0.0,0.0,0.0,29.0,0.4931506849315068,0.9486166007905138,0.893157384493328,0.6073781291172595,0.7081916448200314,759.0,0.5894545763126807,0.6328450339448792,0.0,214.79589223861694,0.0027015209197998047,0.0027015209197998047
