Rep,Kfold,Num_Vars_,Precision_background,Recall_background,F1_score_background,Num_Obs_background,AUC_background,Accuracy_background,Precision_dos,Recall_dos,F1_score_dos,Num_Obs_dos,AUC_dos,Accuracy_dos,Precision_scan,Recall_scan,F1_score_scan,Num_Obs_scan,AUC_scan,Accuracy_scan,Precision_w,Recall_w,F1_score_w,Total_Obs,AUC_w,Accuracy_w,Hyper_time,Training_time,Testing_time,Total_time
5.0,1.0,45.0,0.9717031500266952,0.9934497816593887,0.9824561403508772,1832.0,0.9846133734622355,0.9838308457711443,0.9153339604891816,0.9873160832064941,0.9499633878447645,1971.0,0.9497341763031006,0.9490049751243781,1.0,0.059907834101382486,0.11304347826086955,217.0,0.5299539170506913,0.9492537313432836,0.945592887306737,0.9400497512437811,0.9195940102854345,4020.0,0.9429695924567728,0.9648892972946215,0.0,214.79589223861694,0.005323648452758789,229.61596727371216
