Rep,Kfold,Num_Vars_,Precision_background,Recall_background,F1_score_background,Num_Obs_background,AUC_background,Accuracy_background,Precision_dos,Recall_dos,F1_score_dos,Num_Obs_dos,AUC_dos,Accuracy_dos,Precision_scan,Recall_scan,F1_score_scan,Num_Obs_scan,AUC_scan,Accuracy_scan,Precision_w,Recall_w,F1_score_w,Total_Obs,AUC_w,Accuracy_w,Hyper_time,Training_time,Testing_time,Total_time
5.0,5.0,23.0,0.9701333333333333,0.9934462042599672,0.981651376146789,1831.0,0.9839201757468103,0.9830761572921851,0.9157250470809792,0.9868087265347539,0.9499389499389499,1971.0,0.9496818425052862,0.9489795918367347,0.9090909090909091,0.046296296296296294,0.08810572687224669,216.0,0.523016638416428,0.9484818317570931,0.9401622293413588,0.9392732702837232,0.9180597752759698,4018.0,0.9423475229637325,0.9644906160208381,0.0,214.60743832588196,0.0039081573486328125,228.77188992500305
