Rep,Kfold,Num_Vars_,Precision_background,Recall_background,F1_score_background,Num_Obs_background,AUC_background,Accuracy_background,Precision_dos,Recall_dos,F1_score_dos,Num_Obs_dos,AUC_dos,Accuracy_dos,Precision_scan,Recall_scan,F1_score_scan,Num_Obs_scan,AUC_scan,Accuracy_scan,Precision_w,Recall_w,F1_score_w,Total_Obs,AUC_w,Accuracy_w,Hyper_time,Training_time,Testing_time,Total_time
6.0,1.0,30.0,0.0005319148936170213,1.0,0.001063264221158958,1.0,0.5502632838678794,0.10095693779904306,0.9184782608695652,0.1762252346193952,0.29571303587051617,1918.0,0.5009033149841162,0.22966507177033493,0.05263157894736842,0.005847953216374269,0.010526315789473684,171.0,0.4982340339297087,0.9100478468899521,0.8471970508434065,0.16267942583732056,0.2722385962028091,2090.0,0.5007085364714752,0.28527117053181017,0.0,204.99066853523254,0.003693819046020508,0.003693819046020508
