Rep,Kfold,Num_Vars_,Precision_background,Recall_background,F1_score_background,Num_Obs_background,AUC_background,Accuracy_background,Precision_dos,Recall_dos,F1_score_dos,Num_Obs_dos,AUC_dos,Accuracy_dos,Precision_scan,Recall_scan,F1_score_scan,Num_Obs_scan,AUC_scan,Accuracy_scan,Precision_w,Recall_w,F1_score_w,Total_Obs,AUC_w,Accuracy_w,Hyper_time,Training_time,Testing_time,Total_time
6.0,4.0,28.0,0.9717784877529286,0.99617903930131,0.9838274932614555,1832.0,0.9859780022831961,0.9850746268656716,0.917020273455917,0.9868087265347539,0.950635386119257,1971.0,0.9504565838627894,0.9497512437810945,0.9230769230769231,0.055299539170506916,0.10434782608695653,217.0,0.527518294434057,0.9487562189054727,0.9423017017046442,0.9407960199004975,0.9200790527255999,4020.0,0.9438142032011352,0.9657951535853072,0.0,214.19494009017944,0.005713939666748047,218.5377562046051
