Rep,Kfold,Num_Vars_,Precision_background,Recall_background,F1_score_background,Num_Obs_background,AUC_background,Accuracy_background,Precision_dos,Recall_dos,F1_score_dos,Num_Obs_dos,AUC_dos,Accuracy_dos,Precision_scan,Recall_scan,F1_score_scan,Num_Obs_scan,AUC_scan,Accuracy_scan,Precision_w,Recall_w,F1_score_w,Total_Obs,AUC_w,Accuracy_w,Hyper_time,Training_time,Testing_time,Total_time
6.0,1.0,30.0,0.9914651493598862,0.6217662801070473,0.7642543859649122,1121.0,0.7496586502576053,0.6324786324786325,0.06862745098039216,0.8484848484848485,0.126984126984127,33.0,0.7571360038378507,0.6709401709401709,0.04983388704318937,0.9375,0.09463722397476342,16.0,0.8448331889081455,0.7547008547008547,0.9525593850491252,0.6324786324786325,0.7371229388382384,1170.0,0.7511710821264572,0.635234860106655,0.0,204.99066853523254,0.0013053417205810547,0.0013053417205810547
