Rep,Kfold,Num_Vars_,Precision_background,Recall_background,F1_score_background,Num_Obs_background,AUC_background,Accuracy_background,Precision_dos,Recall_dos,F1_score_dos,Num_Obs_dos,AUC_dos,Accuracy_dos,Precision_scan,Recall_scan,F1_score_scan,Num_Obs_scan,AUC_scan,Accuracy_scan,Precision_w,Recall_w,F1_score_w,Total_Obs,AUC_w,Accuracy_w,Hyper_time,Training_time,Testing_time,Total_time
6.0,3.0,57.0,0.9764075067024128,0.993995633187773,0.9851230727616987,1832.0,0.9869429719869395,0.986318407960199,0.9154205607476635,0.9934077079107505,0.9528210116731518,1972.0,0.9525144008303752,0.9517412935323383,0.6818181818181818,0.06944444444444445,0.12605042016806725,216.0,0.5338021381002453,0.9482587064676616,0.9306618471009801,0.9440298507462687,0.9231182574813905,4020.0,0.9457062649122453,0.9673117002054404,0.0,203.03146362304688,0.0057713985443115234,216.92764329910278
