Rep,Kfold,Num_Vars_,Precision_background,Recall_background,F1_score_background,Num_Obs_background,AUC_background,Accuracy_background,Precision_dos,Recall_dos,F1_score_dos,Num_Obs_dos,AUC_dos,Accuracy_dos,Precision_scan,Recall_scan,F1_score_scan,Num_Obs_scan,AUC_scan,Accuracy_scan,Precision_w,Recall_w,F1_score_w,Total_Obs,AUC_w,Accuracy_w,Hyper_time,Training_time,Testing_time,Total_time
6.0,5.0,42.0,0.9381443298969072,0.6417489421720733,0.7621440536013402,709.0,0.5147520221064449,0.6253298153034301,0.06666666666666667,0.7,0.1217391304347826,20.0,0.7172086720867208,0.7335092348284961,0.010869565217391304,0.034482758620689655,0.01652892561983471,29.0,0.454827113192375,0.8430079155672823,0.8796739849888456,0.6200527704485488,0.7167206536345923,758.0,0.5178012445881038,0.6365122075173524,0.0,212.01094913482666,0.00942540168762207,0.00942540168762207
