Rep,Kfold,Num_Vars_,Precision_background,Recall_background,F1_score_background,Num_Obs_background,AUC_background,Accuracy_background,Precision_dos,Recall_dos,F1_score_dos,Num_Obs_dos,AUC_dos,Accuracy_dos,Precision_scan,Recall_scan,F1_score_scan,Num_Obs_scan,AUC_scan,Accuracy_scan,Precision_w,Recall_w,F1_score_w,Total_Obs,AUC_w,Accuracy_w,Hyper_time,Training_time,Testing_time,Total_time
6.0,3.0,57.0,0.9541484716157205,0.6154929577464788,0.7482876712328766,710.0,0.5977464788732394,0.6131578947368421,0.0743801652892562,0.9,0.13740458015267176,20.0,0.7986486486486487,0.7026315789473684,0.11428571428571428,0.4,0.17777777777777776,30.0,0.6363013698630137,0.8539473684210527,0.8978441968177869,0.6144736842105263,0.7096916730417491,760.0,0.6045552816695571,0.6250173130193906,0.0,203.03146362304688,0.0015597343444824219,0.0015597343444824219
