Rep,Kfold,Num_Vars_,Precision_background,Recall_background,F1_score_background,Num_Obs_background,AUC_background,Accuracy_background,Precision_dos,Recall_dos,F1_score_dos,Num_Obs_dos,AUC_dos,Accuracy_dos,Precision_scan,Recall_scan,F1_score_scan,Num_Obs_scan,AUC_scan,Accuracy_scan,Precision_w,Recall_w,F1_score_w,Total_Obs,AUC_w,Accuracy_w,Hyper_time,Training_time,Testing_time,Total_time
6.0,4.0,28.0,0.0005257623554153522,1.0,0.0010509721492380452,1.0,0.5452153110047847,0.09086561453849833,0.9051490514905149,0.17413972888425444,0.2920857017927416,1918.0,0.4859137950779654,0.2257293161166906,0.09734513274336283,0.06395348837209303,0.07719298245614035,172.0,0.5054004023413358,0.8742228598756576,0.8382686606183747,0.16547106647537063,0.2742700239086962,2091.0,0.4875450710058595,0.27900814243183364,0.0,214.19494009017944,0.013364315032958984,0.013364315032958984
