Rep,Kfold,Num_Vars_,Precision_background,Recall_background,F1_score_background,Num_Obs_background,AUC_background,Accuracy_background,Precision_dos,Recall_dos,F1_score_dos,Num_Obs_dos,AUC_dos,Accuracy_dos,Precision_scan,Recall_scan,F1_score_scan,Num_Obs_scan,AUC_scan,Accuracy_scan,Precision_w,Recall_w,F1_score_w,Total_Obs,AUC_w,Accuracy_w,Hyper_time,Training_time,Testing_time,Total_time
6.0,4.0,28.0,0.9574944071588367,0.6028169014084507,0.7398444252376837,710.0,0.6075308996838172,0.6034255599472991,0.06896551724137931,0.9,0.12811387900355872,20.0,0.7855886332882273,0.6772068511198946,0.03636363636363636,0.06896551724137931,0.047619047619047616,29.0,0.4981813887576759,0.8945981554677207,0.8988865413467023,0.5902503293807642,0.6972763792882464,759.0,0.6080447585181125,0.6164949026265403,0.0,214.19494009017944,0.001623392105102539,0.001623392105102539
