Rep,Kfold,Num_Vars_,Precision_background,Recall_background,F1_score_background,Num_Obs_background,AUC_background,Accuracy_background,Precision_dos,Recall_dos,F1_score_dos,Num_Obs_dos,AUC_dos,Accuracy_dos,Precision_scan,Recall_scan,F1_score_scan,Num_Obs_scan,AUC_scan,Accuracy_scan,Precision_w,Recall_w,F1_score_w,Total_Obs,AUC_w,Accuracy_w,Hyper_time,Training_time,Testing_time,Total_time
6.0,3.0,57.0,0.0,0.0,0.0,1.0,0.19076112972714215,0.3813397129186603,0.952922077922078,0.30604796663190825,0.46329913180741916,1918.0,0.5687216577345587,0.3492822966507177,0.1414790996784566,0.2573099415204678,0.1825726141078838,171.0,0.559087487696138,0.8114832535885167,0.8860753452151012,0.30191387559808613,0.44010892431534837,2090.0,0.5677525651007896,0.3871140770586754,0.0,203.03146362304688,0.0021347999572753906,0.0021347999572753906
