Rep,Kfold,Num_Vars_,Precision_background,Recall_background,F1_score_background,Num_Obs_background,AUC_background,Accuracy_background,Precision_dos,Recall_dos,F1_score_dos,Num_Obs_dos,AUC_dos,Accuracy_dos,Precision_scan,Recall_scan,F1_score_scan,Num_Obs_scan,AUC_scan,Accuracy_scan,Precision_w,Recall_w,F1_score_w,Total_Obs,AUC_w,Accuracy_w,Hyper_time,Training_time,Testing_time,Total_time
7.0,1.0,28.0,0.9985652797704447,0.6208742194469223,0.7656765676567656,1121.0,0.8002330280908081,0.6358974358974359,0.08913649025069638,0.9696969696969697,0.163265306122449,33.0,0.8410490125529704,0.7196581196581197,0.05128205128205128,1.0,0.09756097560975609,16.0,0.8717504332755632,0.747008547008547,0.9599604236080805,0.6358974358974357,0.7395488573119924,1170.0,0.8023622639627803,0.63977938490759,0.0,207.5422821044922,0.029265642166137695,0.029265642166137695
