Rep,Kfold,Num_Vars_,Precision_background,Recall_background,F1_score_background,Num_Obs_background,AUC_background,Accuracy_background,Precision_dos,Recall_dos,F1_score_dos,Num_Obs_dos,AUC_dos,Accuracy_dos,Precision_scan,Recall_scan,F1_score_scan,Num_Obs_scan,AUC_scan,Accuracy_scan,Precision_w,Recall_w,F1_score_w,Total_Obs,AUC_w,Accuracy_w,Hyper_time,Training_time,Testing_time,Total_time
7.0,4.0,45.0,0.0,0.0,0.0,1.0,0.20512206797510768,0.41004784688995216,0.8662790697674418,0.07768508863399375,0.14258373205741626,1918.0,0.4719820792007178,0.14258373205741626,0.15841584158415842,0.1871345029239766,0.1715817694369973,171.0,0.5492733483874703,0.8521531100478469,0.8079484998683467,0.08660287081339713,0.14488807687074207,2090.0,0.4781782261001002,0.2007673816991369,0.0,210.54151439666748,0.0018639564514160156,0.0018639564514160156
