Rep,Kfold,Num_Vars_,Precision_background,Recall_background,F1_score_background,Num_Obs_background,AUC_background,Accuracy_background,Precision_dos,Recall_dos,F1_score_dos,Num_Obs_dos,AUC_dos,Accuracy_dos,Precision_scan,Recall_scan,F1_score_scan,Num_Obs_scan,AUC_scan,Accuracy_scan,Precision_w,Recall_w,F1_score_w,Total_Obs,AUC_w,Accuracy_w,Hyper_time,Training_time,Testing_time,Total_time
7.0,4.0,45.0,0.9717784877529286,0.99617903930131,0.9838274932614555,1832.0,0.9859724643237231,0.9850709131624782,0.916274694261524,0.9883307965499746,0.9509397119843787,1971.0,0.9507083670249872,0.9499875590943021,0.7333333333333333,0.05092592592592592,0.09523809523809523,216.0,0.5249370623581773,0.9479970141826325,0.9317431231532294,0.9415277432197064,0.9199416692081676,4019.0,0.9439000128182824,0.9658727909808356,0.0,210.54151439666748,0.005152225494384766,223.28961515426636
