Rep,Kfold,Num_Vars_,Precision_background,Recall_background,F1_score_background,Num_Obs_background,AUC_background,Accuracy_background,Precision_dos,Recall_dos,F1_score_dos,Num_Obs_dos,AUC_dos,Accuracy_dos,Precision_scan,Recall_scan,F1_score_scan,Num_Obs_scan,AUC_scan,Accuracy_scan,Precision_w,Recall_w,F1_score_w,Total_Obs,AUC_w,Accuracy_w,Hyper_time,Training_time,Testing_time,Total_time
7.0,1.0,28.0,0.9548532731376975,0.5957746478873239,0.7337380745880311,710.0,0.6018088925711129,0.5965834428383706,0.06349206349206349,0.7619047619047619,0.1172161172161172,21.0,0.7214929214929213,0.683311432325887,0.02702702702702703,0.03333333333333333,0.029850746268656716,30.0,0.4920428636570908,0.9145860709592641,0.8936793272955446,0.5781865965834428,0.688976470180158,761.0,0.6007844296800976,0.6115129653388498,0.0,207.5422821044922,0.0014462471008300781,0.0014462471008300781
