Rep,Kfold,Num_Vars_,Precision_background,Recall_background,F1_score_background,Num_Obs_background,AUC_background,Accuracy_background,Precision_dos,Recall_dos,F1_score_dos,Num_Obs_dos,AUC_dos,Accuracy_dos,Precision_scan,Recall_scan,F1_score_scan,Num_Obs_scan,AUC_scan,Accuracy_scan,Precision_w,Recall_w,F1_score_w,Total_Obs,AUC_w,Accuracy_w,Hyper_time,Training_time,Testing_time,Total_time
7.0,1.0,28.0,0.0007173601147776184,1.0,0.0014336917562724014,1.0,0.6665868836764002,0.3334928229665072,0.8992443324937027,0.18613138686131386,0.30842332613390927,1918.0,0.4767866236632151,0.23397129186602872,0.0,0.0,0.0,171.0,0.4958311620635748,0.9105263157894737,0.8252398789870988,0.17129186602870813,0.28304180536679147,2090.0,0.47843562669023654,0.28937341178086584,0.0,207.5422821044922,0.00255584716796875,0.00255584716796875
