Rep,Kfold,Num_Vars_,Precision_background,Recall_background,F1_score_background,Num_Obs_background,AUC_background,Accuracy_background,Precision_dos,Recall_dos,F1_score_dos,Num_Obs_dos,AUC_dos,Accuracy_dos,Precision_scan,Recall_scan,F1_score_scan,Num_Obs_scan,AUC_scan,Accuracy_scan,Precision_w,Recall_w,F1_score_w,Total_Obs,AUC_w,Accuracy_w,Hyper_time,Training_time,Testing_time,Total_time
8.0,1.0,42.0,0.9522821576763485,0.6464788732394366,0.7701342281879194,710.0,0.5885455590686979,0.6389986824769434,0.08173076923076923,0.85,0.14912280701754385,20.0,0.7957713125845737,0.7444005270092227,0.022727272727272728,0.034482758620689655,0.0273972602739726,29.0,0.4877893245158243,0.9064558629776021,0.8938261373437597,0.6284584980237155,0.7253916715437667,759.0,0.5901563420308641,0.6519951187419825,0.0,209.22571682929993,0.002608060836791992,0.002608060836791992
