Rep,Kfold,Num_Vars_,Precision_background,Recall_background,F1_score_background,Num_Obs_background,AUC_background,Accuracy_background,Precision_dos,Recall_dos,F1_score_dos,Num_Obs_dos,AUC_dos,Accuracy_dos,Precision_scan,Recall_scan,F1_score_scan,Num_Obs_scan,AUC_scan,Accuracy_scan,Precision_w,Recall_w,F1_score_w,Total_Obs,AUC_w,Accuracy_w,Hyper_time,Training_time,Testing_time,Total_time
8.0,1.0,42.0,0.9946308724832215,0.6610169491525424,0.7942122186495176,1121.0,0.7888418079096046,0.6715141146278871,0.07969151670951156,0.9393939393939394,0.14691943127962084,33.0,0.8121265471617585,0.6920444824636441,0.03007518796992481,0.8,0.057971014492753624,15.0,0.732322357019064,0.6663815226689478,0.9564261385155295,0.6706586826347305,0.7664925607833432,1169.0,0.7887738905716773,0.6720278128821179,0.0,209.22571682929993,0.0014150142669677734,0.0014150142669677734
