Rep,Kfold,Num_Vars_,Precision_background,Recall_background,F1_score_background,Num_Obs_background,AUC_background,Accuracy_background,Precision_dos,Recall_dos,F1_score_dos,Num_Obs_dos,AUC_dos,Accuracy_dos,Precision_scan,Recall_scan,F1_score_scan,Num_Obs_scan,AUC_scan,Accuracy_scan,Precision_w,Recall_w,F1_score_w,Total_Obs,AUC_w,Accuracy_w,Hyper_time,Training_time,Testing_time,Total_time
8.0,3.0,41.0,0.9986130374479889,0.6422836752899197,0.7817589576547231,1121.0,0.8109377560123068,0.6564102564102564,0.08439897698209718,1.0,0.15566037735849056,33.0,0.8425681618293756,0.694017094017094,0.017094017094017096,0.375,0.03269754768392371,16.0,0.5380199306759099,0.6965811965811965,0.9594050303359906,0.6487179487179487,0.7538561920912116,1170.0,0.8080976860863076,0.6580203082767186,0.0,207.80223178863525,0.03092813491821289,0.03092813491821289
