Rep,Kfold,Num_Vars_,Precision_background,Recall_background,F1_score_background,Num_Obs_background,AUC_background,Accuracy_background,Precision_dos,Recall_dos,F1_score_dos,Num_Obs_dos,AUC_dos,Accuracy_dos,Precision_scan,Recall_scan,F1_score_scan,Num_Obs_scan,AUC_scan,Accuracy_scan,Precision_w,Recall_w,F1_score_w,Total_Obs,AUC_w,Accuracy_w,Hyper_time,Training_time,Testing_time,Total_time
8.0,4.0,24.0,0.9527027027027027,0.5957746478873239,0.733102253032929,710.0,0.5836016096579476,0.5942028985507246,0.055944055944055944,0.8,0.1045751633986928,20.0,0.7173207036535859,0.6389986824769434,0.045454545454545456,0.034482758620689655,0.0392156862745098,29.0,0.5028578176665092,0.9354413702239789,0.8944084082424004,0.5797101449275363,0.6900281394246564,759.0,0.5840400970257487,0.6084213851871525,0.0,209.05635714530945,0.0012614727020263672,0.0012614727020263672
