Rep,Kfold,Num_Vars_,Precision_background,Recall_background,F1_score_background,Num_Obs_background,AUC_background,Accuracy_background,Precision_dos,Recall_dos,F1_score_dos,Num_Obs_dos,AUC_dos,Accuracy_dos,Precision_scan,Recall_scan,F1_score_scan,Num_Obs_scan,AUC_scan,Accuracy_scan,Precision_w,Recall_w,F1_score_w,Total_Obs,AUC_w,Accuracy_w,Hyper_time,Training_time,Testing_time,Total_time
8.0,3.0,41.0,0.9764705882352941,0.9972692517749864,0.9867603350445824,1831.0,0.9885797812805461,0.9878079124160238,0.9155722326454033,0.9903602232369355,0.9514989032415305,1971.0,0.9512347991184678,0.9504851953222194,0.9285714285714286,0.059907834101382486,0.11255411255411256,217.0,0.5298224073189711,0.9489922866384672,0.9440185413294137,0.9432694700174172,0.9222659253993355,4019.0,0.9454951059903948,0.9674082940568254,0.0,207.80223178863525,0.0075225830078125,217.82689356803894
