Rep,Kfold,Num_Vars_,Precision_background,Recall_background,F1_score_background,Num_Obs_background,AUC_background,Accuracy_background,Precision_dos,Recall_dos,F1_score_dos,Num_Obs_dos,AUC_dos,Accuracy_dos,Precision_scan,Recall_scan,F1_score_scan,Num_Obs_scan,AUC_scan,Accuracy_scan,Precision_w,Recall_w,F1_score_w,Total_Obs,AUC_w,Accuracy_w,Hyper_time,Training_time,Testing_time,Total_time
9.0,4.0,80.0,0.9429735234215886,0.652112676056338,0.7710241465445462,710.0,0.5403420523138833,0.6376811594202898,0.07407407407407407,0.9,0.13688212927756654,20.0,0.7977672530446549,0.7009222661396575,0.03553299492385787,0.2413793103448276,0.06194690265486726,29.0,0.490552668871044,0.7206851119894598,0.885405981506721,0.6429512516469038,0.7272216690502903,759.0,0.5452229639011996,0.6425190207627052,0.0,197.06804943084717,0.013510942459106445,0.013510942459106445
