Rep,Kfold,Num_Vars_,Precision_background,Recall_background,F1_score_background,Num_Obs_background,AUC_background,Accuracy_background,Precision_dos,Recall_dos,F1_score_dos,Num_Obs_dos,AUC_dos,Accuracy_dos,Precision_scan,Recall_scan,F1_score_scan,Num_Obs_scan,AUC_scan,Accuracy_scan,Precision_w,Recall_w,F1_score_w,Total_Obs,AUC_w,Accuracy_w,Hyper_time,Training_time,Testing_time,Total_time
9.0,1.0,35.0,0.9970501474926253,0.6030330062444246,0.7515286270150082,1121.0,0.781108339856906,0.617948717948718,0.08533333333333333,0.9696969696969697,0.15686274509803924,33.0,0.8340129527464621,0.705982905982906,0.055970149253731345,0.9375,0.10563380281690142,16.0,0.8591312824956672,0.7829059829059829,0.9584655878011047,0.617948717948718,0.7259232498437007,1170.0,0.7836675016582526,0.6226875593542259,0.0,197.9463083744049,0.0067272186279296875,0.0067272186279296875
