Rep,Kfold,Num_Vars_,Precision_background,Recall_background,F1_score_background,Num_Obs_background,AUC_background,Accuracy_background,Precision_dos,Recall_dos,F1_score_dos,Num_Obs_dos,AUC_dos,Accuracy_dos,Precision_scan,Recall_scan,F1_score_scan,Num_Obs_scan,AUC_scan,Accuracy_scan,Precision_w,Recall_w,F1_score_w,Total_Obs,AUC_w,Accuracy_w,Hyper_time,Training_time,Testing_time,Total_time
9.0,5.0,50.0,0.9452332657200812,0.6563380281690141,0.774729842061513,710.0,0.5634631317315658,0.6438896189224704,0.06666666666666667,0.7142857142857143,0.12195121951219512,21.0,0.7152509652509653,0.7161629434954008,0.14035087719298245,0.26666666666666666,0.1839080459770115,30.0,0.5998176014591883,0.9067017082785808,0.889259060416619,0.6425755584756899,0.7334249735252834,761.0,0.5690849170084856,0.6562445499299802,0.0,2.0453062057495117,0.001251220703125,0.001251220703125
