Rep,Kfold,Num_Vars_,Precision_background,Recall_background,F1_score_background,Num_Obs_background,AUC_background,Accuracy_background,Precision_dos,Recall_dos,F1_score_dos,Num_Obs_dos,AUC_dos,Accuracy_dos,Precision_scan,Recall_scan,F1_score_scan,Num_Obs_scan,AUC_scan,Accuracy_scan,Precision_w,Recall_w,F1_score_w,Total_Obs,AUC_w,Accuracy_w,Hyper_time,Training_time,Testing_time,Total_time
9.0,3.0,32.0,0.998546511627907,0.6128456735057984,0.7595356550580432,1121.0,0.7960061700862324,0.6278870829769033,0.07971014492753623,1.0,0.1476510067114094,33.0,0.832306338028169,0.6740804106073567,0.033942558746736295,0.8666666666666667,0.06532663316582915,15.0,0.7730213749277874,0.6817792985457656,0.9602311485874196,0.6270316509837468,0.7333548777066128,1169.0,0.7967359678746903,0.6298826031183387,0.0,195.26080679893494,0.0014081001281738281,0.0014081001281738281
