Rep,Kfold,Num_Vars_,Precision_background,Recall_background,F1_score_background,Num_Obs_background,AUC_background,Accuracy_background,Precision_dos,Recall_dos,F1_score_dos,Num_Obs_dos,AUC_dos,Accuracy_dos,Precision_scan,Recall_scan,F1_score_scan,Num_Obs_scan,AUC_scan,Accuracy_scan,Precision_w,Recall_w,F1_score_w,Total_Obs,AUC_w,Accuracy_w,Hyper_time,Training_time,Testing_time,Total_time
9.0,2.0,62.0,0.9544554455445544,0.6798307475317349,0.7940691927512356,709.0,0.6099153737658675,0.6706192358366272,0.08520179372197309,0.95,0.15637860082304525,20.0,0.8369756427604871,0.7299077733860343,0.11224489795918367,0.36666666666666664,0.171875,30.0,0.6236625514403292,0.8603425559947299,0.8982612565274098,0.6745718050065876,0.7526730957537378,759.0,0.616441883265375,0.679680461601754,0.0,199.01914238929749,0.0027811527252197266,0.0027811527252197266
