{"C": 0.10001518993995526, "gamma": 0.0024885367418765346}