{"C": 0.1008129614232419, "gamma": 0.0021499114319609917}