{"C": 0.15927089786379212, "gamma": 0.3989438051091775}