{"C": 0.10049585688000826, "gamma": 1.8192830285951307}