{"C": 0.11402638959744833, "gamma": 0.011476164384572234}