{"C": 0.10042729338059435, "gamma": 1.907012497881516}