{"C": 0.10069210867326803, "gamma": 1.9585108027062015}