{"C": 0.10199944057944514, "gamma": 0.0020021799298559186}