{"C": 0.10001572039811447, "gamma": 0.0020061186098446655}