{"C": 0.10129836352311158, "gamma": 1.7949877503998504}