{"C": 0.10007979419096123, "gamma": 1.3697015222860074}