{"C": 0.16299970155308416, "gamma": 0.6514887091734562}