{"C": 0.10875896130003479, "gamma": 0.327316309286279}