{"C": 0.1185097594268309, "gamma": 0.02601371066586286}