{"C": 0.1002315030724165, "gamma": 0.0032421638016867354}