{"C": 0.1003246658175325, "gamma": 1.740476947242433}