{"C": 0.10001362138294591, "gamma": 0.00227178171139385}