{"C": 0.10082968079741493, "gamma": 1.6231199087341845}