{"C": 0.10183902125344062, "gamma": 0.002835695467142885}