{"C": 0.10154094216529626, "gamma": 1.7586700207023178}