{"C": 0.10062497620908877, "gamma": 1.871065580433221}