{"C": 0.11313280351198393, "gamma": 1.9706563225978375}