{"C": 0.10020578945727984, "gamma": 1.6427951294239629}