{"C": 0.10138640712159722, "gamma": 0.00205913816746885}