{"C": 0.13856777300387488, "gamma": 0.07547515739989089}