{"C": 0.10034248915882328, "gamma": 0.002064542478967832}