{"C": 0.10145509305062461, "gamma": 1.878029519791657}