{"C": 0.12334093936513459, "gamma": 1.7503588875046685}