{"C": 0.10091944436853775, "gamma": 0.0022840328362865804}