{"C": 0.10065764758774245, "gamma": 1.7481702211969685}