{"C": 0.13181229449714696, "gamma": 0.00943296458620085}