{"C": 0.10036783270192977, "gamma": 0.0028995312163410426}