{"C": 0.19533552704966864, "gamma": 1.0336435965248607}