{"C": 0.10163923211341168, "gamma": 0.002009971204528021}