{"C": 0.10226781613716442, "gamma": 1.7903179208938973}