{"C": 0.19613957927228007, "gamma": 0.6562182244986144}