{"C": 0.10010510871204553, "gamma": 0.003258032465155795}