{"C": 0.10006414538679904, "gamma": 1.7022752972784472}