Rep.,Kfold,Num. Vars.,Precision-Background,Recall-Background,F1_score_Background,Num. Obs. Background,AUC_Background,Precision-DoS,Recall-DoS,F1_score_DoS,Num. Obs. Dos,AUC_DoS,Precision-Botnet,Recall-Botnet,F1_score_Botnet,Num. Obs. Botnet,AUC_Botnet,Precision-Scan,Recall-Scan,F1_score_Scan,Num. Obs. Scan,AUC_Scan,Precision-SSHscan,Recall-SSHscan,F1_score_SSHscan,Num. Obs. SSHscan,AUC_SSHscan,Precision-UDPscan,Recall-UDPscan,F1_score_UDPscan,Num. Obs. UDPscan,AUC_UDPscan,Precision-Spam,Recall-Spam,F1_score_Spam,Num. Obs. Spam,AUC_Spam,Precision-w,Recall-w,F1_score_w,Total Obs.,AUC_w,Time
19,1,94,0.801779935275081,0.8840321141837645,0.8408994484514214,1121,0.8034413964583981,0.9354838709677419,0.8787878787878788,0.90625,33,0.9388868400024587,0.9032258064516129,0.9655172413793104,0.9333333333333333,29,0.9819995113779143,0.8571428571428571,0.75,0.7999999999999999,16,0.8744972347913524,0.0,0.0,0.0,5,0.5,1.0,0.5,0.6666666666666666,2,0.75,0.8347953216374269,0.7146433041301627,0.7700606877950101,799,0.8104725641712174,0.8172446739526124,0.8139650872817955,0.8124852973876592,2005,0.8108122650919547,38608.187678575516
