Rep.,Kfold,Num. Vars.,Precision-Background,Recall-Background,F1_score_Background,Num. Obs. Background,AUC_Background,Precision-DoS,Recall-DoS,F1_score_DoS,Num. Obs. Dos,AUC_DoS,Precision-Botnet,Recall-Botnet,F1_score_Botnet,Num. Obs. Botnet,AUC_Botnet,Precision-Scan,Recall-Scan,F1_score_Scan,Num. Obs. Scan,AUC_Scan,Precision-SSHscan,Recall-SSHscan,F1_score_SSHscan,Num. Obs. SSHscan,AUC_SSHscan,Precision-UDPscan,Recall-UDPscan,F1_score_UDPscan,Num. Obs. UDPscan,AUC_UDPscan,Precision-Spam,Recall-Spam,F1_score_Spam,Num. Obs. Spam,AUC_Spam,Precision-w,Recall-w,F1_score_w,Total Obs.,AUC_w,Time
18,1,75,0.8148148148148148,0.9027653880463872,0.8565382987727465,1121,0.8207008758413753,0.9117647058823529,0.9393939393939394,0.9253731343283583,33,0.9689347745750185,0.9310344827586207,0.9642857142857143,0.9473684210526316,28,0.9816360147708348,1.0,0.8666666666666667,0.9285714285714286,15,0.9333333333333333,0.0,0.0,0.0,5,0.5,0.5,1.0,0.6666666666666666,1,0.99975,0.8462686567164179,0.7105263157894737,0.7724795640326976,798,0.8124535153344709,0.8297786088348166,0.8250874562718641,0.8237266328535178,2001,0.8222408760767859,35923.80942988396
