Rep.,Kfold,Num. Vars.,Precision-Background,Recall-Background,F1_score_Background,Num. Obs. Background,AUC_Background,Precision-DoS,Recall-DoS,F1_score_DoS,Num. Obs. Dos,AUC_DoS,Precision-Botnet,Recall-Botnet,F1_score_Botnet,Num. Obs. Botnet,AUC_Botnet,Precision-Scan,Recall-Scan,F1_score_Scan,Num. Obs. Scan,AUC_Scan,Precision-SSHscan,Recall-SSHscan,F1_score_SSHscan,Num. Obs. SSHscan,AUC_SSHscan,Precision-UDPscan,Recall-UDPscan,F1_score_UDPscan,Num. Obs. UDPscan,AUC_UDPscan,Precision-Spam,Recall-Spam,F1_score_Spam,Num. Obs. Spam,AUC_Spam,Precision-w,Recall-w,F1_score_w,Total Obs.,AUC_w,Time
11,5,87,0.8102434928631402,0.8608385370205174,0.8347750865051904,1121,0.8023013546780592,0.9333333333333333,0.8484848484848485,0.888888888888889,33,0.9237348100292263,0.9629629629629629,0.9285714285714286,0.9454545454545454,28,0.9640325497287524,1.0,0.75,0.8571428571428571,16,0.875,0.0,0.0,0.0,4,0.5,1.0,0.5,0.6666666666666666,2,0.75,0.8064516129032258,0.7196495619524406,0.7605820105820106,799,0.8025158108765524,0.8129809072252723,0.8022965551672492,0.8059618462711057,2003,0.8065731960099046,30764.206389427185
