Rep.,Kfold,Num. Vars.,Precision-Background,Recall-Background,F1_score_Background,Num. Obs. Background,AUC_Background,Precision-DoS,Recall-DoS,F1_score_DoS,Num. Obs. Dos,AUC_DoS,Precision-Botnet,Recall-Botnet,F1_score_Botnet,Num. Obs. Botnet,AUC_Botnet,Precision-Scan,Recall-Scan,F1_score_Scan,Num. Obs. Scan,AUC_Scan,Precision-SSHscan,Recall-SSHscan,F1_score_SSHscan,Num. Obs. SSHscan,AUC_SSHscan,Precision-UDPscan,Recall-UDPscan,F1_score_UDPscan,Num. Obs. UDPscan,AUC_UDPscan,Precision-Spam,Recall-Spam,F1_score_Spam,Num. Obs. Spam,AUC_Spam,Precision-w,Recall-w,F1_score_w,Total Obs.,AUC_w,Time
5,3,89,0.8163558106169297,0.8882694023193577,0.8507956851436507,4484,0.8170785468772057,0.9663865546218487,0.8646616541353384,0.9126984126984127,133,0.9320769232971982,0.9811320754716981,0.9285714285714286,0.9541284403669724,112,0.9641590999529718,0.9836065573770492,0.9523809523809523,0.9677419354838709,63,0.9761275593665175,0.0,0.0,0.0,19,0.5,1.0,0.5,0.6666666666666666,6,0.75,0.839408155900397,0.7284685248982149,0.7800134138162309,3193,0.8180436874023979,0.8298568182182985,0.8228464419475655,0.8238164417783805,8010,0.8218778756937076,33983.94975876808
