Rep.,Kfold,Num. Vars.,Precision-Background,Recall-Background,F1_score_Background,Num. Obs. Background,AUC_Background,Precision-DoS,Recall-DoS,F1_score_DoS,Num. Obs. Dos,AUC_DoS,Precision-Botnet,Recall-Botnet,F1_score_Botnet,Num. Obs. Botnet,AUC_Botnet,Precision-Scan,Recall-Scan,F1_score_Scan,Num. Obs. Scan,AUC_Scan,Precision-SSHscan,Recall-SSHscan,F1_score_SSHscan,Num. Obs. SSHscan,AUC_SSHscan,Precision-UDPscan,Recall-UDPscan,F1_score_UDPscan,Num. Obs. UDPscan,AUC_UDPscan,Precision-Spam,Recall-Spam,F1_score_Spam,Num. Obs. Spam,AUC_Spam,Precision-w,Recall-w,F1_score_w,Total Obs.,AUC_w,Time
5,1,88,0.814919927022096,0.8965209634255129,0.8537750876075182,4484,0.8189037234242894,0.990909090909091,0.8195488721804511,0.897119341563786,133,0.9097109843135759,0.9813084112149533,0.9292035398230089,0.9545454545454545,113,0.9644751876330234,0.9833333333333333,0.921875,0.9516129032258064,64,0.9608745990061642,0.0,0.0,0.0,19,0.5,1.0,0.7142857142857143,0.8333333333333333,7,0.8571428571428572,0.8501126972201353,0.7087378640776699,0.7730145175064048,3193,0.812978890545059,0.833785459613441,0.8187944590041183,0.8224734700064229,8013,0.8205140552598926,28748.889437675476
