Rep.,Kfold,Num. Vars.,Precision-Background,Recall-Background,F1_score_Background,Num. Obs. Background,AUC_Background,Precision-DoS,Recall-DoS,F1_score_DoS,Num. Obs. Dos,AUC_DoS,Precision-Botnet,Recall-Botnet,F1_score_Botnet,Num. Obs. Botnet,AUC_Botnet,Precision-Scan,Recall-Scan,F1_score_Scan,Num. Obs. Scan,AUC_Scan,Precision-SSHscan,Recall-SSHscan,F1_score_SSHscan,Num. Obs. SSHscan,AUC_SSHscan,Precision-UDPscan,Recall-UDPscan,F1_score_UDPscan,Num. Obs. UDPscan,AUC_UDPscan,Precision-Spam,Recall-Spam,F1_score_Spam,Num. Obs. Spam,AUC_Spam,Precision-w,Recall-w,F1_score_w,Total Obs.,AUC_w,Time
2,2,89,0.8164595640660012,0.8938447814451382,0.8534014691791759,4484,0.8191572177220019,0.9655172413793104,0.8421052631578947,0.8995983935742972,133,0.9207987278084764,0.9805825242718447,0.9017857142857143,0.9395348837209301,112,0.9507662428101148,0.9818181818181818,0.8571428571428571,0.9152542372881356,63,0.9285085117474698,0.0,0.0,0.0,19,0.5,1.0,0.6666666666666666,0.8,6,0.8333333333333333,0.8506422018348624,0.7259630441590981,0.7833727610679283,3193,0.8207353107446933,0.8343569059933964,0.8235955056179776,0.8258797658128089,8010,0.8234278274290403,36892.92020750046
