Rep.,Kfold,Num. Vars.,Precision-Background,Recall-Background,F1_score_Background,Num. Obs. Background,AUC_Background,Precision-DoS,Recall-DoS,F1_score_DoS,Num. Obs. Dos,AUC_DoS,Precision-Botnet,Recall-Botnet,F1_score_Botnet,Num. Obs. Botnet,AUC_Botnet,Precision-Scan,Recall-Scan,F1_score_Scan,Num. Obs. Scan,AUC_Scan,Precision-SSHscan,Recall-SSHscan,F1_score_SSHscan,Num. Obs. SSHscan,AUC_SSHscan,Precision-UDPscan,Recall-UDPscan,F1_score_UDPscan,Num. Obs. UDPscan,AUC_UDPscan,Precision-Spam,Recall-Spam,F1_score_Spam,Num. Obs. Spam,AUC_Spam,Precision-w,Recall-w,F1_score_w,Total Obs.,AUC_w,Time
16,2,94,0.8190398030365204,0.8902765388046388,0.8531737550758709,4484,0.8201382694023194,0.9734513274336283,0.8270676691729323,0.8943089430894309,133,0.9133434550966831,0.9719626168224299,0.9203539823008849,0.9454545454545454,113,0.9599870936950684,1.0,0.9047619047619048,0.9500000000000001,63,0.9523809523809523,0.0,0.0,0.0,19,0.5,1.0,0.6666666666666666,0.8,6,0.8333333333333333,0.841304347826087,0.7269881026925485,0.7799798454820289,3194,0.8180395058917288,0.8322517930631411,0.822391412880679,0.8246775083995337,8012,0.8231117577301028,38314.03651404381
