Rep.,Kfold,Num. Vars.,Precision-Background,Recall-Background,F1_score_Background,Num. Obs. Background,AUC_Background,Precision-DoS,Recall-DoS,F1_score_DoS,Num. Obs. Dos,AUC_DoS,Precision-Botnet,Recall-Botnet,F1_score_Botnet,Num. Obs. Botnet,AUC_Botnet,Precision-Scan,Recall-Scan,F1_score_Scan,Num. Obs. Scan,AUC_Scan,Precision-SSHscan,Recall-SSHscan,F1_score_SSHscan,Num. Obs. SSHscan,AUC_SSHscan,Precision-UDPscan,Recall-UDPscan,F1_score_UDPscan,Num. Obs. UDPscan,AUC_UDPscan,Precision-Spam,Recall-Spam,F1_score_Spam,Num. Obs. Spam,AUC_Spam,Precision-w,Recall-w,F1_score_w,Total Obs.,AUC_w,Time
15,3,89,0.8147544324434481,0.8916146297948261,0.8514535193270153,4484,0.8170537738209258,0.9827586206896551,0.8571428571428571,0.9156626506024097,133,0.9284445411205975,0.981651376146789,0.9469026548672567,0.963963963963964,113,0.9733247611761925,1.0,0.890625,0.9421487603305785,64,0.9453125,0.0,0.0,0.0,20,0.5,1.0,0.42857142857142855,0.6,7,0.7142857142857143,0.8384057971014492,0.7247103037895396,0.7774231479926088,3193,0.8160991884017186,0.828927138417477,0.8226853007237335,0.822989552448458,8014,0.8208688111257384,37766.83446455002
