Rep.,Kfold,Num. Vars.,Precision-Background,Recall-Background,F1_score_Background,Num. Obs. Background,AUC_Background,Precision-DoS,Recall-DoS,F1_score_DoS,Num. Obs. Dos,AUC_DoS,Precision-Botnet,Recall-Botnet,F1_score_Botnet,Num. Obs. Botnet,AUC_Botnet,Precision-Scan,Recall-Scan,F1_score_Scan,Num. Obs. Scan,AUC_Scan,Precision-SSHscan,Recall-SSHscan,F1_score_SSHscan,Num. Obs. SSHscan,AUC_SSHscan,Precision-UDPscan,Recall-UDPscan,F1_score_UDPscan,Num. Obs. UDPscan,AUC_UDPscan,Precision-Spam,Recall-Spam,F1_score_Spam,Num. Obs. Spam,AUC_Spam,Precision-w,Recall-w,F1_score_w,Total Obs.,AUC_w,Time
10,3,87,0.8177199756147124,0.8974130240856378,0.8557150451887294,4484,0.8215806617026828,0.9819819819819819,0.8195488721804511,0.8934426229508197,133,0.9096475164303702,0.9811320754716981,0.9203539823008849,0.949771689497717,113,0.9600503928468598,0.9814814814814815,0.8412698412698413,0.905982905982906,63,0.920572019641085,0.0,0.0,0.0,19,0.5,1.0,0.6666666666666666,0.8,6,0.8333333333333333,0.8500733137829912,0.7260488415779587,0.7831813576494427,3194,0.8205794228645293,0.835134223208248,0.8253869196205691,0.8270764493011992,8012,0.8246209704216749,35983.86731052399
