Rep.,Kfold,Num. Vars.,Precision-Background,Recall-Background,F1_score_Background,Num. Obs. Background,AUC_Background,Precision-DoS,Recall-DoS,F1_score_DoS,Num. Obs. Dos,AUC_DoS,Precision-Botnet,Recall-Botnet,F1_score_Botnet,Num. Obs. Botnet,AUC_Botnet,Precision-Scan,Recall-Scan,F1_score_Scan,Num. Obs. Scan,AUC_Scan,Precision-SSHscan,Recall-SSHscan,F1_score_SSHscan,Num. Obs. SSHscan,AUC_SSHscan,Precision-UDPscan,Recall-UDPscan,F1_score_UDPscan,Num. Obs. UDPscan,AUC_UDPscan,Precision-Spam,Recall-Spam,F1_score_Spam,Num. Obs. Spam,AUC_Spam,Precision-w,Recall-w,F1_score_w,Total Obs.,AUC_w,Time
14,2,98,0.820806881015769,0.8938447814451382,0.8557702572862175,4484,0.82287929460689,0.9829059829059829,0.8712121212121212,0.9236947791164658,132,0.9354791409462053,0.9811320754716981,0.9203539823008849,0.949771689497717,113,0.9600503768177001,0.9827586206896551,0.9047619047619048,0.9421487603305785,63,0.952318043473051,0.0,0.0,0.0,19,0.5,0.8,0.5714285714285714,0.6666666666666666,7,0.7856518169486685,0.8484301696138579,0.7362981522079549,0.7883970489604292,3193,0.824562525668112,0.8360580318845457,0.8287354887030334,0.8298464063570289,8011,0.8275600349667106,39579.03500008583
