Rep.,Kfold,Num. Vars.,Precision-Background,Recall-Background,F1_score_Background,Num. Obs. Background,AUC_Background,Precision-DoS,Recall-DoS,F1_score_DoS,Num. Obs. Dos,AUC_DoS,Precision-Botnet,Recall-Botnet,F1_score_Botnet,Num. Obs. Botnet,AUC_Botnet,Precision-Scan,Recall-Scan,F1_score_Scan,Num. Obs. Scan,AUC_Scan,Precision-SSHscan,Recall-SSHscan,F1_score_SSHscan,Num. Obs. SSHscan,AUC_SSHscan,Precision-UDPscan,Recall-UDPscan,F1_score_UDPscan,Num. Obs. UDPscan,AUC_UDPscan,Precision-Spam,Recall-Spam,F1_score_Spam,Num. Obs. Spam,AUC_Spam,Precision-w,Recall-w,F1_score_w,Total Obs.,AUC_w,Time
8,5,85,0.8156345177664974,0.8958519179304193,0.8538633223509406,4484,0.8192046660817394,0.9745762711864406,0.8712121212121212,0.92,132,0.9354156811162776,0.9814814814814815,0.9380530973451328,0.9592760180995475,113,0.9688999343398239,0.9830508474576272,0.9206349206349206,0.9508196721311476,63,0.960254551409559,0.0,0.0,0.0,19,0.5,1.0,0.6666666666666666,0.8,6,0.8333333333333333,0.8508449669360764,0.7251095804633688,0.7829614604462475,3194,0.8204123779418775,0.8341515017666522,0.8258644363999501,0.8268682900357563,8011,0.8240753285586602,37696.72743034363
