Rep.,Kfold,Num. Vars.,Precision-Background,Recall-Background,F1_score_Background,Num. Obs. Background,AUC_Background,Precision-DoS,Recall-DoS,F1_score_DoS,Num. Obs. Dos,AUC_DoS,Precision-Botnet,Recall-Botnet,F1_score_Botnet,Num. Obs. Botnet,AUC_Botnet,Precision-Scan,Recall-Scan,F1_score_Scan,Num. Obs. Scan,AUC_Scan,Precision-SSHscan,Recall-SSHscan,F1_score_SSHscan,Num. Obs. SSHscan,AUC_SSHscan,Precision-UDPscan,Recall-UDPscan,F1_score_UDPscan,Num. Obs. UDPscan,AUC_UDPscan,Precision-Spam,Recall-Spam,F1_score_Spam,Num. Obs. Spam,AUC_Spam,Precision-w,Recall-w,F1_score_w,Total Obs.,AUC_w,Time
13,3,89,0.8048172757475083,0.864406779661017,0.8335483870967743,1121,0.7989834351819823,0.84375,0.8181818181818182,0.8307692307692308,33,0.9078218735579142,0.9259259259259259,0.8928571428571429,0.9090909090909091,28,0.9459222423146473,0.8333333333333334,0.625,0.7142857142857143,16,0.8119967287367891,0.0,0.0,0.0,5,0.5,0.0,0.0,0.0,2,0.5,0.8042553191489362,0.7105263157894737,0.7544910179640718,798,0.7980017471063551,0.8043429456081215,0.7978032950574139,0.7991962435193782,2003,0.8014986107348394,33208.65265107155
