Rep.,Kfold,Num. Vars.,Precision-Background,Recall-Background,F1_score_Background,Num. Obs. Background,AUC_Background,Precision-DoS,Recall-DoS,F1_score_DoS,Num. Obs. Dos,AUC_DoS,Precision-Botnet,Recall-Botnet,F1_score_Botnet,Num. Obs. Botnet,AUC_Botnet,Precision-Scan,Recall-Scan,F1_score_Scan,Num. Obs. Scan,AUC_Scan,Precision-SSHscan,Recall-SSHscan,F1_score_SSHscan,Num. Obs. SSHscan,AUC_SSHscan,Precision-UDPscan,Recall-UDPscan,F1_score_UDPscan,Num. Obs. UDPscan,AUC_UDPscan,Precision-Spam,Recall-Spam,F1_score_Spam,Num. Obs. Spam,AUC_Spam,Precision-w,Recall-w,F1_score_w,Total Obs.,AUC_w,Time
15,2,89,0.8195302843016069,0.8871543264942016,0.8520025701434996,4484,0.8193570838370043,0.9658119658119658,0.849624060150376,0.9040000000000001,133,0.924558126304717,0.9809523809523809,0.9196428571428571,0.9493087557603686,112,0.9596948142386861,0.9821428571428571,0.873015873015873,0.9243697478991596,63,0.9364450196839778,0.0,0.0,0.0,19,0.5,1.0,0.8333333333333334,0.9090909090909091,6,0.9166666666666667,0.8417030567685589,0.7243971186971501,0.7786567917858945,3193,0.8170459747523533,0.8325251327328429,0.8198501872659176,0.8235799102263629,8010,0.8223811544997182,38975.48657083511
