Rep.,Kfold,Num. Vars.,Precision-Background,Recall-Background,F1_score_Background,Num. Obs. Background,AUC_Background,Precision-DoS,Recall-DoS,F1_score_DoS,Num. Obs. Dos,AUC_DoS,Precision-Botnet,Recall-Botnet,F1_score_Botnet,Num. Obs. Botnet,AUC_Botnet,Precision-Scan,Recall-Scan,F1_score_Scan,Num. Obs. Scan,AUC_Scan,Precision-SSHscan,Recall-SSHscan,F1_score_SSHscan,Num. Obs. SSHscan,AUC_SSHscan,Precision-UDPscan,Recall-UDPscan,F1_score_UDPscan,Num. Obs. UDPscan,AUC_UDPscan,Precision-Spam,Recall-Spam,F1_score_Spam,Num. Obs. Spam,AUC_Spam,Precision-w,Recall-w,F1_score_w,Total Obs.,AUC_w,Time
12,4,88,0.8203125,0.8898305084745762,0.853658536585366,4484,0.821013921660027,0.9739130434782609,0.8421052631578947,0.9032258064516128,133,0.9208622279231972,0.9903846153846154,0.9196428571428571,0.9537037037037036,112,0.9597581294196372,1.0,0.8571428571428571,0.923076923076923,63,0.9285714285714286,0.0,0.0,0.0,19,0.5,1.0,0.5714285714285714,0.7272727272727273,7,0.7857142857142857,0.846800731261426,0.7253366739743188,0.7813765182186235,3193,0.8191855640523317,0.8354224811663237,0.8212457870428161,0.8254810514340881,8011,0.8239362773126251,38208.0239405632
