Rep.,Kfold,Num. Vars.,Precision-Background,Recall-Background,F1_score_Background,Num. Obs. Background,AUC_Background,Precision-DoS,Recall-DoS,F1_score_DoS,Num. Obs. Dos,AUC_DoS,Precision-Botnet,Recall-Botnet,F1_score_Botnet,Num. Obs. Botnet,AUC_Botnet,Precision-Scan,Recall-Scan,F1_score_Scan,Num. Obs. Scan,AUC_Scan,Precision-SSHscan,Recall-SSHscan,F1_score_SSHscan,Num. Obs. SSHscan,AUC_SSHscan,Precision-UDPscan,Recall-UDPscan,F1_score_UDPscan,Num. Obs. UDPscan,AUC_UDPscan,Precision-Spam,Recall-Spam,F1_score_Spam,Num. Obs. Spam,AUC_Spam,Precision-w,Recall-w,F1_score_w,Total Obs.,AUC_w,Time
16,1,91,0.8142259414225942,0.8679750223015165,0.8402417962003454,1121,0.8081371710147038,0.9629629629629629,0.7878787878787878,0.8666666666666665,33,0.893685586832795,0.9230769230769231,0.8571428571428571,0.888888888888889,28,0.9280650994575046,0.75,0.9375,0.8333333333333334,16,0.9674918218419728,0.0,0.0,0.0,4,0.5,1.0,0.5,0.6666666666666666,2,0.75,0.8196948682385575,0.7396745932415519,0.7776315789473685,799,0.8158505856573207,0.8184260667405229,0.8137793310034948,0.8144754072267051,2003,0.8148995022203925,41313.52640962601
