Rep.,Kfold,Num. Vars.,Precision-Background,Recall-Background,F1_score_Background,Num. Obs. Background,AUC_Background,Precision-DoS,Recall-DoS,F1_score_DoS,Num. Obs. Dos,AUC_DoS,Precision-Botnet,Recall-Botnet,F1_score_Botnet,Num. Obs. Botnet,AUC_Botnet,Precision-Scan,Recall-Scan,F1_score_Scan,Num. Obs. Scan,AUC_Scan,Precision-SSHscan,Recall-SSHscan,F1_score_SSHscan,Num. Obs. SSHscan,AUC_SSHscan,Precision-UDPscan,Recall-UDPscan,F1_score_UDPscan,Num. Obs. UDPscan,AUC_UDPscan,Precision-Spam,Recall-Spam,F1_score_Spam,Num. Obs. Spam,AUC_Spam,Precision-w,Recall-w,F1_score_w,Total Obs.,AUC_w,Time
19,5,101,0.8080321285140563,0.8974130240856378,0.8503803888419273,1121,0.8129110574973644,0.9310344827586207,0.8181818181818182,0.8709677419354839,33,0.9085827790096084,0.8846153846153846,0.8214285714285714,0.8518518518518519,28,0.9099540221562523,0.9375,1.0,0.967741935483871,15,0.9997482376636455,0.0,0.0,0.0,4,0.5,1.0,1.0,1.0,1,1.0,0.8528528528528528,0.7108886107634543,0.7754266211604095,799,0.8146789143667521,0.8284804168885316,0.8195902048975512,0.8200660682493496,2001,0.8174212473394438,44126.04995679855
