Rep.,Kfold,Num. Vars.,Precision-Background,Recall-Background,F1_score_Background,Num. Obs. Background,AUC_Background,Precision-DoS,Recall-DoS,F1_score_DoS,Num. Obs. Dos,AUC_DoS,Precision-Botnet,Recall-Botnet,F1_score_Botnet,Num. Obs. Botnet,AUC_Botnet,Precision-Scan,Recall-Scan,F1_score_Scan,Num. Obs. Scan,AUC_Scan,Precision-SSHscan,Recall-SSHscan,F1_score_SSHscan,Num. Obs. SSHscan,AUC_SSHscan,Precision-UDPscan,Recall-UDPscan,F1_score_UDPscan,Num. Obs. UDPscan,AUC_UDPscan,Precision-Spam,Recall-Spam,F1_score_Spam,Num. Obs. Spam,AUC_Spam,Precision-w,Recall-w,F1_score_w,Total Obs.,AUC_w,Time
19,2,92,0.8223454508112549,0.8929527207850134,0.856195872981931,4484,0.8239203955299393,0.9824561403508771,0.8421052631578947,0.9068825910931173,133,0.920925728025648,0.9716981132075472,0.911504424778761,0.9406392694063926,113,0.955562338971659,1.0,0.8412698412698413,0.9137931034482758,63,0.9206349206349207,0.0,0.0,0.0,19,0.5,1.0,0.7142857142857143,0.8333333333333333,7,0.8571428571428572,0.8526043590690802,0.7226048841577959,0.7822402982545332,3194,0.8199038116576487,0.8387724794413365,0.8217895919131412,0.8271518442511967,8013,0.8258072499840242,37786.2678937912
