Rep.,Kfold,Num. Vars.,Precision-Background,Recall-Background,F1_score_Background,Num. Obs. Background,AUC_Background,Precision-DoS,Recall-DoS,F1_score_DoS,Num. Obs. Dos,AUC_DoS,Precision-Botnet,Recall-Botnet,F1_score_Botnet,Num. Obs. Botnet,AUC_Botnet,Precision-Scan,Recall-Scan,F1_score_Scan,Num. Obs. Scan,AUC_Scan,Precision-SSHscan,Recall-SSHscan,F1_score_SSHscan,Num. Obs. SSHscan,AUC_SSHscan,Precision-UDPscan,Recall-UDPscan,F1_score_UDPscan,Num. Obs. UDPscan,AUC_UDPscan,Precision-Spam,Recall-Spam,F1_score_Spam,Num. Obs. Spam,AUC_Spam,Precision-w,Recall-w,F1_score_w,Total Obs.,AUC_w,Time
2,5,89,0.817659137577002,0.8880463871543265,0.8514004703870001,4484,0.818208515198019,0.991304347826087,0.8571428571428571,0.9193548387096774,133,0.9285079767947789,0.990909090909091,0.9646017699115044,0.9775784753363229,113,0.9822375938165117,0.9818181818181818,0.84375,0.9075630252100839,64,0.9218120990061643,0.0,0.0,0.0,19,0.5,1.0,0.5,0.6666666666666666,6,0.75,0.8384279475982532,0.7213525360050094,0.7754964658364186,3194,0.8146086191126934,0.8307718715454959,0.8194184450268314,0.8223436934945296,8013,0.820939385366932,25417.212706804276
