Rep.,Kfold,Num. Vars.,Precision-Background,Recall-Background,F1_score_Background,Num. Obs. Background,AUC_Background,Precision-DoS,Recall-DoS,F1_score_DoS,Num. Obs. Dos,AUC_DoS,Precision-Botnet,Recall-Botnet,F1_score_Botnet,Num. Obs. Botnet,AUC_Botnet,Precision-Scan,Recall-Scan,F1_score_Scan,Num. Obs. Scan,AUC_Scan,Precision-SSHscan,Recall-SSHscan,F1_score_SSHscan,Num. Obs. SSHscan,AUC_SSHscan,Precision-UDPscan,Recall-UDPscan,F1_score_UDPscan,Num. Obs. UDPscan,AUC_UDPscan,Precision-Spam,Recall-Spam,F1_score_Spam,Num. Obs. Spam,AUC_Spam,Precision-w,Recall-w,F1_score_w,Total Obs.,AUC_w,Time
4,2,86,0.8110300081103001,0.8920606601248885,0.8496176720475787,1121,0.8139441622619907,0.9142857142857143,0.9696969696969697,0.9411764705882354,33,0.9840870635286879,0.9565217391304348,0.7857142857142857,0.8627450980392156,28,0.8926039783001808,1.0,0.9375,0.967741935483871,16,0.96875,0.0,0.0,0.0,5,0.5,1.0,0.5,0.6666666666666666,2,0.75,0.8350217076700435,0.7230576441102757,0.7750167897918065,798,0.8142259174908224,0.8239970040336605,0.8222666000998502,0.8202285068371356,2003,0.8183482139501845,32050.1877682209
