Rep.,Kfold,Num. Vars.,Precision-Background,Recall-Background,F1_score_Background,Num. Obs. Background,AUC_Background,Precision-DoS,Recall-DoS,F1_score_DoS,Num. Obs. Dos,AUC_DoS,Precision-Botnet,Recall-Botnet,F1_score_Botnet,Num. Obs. Botnet,AUC_Botnet,Precision-Scan,Recall-Scan,F1_score_Scan,Num. Obs. Scan,AUC_Scan,Precision-SSHscan,Recall-SSHscan,F1_score_SSHscan,Num. Obs. SSHscan,AUC_SSHscan,Precision-UDPscan,Recall-UDPscan,F1_score_UDPscan,Num. Obs. UDPscan,AUC_UDPscan,Precision-Spam,Recall-Spam,F1_score_Spam,Num. Obs. Spam,AUC_Spam,Precision-w,Recall-w,F1_score_w,Total Obs.,AUC_w,Time
18,4,95,0.8086522462562395,0.8670829616413916,0.8368489022815326,1121,0.8033036552261319,0.9583333333333334,0.696969696969697,0.8070175438596493,33,0.8482311701489784,0.9285714285714286,0.9285714285714286,0.9285714285714286,28,0.9637796414112204,0.9230769230769231,0.75,0.8275862068965517,16,0.874748490945674,0.0,0.0,0.0,5,0.5,1.0,0.5,0.6666666666666666,2,0.75,0.8098693759071117,0.6983729662077597,0.75,799,0.7948296366308507,0.8123647855150985,0.7944111776447106,0.8006805943356511,2004,0.8026675207615294,35515.12355875969
