Rep.,Kfold,Num. Vars.,Precision-Background,Recall-Background,F1_score_Background,Num. Obs. Background,AUC_Background,Precision-DoS,Recall-DoS,F1_score_DoS,Num. Obs. Dos,AUC_DoS,Precision-Botnet,Recall-Botnet,F1_score_Botnet,Num. Obs. Botnet,AUC_Botnet,Precision-Scan,Recall-Scan,F1_score_Scan,Num. Obs. Scan,AUC_Scan,Precision-SSHscan,Recall-SSHscan,F1_score_SSHscan,Num. Obs. SSHscan,AUC_SSHscan,Precision-UDPscan,Recall-UDPscan,F1_score_UDPscan,Num. Obs. UDPscan,AUC_UDPscan,Precision-Spam,Recall-Spam,F1_score_Spam,Num. Obs. Spam,AUC_Spam,Precision-w,Recall-w,F1_score_w,Total Obs.,AUC_w,Time
8,5,85,0.8084577114427861,0.8697591436217663,0.8379888268156426,1121,0.8040754948006905,0.9310344827586207,0.7941176470588235,0.8571428571428571,34,0.8965512093162138,1.0,0.8214285714285714,0.9019607843137255,28,0.9107142857142857,0.8666666666666667,0.8125,0.8387096774193549,16,0.9057469818913482,0.0,0.0,0.0,5,0.5,0.3333333333333333,0.5,0.4,2,0.7495004995004996,0.8087201125175809,0.7205513784461153,0.7620941020543407,798,0.8038909462711504,0.8112915419478638,0.8053892215568862,0.8064639132944362,2004,0.8070595302504819,37696.72743034363
