Rep.,Kfold,Num. Vars.,Precision-Background,Recall-Background,F1_score_Background,Num. Obs. Background,AUC_Background,Precision-DoS,Recall-DoS,F1_score_DoS,Num. Obs. Dos,AUC_DoS,Precision-Botnet,Recall-Botnet,F1_score_Botnet,Num. Obs. Botnet,AUC_Botnet,Precision-Scan,Recall-Scan,F1_score_Scan,Num. Obs. Scan,AUC_Scan,Precision-SSHscan,Recall-SSHscan,F1_score_SSHscan,Num. Obs. SSHscan,AUC_SSHscan,Precision-UDPscan,Recall-UDPscan,F1_score_UDPscan,Num. Obs. UDPscan,AUC_UDPscan,Precision-Spam,Recall-Spam,F1_score_Spam,Num. Obs. Spam,AUC_Spam,Precision-w,Recall-w,F1_score_w,Total Obs.,AUC_w,Time
17,4,89,0.8189409368635437,0.8967439785905441,0.8560783478816265,4484,0.8223799258032085,0.9739130434782609,0.8421052631578947,0.9032258064516128,133,0.9208622520891644,0.9905660377358491,0.9292035398230089,0.9589041095890412,113,0.964538470759713,0.9818181818181818,0.8571428571428571,0.9152542372881356,63,0.9285085275775928,0.0,0.0,0.0,19,0.5,1.0,0.5,0.6666666666666666,6,0.75,0.8509544787077826,0.725735754539762,0.7833727610679283,3194,0.8207342118485443,0.8361705826747495,0.8253869196205691,0.8276203350403089,8012,0.8253794588001663,31772.38705778122
