Rep.,Kfold,Num. Vars.,Precision-Background,Recall-Background,F1_score_Background,Num. Obs. Background,AUC_Background,Precision-DoS,Recall-DoS,F1_score_DoS,Num. Obs. Dos,AUC_DoS,Precision-Botnet,Recall-Botnet,F1_score_Botnet,Num. Obs. Botnet,AUC_Botnet,Precision-Scan,Recall-Scan,F1_score_Scan,Num. Obs. Scan,AUC_Scan,Precision-SSHscan,Recall-SSHscan,F1_score_SSHscan,Num. Obs. SSHscan,AUC_SSHscan,Precision-UDPscan,Recall-UDPscan,F1_score_UDPscan,Num. Obs. UDPscan,AUC_UDPscan,Precision-Spam,Recall-Spam,F1_score_Spam,Num. Obs. Spam,AUC_Spam,Precision-w,Recall-w,F1_score_w,Total Obs.,AUC_w,Time
19,5,101,0.8192229038854806,0.8933987511150758,0.8547045018135269,4484,0.8214869109683028,0.9823008849557522,0.8345864661654135,0.9024390243902438,133,0.9171663456318757,1.0,0.9469026548672567,0.9727272727272728,113,0.9734513274336283,0.9836065573770492,0.9375,0.96,64,0.968687106918239,0.0,0.0,0.0,20,0.5,1.0,0.5714285714285714,0.7272727272727273,7,0.7857142857142857,0.8497600590623846,0.7209520826808644,0.7800745509996612,3193,0.8182648818299573,0.8360714009208804,0.8223109558273022,0.8260227737243281,8014,0.8242757892783542,44126.04995679855
