Rep.,Kfold,Num. Vars.,Precision-Background,Recall-Background,F1_score_Background,Num. Obs. Background,AUC_Background,Precision-DoS,Recall-DoS,F1_score_DoS,Num. Obs. Dos,AUC_DoS,Precision-Botnet,Recall-Botnet,F1_score_Botnet,Num. Obs. Botnet,AUC_Botnet,Precision-Scan,Recall-Scan,F1_score_Scan,Num. Obs. Scan,AUC_Scan,Precision-SSHscan,Recall-SSHscan,F1_score_SSHscan,Num. Obs. SSHscan,AUC_SSHscan,Precision-UDPscan,Recall-UDPscan,F1_score_UDPscan,Num. Obs. UDPscan,AUC_UDPscan,Precision-Spam,Recall-Spam,F1_score_Spam,Num. Obs. Spam,AUC_Spam,Precision-w,Recall-w,F1_score_w,Total Obs.,AUC_w,Time
7,2,82,0.8038740920096852,0.8884924174843889,0.8440677966101694,1121,0.8068027698281672,0.9117647058823529,0.9117647058823529,0.9117647058823528,34,0.9551213179335659,0.9642857142857143,0.9310344827586207,0.9473684210526316,29,0.9652642049420633,1.0,0.875,0.9333333333333333,16,0.9375,0.0,0.0,0.0,5,0.5,1.0,0.5,0.6666666666666666,2,0.75,0.825,0.7030075187969925,0.7591339648173207,798,0.8022079847506088,0.8161881011756322,0.8129675810473815,0.8113362866839974,2005,0.8100023259657967,28413.228615522385
