Rep.,Kfold,Num. Vars.,Precision-Background,Recall-Background,F1_score_Background,Num. Obs. Background,AUC_Background,Precision-DoS,Recall-DoS,F1_score_DoS,Num. Obs. Dos,AUC_DoS,Precision-Botnet,Recall-Botnet,F1_score_Botnet,Num. Obs. Botnet,AUC_Botnet,Precision-Scan,Recall-Scan,F1_score_Scan,Num. Obs. Scan,AUC_Scan,Precision-SSHscan,Recall-SSHscan,F1_score_SSHscan,Num. Obs. SSHscan,AUC_SSHscan,Precision-UDPscan,Recall-UDPscan,F1_score_UDPscan,Num. Obs. UDPscan,AUC_UDPscan,Precision-Spam,Recall-Spam,F1_score_Spam,Num. Obs. Spam,AUC_Spam,Precision-w,Recall-w,F1_score_w,Total Obs.,AUC_w,Time
12,5,86,0.8156494292949682,0.9232303090727817,0.8661119663282605,24072,0.7789207484841613,0.9968253968253968,0.9401197604790419,0.9676425269645608,334,0.97004654157072,0.9748858447488584,0.8989473684210526,0.9353778751369113,475,0.9493264048617688,1.0,0.9787234042553191,0.989247311827957,141,0.9893617021276595,0.0,0.0,0.0,22,0.49997354287377305,1.0,1.0,1.0,7,1.0,0.8114183199662305,0.6022086466165414,0.6913324941557274,12768,0.7654370844754895,0.8180679719218567,0.8143790158385996,0.8088516752028915,37819,0.7788599898789222,0:00:31.715729
