Rep.,Kfold,Num. Vars.,Precision-Background,Recall-Background,F1_score_Background,Num. Obs. Background,AUC_Background,Precision-DoS,Recall-DoS,F1_score_DoS,Num. Obs. Dos,AUC_DoS,Precision-Botnet,Recall-Botnet,F1_score_Botnet,Num. Obs. Botnet,AUC_Botnet,Precision-Scan,Recall-Scan,F1_score_Scan,Num. Obs. Scan,AUC_Scan,Precision-SSHscan,Recall-SSHscan,F1_score_SSHscan,Num. Obs. SSHscan,AUC_SSHscan,Precision-UDPscan,Recall-UDPscan,F1_score_UDPscan,Num. Obs. UDPscan,AUC_UDPscan,Precision-Spam,Recall-Spam,F1_score_Spam,Num. Obs. Spam,AUC_Spam,Precision-w,Recall-w,F1_score_w,Total Obs.,AUC_w,Time
18,1,91,0.8131675201170446,0.923562645397142,0.8648564537462071,24072,0.7759953330280974,0.9843260188087775,0.9401197604790419,0.9617151607963246,334,0.9699931868955166,0.9792626728110599,0.8947368421052632,0.935093509350935,475,0.9472479197672846,1.0,0.9787234042553191,0.989247311827957,141,0.9893617021276595,1.0,0.045454545454545456,0.08695652173913045,22,0.5227272727272727,1.0,1.0,1.0,7,1.0,0.8103521878335112,0.5946898496240601,0.6859698256391725,12768,0.7618772788098747,0.8166545899781367,0.8120257013670378,0.8062367192002253,37819,0.7757827874562891,0:00:45.450938
