Rep.,Kfold,Num. Vars.,Precision-Background,Recall-Background,F1_score_Background,Num. Obs. Background,AUC_Background,Precision-DoS,Recall-DoS,F1_score_DoS,Num. Obs. Dos,AUC_DoS,Precision-Botnet,Recall-Botnet,F1_score_Botnet,Num. Obs. Botnet,AUC_Botnet,Precision-Scan,Recall-Scan,F1_score_Scan,Num. Obs. Scan,AUC_Scan,Precision-SSHscan,Recall-SSHscan,F1_score_SSHscan,Num. Obs. SSHscan,AUC_SSHscan,Precision-UDPscan,Recall-UDPscan,F1_score_UDPscan,Num. Obs. UDPscan,AUC_UDPscan,Precision-Spam,Recall-Spam,F1_score_Spam,Num. Obs. Spam,AUC_Spam,Precision-w,Recall-w,F1_score_w,Total Obs.,AUC_w,Time
1,1,84,0.8086690017513135,0.9207377866400798,0.8610722610722611,6018,0.7697057170547693,0.9634146341463414,0.9404761904761905,0.9518072289156626,84,0.9700780440217059,0.9473684210526315,0.907563025210084,0.927038626609442,119,0.9534602102595348,0.8571428571428571,0.8333333333333334,0.8450704225352113,36,0.9164012738853504,0.0,0.0,0.0,5,0.5,0.0,0.0,0.0,2,0.49984133700021155,0.7976973684210527,0.6077694235588973,0.689900426742532,3192,0.7646126811281077,0.8076714114604594,0.8140862944162437,0.804228740302637,9456,0.7724377255339575,0:00:36.865686
