Rep.,Kfold,Num. Vars.,Precision-Background,Recall-Background,F1_score_Background,Num. Obs. Background,AUC_Background,Precision-DoS,Recall-DoS,F1_score_DoS,Num. Obs. Dos,AUC_DoS,Precision-Botnet,Recall-Botnet,F1_score_Botnet,Num. Obs. Botnet,AUC_Botnet,Precision-Scan,Recall-Scan,F1_score_Scan,Num. Obs. Scan,AUC_Scan,Precision-SSHscan,Recall-SSHscan,F1_score_SSHscan,Num. Obs. SSHscan,AUC_SSHscan,Precision-UDPscan,Recall-UDPscan,F1_score_UDPscan,Num. Obs. UDPscan,AUC_UDPscan,Precision-Spam,Recall-Spam,F1_score_Spam,Num. Obs. Spam,AUC_Spam,Precision-w,Recall-w,F1_score_w,Total Obs.,AUC_w,Time
3,1,86,0.8152318862053638,0.9142572283150548,0.861909610715125,6018,0.775825909883029,0.8863636363636364,0.9285714285714286,0.9069767441860465,84,0.9637522671503255,0.9626168224299065,0.865546218487395,0.9115044247787611,119,0.9325589306187243,0.8205128205128205,0.8888888888888888,0.8533333333333333,36,0.9440729339890788,0.0,0.0,0.0,5,0.4998942022852306,0.07142857142857142,0.5,0.125,2,0.7493125330512956,0.7906512185377547,0.6197932978390228,0.694873595505618,3193,0.768070339851823,0.8088508087110028,0.813682986147827,0.8058928307913039,9457,0.7773377757965876,0:00:34.776491
