Rep.,Kfold,Num. Vars.,Precision-Background,Recall-Background,F1_score_Background,Num. Obs. Background,AUC_Background,Precision-DoS,Recall-DoS,F1_score_DoS,Num. Obs. Dos,AUC_DoS,Precision-Botnet,Recall-Botnet,F1_score_Botnet,Num. Obs. Botnet,AUC_Botnet,Precision-Scan,Recall-Scan,F1_score_Scan,Num. Obs. Scan,AUC_Scan,Precision-SSHscan,Recall-SSHscan,F1_score_SSHscan,Num. Obs. SSHscan,AUC_SSHscan,Precision-UDPscan,Recall-UDPscan,F1_score_UDPscan,Num. Obs. UDPscan,AUC_UDPscan,Precision-Spam,Recall-Spam,F1_score_Spam,Num. Obs. Spam,AUC_Spam,Precision-w,Recall-w,F1_score_w,Total Obs.,AUC_w,Time
7,4,88,0.8156621205455346,0.9243809207246136,0.8666251168588345,6017,0.7793806872383976,0.9156626506024096,0.9047619047619048,0.9101796407185628,84,0.9520074596907379,1.0,0.8403361344537815,0.91324200913242,119,0.9201680672268908,0.66,0.9428571428571428,0.7764705882352942,35,0.9705262359720959,0.0,0.0,0.0,6,0.49994708434755003,0.0,0.0,0.0,2,0.4999471067386015,0.8044739022369511,0.6083959899749374,0.6928291116660721,3192,0.7665163727616983,0.81382711136049,0.8157588577472237,0.8078584042382931,9455,0.7788144345384862,0:00:32.701854
