Rep.,Kfold,Num. Vars.,Precision-Background,Recall-Background,F1_score_Background,Num. Obs. Background,AUC_Background,Precision-DoS,Recall-DoS,F1_score_DoS,Num. Obs. Dos,AUC_DoS,Precision-Botnet,Recall-Botnet,F1_score_Botnet,Num. Obs. Botnet,AUC_Botnet,Precision-Scan,Recall-Scan,F1_score_Scan,Num. Obs. Scan,AUC_Scan,Precision-SSHscan,Recall-SSHscan,F1_score_SSHscan,Num. Obs. SSHscan,AUC_SSHscan,Precision-UDPscan,Recall-UDPscan,F1_score_UDPscan,Num. Obs. UDPscan,AUC_UDPscan,Precision-Spam,Recall-Spam,F1_score_Spam,Num. Obs. Spam,AUC_Spam,Precision-w,Recall-w,F1_score_w,Total Obs.,AUC_w,Time
9,5,82,0.8100102145045965,0.922399468261881,0.8625592417061612,6018,0.7717352405337343,0.9493670886075949,0.8928571428571429,0.920245398773006,84,0.9462151242567465,0.9809523809523809,0.865546218487395,0.9196428571428571,119,0.9326659855157918,0.8648648648648649,0.9142857142857143,0.888888888888889,35,0.9568774361852183,0.0,0.0,0.0,5,0.4998941686951,0.2,1.0,0.33333333333333337,1,0.999788426954406,0.8042350907519447,0.5830200501253133,0.6759898292771522,3192,0.7553394725235317,0.8111603892125566,0.8063253649248995,0.8003832885108657,9454,0.7703411853266326,0:01:04.312145
