Rep.,Kfold,Num. Vars.,Precision-Background,Recall-Background,F1_score_Background,Num. Obs. Background,AUC_Background,Precision-DoS,Recall-DoS,F1_score_DoS,Num. Obs. Dos,AUC_DoS,Precision-Botnet,Recall-Botnet,F1_score_Botnet,Num. Obs. Botnet,AUC_Botnet,Precision-Scan,Recall-Scan,F1_score_Scan,Num. Obs. Scan,AUC_Scan,Precision-SSHscan,Recall-SSHscan,F1_score_SSHscan,Num. Obs. SSHscan,AUC_SSHscan,Precision-UDPscan,Recall-UDPscan,F1_score_UDPscan,Num. Obs. UDPscan,AUC_UDPscan,Precision-Spam,Recall-Spam,F1_score_Spam,Num. Obs. Spam,AUC_Spam,Precision-w,Recall-w,F1_score_w,Total Obs.,AUC_w,Time
14,2,91,0.8219568313794237,0.9350228500207728,0.8748518007424539,24070,0.7901742114781929,0.9802631578947368,0.8948948948948949,0.93563579277865,333,0.9473674090290067,0.9775784753363229,0.9159663865546218,0.9457700650759219,476,0.957849285031241,1.0,0.9642857142857143,0.9818181818181818,140,0.9821428571428572,0.0,0.0,0.0,21,0.5,1.0,0.5714285714285714,0.7272727272727273,7,0.7857142857142857,0.8435226408947768,0.6083959899749374,0.7069208718205396,12768,0.7754320749172008,0.8328269997642807,0.8236678566706334,0.8194617812982254,37815,0.7892402382574231,136084.7563972473
