Rep.,Kfold,Num. Vars.,Precision-Background,Recall-Background,F1_score_Background,Num. Obs. Background,AUC_Background,Precision-DoS,Recall-DoS,F1_score_DoS,Num. Obs. Dos,AUC_DoS,Precision-Botnet,Recall-Botnet,F1_score_Botnet,Num. Obs. Botnet,AUC_Botnet,Precision-Scan,Recall-Scan,F1_score_Scan,Num. Obs. Scan,AUC_Scan,Precision-SSHscan,Recall-SSHscan,F1_score_SSHscan,Num. Obs. SSHscan,AUC_SSHscan,Precision-UDPscan,Recall-UDPscan,F1_score_UDPscan,Num. Obs. UDPscan,AUC_UDPscan,Precision-Spam,Recall-Spam,F1_score_Spam,Num. Obs. Spam,AUC_Spam,Precision-w,Recall-w,F1_score_w,Total Obs.,AUC_w,Time
16,1,87,0.8217111046000586,0.9320372216683284,0.8734039240112115,6018,0.7890261733705225,0.9876543209876543,0.9523809523809523,0.9696969696969696,84,0.9761371257850131,0.956140350877193,0.9159663865546218,0.9356223175965666,119,0.9577154413227216,0.9117647058823529,0.8611111111111112,0.8857142857142858,36,0.9303963198867657,0.0,0.0,0.0,6,0.5,1.0,1.0,1.0,2,1.0,0.8264358108108109,0.6132873707301786,0.7040834682496852,3191,0.7738424084297342,0.8263305090851907,0.8236040609137056,0.8174232738386703,9456,0.7880867766753759,153389.34420585632
