Rep.,Kfold,Num. Vars.,Precision-Background,Recall-Background,F1_score_Background,Num. Obs. Background,AUC_Background,Precision-DoS,Recall-DoS,F1_score_DoS,Num. Obs. Dos,AUC_DoS,Precision-Botnet,Recall-Botnet,F1_score_Botnet,Num. Obs. Botnet,AUC_Botnet,Precision-Scan,Recall-Scan,F1_score_Scan,Num. Obs. Scan,AUC_Scan,Precision-SSHscan,Recall-SSHscan,F1_score_SSHscan,Num. Obs. SSHscan,AUC_SSHscan,Precision-UDPscan,Recall-UDPscan,F1_score_UDPscan,Num. Obs. UDPscan,AUC_UDPscan,Precision-Spam,Recall-Spam,F1_score_Spam,Num. Obs. Spam,AUC_Spam,Precision-w,Recall-w,F1_score_w,Total Obs.,AUC_w,Time
8,3,90,0.8189887231720626,0.9352386491089603,0.8732618350367511,24073,0.7866607093824677,0.9837133550488599,0.9041916167664671,0.9422776911076443,334,0.9520291203764047,0.9729119638826185,0.9054621848739496,0.9379760609357999,476,0.9525704326608274,0.9924242424242424,0.9357142857142857,0.9632352941176471,140,0.9678438739223729,0.0,0.0,0.0,22,0.5,1.0,0.5,0.6666666666666666,8,0.75,0.839995631280035,0.6023181141827865,0.7015735461801597,12769,0.7719210416840568,0.8296765241941111,0.8215588810745069,0.8165038441742735,37822,0.7857290051485714,121632.76208901405
