Rep.,Kfold,Num. Vars.,Precision-Background,Recall-Background,F1_score_Background,Num. Obs. Background,AUC_Background,Precision-DoS,Recall-DoS,F1_score_DoS,Num. Obs. Dos,AUC_DoS,Precision-Botnet,Recall-Botnet,F1_score_Botnet,Num. Obs. Botnet,AUC_Botnet,Precision-Scan,Recall-Scan,F1_score_Scan,Num. Obs. Scan,AUC_Scan,Precision-SSHscan,Recall-SSHscan,F1_score_SSHscan,Num. Obs. SSHscan,AUC_SSHscan,Precision-UDPscan,Recall-UDPscan,F1_score_UDPscan,Num. Obs. UDPscan,AUC_UDPscan,Precision-Spam,Recall-Spam,F1_score_Spam,Num. Obs. Spam,AUC_Spam,Precision-w,Recall-w,F1_score_w,Total Obs.,AUC_w,Time
14,1,80,0.8150665124349334,0.9366899302093719,0.8716561002010205,6018,0.7822273865249422,0.9382716049382716,0.9156626506024096,0.9268292682926829,83,0.9575645448081943,1.0,0.8991596638655462,0.9469026548672567,119,0.9495798319327731,0.9444444444444444,0.9714285714285714,0.9577464788732395,35,0.9856081173312302,0.0,0.0,0.0,5,0.5,1.0,0.5,0.6666666666666666,2,0.75,0.8367965367965368,0.6055764411027569,0.7026535805161758,3192,0.7726860167826144,0.825899821879988,0.8237782949016289,0.8158408446486956,9454,0.7832486057756378,101356.61962032318
