Rep.,Kfold,Num. Vars.,Precision-Background,Recall-Background,F1_score_Background,Num. Obs. Background,AUC_Background,Precision-DoS,Recall-DoS,F1_score_DoS,Num. Obs. Dos,AUC_DoS,Precision-Botnet,Recall-Botnet,F1_score_Botnet,Num. Obs. Botnet,AUC_Botnet,Precision-Scan,Recall-Scan,F1_score_Scan,Num. Obs. Scan,AUC_Scan,Precision-SSHscan,Recall-SSHscan,F1_score_SSHscan,Num. Obs. SSHscan,AUC_SSHscan,Precision-UDPscan,Recall-UDPscan,F1_score_UDPscan,Num. Obs. UDPscan,AUC_UDPscan,Precision-Spam,Recall-Spam,F1_score_Spam,Num. Obs. Spam,AUC_Spam,Precision-w,Recall-w,F1_score_w,Total Obs.,AUC_w,Time
11,4,85,0.8272080616478956,0.9273965775045688,0.8744419205764863,6019,0.7940242491713764,0.9605263157894737,0.8795180722891566,0.9182389937106917,83,0.939598984928189,0.9823008849557522,0.9327731092436975,0.9568965517241379,119,0.966279442368207,0.9714285714285714,0.9714285714285714,0.9714285714285714,35,0.9856612071580225,0.0,0.0,0.0,5,0.5,1.0,0.5,0.6666666666666666,2,0.75,0.8132796780684105,0.6331453634085213,0.711995772415008,3192,0.7795297310416389,0.8257611364329255,0.8272871496562665,0.8208751226827149,9455,0.7931214139491076,141546.44686293602
