Rep.,Kfold,Num. Vars.,Precision-Background,Recall-Background,F1_score_Background,Num. Obs. Background,AUC_Background,Precision-DoS,Recall-DoS,F1_score_DoS,Num. Obs. Dos,AUC_DoS,Precision-Botnet,Recall-Botnet,F1_score_Botnet,Num. Obs. Botnet,AUC_Botnet,Precision-Scan,Recall-Scan,F1_score_Scan,Num. Obs. Scan,AUC_Scan,Precision-SSHscan,Recall-SSHscan,F1_score_SSHscan,Num. Obs. SSHscan,AUC_SSHscan,Precision-UDPscan,Recall-UDPscan,F1_score_UDPscan,Num. Obs. UDPscan,AUC_UDPscan,Precision-Spam,Recall-Spam,F1_score_Spam,Num. Obs. Spam,AUC_Spam,Precision-w,Recall-w,F1_score_w,Total Obs.,AUC_w,Time
6,4,90,0.8234945997928688,0.9250457038391224,0.8713212273011897,6017,0.7890208158520802,0.9390243902439024,0.9166666666666666,0.9277108433734941,84,0.9580665528403228,0.9910714285714286,0.9327731092436975,0.961038961038961,119,0.9663329984950279,1.0,0.8857142857142857,0.9393939393939393,35,0.9428571428571428,0.0,0.0,0.0,5,0.5,1.0,1.0,1.0,2,1.0,0.8269782697826978,0.6316943313498278,0.7162642045454546,3193,0.7821518606605415,0.8280617843628064,0.8253833950290851,0.8204062998276777,9455,0.7908958601089975,112051.0522992611
