Rep.,Kfold,Num. Vars.,Precision-Background,Recall-Background,F1_score_Background,Num. Obs. Background,AUC_Background,Precision-DoS,Recall-DoS,F1_score_DoS,Num. Obs. Dos,AUC_DoS,Precision-Botnet,Recall-Botnet,F1_score_Botnet,Num. Obs. Botnet,AUC_Botnet,Precision-Scan,Recall-Scan,F1_score_Scan,Num. Obs. Scan,AUC_Scan,Precision-SSHscan,Recall-SSHscan,F1_score_SSHscan,Num. Obs. SSHscan,AUC_SSHscan,Precision-UDPscan,Recall-UDPscan,F1_score_UDPscan,Num. Obs. UDPscan,AUC_UDPscan,Precision-Spam,Recall-Spam,F1_score_Spam,Num. Obs. Spam,AUC_Spam,Precision-w,Recall-w,F1_score_w,Total Obs.,AUC_w,Time
17,2,92,0.8211654875647291,0.9354436689930209,0.874587330562784,24072,0.7893556455098224,0.9869706840390879,0.907185628742515,0.9453978159126365,334,0.9535394596960541,0.9727272727272728,0.9010526315789473,0.9355191256830602,475,0.9503656474090109,1.0,0.9361702127659575,0.967032967032967,141,0.9680851063829787,0.0,0.0,0.0,21,0.5,1.0,0.5714285714285714,0.7272727272727273,7,0.7857142857142857,0.8453473132372215,0.6061555329313181,0.7060433295324972,12769,0.7748142934117668,0.8329418843015084,0.8229990216557815,0.8189034746758143,37819,0.7884232442249942,149967.61985635757
