Rep.,Kfold,Num. Vars.,Precision-Background,Recall-Background,F1_score_Background,Num. Obs. Background,AUC_Background,Precision-DoS,Recall-DoS,F1_score_DoS,Num. Obs. Dos,AUC_DoS,Precision-Botnet,Recall-Botnet,F1_score_Botnet,Num. Obs. Botnet,AUC_Botnet,Precision-Scan,Recall-Scan,F1_score_Scan,Num. Obs. Scan,AUC_Scan,Precision-SSHscan,Recall-SSHscan,F1_score_SSHscan,Num. Obs. SSHscan,AUC_SSHscan,Precision-UDPscan,Recall-UDPscan,F1_score_UDPscan,Num. Obs. UDPscan,AUC_UDPscan,Precision-Spam,Recall-Spam,F1_score_Spam,Num. Obs. Spam,AUC_Spam,Precision-w,Recall-w,F1_score_w,Total Obs.,AUC_w,Time
19,5,82,0.8221570066030814,0.9310402126952476,0.873217486168472,6018,0.7891522367317914,0.9404761904761905,0.9518072289156626,0.9461077844311376,83,0.9756368339648208,0.9642857142857143,0.907563025210084,0.935064935064935,119,0.9535672651492305,0.9142857142857143,0.9142857142857143,0.9142857142857143,35,0.9569836045682738,0.0,0.0,0.0,6,0.5,0.0,0.0,0.0,2,0.4998942022852306,0.8305853256389117,0.6314634910686305,0.7174648388819655,3191,0.7829199939775533,0.8274749485572918,0.8289612862280517,0.8214779782118391,9454,0.7911320539211542,113859.2143175602
