Rep.,Kfold,Num. Vars.,Precision-Background,Recall-Background,F1_score_Background,Num. Obs. Background,AUC_Background,Precision-DoS,Recall-DoS,F1_score_DoS,Num. Obs. Dos,AUC_DoS,Precision-Botnet,Recall-Botnet,F1_score_Botnet,Num. Obs. Botnet,AUC_Botnet,Precision-Scan,Recall-Scan,F1_score_Scan,Num. Obs. Scan,AUC_Scan,Precision-SSHscan,Recall-SSHscan,F1_score_SSHscan,Num. Obs. SSHscan,AUC_SSHscan,Precision-UDPscan,Recall-UDPscan,F1_score_UDPscan,Num. Obs. UDPscan,AUC_UDPscan,Precision-Spam,Recall-Spam,F1_score_Spam,Num. Obs. Spam,AUC_Spam,Precision-w,Recall-w,F1_score_w,Total Obs.,AUC_w,Time
8,1,90,0.8207560940008758,0.9343635759388501,0.8738829745901002,24072,0.7885116293778348,0.9967532467532467,0.9219219219219219,0.9578783151326052,333,0.9609476222921601,0.9796839729119639,0.9136842105263158,0.9455337690631809,475,0.9567216007509335,1.0,0.9361702127659575,0.967032967032967,141,0.9680851063829787,0.0,0.0,0.0,21,0.5,1.0,0.5714285714285714,0.7272727272727273,7,0.7857142857142857,0.845629466739967,0.6023181141827865,0.7035309184046835,12769,0.773133986230281,0.832946006502029,0.8213020254905071,0.8178391728311656,37818,0.7874593614452822,162141.05153036118
