Rep.,Kfold,Num. Vars.,Precision-Background,Recall-Background,F1_score_Background,Num. Obs. Background,AUC_Background,Precision-DoS,Recall-DoS,F1_score_DoS,Num. Obs. Dos,AUC_DoS,Precision-Botnet,Recall-Botnet,F1_score_Botnet,Num. Obs. Botnet,AUC_Botnet,Precision-Scan,Recall-Scan,F1_score_Scan,Num. Obs. Scan,AUC_Scan,Precision-SSHscan,Recall-SSHscan,F1_score_SSHscan,Num. Obs. SSHscan,AUC_SSHscan,Precision-UDPscan,Recall-UDPscan,F1_score_UDPscan,Num. Obs. UDPscan,AUC_UDPscan,Precision-Spam,Recall-Spam,F1_score_Spam,Num. Obs. Spam,AUC_Spam,Precision-w,Recall-w,F1_score_w,Total Obs.,AUC_w,Time
1,2,82,0.8262724330685496,0.9335216885491109,0.8766289504486929,6017,0.7949040340300851,0.9523809523809523,0.963855421686747,0.9580838323353292,83,0.9817142636715485,0.9739130434782609,0.9411764705882353,0.9572649572649573,119,0.9704275324871753,0.9714285714285714,0.9714285714285714,0.9714285714285714,35,0.9856611958862969,0.0,0.0,0.0,6,0.5,1.0,1.0,1.0,1,1.0,0.8363107602825094,0.6306390977443609,0.7190569744597249,3192,0.7838549266073666,0.8326593089830493,0.8311647096159949,0.8249594568204369,9453,0.795563715285779,167949.51388597488
