Rep.,Kfold,Num. Vars.,Precision-Background,Recall-Background,F1_score_Background,Num. Obs. Background,AUC_Background,Precision-DoS,Recall-DoS,F1_score_DoS,Num. Obs. Dos,AUC_DoS,Precision-Botnet,Recall-Botnet,F1_score_Botnet,Num. Obs. Botnet,AUC_Botnet,Precision-Scan,Recall-Scan,F1_score_Scan,Num. Obs. Scan,AUC_Scan,Precision-SSHscan,Recall-SSHscan,F1_score_SSHscan,Num. Obs. SSHscan,AUC_SSHscan,Precision-UDPscan,Recall-UDPscan,F1_score_UDPscan,Num. Obs. UDPscan,AUC_UDPscan,Precision-Spam,Recall-Spam,F1_score_Spam,Num. Obs. Spam,AUC_Spam,Precision-w,Recall-w,F1_score_w,Total Obs.,AUC_w,Time
16,1,87,0.8194368557170437,0.9344909234411997,0.8731902340565929,24073,0.7869122253992961,0.9901960784313726,0.9099099099099099,0.9483568075117371,333,0.9549149378810033,0.9798657718120806,0.9221052631578948,0.950108459869848,475,0.9609321238396726,0.9923664122137404,0.9285714285714286,0.9594095940959411,140,0.9642724435900644,0.0,0.0,0.0,21,0.5,1.0,0.42857142857142855,0.6,7,0.7142857142857143,0.8425582915667902,0.6056547619047619,0.7047297913059327,12768,0.7739839141473188,0.8309805253679425,0.8224607980537854,0.8177253657971686,37817,0.7866962528257411,153389.34420585632
