Rep.,Kfold,Num. Vars.,Precision-Background,Recall-Background,F1_score_Background,Num. Obs. Background,AUC_Background,Precision-DoS,Recall-DoS,F1_score_DoS,Num. Obs. Dos,AUC_DoS,Precision-Botnet,Recall-Botnet,F1_score_Botnet,Num. Obs. Botnet,AUC_Botnet,Precision-Scan,Recall-Scan,F1_score_Scan,Num. Obs. Scan,AUC_Scan,Precision-SSHscan,Recall-SSHscan,F1_score_SSHscan,Num. Obs. SSHscan,AUC_SSHscan,Precision-UDPscan,Recall-UDPscan,F1_score_UDPscan,Num. Obs. UDPscan,AUC_UDPscan,Precision-Spam,Recall-Spam,F1_score_Spam,Num. Obs. Spam,AUC_Spam,Precision-w,Recall-w,F1_score_w,Total Obs.,AUC_w,Time
10,3,84,0.8199992730180655,0.9371858252669187,0.8746849676243651,24071,0.7884677853236965,0.9837662337662337,0.9099099099099099,0.9453978159126366,333,0.9548882598317023,0.9772727272727273,0.9052631578947369,0.9398907103825138,475,0.9524976814592854,1.0,0.95,0.9743589743589743,140,0.975,0.0,0.0,0.0,21,0.5,1.0,0.375,0.5454545454545454,8,0.6875,0.8446035242290749,0.6005951914793641,0.7020000915373701,12769,0.7721316743088293,0.8319735463679723,0.8223021392495439,0.8176328232654961,37817,0.7869865827271666,114254.72736811638
