Rep.,Kfold,Num. Vars.,Precision-Background,Recall-Background,F1_score_Background,Num. Obs. Background,AUC_Background,Precision-DoS,Recall-DoS,F1_score_DoS,Num. Obs. Dos,AUC_DoS,Precision-Botnet,Recall-Botnet,F1_score_Botnet,Num. Obs. Botnet,AUC_Botnet,Precision-Scan,Recall-Scan,F1_score_Scan,Num. Obs. Scan,AUC_Scan,Precision-SSHscan,Recall-SSHscan,F1_score_SSHscan,Num. Obs. SSHscan,AUC_SSHscan,Precision-UDPscan,Recall-UDPscan,F1_score_UDPscan,Num. Obs. UDPscan,AUC_UDPscan,Precision-Spam,Recall-Spam,F1_score_Spam,Num. Obs. Spam,AUC_Spam,Precision-w,Recall-w,F1_score_w,Total Obs.,AUC_w,Time
8,4,84,0.817202736137389,0.9331892969918564,0.8713531967721913,6017,0.7838771623161203,0.9876543209876543,0.963855421686747,0.975609756097561,83,0.9818743547447714,0.972972972972973,0.907563025210084,0.9391304347826087,119,0.9536208270131833,0.9696969696969697,0.9142857142857143,0.9411764705882354,35,0.9570897729513292,0.0,0.0,0.0,5,0.5,1.0,0.5,0.6666666666666666,2,0.75,0.8334756618274979,0.6113373003445036,0.7053297199638664,3193,0.7745234656969284,0.8263269661433281,0.8237782949016289,0.816803112134763,9454,0.785076888463938,119086.47771954536
