Rep.,Kfold,Num. Vars.,Precision-Background,Recall-Background,F1_score_Background,Num. Obs. Background,AUC_Background,Precision-DoS,Recall-DoS,F1_score_DoS,Num. Obs. Dos,AUC_DoS,Precision-Botnet,Recall-Botnet,F1_score_Botnet,Num. Obs. Botnet,AUC_Botnet,Precision-Scan,Recall-Scan,F1_score_Scan,Num. Obs. Scan,AUC_Scan,Precision-SSHscan,Recall-SSHscan,F1_score_SSHscan,Num. Obs. SSHscan,AUC_SSHscan,Precision-UDPscan,Recall-UDPscan,F1_score_UDPscan,Num. Obs. UDPscan,AUC_UDPscan,Precision-Spam,Recall-Spam,F1_score_Spam,Num. Obs. Spam,AUC_Spam,Precision-w,Recall-w,F1_score_w,Total Obs.,AUC_w,Time
1,2,82,0.8179900338267923,0.9342001412370706,0.872241399371679,24073,0.7850967244339132,0.9834983498349835,0.8922155688622755,0.9356357927786499,334,0.9460410928662868,0.9700460829493087,0.8863157894736842,0.9262926292629262,475,0.9429838419854697,1.0,0.9290780141843972,0.963235294117647,141,0.9645390070921986,0.0,0.0,0.0,21,0.5,1.0,0.375,0.5454545454545454,8,0.6875,0.8407040704070406,0.5985275689223057,0.6992405526580657,12768,0.7703638962286764,0.8292925434562473,0.8192490745637229,0.8148609664181596,37820,0.7840173115892588,167949.51388597488
