Rep.,Kfold,Num. Vars.,Precision-Background,Recall-Background,F1_score_Background,Num. Obs. Background,AUC_Background,Precision-DoS,Recall-DoS,F1_score_DoS,Num. Obs. Dos,AUC_DoS,Precision-Botnet,Recall-Botnet,F1_score_Botnet,Num. Obs. Botnet,AUC_Botnet,Precision-Scan,Recall-Scan,F1_score_Scan,Num. Obs. Scan,AUC_Scan,Precision-SSHscan,Recall-SSHscan,F1_score_SSHscan,Num. Obs. SSHscan,AUC_SSHscan,Precision-UDPscan,Recall-UDPscan,F1_score_UDPscan,Num. Obs. UDPscan,AUC_UDPscan,Precision-Spam,Recall-Spam,F1_score_Spam,Num. Obs. Spam,AUC_Spam,Precision-w,Recall-w,F1_score_w,Total Obs.,AUC_w,Time
15,4,83,0.8153114186851211,0.9398371281369453,0.8731567976530533,6017,0.7835641852497354,0.9873417721518988,0.9397590361445783,0.962962962962963,83,0.9698261619736871,0.963963963963964,0.8991596638655462,0.9304347826086956,119,0.9493655844769616,1.0,0.9142857142857143,0.955223880597015,35,0.9571428571428571,0.0,0.0,0.0,5,0.5,1.0,0.5,0.6666666666666666,2,0.75,0.843980877879183,0.6082054494206076,0.7069530396796505,3193,0.7754331831035317,0.8286673183940051,0.826634228897821,0.8183307955771246,9454,0.785025802019654,113390.42473697662
