Rep.,Kfold,Num. Vars.,Precision-Background,Recall-Background,F1_score_Background,Num. Obs. Background,AUC_Background,Precision-DoS,Recall-DoS,F1_score_DoS,Num. Obs. Dos,AUC_DoS,Precision-Botnet,Recall-Botnet,F1_score_Botnet,Num. Obs. Botnet,AUC_Botnet,Precision-Scan,Recall-Scan,F1_score_Scan,Num. Obs. Scan,AUC_Scan,Precision-SSHscan,Recall-SSHscan,F1_score_SSHscan,Num. Obs. SSHscan,AUC_SSHscan,Precision-UDPscan,Recall-UDPscan,F1_score_UDPscan,Num. Obs. UDPscan,AUC_UDPscan,Precision-Spam,Recall-Spam,F1_score_Spam,Num. Obs. Spam,AUC_Spam,Precision-w,Recall-w,F1_score_w,Total Obs.,AUC_w,Time
14,5,78,0.8187939110070258,0.9295446992356264,0.8706614785992218,6018,0.7846734261380344,0.9852941176470589,0.8072289156626506,0.8874172185430464,83,0.9035611074258623,0.9629629629629629,0.8739495798319328,0.9162995594713657,119,0.9367605654086827,0.96875,0.8857142857142857,0.9253731343283582,35,0.9428040643008796,0.0,0.0,0.0,6,0.5,0.3333333333333333,0.5,0.4,2,0.749894213477203,0.8335546702080566,0.5899122807017544,0.6908824068978169,3192,0.7649385768828906,0.8269860586746022,0.8122686409307245,0.8102401647219043,9455,0.7813661158949066,101334.3977856636
