Rep.,Kfold,Num. Vars.,Precision-Background,Recall-Background,F1_score_Background,Num. Obs. Background,AUC_Background,Precision-DoS,Recall-DoS,F1_score_DoS,Num. Obs. Dos,AUC_DoS,Precision-Botnet,Recall-Botnet,F1_score_Botnet,Num. Obs. Botnet,AUC_Botnet,Precision-Scan,Recall-Scan,F1_score_Scan,Num. Obs. Scan,AUC_Scan,Precision-SSHscan,Recall-SSHscan,F1_score_SSHscan,Num. Obs. SSHscan,AUC_SSHscan,Precision-UDPscan,Recall-UDPscan,F1_score_UDPscan,Num. Obs. UDPscan,AUC_UDPscan,Precision-Spam,Recall-Spam,F1_score_Spam,Num. Obs. Spam,AUC_Spam,Precision-w,Recall-w,F1_score_w,Total Obs.,AUC_w,Time
4,3,84,0.8221210340775558,0.9298886858282107,0.872690418648164,6019,0.7887219913425105,0.9294117647058824,0.9518072289156626,0.9404761904761904,83,0.9755835120250529,0.9652173913043478,0.9327731092436975,0.9487179487179487,119,0.9661723301145652,0.9705882352941176,0.9428571428571428,0.9565217391304348,35,0.9713754928723081,0.0,0.0,0.0,6,0.5,0.0,0.0,0.0,1,0.4998942246668077,0.8239669421487603,0.62468671679198,0.7106200997861725,3192,0.7783340976583244,0.8254279870674511,0.8264410364886303,0.8191917724946892,9455,0.7895511455180172,144866.03219795227
