Rep.,Kfold,Num. Vars.,Precision-Background,Recall-Background,F1_score_Background,Num. Obs. Background,AUC_Background,Precision-DoS,Recall-DoS,F1_score_DoS,Num. Obs. Dos,AUC_DoS,Precision-Botnet,Recall-Botnet,F1_score_Botnet,Num. Obs. Botnet,AUC_Botnet,Precision-Scan,Recall-Scan,F1_score_Scan,Num. Obs. Scan,AUC_Scan,Precision-SSHscan,Recall-SSHscan,F1_score_SSHscan,Num. Obs. SSHscan,AUC_SSHscan,Precision-UDPscan,Recall-UDPscan,F1_score_UDPscan,Num. Obs. UDPscan,AUC_UDPscan,Precision-Spam,Recall-Spam,F1_score_Spam,Num. Obs. Spam,AUC_Spam,Precision-w,Recall-w,F1_score_w,Total Obs.,AUC_w,Time
18,5,82,0.8156822810590632,0.9318597307628387,0.8699092390039562,6017,0.7815585033325253,0.9620253164556962,0.9047619047619048,0.9325153374233128,84,0.9522208499153744,0.9819819819819819,0.9159663865546218,0.9478260869565216,119,0.9578760580726826,0.9722222222222222,1.0,0.9859154929577464,35,0.999946910172011,0.0,0.0,0.0,6,0.5,0.0,0.0,0.0,1,0.4999471011426153,0.8263651877133106,0.6070197430272641,0.6999096657633244,3191,0.7710122669144625,0.8226579243987592,0.8213265629958744,0.813845897543899,9453,0.7823346609051686,134939.73021316528
