Rep.,Kfold,Num. Vars.,Precision-Background,Recall-Background,F1_score_Background,Num. Obs. Background,AUC_Background,Precision-DoS,Recall-DoS,F1_score_DoS,Num. Obs. Dos,AUC_DoS,Precision-Botnet,Recall-Botnet,F1_score_Botnet,Num. Obs. Botnet,AUC_Botnet,Precision-Scan,Recall-Scan,F1_score_Scan,Num. Obs. Scan,AUC_Scan,Precision-SSHscan,Recall-SSHscan,F1_score_SSHscan,Num. Obs. SSHscan,AUC_SSHscan,Precision-UDPscan,Recall-UDPscan,F1_score_UDPscan,Num. Obs. UDPscan,AUC_UDPscan,Precision-Spam,Recall-Spam,F1_score_Spam,Num. Obs. Spam,AUC_Spam,Precision-w,Recall-w,F1_score_w,Total Obs.,AUC_w,Time
8,2,89,0.8213360574993616,0.9351555684792091,0.8745580979759916,24073,0.789466196256772,0.9903536977491961,0.9221556886227545,0.9550387596899226,334,0.9610378293724667,0.9747126436781609,0.8926315789473684,0.9318681318681319,475,0.9461685140686769,0.9925373134328358,0.9432624113475178,0.9672727272727273,141,0.9716179356825171,0.0,0.0,0.0,21,0.5,1.0,0.5714285714285714,0.7272727272727273,7,0.7857142857142857,0.8432033032706726,0.6077218262980656,0.7063535408701984,12769,0.7750596676897696,0.832353260011495,0.8234003172924379,0.8190312566884657,37820,0.7886031583115864,153665.2540230751
