Rep.,Kfold,Num. Vars.,Precision-Background,Recall-Background,F1_score_Background,Num. Obs. Background,AUC_Background,Precision-DoS,Recall-DoS,F1_score_DoS,Num. Obs. Dos,AUC_DoS,Precision-Botnet,Recall-Botnet,F1_score_Botnet,Num. Obs. Botnet,AUC_Botnet,Precision-Scan,Recall-Scan,F1_score_Scan,Num. Obs. Scan,AUC_Scan,Precision-SSHscan,Recall-SSHscan,F1_score_SSHscan,Num. Obs. SSHscan,AUC_SSHscan,Precision-UDPscan,Recall-UDPscan,F1_score_UDPscan,Num. Obs. UDPscan,AUC_UDPscan,Precision-Spam,Recall-Spam,F1_score_Spam,Num. Obs. Spam,AUC_Spam,Precision-w,Recall-w,F1_score_w,Total Obs.,AUC_w,Time
20,5,87,0.8168753402286336,0.9350697906281157,0.8719855889360218,24072,0.7839772379841197,0.9837133550488599,0.9069069069069069,0.94375,333,0.9533867583302008,0.977728285077951,0.9222689075630253,0.9491891891891892,476,0.9610005527076261,1.0,0.9428571428571428,0.9705882352941176,140,0.9714285714285714,0.0,0.0,0.0,21,0.5,1.0,1.0,1.0,7,1.0,0.8420181055420622,0.5973527568922306,0.6988912306423531,12768,0.770112363914597,0.8291161533826875,0.8201602453922839,0.815052634706738,37817,0.7835922677321863,88790.5533592701
