Rep.,Kfold,Num. Vars.,Precision-Background,Recall-Background,F1_score_Background,Num. Obs. Background,AUC_Background,Precision-DoS,Recall-DoS,F1_score_DoS,Num. Obs. Dos,AUC_DoS,Precision-Botnet,Recall-Botnet,F1_score_Botnet,Num. Obs. Botnet,AUC_Botnet,Precision-Scan,Recall-Scan,F1_score_Scan,Num. Obs. Scan,AUC_Scan,Precision-SSHscan,Recall-SSHscan,F1_score_SSHscan,Num. Obs. SSHscan,AUC_SSHscan,Precision-UDPscan,Recall-UDPscan,F1_score_UDPscan,Num. Obs. UDPscan,AUC_UDPscan,Precision-Spam,Recall-Spam,F1_score_Spam,Num. Obs. Spam,AUC_Spam,Precision-w,Recall-w,F1_score_w,Total Obs.,AUC_w,Time
14,4,86,0.8198356807511737,0.9288563829787234,0.8709476309226933,6016,0.7857320331657296,0.9625,0.9166666666666666,0.9390243902439025,84,0.9581732137773982,0.963963963963964,0.8991596638655462,0.9304347826086956,119,0.9493655385651527,0.967741935483871,0.8571428571428571,0.909090909090909,35,0.9285183331057812,0.0,0.0,0.0,5,0.5,1.0,1.0,1.0,1,1.0,0.8270929743374,0.6159147869674185,0.7060513557191596,3192,0.7751299174453705,0.8255020005223962,0.8219424460431655,0.8163092303021143,9452,0.7861444983829782,141166.37540078163
