Rep.,Kfold,Num. Vars.,Precision-Background,Recall-Background,F1_score_Background,Num. Obs. Background,AUC_Background,Precision-DoS,Recall-DoS,F1_score_DoS,Num. Obs. Dos,AUC_DoS,Precision-Botnet,Recall-Botnet,F1_score_Botnet,Num. Obs. Botnet,AUC_Botnet,Precision-Scan,Recall-Scan,F1_score_Scan,Num. Obs. Scan,AUC_Scan,Precision-SSHscan,Recall-SSHscan,F1_score_SSHscan,Num. Obs. SSHscan,AUC_SSHscan,Precision-UDPscan,Recall-UDPscan,F1_score_UDPscan,Num. Obs. UDPscan,AUC_UDPscan,Precision-Spam,Recall-Spam,F1_score_Spam,Num. Obs. Spam,AUC_Spam,Precision-w,Recall-w,F1_score_w,Total Obs.,AUC_w,Time
16,4,84,0.8192981816856758,0.9341088491898629,0.8729446935724963,24070,0.7867009186304276,0.9808306709265175,0.9191616766467066,0.9489953632148377,334,0.9595008041754501,0.9773755656108597,0.907563025210084,0.9411764705882353,476,0.9536476151169588,0.9924812030075187,0.9361702127659575,0.9635036496350365,141,0.9680718356873289,0.0,0.0,0.0,21,0.5,1.0,0.5,0.6666666666666666,8,0.75,0.8420878027203361,0.5964129072681704,0.6982715143734813,12768,0.7697034596221091,0.8306375895407414,0.819027976096039,0.8153117898634572,37818,0.7850989620316163,103374.88092899323
