Rep.,Kfold,Num. Vars.,Precision-Background,Recall-Background,F1_score_Background,Num. Obs. Background,AUC_Background,Precision-DoS,Recall-DoS,F1_score_DoS,Num. Obs. Dos,AUC_DoS,Precision-Botnet,Recall-Botnet,F1_score_Botnet,Num. Obs. Botnet,AUC_Botnet,Precision-Scan,Recall-Scan,F1_score_Scan,Num. Obs. Scan,AUC_Scan,Precision-SSHscan,Recall-SSHscan,F1_score_SSHscan,Num. Obs. SSHscan,AUC_SSHscan,Precision-UDPscan,Recall-UDPscan,F1_score_UDPscan,Num. Obs. UDPscan,AUC_UDPscan,Precision-Spam,Recall-Spam,F1_score_Spam,Num. Obs. Spam,AUC_Spam,Precision-w,Recall-w,F1_score_w,Total Obs.,AUC_w,Time
14,1,80,0.8182942803085431,0.9342416815519462,0.87243245340109,24073,0.7854944223878438,0.9836065573770492,0.8982035928143712,0.9389671361502347,334,0.9490351066213933,0.9684684684684685,0.9052631578947369,0.9357997823721437,475,0.9524441425418632,0.9924242424242424,0.9290780141843972,0.9597069597069597,141,0.9645257374531327,0.0,0.0,0.0,22,0.5,1.0,0.5714285714285714,0.7272727272727273,7,0.7857142857142857,0.8401630315047367,0.5973059754091942,0.6982194351627226,12769,0.7696932240130754,0.8292302924306555,0.8191745326670369,0.8147896652343348,37821,0.7842020790001679,101356.61962032318
