Rep.,Kfold,Num. Vars.,Precision-Background,Recall-Background,F1_score_Background,Num. Obs. Background,AUC_Background,Precision-DoS,Recall-DoS,F1_score_DoS,Num. Obs. Dos,AUC_DoS,Precision-Botnet,Recall-Botnet,F1_score_Botnet,Num. Obs. Botnet,AUC_Botnet,Precision-Scan,Recall-Scan,F1_score_Scan,Num. Obs. Scan,AUC_Scan,Precision-SSHscan,Recall-SSHscan,F1_score_SSHscan,Num. Obs. SSHscan,AUC_SSHscan,Precision-UDPscan,Recall-UDPscan,F1_score_UDPscan,Num. Obs. UDPscan,AUC_UDPscan,Precision-Spam,Recall-Spam,F1_score_Spam,Num. Obs. Spam,AUC_Spam,Precision-w,Recall-w,F1_score_w,Total Obs.,AUC_w,Time
2,5,86,0.8147666522178876,0.9371779956789098,0.8716957798732415,6017,0.7819805553358159,0.9746835443037974,0.927710843373494,0.9506172839506173,83,0.9637486867096949,0.9727272727272728,0.8991596638655462,0.9344978165938865,119,0.9494191119070579,0.9393939393939394,0.8857142857142857,0.9117647058823529,35,0.9427509519258483,0.0,0.0,0.0,5,0.5,1.0,0.5,0.6666666666666666,2,0.75,0.8360869565217391,0.6026324036352241,0.7004188672372975,3191,0.7712091901581328,0.8254270516468947,0.8228946254760897,0.815000178336151,9452,0.7824877090437425,154568.70442533493
