Rep.,Kfold,Num. Vars.,Precision-Background,Recall-Background,F1_score_Background,Num. Obs. Background,AUC_Background,Precision-DoS,Recall-DoS,F1_score_DoS,Num. Obs. Dos,AUC_DoS,Precision-Botnet,Recall-Botnet,F1_score_Botnet,Num. Obs. Botnet,AUC_Botnet,Precision-Scan,Recall-Scan,F1_score_Scan,Num. Obs. Scan,AUC_Scan,Precision-SSHscan,Recall-SSHscan,F1_score_SSHscan,Num. Obs. SSHscan,AUC_SSHscan,Precision-UDPscan,Recall-UDPscan,F1_score_UDPscan,Num. Obs. UDPscan,AUC_UDPscan,Precision-Spam,Recall-Spam,F1_score_Spam,Num. Obs. Spam,AUC_Spam,Precision-w,Recall-w,F1_score_w,Total Obs.,AUC_w,Time
9,2,79,0.8246628131021194,0.924713312281868,0.8718270134753996,6017,0.7902088098079887,0.9375,0.8928571428571429,0.9146341463414636,84,0.9461617339859414,0.9629629629629629,0.8739495798319328,0.9162995594713657,119,0.9367605195067099,1.0,0.9428571428571428,0.9705882352941176,35,0.9714285714285714,0.0,0.0,0.0,6,0.5,0.0,0.0,0.0,2,0.5,0.8240854911631731,0.6285266457680251,0.7131424506491197,3190,0.7800943942555597,0.8271629594666843,0.8231249338834232,0.8188455582098002,9453,0.7904516675939935,129611.08262991905
