Rep.,Kfold,Num. Vars.,Precision-Background,Recall-Background,F1_score_Background,Num. Obs. Background,AUC_Background,Precision-DoS,Recall-DoS,F1_score_DoS,Num. Obs. Dos,AUC_DoS,Precision-Botnet,Recall-Botnet,F1_score_Botnet,Num. Obs. Botnet,AUC_Botnet,Precision-Scan,Recall-Scan,F1_score_Scan,Num. Obs. Scan,AUC_Scan,Precision-SSHscan,Recall-SSHscan,F1_score_SSHscan,Num. Obs. SSHscan,AUC_SSHscan,Precision-UDPscan,Recall-UDPscan,F1_score_UDPscan,Num. Obs. UDPscan,AUC_UDPscan,Precision-Spam,Recall-Spam,F1_score_Spam,Num. Obs. Spam,AUC_Spam,Precision-w,Recall-w,F1_score_w,Total Obs.,AUC_w,Time
16,3,80,0.8195239310319687,0.9339093590329415,0.872985671572244,24073,0.7868790266467537,0.9869706840390879,0.907185628742515,0.9453978159126365,334,0.9535394611193768,0.9748858447488584,0.8989473684210526,0.9353778751369113,475,0.9493264088055189,0.9925373134328358,0.9432624113475178,0.9672727272727273,141,0.9716179356825171,0.0,0.0,0.0,22,0.5,1.0,0.5714285714285714,0.7272727272727273,7,0.7857142857142857,0.8423996490458434,0.6015820802005013,0.7019098967376406,12768,0.7721106952176066,0.830878504935714,0.8204653622421999,0.8164704748319948,37820,0.7859269835572033,102008.13612818718
