Rep.,Kfold,Num. Vars.,Precision-Background,Recall-Background,F1_score_Background,Num. Obs. Background,AUC_Background,Precision-DoS,Recall-DoS,F1_score_DoS,Num. Obs. Dos,AUC_DoS,Precision-Botnet,Recall-Botnet,F1_score_Botnet,Num. Obs. Botnet,AUC_Botnet,Precision-Scan,Recall-Scan,F1_score_Scan,Num. Obs. Scan,AUC_Scan,Precision-SSHscan,Recall-SSHscan,F1_score_SSHscan,Num. Obs. SSHscan,AUC_SSHscan,Precision-UDPscan,Recall-UDPscan,F1_score_UDPscan,Num. Obs. UDPscan,AUC_UDPscan,Precision-Spam,Recall-Spam,F1_score_Spam,Num. Obs. Spam,AUC_Spam,Precision-w,Recall-w,F1_score_w,Total Obs.,AUC_w,Time
1,3,87,0.8221338048924256,0.9270521768029245,0.8714464229928147,6018,0.7878346764655089,0.971830985915493,0.8313253012048193,0.8961038961038961,83,0.9155559270164972,0.9811320754716981,0.8739495798319328,0.9244444444444444,119,0.9368676547113381,0.9444444444444444,0.9714285714285714,0.9577464788732395,35,0.9856081060583078,0.0,0.0,0.0,6,0.5,1.0,0.5,0.6666666666666666,2,0.75,0.8171641791044776,0.6178683385579937,0.7036772581220994,3190,0.7737273993604274,0.8237413745428516,0.8206918438590923,0.815437956134525,9453,0.78661315598162,138976.8075222969
