Rep.,Kfold,Num. Vars.,Precision-Background,Recall-Background,F1_score_Background,Num. Obs. Background,AUC_Background,Precision-DoS,Recall-DoS,F1_score_DoS,Num. Obs. Dos,AUC_DoS,Precision-Botnet,Recall-Botnet,F1_score_Botnet,Num. Obs. Botnet,AUC_Botnet,Precision-Scan,Recall-Scan,F1_score_Scan,Num. Obs. Scan,AUC_Scan,Precision-SSHscan,Recall-SSHscan,F1_score_SSHscan,Num. Obs. SSHscan,AUC_SSHscan,Precision-UDPscan,Recall-UDPscan,F1_score_UDPscan,Num. Obs. UDPscan,AUC_UDPscan,Precision-Spam,Recall-Spam,F1_score_Spam,Num. Obs. Spam,AUC_Spam,Precision-w,Recall-w,F1_score_w,Total Obs.,AUC_w,Time
5,4,78,0.8205773501110288,0.9209170958631002,0.8678565836856115,6019,0.7841419927962576,0.9523809523809523,0.963855421686747,0.9580838323353292,83,0.981714331989218,0.9724770642201835,0.8907563025210085,0.9298245614035089,119,0.9452175000877506,0.967741935483871,0.8571428571428571,0.909090909090909,35,0.9285183556492336,0.0,0.0,0.0,6,0.5,0.0,0.0,0.0,2,0.49994711233340383,0.8108776266996292,0.6165413533834586,0.7004805125467164,3192,0.7716327456572466,0.8202220613552513,0.817153130287648,0.8123467466118705,9456,0.7839745756679931,89678.10542917252
