Rep.,Kfold,Num. Vars.,Precision-Background,Recall-Background,F1_score_Background,Num. Obs. Background,AUC_Background,Precision-DoS,Recall-DoS,F1_score_DoS,Num. Obs. Dos,AUC_DoS,Precision-Botnet,Recall-Botnet,F1_score_Botnet,Num. Obs. Botnet,AUC_Botnet,Precision-Scan,Recall-Scan,F1_score_Scan,Num. Obs. Scan,AUC_Scan,Precision-SSHscan,Recall-SSHscan,F1_score_SSHscan,Num. Obs. SSHscan,AUC_SSHscan,Precision-UDPscan,Recall-UDPscan,F1_score_UDPscan,Num. Obs. UDPscan,AUC_UDPscan,Precision-Spam,Recall-Spam,F1_score_Spam,Num. Obs. Spam,AUC_Spam,Precision-w,Recall-w,F1_score_w,Total Obs.,AUC_w,Time
16,2,82,0.8191322720483771,0.9341143236955799,0.8728529006463133,24072,0.7864591697046208,0.987012987012987,0.9129129129129129,0.9485179407176287,333,0.956403101781253,0.9702517162471396,0.8926315789473684,0.9298245614035088,475,0.946141727400471,0.9926470588235294,0.9574468085106383,0.9747292418772563,141,0.9787101335596693,0.0,0.0,0.0,22,0.5,1.0,0.7142857142857143,0.8333333333333333,7,0.8571428571428572,0.8417360806663744,0.6015037593984962,0.7016261648090626,12768,0.7719295244098269,0.8303439223619344,0.8206145221852028,0.8162904223915549,37818,0.7856189905080807,129500.75004076958
