Rep.,Kfold,Num. Vars.,Precision-Background,Recall-Background,F1_score_Background,Num. Obs. Background,AUC_Background,Precision-DoS,Recall-DoS,F1_score_DoS,Num. Obs. Dos,AUC_DoS,Precision-Botnet,Recall-Botnet,F1_score_Botnet,Num. Obs. Botnet,AUC_Botnet,Precision-Scan,Recall-Scan,F1_score_Scan,Num. Obs. Scan,AUC_Scan,Precision-SSHscan,Recall-SSHscan,F1_score_SSHscan,Num. Obs. SSHscan,AUC_SSHscan,Precision-UDPscan,Recall-UDPscan,F1_score_UDPscan,Num. Obs. UDPscan,AUC_UDPscan,Precision-Spam,Recall-Spam,F1_score_Spam,Num. Obs. Spam,AUC_Spam,Precision-w,Recall-w,F1_score_w,Total Obs.,AUC_w,Time
5,5,77,0.8158730158730159,0.9396709323583181,0.8734069668649108,6017,0.7841544417321276,0.9,0.8674698795180723,0.8834355828220859,83,0.9333080454153863,0.9646017699115044,0.9159663865546218,0.9396551724137931,119,0.9577689228680544,0.967741935483871,0.8571428571428571,0.909090909090909,35,0.9285183387434396,0.0,0.0,0.0,5,0.5,1.0,0.5,0.6666666666666666,2,0.75,0.8461538461538461,0.606516290726817,0.7065693430656934,3192,0.7751476198882448,0.8288786196754911,0.8253464508621602,0.817619242223088,9453,0.7849852628829244,145144.63220238686
