Rep.,Kfold,Num. Vars.,Precision-Background,Recall-Background,F1_score_Background,Num. Obs. Background,AUC_Background,Precision-DoS,Recall-DoS,F1_score_DoS,Num. Obs. Dos,AUC_DoS,Precision-Botnet,Recall-Botnet,F1_score_Botnet,Num. Obs. Botnet,AUC_Botnet,Precision-Scan,Recall-Scan,F1_score_Scan,Num. Obs. Scan,AUC_Scan,Precision-SSHscan,Recall-SSHscan,F1_score_SSHscan,Num. Obs. SSHscan,AUC_SSHscan,Precision-UDPscan,Recall-UDPscan,F1_score_UDPscan,Num. Obs. UDPscan,AUC_UDPscan,Precision-Spam,Recall-Spam,F1_score_Spam,Num. Obs. Spam,AUC_Spam,Precision-w,Recall-w,F1_score_w,Total Obs.,AUC_w,Time
4,5,86,0.8238227959512983,0.9332003988035892,0.8751071289442929,6018,0.7917312419178109,0.9634146341463414,0.9518072289156626,0.9575757575757576,83,0.9757435119922533,0.9907407407407407,0.9067796610169492,0.9469026548672566,118,0.9533362629061605,1.0,0.8857142857142857,0.9393939393939393,35,0.9428571428571428,0.0,0.0,0.0,5,0.5,0.5,0.5,0.5,2,0.74994708994709,0.8264497288277013,0.6208085239736759,0.7090193271295632,3191,0.7771827318798262,0.8281673183205314,0.8268091409225561,0.8203520380754447,9452,0.7908494494274322,131892.36949253082
