Rep.,Kfold,Num. Vars.,Precision-Background,Recall-Background,F1_score_Background,Num. Obs. Background,AUC_Background,Precision-DoS,Recall-DoS,F1_score_DoS,Num. Obs. Dos,AUC_DoS,Precision-Botnet,Recall-Botnet,F1_score_Botnet,Num. Obs. Botnet,AUC_Botnet,Precision-Scan,Recall-Scan,F1_score_Scan,Num. Obs. Scan,AUC_Scan,Precision-SSHscan,Recall-SSHscan,F1_score_SSHscan,Num. Obs. SSHscan,AUC_SSHscan,Precision-UDPscan,Recall-UDPscan,F1_score_UDPscan,Num. Obs. UDPscan,AUC_UDPscan,Precision-Spam,Recall-Spam,F1_score_Spam,Num. Obs. Spam,AUC_Spam,Precision-w,Recall-w,F1_score_w,Total Obs.,AUC_w,Time
11,1,86,0.8212772175946222,0.9340202758849925,0.8740279937791603,6017,0.7891451001298143,0.9425287356321839,0.9761904761904762,0.95906432748538,84,0.9878284576022277,0.9906542056074766,0.8907563025210085,0.9380530973451328,119,0.9453245951336833,0.9411764705882353,0.8888888888888888,0.9142857142857143,36,0.9443382760613889,0.0,0.0,0.0,6,0.5,1.0,0.5,0.6666666666666666,2,0.75,0.8386411889596603,0.6189282356628016,0.71222502704652,3191,0.7791320616372757,0.8303195842875396,0.8266525647805394,0.8205366304616726,9455,0.7898957029469429,165686.65914559364
