Rep.,Kfold,Num. Vars.,Precision-Background,Recall-Background,F1_score_Background,Num. Obs. Background,AUC_Background,Precision-DoS,Recall-DoS,F1_score_DoS,Num. Obs. Dos,AUC_DoS,Precision-Botnet,Recall-Botnet,F1_score_Botnet,Num. Obs. Botnet,AUC_Botnet,Precision-Scan,Recall-Scan,F1_score_Scan,Num. Obs. Scan,AUC_Scan,Precision-SSHscan,Recall-SSHscan,F1_score_SSHscan,Num. Obs. SSHscan,AUC_SSHscan,Precision-UDPscan,Recall-UDPscan,F1_score_UDPscan,Num. Obs. UDPscan,AUC_UDPscan,Precision-Spam,Recall-Spam,F1_score_Spam,Num. Obs. Spam,AUC_Spam,Precision-w,Recall-w,F1_score_w,Total Obs.,AUC_w,Time
5,1,84,0.8165084002921841,0.9288682067475487,0.8690716840304774,6017,0.7817166171939663,0.9390243902439024,0.927710843373494,0.9333333333333333,83,0.9635886411937366,0.9722222222222222,0.8823529411764706,0.9251101321585902,119,0.9410157849963766,0.9696969696969697,0.8888888888888888,0.927536231884058,36,0.9443913546164554,0.0,0.0,0.0,5,0.5,1.0,1.0,1.0,2,1.0,0.8297690333618477,0.6077694235588973,0.7016274864376131,3192,0.7721057274294008,0.8242115886178197,0.8192299555743601,0.8135969257733878,9454,0.7825901408938634,157929.96213054657
