Rep.,Kfold,Num. Vars.,Precision-Background,Recall-Background,F1_score_Background,Num. Obs. Background,AUC_Background,Precision-DoS,Recall-DoS,F1_score_DoS,Num. Obs. Dos,AUC_DoS,Precision-Botnet,Recall-Botnet,F1_score_Botnet,Num. Obs. Botnet,AUC_Botnet,Precision-Scan,Recall-Scan,F1_score_Scan,Num. Obs. Scan,AUC_Scan,Precision-SSHscan,Recall-SSHscan,F1_score_SSHscan,Num. Obs. SSHscan,AUC_SSHscan,Precision-UDPscan,Recall-UDPscan,F1_score_UDPscan,Num. Obs. UDPscan,AUC_UDPscan,Precision-Spam,Recall-Spam,F1_score_Spam,Num. Obs. Spam,AUC_Spam,Precision-w,Recall-w,F1_score_w,Total Obs.,AUC_w,Time
7,4,88,0.8185024909996728,0.9350282485875706,0.8728936805569021,24072,0.7859704024838041,0.9903225806451613,0.9219219219219219,0.9548989113530326,333,0.9609209449545584,0.9707207207207207,0.9073684210526316,0.9379760609357998,475,0.9535101484531027,1.0,0.9432624113475178,0.9708029197080292,141,0.9716312056737588,0.0,0.0,0.0,21,0.5,1.0,0.7142857142857143,0.8333333333333333,7,0.8571428571428572,0.8435809692018986,0.5984806954342549,0.7002015759574858,12769,0.7709557854591531,0.8306506721873275,0.8204029827066476,0.815997861156172,37818,0.7850922298456594,118233.82570171356
