Rep.,Kfold,Num. Vars.,Precision-Background,Recall-Background,F1_score_Background,Num. Obs. Background,AUC_Background,Precision-DoS,Recall-DoS,F1_score_DoS,Num. Obs. Dos,AUC_DoS,Precision-Botnet,Recall-Botnet,F1_score_Botnet,Num. Obs. Botnet,AUC_Botnet,Precision-Scan,Recall-Scan,F1_score_Scan,Num. Obs. Scan,AUC_Scan,Precision-SSHscan,Recall-SSHscan,F1_score_SSHscan,Num. Obs. SSHscan,AUC_SSHscan,Precision-UDPscan,Recall-UDPscan,F1_score_UDPscan,Num. Obs. UDPscan,AUC_UDPscan,Precision-Spam,Recall-Spam,F1_score_Spam,Num. Obs. Spam,AUC_Spam,Precision-w,Recall-w,F1_score_w,Total Obs.,AUC_w,Time
10,2,88,0.8132678132678133,0.9350282485875706,0.8699080157687255,6018,0.7795048111389542,0.9487179487179487,0.891566265060241,0.9192546583850931,83,0.9455697081357122,0.9541284403669725,0.8739495798319328,0.912280701754386,119,0.936706980596202,0.9166666666666666,0.9428571428571428,0.9295774647887323,35,0.9712693188539882,0.0,0.0,0.0,5,0.5,0.3333333333333333,0.5,0.4,2,0.7498942022852306,0.8336236933797909,0.599624060150376,0.6975218658892128,3192,0.7693105928346897,0.8229540304274648,0.8200761582398984,0.8123324504164265,9454,0.7800554259353953,121108.40324401855
