Rep.,Kfold,Num. Vars.,Precision-Background,Recall-Background,F1_score_Background,Num. Obs. Background,AUC_Background,Precision-DoS,Recall-DoS,F1_score_DoS,Num. Obs. Dos,AUC_DoS,Precision-Botnet,Recall-Botnet,F1_score_Botnet,Num. Obs. Botnet,AUC_Botnet,Precision-Scan,Recall-Scan,F1_score_Scan,Num. Obs. Scan,AUC_Scan,Precision-SSHscan,Recall-SSHscan,F1_score_SSHscan,Num. Obs. SSHscan,AUC_SSHscan,Precision-UDPscan,Recall-UDPscan,F1_score_UDPscan,Num. Obs. UDPscan,AUC_UDPscan,Precision-Spam,Recall-Spam,F1_score_Spam,Num. Obs. Spam,AUC_Spam,Precision-w,Recall-w,F1_score_w,Total Obs.,AUC_w,Time
20,1,82,0.8226971260132645,0.9273965775045688,0.8719150265542017,6019,0.7886910149670066,0.9868421052631579,0.9036144578313253,0.9433962264150944,83,0.9517538842021237,0.9565217391304348,0.9243697478991597,0.9401709401709402,119,0.9619171219949905,1.0,0.8857142857142857,0.9393939393939393,35,0.9428571428571428,0.0,0.0,0.0,5,0.5,1.0,0.5,0.6666666666666666,2,0.75,0.824212271973466,0.6226119636705293,0.7093666369313113,3193,0.7774563889883861,0.8265924035087225,0.8234983079526227,0.8182591546569726,9456,0.7889184834002232,105549.09856700897
