Rep.,Kfold,Num. Vars.,Precision-Background,Recall-Background,F1_score_Background,Num. Obs. Background,AUC_Background,Precision-DoS,Recall-DoS,F1_score_DoS,Num. Obs. Dos,AUC_DoS,Precision-Botnet,Recall-Botnet,F1_score_Botnet,Num. Obs. Botnet,AUC_Botnet,Precision-Scan,Recall-Scan,F1_score_Scan,Num. Obs. Scan,AUC_Scan,Precision-SSHscan,Recall-SSHscan,F1_score_SSHscan,Num. Obs. SSHscan,AUC_SSHscan,Precision-UDPscan,Recall-UDPscan,F1_score_UDPscan,Num. Obs. UDPscan,AUC_UDPscan,Precision-Spam,Recall-Spam,F1_score_Spam,Num. Obs. Spam,AUC_Spam,Precision-w,Recall-w,F1_score_w,Total Obs.,AUC_w,Time
8,2,89,0.8197708578143361,0.9273845131272848,0.8702635272103539,6018,0.7851935658449923,0.9864864864864865,0.8795180722891566,0.9299363057324841,83,0.9397056857391153,0.9818181818181818,0.907563025210084,0.9432314410480349,119,0.9536744003514003,1.0,0.9142857142857143,0.955223880597015,35,0.9571428571428571,0.0,0.0,0.0,6,0.5,1.0,0.5,0.6666666666666666,2,0.75,0.8214434710054235,0.6168546365914787,0.704598318124888,3192,0.7742583896672866,0.8240236196499977,0.8211528291909043,0.8154964740583073,9455,0.7854268095855428,153665.2540230751
