{"C": 3.916449174261764, "gamma": 0.8146871373207755}