{"C": 37.6904649518354, "gamma": 1.8950357309564245}