Rep,Kfold,Num_Vars_,Precision_background,Recall_background,F1_score_background,Num_Obs_background,AUC_background,Accuracy_background,Precision_dos,Recall_dos,F1_score_dos,Num_Obs_dos,AUC_dos,Accuracy_dos,Precision_scan,Recall_scan,F1_score_scan,Num_Obs_scan,AUC_scan,Accuracy_scan,Precision_w,Recall_w,F1_score_w,Total_Obs,AUC_w,Accuracy_w,Hyper_time,Training_time,Testing_time,Total_time
14.0,2.0,55.0,0.9718384697130712,0.9983624454148472,0.9849219170705439,1832.0,0.9870697053399647,0.9860696517412936,0.9882352941176471,0.04257475924987329,0.0816326530612245,1973.0,0.521043119732411,0.5298507462686567,1.0,0.06046511627906977,0.11403508771929825,215.0,0.5302325581395348,0.9497512437810945,0.9813921173652895,0.4791044776119403,0.49501386080166204,4020.0,0.7339128794564335,0.7602168263161803,1497.6762630939484,10.826590776443481,1.156158447265625,1522.1681401729584
