Rep,Kfold,Num_Vars_,Precision_background,Recall_background,F1_score_background,Num_Obs_background,AUC_background,Accuracy_background,Precision_dos,Recall_dos,F1_score_dos,Num_Obs_dos,AUC_dos,Accuracy_dos,Precision_scan,Recall_scan,F1_score_scan,Num_Obs_scan,AUC_scan,Accuracy_scan,Precision_w,Recall_w,F1_score_w,Total_Obs,AUC_w,Accuracy_w,Hyper_time,Training_time,Testing_time,Total_time
18.0,4.0,47.0,0.3735803945008966,0.6823144104803494,0.4828118964851294,1832.0,0.3623997817591331,0.3339965182790351,0.9230769230769231,0.02434077079107505,0.047430830039525695,1972.0,0.5111942994999786,0.5205172842576473,0.07756813417190776,0.17050691244239632,0.10662824207492798,217.0,0.5274195971255095,0.8458095001243472,0.6270925789974232,0.33200696344192987,0.24898863957447429,4021.0,0.4442779436391259,0.45309185962950915,561.074275970459,40.02703928947449,1.6683554649353027,613.3512759208679
