Rep,Kfold,Num_Vars_,Precision_background,Recall_background,F1_score_background,Num_Obs_background,AUC_background,Accuracy_background,Precision_dos,Recall_dos,F1_score_dos,Num_Obs_dos,AUC_dos,Accuracy_dos,Precision_scan,Recall_scan,F1_score_scan,Num_Obs_scan,AUC_scan,Accuracy_scan,Precision_w,Recall_w,F1_score_w,Total_Obs,AUC_w,Accuracy_w,Hyper_time,Training_time,Testing_time,Total_time
13.0,1.0,50.0,0.9342105263157895,1.0,0.9659863945578232,710.0,0.5098039215686274,0.9342969776609724,0.0,0.0,0.0,21.0,0.5,0.9724047306176085,0.0,0.0,0.0,30.0,0.5,0.9605781865965834,0.8716024621343108,0.9329829172141918,0.9012488043837772,761.0,0.5091468913452372,0.9363846242840442,1424.1070346832275,37.323474168777466,1.0460467338562012,1.0460467338562012
