Rep,Kfold,Num_Vars_,Precision_background,Recall_background,F1_score_background,Num_Obs_background,AUC_background,Accuracy_background,Precision_dos,Recall_dos,F1_score_dos,Num_Obs_dos,AUC_dos,Accuracy_dos,Precision_scan,Recall_scan,F1_score_scan,Num_Obs_scan,AUC_scan,Accuracy_scan,Precision_w,Recall_w,F1_score_w,Total_Obs,AUC_w,Accuracy_w,Hyper_time,Training_time,Testing_time,Total_time
14.0,5.0,37.0,0.9535256410256411,0.8380281690140845,0.8920539730134933,710.0,0.6230957171601035,0.8102766798418972,0.0,0.0,0.0,20.0,0.5,0.9736495388669302,0.0,0.0,0.0,29.0,0.5,0.9617918313570487,0.8919673321847236,0.7839262187088274,0.8344641908294865,759.0,0.6151488263289506,0.8203707464748881,1476.978675365448,9.495917558670044,0.6700704097747803,0.6700704097747803
