Rep,Kfold,Num_Vars_,Precision_background,Recall_background,F1_score_background,Num_Obs_background,AUC_background,Accuracy_background,Precision_dos,Recall_dos,F1_score_dos,Num_Obs_dos,AUC_dos,Accuracy_dos,Precision_scan,Recall_scan,F1_score_scan,Num_Obs_scan,AUC_scan,Accuracy_scan,Precision_w,Recall_w,F1_score_w,Total_Obs,AUC_w,Accuracy_w,Hyper_time,Training_time,Testing_time,Total_time
1.0,5.0,61.0,0.9743726641751201,0.9967231021299836,0.9854211663066954,1831.0,0.987397640603594,0.9865671641791045,1.0,0.011156186612576065,0.022066198595787363,1972.0,0.505578093306288,0.5149253731343284,1.0,0.06451612903225806,0.12121212121212122,217.0,0.532258064516129,0.949502487562189,0.9883274497772749,0.4629353233830846,0.4661999326968861,4020.0,0.7264739004838758,0.7532038192123958,2207.804062604904,21.911818981170654,2.9077365398406982,2254.2102539539337
