Rep,Kfold,Num_Vars_,Precision_background,Recall_background,F1_score_background,Num_Obs_background,AUC_background,Accuracy_background,Precision_dos,Recall_dos,F1_score_dos,Num_Obs_dos,AUC_dos,Accuracy_dos,Precision_scan,Recall_scan,F1_score_scan,Num_Obs_scan,AUC_scan,Accuracy_scan,Precision_w,Recall_w,F1_score_w,Total_Obs,AUC_w,Accuracy_w,Hyper_time,Training_time,Testing_time,Total_time
10.0,4.0,34.0,0.989351403678606,0.911685994647636,0.9489322191272052,1121.0,0.8412596639904848,0.9059024807527801,0.56,0.42424242424242425,0.4827586206896552,33.0,0.7072796628254375,0.9743370402053037,1.0,0.2,0.33333333333333337,15.0,0.6,0.9897348160821214,0.9773677703367983,0.8887938408896493,0.9278734406538541,1169.0,0.8343817897404388,0.9089100303608839,1734.6659622192383,48.53209185600281,2.0754289627075195,2.0754289627075195
