Rep,Kfold,Num_Vars_,Precision_background,Recall_background,F1_score_background,Num_Obs_background,AUC_background,Accuracy_background,Precision_dos,Recall_dos,F1_score_dos,Num_Obs_dos,AUC_dos,Accuracy_dos,Precision_scan,Recall_scan,F1_score_scan,Num_Obs_scan,AUC_scan,Accuracy_scan,Precision_w,Recall_w,F1_score_w,Total_Obs,AUC_w,Accuracy_w,Hyper_time,Training_time,Testing_time,Total_time
15.0,1.0,36.0,0.9796682718031032,1.0,0.9897297297297296,1831.0,0.9913162705667277,0.9905449116695696,0.9196806012212306,0.9934043632673769,0.955121951219512,1971.0,0.9549541347586885,0.9542174670315999,0.9375,0.06912442396313365,0.12875536480686695,217.0,0.5344307022498467,0.9494899228663847,0.9479722743663915,0.9465041054988803,0.9262703197690678,4019.0,0.9488146686751108,0.9705124842120605,1459.1078176498413,13.936475038528442,1.1351659297943115,1486.7796895503998
