Rep,Kfold,Num_Vars_,Precision_background,Recall_background,F1_score_background,Num_Obs_background,AUC_background,Accuracy_background,Precision_dos,Recall_dos,F1_score_dos,Num_Obs_dos,AUC_dos,Accuracy_dos,Precision_scan,Recall_scan,F1_score_scan,Num_Obs_scan,AUC_scan,Accuracy_scan,Precision_w,Recall_w,F1_score_w,Total_Obs,AUC_w,Accuracy_w,Hyper_time,Training_time,Testing_time,Total_time
12.0,2.0,40.0,0.0004786979415988511,1.0,0.0009569377990430621,1.0,0.5004784688995215,0.0014347202295552368,0.0,0.0,0.0,1918.0,0.5,0.08273553323768532,0.0,0.0,0.0,172.0,0.5,0.9177427068388331,2.2893254021944099e-07,0.00047824007651841227,4.57646006237715e-07,2091.0,0.5000002288230031,0.15138208180123827,1945.3744127750397,13.897482872009277,0.8663966655731201,0.8663966655731201
