Rep,Kfold,Num_Vars_,Precision_background,Recall_background,F1_score_background,Num_Obs_background,AUC_background,Accuracy_background,Precision_dos,Recall_dos,F1_score_dos,Num_Obs_dos,AUC_dos,Accuracy_dos,Precision_scan,Recall_scan,F1_score_scan,Num_Obs_scan,AUC_scan,Accuracy_scan,Precision_w,Recall_w,F1_score_w,Total_Obs,AUC_w,Accuracy_w,Hyper_time,Training_time,Testing_time,Total_time
18.0,4.0,47.0,0.0005640157924421884,1.0,0.0011273957158962795,1.0,0.5758736237434179,0.1521531100478469,0.0,0.0,0.0,1918.0,0.5,0.08229665071770335,0.0,0.0,0.0,171.0,0.4992183428869203,0.9167464114832536,2.698640155225782e-07,0.0004784688995215311,5.394237875101816e-07,2090.0,0.49997234940545776,0.15060323710537765,561.074275970459,40.02703928947449,0.8507533073425293,0.8507533073425293
