Rep,Kfold,Num_Vars_,Precision_background,Recall_background,F1_score_background,Num_Obs_background,AUC_background,Accuracy_background,Precision_dos,Recall_dos,F1_score_dos,Num_Obs_dos,AUC_dos,Accuracy_dos,Precision_scan,Recall_scan,F1_score_scan,Num_Obs_scan,AUC_scan,Accuracy_scan,Precision_w,Recall_w,F1_score_w,Total_Obs,AUC_w,Accuracy_w,Hyper_time,Training_time,Testing_time,Total_time
10.0,2.0,32.0,0.9539375928677564,0.9042253521126761,0.9284164859002169,710.0,0.6357861454440932,0.8695652173913043,1.0,0.05,0.09523809523809523,20.0,0.525,0.9749670619235836,0.0,0.0,0.0,29.0,0.5,0.9617918313570487,0.9187031501134479,0.847167325428195,0.8709887574359892,759.0,0.6276787394799818,0.8758664146187775,1831.7429294586182,30.738213062286377,1.2006304264068604,1.2006304264068604
