Rep,Kfold,Num_Vars_,Precision_background,Recall_background,F1_score_background,Num_Obs_background,AUC_background,Accuracy_background,Precision_dos,Recall_dos,F1_score_dos,Num_Obs_dos,AUC_dos,Accuracy_dos,Precision_scan,Recall_scan,F1_score_scan,Num_Obs_scan,AUC_scan,Accuracy_scan,Precision_w,Recall_w,F1_score_w,Total_Obs,AUC_w,Accuracy_w,Hyper_time,Training_time,Testing_time,Total_time
12.0,4.0,27.0,0.9807073954983923,0.9989082969432315,0.989724175229854,1832.0,0.9912312156255673,0.9905496145237503,0.9194756554307116,0.9959432048681541,0.9561830574488803,1972.0,0.9559999089250483,0.9552350161651331,0.9411764705882353,0.07373271889400922,0.13675213675213677,217.0,0.5367349188581507,0.9497637403630937,0.9485444504302574,0.9475254911713504,0.92724269882753,4021.0,0.9494252387014308,0.9710293651688496,1733.6981647014618,46.65394067764282,4.420928716659546,1811.7152376174927
