Rep,Kfold,Num_Vars_,Precision_background,Recall_background,F1_score_background,Num_Obs_background,AUC_background,Accuracy_background,Precision_dos,Recall_dos,F1_score_dos,Num_Obs_dos,AUC_dos,Accuracy_dos,Precision_scan,Recall_scan,F1_score_scan,Num_Obs_scan,AUC_scan,Accuracy_scan,Precision_w,Recall_w,F1_score_w,Total_Obs,AUC_w,Accuracy_w,Hyper_time,Training_time,Testing_time,Total_time
11.0,1.0,31.0,0.956338028169014,0.956338028169014,0.956338028169014,710.0,0.661842483472262,0.9183135704874835,0.5357142857142857,0.75,0.6250000000000001,20.0,0.8662043301759135,0.9762845849802372,0.0,0.0,0.0,29.0,0.5,0.9617918313570487,0.9087144739318652,0.9143610013175231,0.9110671936758893,759.0,0.6610438074688066,0.9215023581753259,1854.806785106659,40.65437722206116,1.0879051685333252,1.0879051685333252
