Rep,Kfold,Num_Vars_,Precision_background,Recall_background,F1_score_background,Num_Obs_background,AUC_background,Accuracy_background,Precision_dos,Recall_dos,F1_score_dos,Num_Obs_dos,AUC_dos,Accuracy_dos,Precision_scan,Recall_scan,F1_score_scan,Num_Obs_scan,AUC_scan,Accuracy_scan,Precision_w,Recall_w,F1_score_w,Total_Obs,AUC_w,Accuracy_w,Hyper_time,Training_time,Testing_time,Total_time
12.0,2.0,40.0,0.9796246648793566,0.9972707423580786,0.9883689477955099,1832.0,0.9899516417457669,0.9893034825870647,0.9170182841068917,0.9923896499238964,0.9532163742690059,1971.0,0.9530030240834709,0.9522388059701492,0.875,0.06451612903225806,0.12017167381974249,217.0,0.5319951142137361,0.9490049751243781,0.9432812000083742,0.9445273631840796,0.9242683182249922,4020.0,0.9471152507291409,0.9689554095195663,1945.3744127750397,13.897482872009277,1.2216455936431885,1971.7251029014587
