Rep,Kfold,Num_Vars_,Precision_background,Recall_background,F1_score_background,Num_Obs_background,AUC_background,Accuracy_background,Precision_dos,Recall_dos,F1_score_dos,Num_Obs_dos,AUC_dos,Accuracy_dos,Precision_scan,Recall_scan,F1_score_scan,Num_Obs_scan,AUC_scan,Accuracy_scan,Precision_w,Recall_w,F1_score_w,Total_Obs,AUC_w,Accuracy_w,Hyper_time,Training_time,Testing_time,Total_time
13.0,5.0,32.0,0.9388297872340425,0.9943661971830986,0.9658002735978112,710.0,0.5277953434895085,0.9341238471673254,0.5,0.05,0.09090909090909091,20.0,0.5243234100135318,0.9736495388669302,0.0,0.0,0.0,29.0,0.5,0.9617918313570487,0.8913954531438343,0.9314888010540184,0.905845027763673,759.0,0.5266418472698572,0.9362225103761449,1408.5349397659302,34.69697856903076,1.2133729457855225,1.2133729457855225
