Rep,Kfold,Num_Vars_,Precision_background,Recall_background,F1_score_background,Num_Obs_background,AUC_background,Accuracy_background,Precision_dos,Recall_dos,F1_score_dos,Num_Obs_dos,AUC_dos,Accuracy_dos,Precision_scan,Recall_scan,F1_score_scan,Num_Obs_scan,AUC_scan,Accuracy_scan,Precision_w,Recall_w,F1_score_w,Total_Obs,AUC_w,Accuracy_w,Hyper_time,Training_time,Testing_time,Total_time
16.0,2.0,37.0,0.9791108730583824,0.9978165938864629,0.988375236550419,1832.0,0.9899960483143466,0.9893034825870647,0.9188555347091932,0.9939117199391172,0.9549110407019253,1971.0,0.9547401449866402,0.9539800995024875,0.8823529411764706,0.06912442396313365,0.12820512820512822,217.0,0.534299261679174,0.9492537313432836,0.9443447678084753,0.945771144278607,0.9255357232349192,4020.0,0.9481115736479929,0.9698225910249746,1881.3587539196014,32.99690556526184,1.8345630168914795,1929.7796404361725
