Rep,Kfold,Num_Vars_,Precision_background,Recall_background,F1_score_background,Num_Obs_background,AUC_background,Accuracy_background,Precision_dos,Recall_dos,F1_score_dos,Num_Obs_dos,AUC_dos,Accuracy_dos,Precision_scan,Recall_scan,F1_score_scan,Num_Obs_scan,AUC_scan,Accuracy_scan,Precision_w,Recall_w,F1_score_w,Total_Obs,AUC_w,Accuracy_w,Hyper_time,Training_time,Testing_time,Total_time
18.0,5.0,38.0,0.9723257051623204,0.997815401419989,0.9849056603773584,1831.0,0.987024702538148,0.986066185618313,1.0,0.009639776763064434,0.01909547738693467,1971.0,0.5048198883815322,0.5143070415526251,1.0,0.06451612903225806,0.12121212121212122,217.0,0.532258064516129,0.9494899228663847,0.987391979634787,0.46280169196317494,0.46461868135944806,4019.0,0.7259871187726671,0.7527309475066835,459.5155384540558,8.646305561065674,2.2687745094299316,483.0791482925415
