Rep,Kfold,Num_Vars_,Precision_background,Recall_background,F1_score_background,Num_Obs_background,AUC_background,Accuracy_background,Precision_dos,Recall_dos,F1_score_dos,Num_Obs_dos,AUC_dos,Accuracy_dos,Precision_scan,Recall_scan,F1_score_scan,Num_Obs_scan,AUC_scan,Accuracy_scan,Precision_w,Recall_w,F1_score_w,Total_Obs,AUC_w,Accuracy_w,Hyper_time,Training_time,Testing_time,Total_time
16.0,2.0,37.0,0.00048355899419729207,1.0,0.0009666505558240695,1.0,0.5055023923444977,0.011477761836441894,0.0,0.0,0.0,1918.0,0.5,0.08273553323768532,0.0,0.0,0.0,172.0,0.5,0.9177427068388331,2.3125729038607943e-07,0.00047824007651841227,4.6229103578386874e-07,2091.0,0.5000026314645359,0.15138688478622483,1881.3587539196014,32.99690556526184,1.0672459602355957,1.0672459602355957
