Rep,Kfold,Num_Vars_,Precision_background,Recall_background,F1_score_background,Num_Obs_background,AUC_background,Accuracy_background,Precision_dos,Recall_dos,F1_score_dos,Num_Obs_dos,AUC_dos,Accuracy_dos,Precision_scan,Recall_scan,F1_score_scan,Num_Obs_scan,AUC_scan,Accuracy_scan,Precision_w,Recall_w,F1_score_w,Total_Obs,AUC_w,Accuracy_w,Hyper_time,Training_time,Testing_time,Total_time
13.0,2.0,36.0,0.963302752293578,0.8885754583921015,0.9244314013206163,709.0,0.6993897700123772,0.8641160949868074,0.3611111111111111,0.65,0.4642857142857143,20.0,0.8094173441734417,0.9604221635883905,0.0,0.0,0.0,29.0,0.5,0.9617414248021108,0.9105591999978483,0.8482849604221636,0.8769229258865848,758.0,0.6946645037232774,0.8703921582278041,1462.011713027954,25.395054817199707,0.9402539730072021,0.9402539730072021
