Rep,Kfold,Num_Vars_,Precision_background,Recall_background,F1_score_background,Num_Obs_background,AUC_background,Accuracy_background,Precision_dos,Recall_dos,F1_score_dos,Num_Obs_dos,AUC_dos,Accuracy_dos,Precision_scan,Recall_scan,F1_score_scan,Num_Obs_scan,AUC_scan,Accuracy_scan,Precision_w,Recall_w,F1_score_w,Total_Obs,AUC_w,Accuracy_w,Hyper_time,Training_time,Testing_time,Total_time
13.0,3.0,55.0,0.9842592592592593,0.9482604817127565,0.9659245797364834,1121.0,0.8006608531012762,0.9358974358974359,1.0,0.3939393939393939,0.5652173913043478,33.0,0.696969696969697,0.9829059829059829,1.0,0.75,0.8571428571428571,16.0,0.875,0.9965811965811966,0.9849184868629314,0.9299145299145299,0.9531349688136128,1170.0,0.7987528344671202,0.9380531813865148,1517.3324666023254,11.536450386047363,0.6056454181671143,0.6056454181671143
