Rep,Kfold,Num_Vars_,Precision_background,Recall_background,F1_score_background,Num_Obs_background,AUC_background,Accuracy_background,Precision_dos,Recall_dos,F1_score_dos,Num_Obs_dos,AUC_dos,Accuracy_dos,Precision_scan,Recall_scan,F1_score_scan,Num_Obs_scan,AUC_scan,Accuracy_scan,Precision_w,Recall_w,F1_score_w,Total_Obs,AUC_w,Accuracy_w,Hyper_time,Training_time,Testing_time,Total_time
16.0,4.0,46.0,0.9583333333333334,0.971830985915493,0.965034965034965,710.0,0.6797930439781547,0.9341238471673254,0.0,0.0,0.0,20.0,0.4979702300405954,0.9696969696969697,0.0,0.0,0.0,29.0,0.5,0.9617918313570487,0.8964646464646465,0.9090909090909091,0.9027336300063573,759.0,0.6681323660412407,0.9361183583558561,1926.8339776992798,8.703973293304443,0.6066384315490723,0.6066384315490723
