Rep,Kfold,Num_Vars_,Precision_background,Recall_background,F1_score_background,Num_Obs_background,AUC_background,Accuracy_background,Precision_dos,Recall_dos,F1_score_dos,Num_Obs_dos,AUC_dos,Accuracy_dos,Precision_scan,Recall_scan,F1_score_scan,Num_Obs_scan,AUC_scan,Accuracy_scan,Precision_w,Recall_w,F1_score_w,Total_Obs,AUC_w,Accuracy_w,Hyper_time,Training_time,Testing_time,Total_time
12.0,3.0,61.0,0.9782366071428571,0.9568777292576419,0.967439293598234,1832.0,0.9695266159999361,0.9706467661691542,0.9637305699481865,0.09432048681541583,0.17182448036951503,1972.0,0.5454512590327079,0.5539800995024876,1.0,0.06944444444444445,0.12987012987012989,216.0,0.5347222222222222,0.95,0.9722900866227707,0.4860696517412935,0.5321489077643274,4020.0,0.7381349859015879,0.7651426944877602,1997.76318359375,14.941832780838013,0.8148319721221924,2025.3524873256683
