Rep,Kfold,Num_Vars_,Precision_background,Recall_background,F1_score_background,Num_Obs_background,AUC_background,Accuracy_background,Precision_dos,Recall_dos,F1_score_dos,Num_Obs_dos,AUC_dos,Accuracy_dos,Precision_scan,Recall_scan,F1_score_scan,Num_Obs_scan,AUC_scan,Accuracy_scan,Precision_w,Recall_w,F1_score_w,Total_Obs,AUC_w,Accuracy_w,Hyper_time,Training_time,Testing_time,Total_time
1.0,3.0,80.0,0.38036083998816916,0.7019650655021834,0.49338192979090734,1832.0,0.3722348179430478,0.34303482587064676,0.8461538461538461,0.022323693556570268,0.043499752842313395,1971.0,0.5092096749871675,0.5186567164179104,0.8421052631578947,0.07373271889400922,0.13559322033898305,217.0,0.5364719339934153,0.9492537313432836,0.633663465605179,0.33482587064676617,0.253491899761866,4020.0,0.44825892177809495,0.4618657335214475,2828.8463973999023,46.27251219749451,1.9233484268188477,2893.0921971797943
