Rep,Kfold,Num_Vars_,Precision_background,Recall_background,F1_score_background,Num_Obs_background,AUC_background,Accuracy_background,Precision_dos,Recall_dos,F1_score_dos,Num_Obs_dos,AUC_dos,Accuracy_dos,Precision_scan,Recall_scan,F1_score_scan,Num_Obs_scan,AUC_scan,Accuracy_scan,Precision_w,Recall_w,F1_score_w,Total_Obs,AUC_w,Accuracy_w,Hyper_time,Training_time,Testing_time,Total_time
18.0,2.0,37.0,0.9515477792732167,0.995774647887324,0.9731589814177565,710.0,0.637887323943662,0.9486842105263158,0.0,0.0,0.0,21.0,0.5,0.9723684210526315,0.0,0.0,0.0,29.0,0.5,0.9618421052631579,0.8889459516894525,0.9302631578947368,0.9091353642192198,760.0,0.6288157894736842,0.9498407202216066,1801.521299123764,26.62629270553589,1.0587623119354248,1.0587623119354248
