Rep,Kfold,Num_Vars_,Precision_background,Recall_background,F1_score_background,Num_Obs_background,AUC_background,Accuracy_background,Precision_dos,Recall_dos,F1_score_dos,Num_Obs_dos,AUC_dos,Accuracy_dos,Precision_scan,Recall_scan,F1_score_scan,Num_Obs_scan,AUC_scan,Accuracy_scan,Precision_w,Recall_w,F1_score_w,Total_Obs,AUC_w,Accuracy_w,Hyper_time,Training_time,Testing_time,Total_time
10.0,2.0,32.0,0.00048449612403100775,1.0,0.0009685230024213076,1.0,0.5062230732407851,0.01291866028708134,0.0,0.0,0.0,1918.0,0.5,0.08229665071770335,0.0,0.0,0.0,171.0,0.5,0.9181818181818182,2.3181632728756351e-07,0.0004784688995215311,4.6340813512981225e-07,2090.0,0.5000029775470052,0.1506540601176713,1831.7429294586182,30.738213062286377,1.8462848663330078,1.8462848663330078
