Rep,Kfold,Num_Vars_,Precision_background,Recall_background,F1_score_background,Num_Obs_background,AUC_background,Accuracy_background,Precision_dos,Recall_dos,F1_score_dos,Num_Obs_dos,AUC_dos,Accuracy_dos,Precision_scan,Recall_scan,F1_score_scan,Num_Obs_scan,AUC_scan,Accuracy_scan,Precision_w,Recall_w,F1_score_w,Total_Obs,AUC_w,Accuracy_w,Hyper_time,Training_time,Testing_time,Total_time
19.0,5.0,39.0,0.0004830917874396135,1.0,0.0009657170449058426,1.0,0.5047869794159885,0.010047846889952153,0.0,0.0,0.0,1918.0,0.5,0.08229665071770335,0.0,0.0,0.0,171.0,0.5,0.9181818181818182,2.311443959041213e-07,0.0004784688995215311,4.6206557172528354e-07,2090.0,0.5000022904207732,0.15065268652274444,444.82437801361084,8.279485702514648,0.8066542148590088,0.8066542148590088
