Rep,Kfold,Num_Vars_,Precision_background,Recall_background,F1_score_background,Num_Obs_background,AUC_background,Accuracy_background,Precision_dos,Recall_dos,F1_score_dos,Num_Obs_dos,AUC_dos,Accuracy_dos,Precision_scan,Recall_scan,F1_score_scan,Num_Obs_scan,AUC_scan,Accuracy_scan,Precision_w,Recall_w,F1_score_w,Total_Obs,AUC_w,Accuracy_w,Hyper_time,Training_time,Testing_time,Total_time
19.0,2.0,45.0,0.9633286318758815,0.9633286318758815,0.9633286318758815,709.0,0.7216643159379408,0.9314888010540184,0.7307692307692307,0.9047619047619048,0.8085106382978723,21.0,0.9476384049554781,0.9881422924901185,0.0,0.0,0.0,29.0,0.5,0.9617918313570487,0.920087159217594,0.924901185770751,0.9222381072519833,759.0,0.7194471758946839,0.9342141122515758,503.8987441062927,18.8150155544281,0.7055096626281738,0.7055096626281738
