Rep,Kfold,Num_Vars_,Precision_background,Recall_background,F1_score_background,Num_Obs_background,AUC_background,Accuracy_background,Precision_dos,Recall_dos,F1_score_dos,Num_Obs_dos,AUC_dos,Accuracy_dos,Precision_scan,Recall_scan,F1_score_scan,Num_Obs_scan,AUC_scan,Accuracy_scan,Precision_w,Recall_w,F1_score_w,Total_Obs,AUC_w,Accuracy_w,Hyper_time,Training_time,Testing_time,Total_time
11.0,5.0,34.0,0.9882766705744431,0.752007136485281,0.8541033434650455,1121.0,0.7718369015759738,0.7536355859709153,0.15151515151515152,0.45454545454545453,0.22727272727272727,33.0,0.6903008962868118,0.9127459366980325,1.0,0.5333333333333333,0.6956521739130436,15.0,0.7666666666666666,0.9940119760479041,0.9648059432967928,0.7408041060735671,0.8343752186766566,1169.0,0.769468859062559,0.7612115375749783,1908.7548787593842,25.30511999130249,1.1382110118865967,1.1382110118865967
