Rep,Kfold,Num_Vars_,Precision_background,Recall_background,F1_score_background,Num_Obs_background,AUC_background,Accuracy_background,Precision_dos,Recall_dos,F1_score_dos,Num_Obs_dos,AUC_dos,Accuracy_dos,Precision_scan,Recall_scan,F1_score_scan,Num_Obs_scan,AUC_scan,Accuracy_scan,Precision_w,Recall_w,F1_score_w,Total_Obs,AUC_w,Accuracy_w,Hyper_time,Training_time,Testing_time,Total_time
17.0,2.0,28.0,0.0006211180124223603,1.0,0.0012414649286157668,1.0,0.6148875059837242,0.23014354066985646,0.0,0.0,0.0,1918.0,0.5,0.08229665071770335,0.0,0.0,0.0,171.0,0.5,0.9181818181818182,2.971856518767274e-07,0.0004784688995215311,5.940023581893621e-07,2090.0,0.5000549700985568,0.15075799546713675,1865.9044108390808,26.854371786117554,1.193450689315796,1.193450689315796
