Rep,Kfold,Num_Vars_,Precision_background,Recall_background,F1_score_background,Num_Obs_background,AUC_background,Accuracy_background,Precision_dos,Recall_dos,F1_score_dos,Num_Obs_dos,AUC_dos,Accuracy_dos,Precision_scan,Recall_scan,F1_score_scan,Num_Obs_scan,AUC_scan,Accuracy_scan,Precision_w,Recall_w,F1_score_w,Total_Obs,AUC_w,Accuracy_w,Hyper_time,Training_time,Testing_time,Total_time
14.0,2.0,55.0,0.9897119341563786,0.8581623550401427,0.9192546583850931,1121.0,0.8270403611935407,0.8555555555555555,0.8461538461538461,0.3235294117647059,0.46808510638297873,34.0,0.660884424192212,0.9786324786324786,1.0,0.2,0.33333333333333337,15.0,0.6,0.9897435897435898,0.9856720589389154,0.8341880341880342,0.8986319364672741,1170.0,0.8193011242055507,0.8608525093140478,1497.6762630939484,10.826590776443481,0.9333319664001465,0.9333319664001465
