Rep,Kfold,Num_Vars_,Precision_background,Recall_background,F1_score_background,Num_Obs_background,AUC_background,Accuracy_background,Precision_dos,Recall_dos,F1_score_dos,Num_Obs_dos,AUC_dos,Accuracy_dos,Precision_scan,Recall_scan,F1_score_scan,Num_Obs_scan,AUC_scan,Accuracy_scan,Precision_w,Recall_w,F1_score_w,Total_Obs,AUC_w,Accuracy_w,Hyper_time,Training_time,Testing_time,Total_time
17.0,2.0,28.0,0.9849548645937813,0.8760035682426405,0.9272898961284229,1121.0,0.7880017841213202,0.8684884713919727,0.3055555555555556,0.3235294117647059,0.31428571428571433,34.0,0.6507708624346836,0.9590093936806149,1.0,0.5,0.6666666666666666,16.0,0.75,0.9931682322801024,0.9654340666938666,0.8548249359521777,0.9059302771241189,1171.0,0.7834980438281632,0.8728203138616771,1865.9044108390808,26.854371786117554,1.2192206382751465,1.2192206382751465
