Rep,Kfold,Num_Vars_,Precision_background,Recall_background,F1_score_background,Num_Obs_background,AUC_background,Accuracy_background,Precision_dos,Recall_dos,F1_score_dos,Num_Obs_dos,AUC_dos,Accuracy_dos,Precision_scan,Recall_scan,F1_score_scan,Num_Obs_scan,AUC_scan,Accuracy_scan,Precision_w,Recall_w,F1_score_w,Total_Obs,AUC_w,Accuracy_w,Hyper_time,Training_time,Testing_time,Total_time
11.0,1.0,31.0,0.9775760811532301,0.9994541484716157,0.9883940620782725,1832.0,0.990124879448428,0.989300821099776,0.9664804469273743,0.08777270421106037,0.1609302325581395,1971.0,0.5424215083555302,0.5511321224185121,1.0,0.06944444444444445,0.12987012987012989,216.0,0.5347222222222222,0.9499875590943021,0.9733397217135039,0.5023637720826076,0.5364477129015766,4019.0,0.7460864822389327,0.7723010276949603,1854.806785106659,40.65437722206116,4.049207448959351,1916.9288189411163
