Rep,Kfold,Num_Vars_,Precision_background,Recall_background,F1_score_background,Num_Obs_background,AUC_background,Accuracy_background,Precision_dos,Recall_dos,F1_score_dos,Num_Obs_dos,AUC_dos,Accuracy_dos,Precision_scan,Recall_scan,F1_score_scan,Num_Obs_scan,AUC_scan,Accuracy_scan,Precision_w,Recall_w,F1_score_w,Total_Obs,AUC_w,Accuracy_w,Hyper_time,Training_time,Testing_time,Total_time
10.0,1.0,40.0,0.9877094972067039,0.7885816235504014,0.8769841269841269,1121.0,0.782045913816017,0.788034188034188,0.17647058823529413,0.36363636363636365,0.23762376237623764,33.0,0.6571919724954025,0.9341880341880342,1.0,0.4375,0.6086956521739131,16.0,0.71875,0.9923076923076923,0.964996475026051,0.7717948717948718,0.855281983711457,1170.0,0.7776588072479516,0.7949499598217546,1849.8854146003723,45.164506912231445,1.6515724658966064,1.6515724658966064
