Rep,Kfold,Num_Vars_,Precision_background,Recall_background,F1_score_background,Num_Obs_background,AUC_background,Accuracy_background,Precision_dos,Recall_dos,F1_score_dos,Num_Obs_dos,AUC_dos,Accuracy_dos,Precision_scan,Recall_scan,F1_score_scan,Num_Obs_scan,AUC_scan,Accuracy_scan,Precision_w,Recall_w,F1_score_w,Total_Obs,AUC_w,Accuracy_w,Hyper_time,Training_time,Testing_time,Total_time
13.0,1.0,50.0,0.9764397905759162,0.9982158786797503,0.9872077635641817,1121.0,0.7178579393398752,0.9751924721984602,0.6666666666666666,0.06060606060606061,0.1111111111111111,33.0,0.5298628894579599,0.9726261762189906,1.0,0.26666666666666666,0.4210526315789474,15.0,0.6333333333333333,0.9905902480752781,0.9679974381827221,0.962360992301112,0.9552115988843444,1169.0,0.7114664032096772,0.9753176038244908,1424.1070346832275,37.323474168777466,1.358196496963501,1.358196496963501
