Rep,Kfold,Num_Vars_,Precision_background,Recall_background,F1_score_background,Num_Obs_background,AUC_background,Accuracy_background,Precision_dos,Recall_dos,F1_score_dos,Num_Obs_dos,AUC_dos,Accuracy_dos,Precision_scan,Recall_scan,F1_score_scan,Num_Obs_scan,AUC_scan,Accuracy_scan,Precision_w,Recall_w,F1_score_w,Total_Obs,AUC_w,Accuracy_w,Hyper_time,Training_time,Testing_time,Total_time
15.0,4.0,57.0,0.952638700947226,0.9929478138222849,0.9723756906077348,709.0,0.6393310497682854,0.9472295514511874,0.0,0.0,0.0,20.0,0.5,0.9736147757255936,0.0,0.0,0.0,29.0,0.5,0.9617414248021108,0.8910565157936455,0.9287598944591029,0.9095176314523535,758.0,0.6303241613267999,0.9484809351090567,1848.9146938323975,36.74459481239319,1.2003836631774902,1.2003836631774902
