Rep,Kfold,Num_Vars_,Precision_background,Recall_background,F1_score_background,Num_Obs_background,AUC_background,Accuracy_background,Precision_dos,Recall_dos,F1_score_dos,Num_Obs_dos,AUC_dos,Accuracy_dos,Precision_scan,Recall_scan,F1_score_scan,Num_Obs_scan,AUC_scan,Accuracy_scan,Precision_w,Recall_w,F1_score_w,Total_Obs,AUC_w,Accuracy_w,Hyper_time,Training_time,Testing_time,Total_time
18.0,4.0,47.0,0.965925925925926,0.9183098591549296,0.9415162454873647,710.0,0.7291549295774649,0.8934210526315789,0.3125,0.75,0.4411764705882353,20.0,0.8527027027027028,0.95,0.0,0.0,0.0,30.0,0.5,0.9605263157894737,0.9106018518518519,0.8776315789473684,0.8911842943523601,760.0,0.7233605974395448,0.8975588642659279,561.074275970459,40.02703928947449,0.6426701545715332,0.6426701545715332
