Rep,Kfold,Num_Vars_,Precision_background,Recall_background,F1_score_background,Num_Obs_background,AUC_background,Accuracy_background,Precision_dos,Recall_dos,F1_score_dos,Num_Obs_dos,AUC_dos,Accuracy_dos,Precision_scan,Recall_scan,F1_score_scan,Num_Obs_scan,AUC_scan,Accuracy_scan,Precision_w,Recall_w,F1_score_w,Total_Obs,AUC_w,Accuracy_w,Hyper_time,Training_time,Testing_time,Total_time
13.0,2.0,36.0,0.9880043620501636,0.808206958073149,0.889106967615309,1121.0,0.7918585810773908,0.8068376068376069,0.18085106382978725,0.5151515151515151,0.2677165354330709,33.0,0.7237147197569361,0.9205128205128205,1.0,0.75,0.8571428571428571,16.0,0.875,0.9965811965811966,0.9654025427048002,0.7991452991452992,0.87114345476952,1170.0,0.7910735514014821,0.8126386149463073,1462.011713027954,25.395054817199707,1.1252355575561523,1.1252355575561523
