Rep,Kfold,Num_Vars_,Precision_background,Recall_background,F1_score_background,Num_Obs_background,AUC_background,Accuracy_background,Precision_dos,Recall_dos,F1_score_dos,Num_Obs_dos,AUC_dos,Accuracy_dos,Precision_scan,Recall_scan,F1_score_scan,Num_Obs_scan,AUC_scan,Accuracy_scan,Precision_w,Recall_w,F1_score_w,Total_Obs,AUC_w,Accuracy_w,Hyper_time,Training_time,Testing_time,Total_time
19.0,2.0,45.0,0.9780865847140566,0.9994538503549972,0.9886547811993516,1831.0,0.9903619183250547,0.9895522388059701,0.9511400651465798,0.14807302231237324,0.2562527424308908,1972.0,0.5703744017811866,0.5783582089552238,1.0,0.06912442396313365,0.12931034482758622,217.0,0.5345622119815668,0.9497512437810945,0.9660509316120629,0.531592039800995,0.5829894669844069,4020.0,0.7597340778024068,0.7856936709487389,503.8987441062927,18.8150155544281,1.5907976627349854,534.5248522758484
