Rep,Kfold,Num_Vars_,Precision_background,Recall_background,F1_score_background,Num_Obs_background,AUC_background,Accuracy_background,Precision_dos,Recall_dos,F1_score_dos,Num_Obs_dos,AUC_dos,Accuracy_dos,Precision_scan,Recall_scan,F1_score_scan,Num_Obs_scan,AUC_scan,Accuracy_scan,Precision_w,Recall_w,F1_score_w,Total_Obs,AUC_w,Accuracy_w,Hyper_time,Training_time,Testing_time,Total_time
14.0,5.0,37.0,0.0009025270758122744,1.0,0.0018034265103697026,1.0,0.7351674641148325,0.47058823529411764,0.0,0.0,0.0,1918.0,0.5,0.08273553323768532,0.0,0.0,0.0,172.0,0.5,0.9177427068388331,4.3162461779640093e-07,0.00047824007651841227,8.624708323145397e-07,2091.0,0.500112466506033,0.15160644981418164,1476.978675365448,9.495917558670044,0.8689804077148438,0.8689804077148438
