Rep,Kfold,Num_Vars_,Precision_background,Recall_background,F1_score_background,Num_Obs_background,AUC_background,Accuracy_background,Precision_dos,Recall_dos,F1_score_dos,Num_Obs_dos,AUC_dos,Accuracy_dos,Precision_scan,Recall_scan,F1_score_scan,Num_Obs_scan,AUC_scan,Accuracy_scan,Precision_w,Recall_w,F1_score_w,Total_Obs,AUC_w,Accuracy_w,Hyper_time,Training_time,Testing_time,Total_time
10.0,1.0,40.0,0.9610591900311527,0.8702397743300423,0.9133974833456698,709.0,0.6851198871650211,0.8458498023715415,0.45714285714285713,0.7619047619047619,0.5714285714285714,21.0,0.8680797522260937,0.9683794466403162,0.0,0.0,0.0,29.0,0.5,0.9617918313570487,0.9103965292912876,0.83399209486166,0.869036647815652,759.0,0.6831089259509197,0.8536698832282265,1849.8854146003723,45.164506912231445,1.3897819519042969,1.3897819519042969
