Rep,Kfold,Num_Vars_,Precision_background,Recall_background,F1_score_background,Num_Obs_background,AUC_background,Accuracy_background,Precision_dos,Recall_dos,F1_score_dos,Num_Obs_dos,AUC_dos,Accuracy_dos,Precision_scan,Recall_scan,F1_score_scan,Num_Obs_scan,AUC_scan,Accuracy_scan,Precision_w,Recall_w,F1_score_w,Total_Obs,AUC_w,Accuracy_w,Hyper_time,Training_time,Testing_time,Total_time
17.0,4.0,33.0,0.9703075291622482,0.9989082969432315,0.9844002151694459,1832.0,0.9866629195999849,0.9855757274309873,0.9191698525395958,0.853448275862069,0.8850907178543255,1972.0,0.8906089597953586,0.8913205670231286,1.0,0.05069124423963134,0.09649122807017545,217.0,0.5253456221198156,0.9487689629445412,0.9468307243554642,0.8763989057448396,0.8877788327009158,4021.0,0.9146598700382044,0.9373642764939427,1834.907553911209,26.15538716316223,3.2134499549865723,1885.0887932777405
