Rep,Kfold,Num_Vars_,Precision_background,Recall_background,F1_score_background,Num_Obs_background,AUC_background,Accuracy_background,Precision_dos,Recall_dos,F1_score_dos,Num_Obs_dos,AUC_dos,Accuracy_dos,Precision_scan,Recall_scan,F1_score_scan,Num_Obs_scan,AUC_scan,Accuracy_scan,Precision_w,Recall_w,F1_score_w,Total_Obs,AUC_w,Accuracy_w,Hyper_time,Training_time,Testing_time,Total_time
1.0,1.0,44.0,0.9856670341786108,0.7975022301516503,0.8816568047337278,1121.0,0.7633344484091585,0.7946963216424294,0.25,0.36363636363636365,0.2962962962962963,33.0,0.6659731113956466,0.951240376390077,0.9166666666666666,0.7333333333333333,0.8148148148148148,15.0,0.8662333911034085,0.9957228400342173,0.9640143244775216,0.7844311377245509,0.8642748315710084,1169.0,0.761906356038729,0.801694911533404,1932.791246175766,245.7862627506256,1.1348023414611816,1.1348023414611816
