Rep,Kfold,Num_Vars_,Precision_background,Recall_background,F1_score_background,Num_Obs_background,AUC_background,Accuracy_background,Precision_dos,Recall_dos,F1_score_dos,Num_Obs_dos,AUC_dos,Accuracy_dos,Precision_scan,Recall_scan,F1_score_scan,Num_Obs_scan,AUC_scan,Accuracy_scan,Precision_w,Recall_w,F1_score_w,Total_Obs,AUC_w,Accuracy_w,Hyper_time,Training_time,Testing_time,Total_time
19.0,4.0,32.0,0.9780982905982906,1.0,0.9889278963002971,1831.0,0.990634993147556,0.9898009950248756,0.9192867198498358,0.9939117199391172,0.9551438322769381,1971.0,0.9549841664605297,0.954228855721393,1.0,0.06880733944954129,0.12875536480686697,218.0,0.5344036697247706,0.949502487562189,0.9504507698779842,0.9465174129353234,0.9257174480277577,4020.0,0.9484145434196216,0.9701746862701419,428.4180495738983,12.810274600982666,1.5979297161102295,453.1867427825928
