Rep,Kfold,Num_Vars_,Precision_background,Recall_background,F1_score_background,Num_Obs_background,AUC_background,Accuracy_background,Precision_dos,Recall_dos,F1_score_dos,Num_Obs_dos,AUC_dos,Accuracy_dos,Precision_scan,Recall_scan,F1_score_scan,Num_Obs_scan,AUC_scan,Accuracy_scan,Precision_w,Recall_w,F1_score_w,Total_Obs,AUC_w,Accuracy_w,Hyper_time,Training_time,Testing_time,Total_time
15.0,2.0,42.0,0.9813542688910697,0.8920606601248885,0.9345794392523364,1121.0,0.7521527790420361,0.8803418803418803,0.48148148148148145,0.3939393939393939,0.43333333333333324,33.0,0.6908131446390022,0.9709401709401709,1.0,0.3125,0.47619047619047616,16.0,0.65625,0.9905982905982906,0.9675102771929726,0.8700854700854701,0.9141731615563392,1170.0,0.7491111957941963,0.884404996712689,1382.5498886108398,27.34393334388733,1.3695251941680908,1.3695251941680908
