Rep,Kfold,Num_Vars_,Precision_background,Recall_background,F1_score_background,Num_Obs_background,AUC_background,Accuracy_background,Precision_dos,Recall_dos,F1_score_dos,Num_Obs_dos,AUC_dos,Accuracy_dos,Precision_scan,Recall_scan,F1_score_scan,Num_Obs_scan,AUC_scan,Accuracy_scan,Precision_w,Recall_w,F1_score_w,Total_Obs,AUC_w,Accuracy_w,Hyper_time,Training_time,Testing_time,Total_time
19.0,2.0,45.0,0.00048146364949446316,1.0,0.0009624639076034648,1.0,0.5033492822966508,0.007173601147776184,0.0,0.0,0.0,1918.0,0.5,0.08273553323768532,0.0,0.0,0.0,172.0,0.5,0.9177427068388331,2.3025521257506607e-07,0.00047824007651841227,4.6028881281849104e-07,2091.0,0.5000016017610219,0.15138482636408773,503.8987441062927,18.8150155544281,0.8812322616577148,0.8812322616577148
