Rep,Kfold,Num_Vars_,Precision_background,Recall_background,F1_score_background,Num_Obs_background,AUC_background,Accuracy_background,Precision_dos,Recall_dos,F1_score_dos,Num_Obs_dos,AUC_dos,Accuracy_dos,Precision_scan,Recall_scan,F1_score_scan,Num_Obs_scan,AUC_scan,Accuracy_scan,Precision_w,Recall_w,F1_score_w,Total_Obs,AUC_w,Accuracy_w,Hyper_time,Training_time,Testing_time,Total_time
13.0,4.0,35.0,0.9906213364595545,0.7537912578055308,0.8561296859169201,1121.0,0.7952629758415409,0.7572649572649572,0.10429447852760736,0.5151515151515151,0.17346938775510204,33.0,0.6933717118413688,0.8615384615384616,0.5,0.6875,0.5789473684210527,16.0,0.8389839688041595,0.9863247863247864,0.9589130221902322,0.7461538461538462,0.833084637267968,1170.0,0.7929870135982897,0.7633384469281904,1361.2385063171387,49.99467587471008,1.3206169605255127,1.3206169605255127
