Rep,Kfold,Num_Vars_,Precision_background,Recall_background,F1_score_background,Num_Obs_background,AUC_background,Accuracy_background,Precision_dos,Recall_dos,F1_score_dos,Num_Obs_dos,AUC_dos,Accuracy_dos,Precision_scan,Recall_scan,F1_score_scan,Num_Obs_scan,AUC_scan,Accuracy_scan,Precision_w,Recall_w,F1_score_w,Total_Obs,AUC_w,Accuracy_w,Hyper_time,Training_time,Testing_time,Total_time
19.0,3.0,64.0,0.9481946624803768,0.8507042253521127,0.896807720861173,710.0,0.5886174187985054,0.8168642951251647,0.0,0.0,0.0,20.0,0.4925575101488498,0.9591567852437418,0.0,0.0,0.0,29.0,0.5,0.9617918313570487,0.8869805143097068,0.7957839262187089,0.8389110432298194,759.0,0.58270028662703,0.8261511836009172,527.4778134822845,22.87765336036682,0.7137284278869629,0.7137284278869629
