Rep,Kfold,Num_Vars_,Precision_background,Recall_background,F1_score_background,Num_Obs_background,AUC_background,Accuracy_background,Precision_dos,Recall_dos,F1_score_dos,Num_Obs_dos,AUC_dos,Accuracy_dos,Precision_scan,Recall_scan,F1_score_scan,Num_Obs_scan,AUC_scan,Accuracy_scan,Precision_w,Recall_w,F1_score_w,Total_Obs,AUC_w,Accuracy_w,Hyper_time,Training_time,Testing_time,Total_time
10.0,5.0,30.0,0.9780982905982906,0.9994541484716157,0.9886609071274297,1832.0,0.9903577872156981,0.9895522388059701,0.9190207156308852,0.9898580121703854,0.9531250000000001,1972.0,0.9529368185851927,0.9522388059701492,0.9333333333333333,0.06481481481481481,0.12121212121212122,216.0,0.5322759668185536,0.949502487562189,0.9467126665672074,0.9445273631840796,0.924619676626684,4020.0,0.9473876819059619,0.9690963094972896,1753.16588306427,42.72486758232117,4.452148675918579,1823.4188072681427
