Rep,Kfold,Num_Vars_,Precision_background,Recall_background,F1_score_background,Num_Obs_background,AUC_background,Accuracy_background,Precision_dos,Recall_dos,F1_score_dos,Num_Obs_dos,AUC_dos,Accuracy_dos,Precision_scan,Recall_scan,F1_score_scan,Num_Obs_scan,AUC_scan,Accuracy_scan,Precision_w,Recall_w,F1_score_w,Total_Obs,AUC_w,Accuracy_w,Hyper_time,Training_time,Testing_time,Total_time
16.0,2.0,37.0,0.959214501510574,0.8943661971830986,0.9256559766763848,710.0,0.6716728945099166,0.8656126482213439,0.5,0.8,0.6153846153846154,20.0,0.8891745602165088,0.9736495388669302,0.0,0.0,0.0,29.0,0.5,0.9617918313570487,0.9104641581982971,0.857707509881423,0.8821125635677541,759.0,0.6708448567936376,0.8721343005584283,1881.3587539196014,32.99690556526184,0.885129451751709,0.885129451751709
