Rep,Kfold,Num_Vars_,Precision_background,Recall_background,F1_score_background,Num_Obs_background,AUC_background,Accuracy_background,Precision_dos,Recall_dos,F1_score_dos,Num_Obs_dos,AUC_dos,Accuracy_dos,Precision_scan,Recall_scan,F1_score_scan,Num_Obs_scan,AUC_scan,Accuracy_scan,Precision_w,Recall_w,F1_score_w,Total_Obs,AUC_w,Accuracy_w,Hyper_time,Training_time,Testing_time,Total_time
13.0,1.0,50.0,0.7227488151658767,0.9989082969432315,0.8386801099908341,1832.0,0.8390336731516888,0.8248756218905473,0.9045092838196287,0.518762677484787,0.6593619078311311,1972.0,0.7330141512423936,0.7370646766169154,1.0,0.06018518518518518,0.11353711790393013,216.0,0.5300925925925926,0.949502487562189,0.8268079942975607,0.7129353233830846,0.711753149555584,4020.0,0.7704262675283319,0.788496571867033,1424.1070346832275,37.323474168777466,3.9314801692962646,1484.5311350822449
