Rep,Kfold,Num_Vars_,Precision_background,Recall_background,F1_score_background,Num_Obs_background,AUC_background,Accuracy_background,Precision_dos,Recall_dos,F1_score_dos,Num_Obs_dos,AUC_dos,Accuracy_dos,Precision_scan,Recall_scan,F1_score_scan,Num_Obs_scan,AUC_scan,Accuracy_scan,Precision_w,Recall_w,F1_score_w,Total_Obs,AUC_w,Accuracy_w,Hyper_time,Training_time,Testing_time,Total_time
12.0,2.0,40.0,0.9607843137254902,0.9661971830985916,0.9634831460674157,710.0,0.7030985915492958,0.9315789473684211,0.75,0.9,0.8181818181818182,20.0,0.9459459459459459,0.9894736842105263,0.0,0.0,0.0,30.0,0.5,0.9605263157894737,0.917311661506708,0.9263157894736842,0.9216271974625021,760.0,0.7014722617354195,0.9342451523545706,1945.3744127750397,13.897482872009277,0.6690196990966797,0.6690196990966797
