Rep,Kfold,Num_Vars_,Precision_background,Recall_background,F1_score_background,Num_Obs_background,AUC_background,Accuracy_background,Precision_dos,Recall_dos,F1_score_dos,Num_Obs_dos,AUC_dos,Accuracy_dos,Precision_scan,Recall_scan,F1_score_scan,Num_Obs_scan,AUC_scan,Accuracy_scan,Precision_w,Recall_w,F1_score_w,Total_Obs,AUC_w,Accuracy_w,Hyper_time,Training_time,Testing_time,Total_time
1.0,3.0,80.0,1.0,1.0,1.0,7326.0,1.0,1.0,0.9820538384845464,0.99911246354761,0.9905097102633399,7887.0,0.9907671692738049,0.9906088687107407,0.99039780521262,0.8337182448036952,0.9053291536050156,866.0,0.9166290560112607,0.9906088687107407,0.9906799628982988,0.9906088687107407,0.9902459812095843,16079.0,0.990980871109413,0.9948877061897576,2828.8463973999023,46.27251219749451,1.9233484268188477,2893.0921971797943
