Rep,Kfold,Num_Vars_,Precision_background,Recall_background,F1_score_background,Num_Obs_background,AUC_background,Accuracy_background,Precision_dos,Recall_dos,F1_score_dos,Num_Obs_dos,AUC_dos,Accuracy_dos,Precision_scan,Recall_scan,F1_score_scan,Num_Obs_scan,AUC_scan,Accuracy_scan,Precision_w,Recall_w,F1_score_w,Total_Obs,AUC_w,Accuracy_w,Hyper_time,Training_time,Testing_time,Total_time
1.0,2.0,30.0,0.9913151364764268,0.7127564674397859,0.8292682926829269,1121.0,0.7849496622913216,0.7188034188034188,0.20212765957446807,0.5757575757575758,0.2992125984251968,33.0,0.75489725753578,0.923931623931624,1.0,0.5625,0.72,16.0,0.78125,0.994017094017094,0.9691747698769504,0.7068376068376069,0.8128237366201646,1170.0,0.7840514366899591,0.7283526919424356,1614.5998210906982,23.82776975631714,1.4208111763000488,1.4208111763000488
