Rep,Kfold,Num_Vars_,Precision_background,Recall_background,F1_score_background,Num_Obs_background,AUC_background,Accuracy_background,Precision_dos,Recall_dos,F1_score_dos,Num_Obs_dos,AUC_dos,Accuracy_dos,Precision_scan,Recall_scan,F1_score_scan,Num_Obs_scan,AUC_scan,Accuracy_scan,Precision_w,Recall_w,F1_score_w,Total_Obs,AUC_w,Accuracy_w,Hyper_time,Training_time,Testing_time,Total_time
10.0,3.0,38.0,0.9873046875,0.9018733273862622,0.9426573426573426,1121.0,0.8182836024686412,0.8948717948717949,0.28,0.42424242424242425,0.3373493975903614,33.0,0.6962900775565684,0.9529914529914529,1.0,0.5,0.6666666666666666,16.0,0.75,0.9931623931623932,0.9675286792200855,0.8829059829059829,0.9218103229966066,1170.0,0.8139089666040287,0.8978552122141867,1933.852261543274,26.01452660560608,1.0188181400299072,1.0188181400299072
