Rep,Kfold,Num_Vars_,Precision_background,Recall_background,F1_score_background,Num_Obs_background,AUC_background,Accuracy_background,Precision_dos,Recall_dos,F1_score_dos,Num_Obs_dos,AUC_dos,Accuracy_dos,Precision_scan,Recall_scan,F1_score_scan,Num_Obs_scan,AUC_scan,Accuracy_scan,Precision_w,Recall_w,F1_score_w,Total_Obs,AUC_w,Accuracy_w,Hyper_time,Training_time,Testing_time,Total_time
19.0,1.0,29.0,0.9770544290288153,0.9994541484716157,0.9881273610361576,1832.0,0.9898962557630141,0.9890520029858174,0.9190588235294118,0.9908675799086758,0.95361328125,1971.0,0.953441602454338,0.9527245583478477,0.8888888888888888,0.07407407407407407,0.13675213675213674,216.0,0.5367740867346441,0.9497387409803434,0.9438737634131029,0.9455088330430456,0.9254440319234766,4019.0,0.9476652256108546,0.9691233993593877,462.2743065357208,11.10824203491211,1.5794095993041992,485.7129285335541
