Rep,Kfold,Num_Vars_,Precision_background,Recall_background,F1_score_background,Num_Obs_background,AUC_background,Accuracy_background,Precision_dos,Recall_dos,F1_score_dos,Num_Obs_dos,AUC_dos,Accuracy_dos,Precision_scan,Recall_scan,F1_score_scan,Num_Obs_scan,AUC_scan,Accuracy_scan,Precision_w,Recall_w,F1_score_w,Total_Obs,AUC_w,Accuracy_w,Hyper_time,Training_time,Testing_time,Total_time
2.0,1.0,61.0,0.9791666666666666,0.9643175735950045,0.971685393258427,1121.0,0.7521587867975023,0.946199829205807,0.875,0.20588235294117646,0.33333333333333337,34.0,0.6025014227326814,0.9760888129803587,1.0,0.25,0.4,16.0,0.625,0.9897523484201537,0.9764268431539994,0.932536293766012,0.9453395893902903,1171.0,0.7460760447249455,0.9476627376223435,2623.1126272678375,144.02696895599365,1.529721975326538,1.529721975326538
