Rep,Kfold,Num_Vars_,Precision_background,Recall_background,F1_score_background,Num_Obs_background,AUC_background,Accuracy_background,Precision_dos,Recall_dos,F1_score_dos,Num_Obs_dos,AUC_dos,Accuracy_dos,Precision_scan,Recall_scan,F1_score_scan,Num_Obs_scan,AUC_scan,Accuracy_scan,Precision_w,Recall_w,F1_score_w,Total_Obs,AUC_w,Accuracy_w,Hyper_time,Training_time,Testing_time,Total_time
2.0,2.0,44.0,0.9754928076718167,0.9994541484716157,0.9873281207872742,1832.0,0.9892103847067726,0.9883055486439413,0.9705882352941176,0.0167427701674277,0.03291770573566084,1971.0,0.5081272444587138,0.517541677034088,1.0,0.07407407407407407,0.13793103448275862,216.0,0.537037037037037,0.9502363772082607,0.9744046368299264,0.46777805424234886,0.47361508303945005,4019.0,0.7289754226451686,0.7553872774388835,1680.3370299339294,35.77467107772827,4.35315203666687,1747.774745941162
