Rep,Kfold,Num_Vars_,Precision_background,Recall_background,F1_score_background,Num_Obs_background,AUC_background,Accuracy_background,Precision_dos,Recall_dos,F1_score_dos,Num_Obs_dos,AUC_dos,Accuracy_dos,Precision_scan,Recall_scan,F1_score_scan,Num_Obs_scan,AUC_scan,Accuracy_scan,Precision_w,Recall_w,F1_score_w,Total_Obs,AUC_w,Accuracy_w,Hyper_time,Training_time,Testing_time,Total_time
20.0,2.0,65.0,0.0005296610169491525,1.0,0.0010587612493382743,1.0,0.548348492101484,0.09712918660287082,0.0,0.0,0.0,1918.0,0.5,0.08229665071770335,0.125,0.005847953216374269,0.011173184357541898,171.0,0.5011001100110011,0.915311004784689,0.010227526153596626,0.0009569377990430622,0.0009146762135832549,2090.0,0.5001131422507094,0.15045946750303338,514.2052762508392,22.078248739242554,0.6066079139709473,0.6066079139709473
