Rep,Kfold,Num_Vars_,Precision_background,Recall_background,F1_score_background,Num_Obs_background,AUC_background,Accuracy_background,Precision_dos,Recall_dos,F1_score_dos,Num_Obs_dos,AUC_dos,Accuracy_dos,Precision_scan,Recall_scan,F1_score_scan,Num_Obs_scan,AUC_scan,Accuracy_scan,Precision_w,Recall_w,F1_score_w,Total_Obs,AUC_w,Accuracy_w,Hyper_time,Training_time,Testing_time,Total_time
2.0,2.0,44.0,0.9565217391304348,0.9915492957746479,0.9737206085753805,710.0,0.6692440356424261,0.9499341238471674,1.0,0.2,0.33333333333333337,20.0,0.6,0.9789196310935442,0.0,0.0,0.0,29.0,0.5,0.9617918313570487,0.9211204674342671,0.932806324110672,0.9196420273454371,759.0,0.660952918716894,0.9511509666175416,1680.3370299339294,35.77467107772827,1.503140926361084,1.503140926361084
