Rep,Kfold,Num_Vars_,Precision_background,Recall_background,F1_score_background,Num_Obs_background,AUC_background,Accuracy_background,Precision_dos,Recall_dos,F1_score_dos,Num_Obs_dos,AUC_dos,Accuracy_dos,Precision_scan,Recall_scan,F1_score_scan,Num_Obs_scan,AUC_scan,Accuracy_scan,Precision_w,Recall_w,F1_score_w,Total_Obs,AUC_w,Accuracy_w,Hyper_time,Training_time,Testing_time,Total_time
20.0,4.0,31.0,0.9574468085106383,0.823943661971831,0.8856926570779712,710.0,0.6519718309859155,0.8013157894736842,0.6666666666666666,0.5714285714285714,0.6153846153846153,21.0,0.7816547457954764,0.9802631578947368,0.0,0.0,0.0,29.0,0.5,0.9618421052631579,0.9128779395296753,0.7855263157894737,0.8444274519058375,760.0,0.649756249554875,0.8123857340720222,407.24752497673035,7.854250431060791,0.6361422538757324,0.6361422538757324
