Rep,Kfold,Num_Vars_,Precision_background,Recall_background,F1_score_background,Num_Obs_background,AUC_background,Accuracy_background,Precision_dos,Recall_dos,F1_score_dos,Num_Obs_dos,AUC_dos,Accuracy_dos,Precision_scan,Recall_scan,F1_score_scan,Num_Obs_scan,AUC_scan,Accuracy_scan,Precision_w,Recall_w,F1_score_w,Total_Obs,AUC_w,Accuracy_w,Hyper_time,Training_time,Testing_time,Total_time
20.0,4.0,31.0,0.9913700107874865,0.8198037466547725,0.8974609375,1121.0,0.8265685399940529,0.8203592814371258,0.35135135135135137,0.3939393939393939,0.37142857142857144,33.0,0.6864063166880069,0.962360992301112,1.0,0.4666666666666667,0.6363636363636364,15.0,0.7333333333333334,0.9931565440547476,0.9734134958831198,0.8032506415739948,0.8792611705218969,1169.0,0.8214155190624787,0.8265851286550692,407.24752497673035,7.854250431060791,0.8101601600646973,0.8101601600646973
