Rep,Kfold,Num_Vars_,Precision_background,Recall_background,F1_score_background,Num_Obs_background,AUC_background,Accuracy_background,Precision_dos,Recall_dos,F1_score_dos,Num_Obs_dos,AUC_dos,Accuracy_dos,Precision_scan,Recall_scan,F1_score_scan,Num_Obs_scan,AUC_scan,Accuracy_scan,Precision_w,Recall_w,F1_score_w,Total_Obs,AUC_w,Accuracy_w,Hyper_time,Training_time,Testing_time,Total_time
2.0,4.0,56.0,0.9768568353067815,0.9907205240174672,0.9837398373983739,1832.0,0.9855294435359399,0.9850709131624782,0.9189443920829407,0.989345509893455,0.9528463229904715,1971.0,0.9526805674467276,0.9519781040059716,0.875,0.06481481481481481,0.12068965517241378,216.0,0.5321444571050146,0.949241104752426,0.942981119451978,0.9402836526499129,0.9222046405188559,4019.0,0.9450526354142883,0.9669158583070301,3002.0894112586975,15.96751618385315,2.214791774749756,3038.040173768997
