Rep,Kfold,Num_Vars_,Precision_background,Recall_background,F1_score_background,Num_Obs_background,AUC_background,Accuracy_background,Precision_dos,Recall_dos,F1_score_dos,Num_Obs_dos,AUC_dos,Accuracy_dos,Precision_scan,Recall_scan,F1_score_scan,Num_Obs_scan,AUC_scan,Accuracy_scan,Precision_w,Recall_w,F1_score_w,Total_Obs,AUC_w,Accuracy_w,Hyper_time,Training_time,Testing_time,Total_time
20.0,2.0,65.0,0.9869138495092693,0.8073148974130241,0.8881256133464182,1121.0,0.7812084691146753,0.8051282051282052,0.8,0.36363636363636365,0.5000000000000001,33.0,0.6804989206044616,0.9794871794871794,0.5217391304347826,0.75,0.6153846153846153,16.0,0.8702339688041595,0.9871794871794872,0.9752805567408953,0.794017094017094,0.8734486892371697,1170.0,0.7795853861182606,0.8125356125356125,514.2052762508392,22.078248739242554,0.8341801166534424,0.8341801166534424
