Rep,Kfold,Num_Vars_,Precision_background,Recall_background,F1_score_background,Num_Obs_background,AUC_background,Accuracy_background,Precision_dos,Recall_dos,F1_score_dos,Num_Obs_dos,AUC_dos,Accuracy_dos,Precision_scan,Recall_scan,F1_score_scan,Num_Obs_scan,AUC_scan,Accuracy_scan,Precision_w,Recall_w,F1_score_w,Total_Obs,AUC_w,Accuracy_w,Hyper_time,Training_time,Testing_time,Total_time
3.0,3.0,52.0,0.9571428571428572,0.9436619718309859,0.9503546099290779,710.0,0.6777133388566694,0.9080157687253614,0.6296296296296297,0.8095238095238095,0.7083333333333334,21.0,0.8980051480051481,0.9816031537450722,0.0,0.0,0.0,30.0,0.5,0.9605781865965834,0.9103727342886343,0.9027595269382391,0.9062112655054472,761.0,0.6767865685891503,0.9121185382674778,2041.0155363082886,18.573870420455933,0.6075506210327148,0.6075506210327148
