Rep,Kfold,Num_Vars_,Precision_background,Recall_background,F1_score_background,Num_Obs_background,AUC_background,Accuracy_background,Precision_dos,Recall_dos,F1_score_dos,Num_Obs_dos,AUC_dos,Accuracy_dos,Precision_scan,Recall_scan,F1_score_scan,Num_Obs_scan,AUC_scan,Accuracy_scan,Precision_w,Recall_w,F1_score_w,Total_Obs,AUC_w,Accuracy_w,Hyper_time,Training_time,Testing_time,Total_time
3.0,4.0,42.0,1.0,0.9995905554797325,0.9997952358200806,7327.0,0.9997952777398662,0.9998134328358209,0.9208313872022419,1.0,0.9587841945288753,7886.0,0.9586282645838418,0.9578358208955224,1.0,0.22145328719723184,0.3626062322946176,867.0,0.610726643598616,0.9580223880597015,0.9611739004649801,0.9578358208955224,0.9453265829793455,16080.0,0.9586282645838419,0.9769733654488749,1836.3514847755432,31.644405364990234,3.8788187503814697,1895.0162436962128
