Rep,Kfold,Num_Vars_,Precision_background,Recall_background,F1_score_background,Num_Obs_background,AUC_background,Accuracy_background,Precision_dos,Recall_dos,F1_score_dos,Num_Obs_dos,AUC_dos,Accuracy_dos,Precision_scan,Recall_scan,F1_score_scan,Num_Obs_scan,AUC_scan,Accuracy_scan,Precision_w,Recall_w,F1_score_w,Total_Obs,AUC_w,Accuracy_w,Hyper_time,Training_time,Testing_time,Total_time
3.0,5.0,34.0,0.9574468085106383,0.9507042253521126,0.9540636042402827,710.0,0.6753521126760562,0.9144736842105263,0.6206896551724138,0.9,0.7346938775510204,20.0,0.9425675675675675,0.9828947368421053,0.0,0.0,0.0,30.0,0.5,0.9605263157894737,0.9107908251921072,0.9118421052631579,0.9106303112652908,760.0,0.6754623044096727,0.9180921052631578,1882.8968441486359,43.0260648727417,1.1460480690002441,1.1460480690002441
