Rep,Kfold,Num_Vars_,Precision_background,Recall_background,F1_score_background,Num_Obs_background,AUC_background,Accuracy_background,Precision_dos,Recall_dos,F1_score_dos,Num_Obs_dos,AUC_dos,Accuracy_dos,Precision_scan,Recall_scan,F1_score_scan,Num_Obs_scan,AUC_scan,Accuracy_scan,Precision_w,Recall_w,F1_score_w,Total_Obs,AUC_w,Accuracy_w,Hyper_time,Training_time,Testing_time,Total_time
3.0,2.0,34.0,0.9729011689691818,0.9994541484716157,0.9859989229940765,1832.0,0.9880672662797035,0.9870614580741478,0.9179245283018868,0.9873160832064941,0.9513566365191884,1971.0,0.951177572853247,0.9504851953222194,1.0,0.06481481481481481,0.1217391304347826,216.0,0.5324074074074074,0.9497387409803434,0.947395916107131,0.9432694700174172,0.9225602412735461,4019.0,0.9454864961229575,0.9671178102074365,1664.7769248485565,25.77114987373352,4.251816511154175,1715.0021996498108
