Rep,Kfold,Num_Vars_,Precision_background,Recall_background,F1_score_background,Num_Obs_background,AUC_background,Accuracy_background,Precision_dos,Recall_dos,F1_score_dos,Num_Obs_dos,AUC_dos,Accuracy_dos,Precision_scan,Recall_scan,F1_score_scan,Num_Obs_scan,AUC_scan,Accuracy_scan,Precision_w,Recall_w,F1_score_w,Total_Obs,AUC_w,Accuracy_w,Hyper_time,Training_time,Testing_time,Total_time
3.0,3.0,52.0,0.00048216007714561236,1.0,0.000963855421686747,1.0,0.5038295835327908,0.008133971291866028,0.0,0.0,0.0,1918.0,0.5,0.08229665071770335,0.0,0.0,0.0,171.0,0.5,0.9181818181818182,2.3069860150507768e-07,0.0004784688995215311,4.6117484291231916e-07,2090.0,0.5000018323366187,0.15065177079279324,2041.0155363082886,18.573870420455933,0.8532018661499023,0.8532018661499023
