Rep,Kfold,Num_Vars_,Precision_background,Recall_background,F1_score_background,Num_Obs_background,AUC_background,Accuracy_background,Precision_dos,Recall_dos,F1_score_dos,Num_Obs_dos,AUC_dos,Accuracy_dos,Precision_scan,Recall_scan,F1_score_scan,Num_Obs_scan,AUC_scan,Accuracy_scan,Precision_w,Recall_w,F1_score_w,Total_Obs,AUC_w,Accuracy_w,Hyper_time,Training_time,Testing_time,Total_time
3.0,1.0,60.0,0.9512855209742895,0.9901408450704225,0.9703243616287094,710.0,0.6350704225352113,0.9434210526315789,1.0,0.09523809523809523,0.17391304347826084,21.0,0.5476190476190477,0.975,0.0,0.0,0.0,29.0,0.5,0.9618421052631579,0.9163325261733495,0.9276315789473685,0.9112927245650357,760.0,0.6275000000000001,0.9449965373961219,1911.5396807193756,28.29550290107727,0.8552911281585693,0.8552911281585693
