Rep,Kfold,Num_Vars_,Precision_background,Recall_background,F1_score_background,Num_Obs_background,AUC_background,Accuracy_background,Precision_dos,Recall_dos,F1_score_dos,Num_Obs_dos,AUC_dos,Accuracy_dos,Precision_scan,Recall_scan,F1_score_scan,Num_Obs_scan,AUC_scan,Accuracy_scan,Precision_w,Recall_w,F1_score_w,Total_Obs,AUC_w,Accuracy_w,Hyper_time,Training_time,Testing_time,Total_time
3.0,2.0,34.0,0.0004938271604938272,1.0,0.000987166831194472,1.0,0.5155576831019626,0.031578947368421054,0.0,0.0,0.0,1918.0,0.5,0.08229665071770335,0.0,0.0,0.0,171.0,0.5,0.9181818181818182,2.36280938035324e-07,0.0004784688995215311,4.723286273657761e-07,2090.0,0.500007443867513,0.15066298848469586,1664.7769248485565,25.77114987373352,1.335892677307129,1.335892677307129
