Rep,Kfold,Num_Vars_,Precision_background,Recall_background,F1_score_background,Num_Obs_background,AUC_background,Accuracy_background,Precision_dos,Recall_dos,F1_score_dos,Num_Obs_dos,AUC_dos,Accuracy_dos,Precision_scan,Recall_scan,F1_score_scan,Num_Obs_scan,AUC_scan,Accuracy_scan,Precision_w,Recall_w,F1_score_w,Total_Obs,AUC_w,Accuracy_w,Hyper_time,Training_time,Testing_time,Total_time
3.0,3.0,52.0,0.993704092339979,0.8447814451382694,0.9132111861137896,1121.0,0.8611662327732162,0.8461538461538461,0.6666666666666666,0.5454545454545454,0.6,33.0,0.7687694890861118,0.9794871794871794,1.0,0.75,0.8571428571428571,16.0,0.875,0.9965811965811966,0.9845660577035183,0.8350427350427351,0.9036102780750803,1170.0,0.8587493504945446,0.8519716560742201,2041.0155363082886,18.573870420455933,0.6206624507904053,0.6206624507904053
