Rep,Kfold,Num_Vars_,Precision_background,Recall_background,F1_score_background,Num_Obs_background,AUC_background,Accuracy_background,Precision_dos,Recall_dos,F1_score_dos,Num_Obs_dos,AUC_dos,Accuracy_dos,Precision_scan,Recall_scan,F1_score_scan,Num_Obs_scan,AUC_scan,Accuracy_scan,Precision_w,Recall_w,F1_score_w,Total_Obs,AUC_w,Accuracy_w,Hyper_time,Training_time,Testing_time,Total_time
3.0,4.0,42.0,0.953360768175583,0.9802538787023978,0.9666203059805285,709.0,0.6431881638409949,0.9366754617414248,0.7692307692307693,0.5,0.6060606060606061,20.0,0.7479674796747967,0.9828496042216359,0.0,0.0,0.0,29.0,0.5,0.9617414248021108,0.9120282322178149,0.9300791556728232,0.920125341769666,758.0,0.6404746144548302,0.9388527648791085,1836.3514847755432,31.644405364990234,1.2516002655029297,1.2516002655029297
