Rep,Kfold,Num_Vars_,Precision_background,Recall_background,F1_score_background,Num_Obs_background,AUC_background,Accuracy_background,Precision_dos,Recall_dos,F1_score_dos,Num_Obs_dos,AUC_dos,Accuracy_dos,Precision_scan,Recall_scan,F1_score_scan,Num_Obs_scan,AUC_scan,Accuracy_scan,Precision_w,Recall_w,F1_score_w,Total_Obs,AUC_w,Accuracy_w,Hyper_time,Training_time,Testing_time,Total_time
4.0,3.0,55.0,0.9390787518573551,0.8901408450704226,0.9139551699204628,710.0,0.5267030755964357,0.8432147562582345,0.05555555555555555,0.05,0.052631578947368425,20.0,0.5134979702300406,0.9525691699604744,0.21428571428571427,0.10344827586206896,0.1395348837209302,29.0,0.544189891355692,0.9512516469038208,0.8881044936022646,0.8379446640316206,0.8616697152178958,759.0,0.5270232541862783,0.8502241872236717,2059.6108717918396,14.565643310546875,0.6062872409820557,0.6062872409820557
