Rep,Kfold,Num_Vars_,Precision_background,Recall_background,F1_score_background,Num_Obs_background,AUC_background,Accuracy_background,Precision_dos,Recall_dos,F1_score_dos,Num_Obs_dos,AUC_dos,Accuracy_dos,Precision_scan,Recall_scan,F1_score_scan,Num_Obs_scan,AUC_scan,Accuracy_scan,Precision_w,Recall_w,F1_score_w,Total_Obs,AUC_w,Accuracy_w,Hyper_time,Training_time,Testing_time,Total_time
4.0,2.0,41.0,0.971307120085016,0.9983615510649918,0.9846485321842177,1831.0,0.9868407389694247,0.9858173675043543,0.9188296366210477,0.9878234398782344,0.952078239608802,1971.0,0.9519195324391172,0.9512316496640956,0.8571428571428571,0.055299539170506916,0.10389610389610392,217.0,0.5273867501218131,0.9484946504105499,0.9394069546294475,0.9422741975615825,0.9211204596276948,4019.0,0.944907120245571,0.966840637105622,1831.5338582992554,41.89926266670227,4.616466760635376,1907.8035650253296
