Rep,Kfold,Num_Vars_,Precision_background,Recall_background,F1_score_background,Num_Obs_background,AUC_background,Accuracy_background,Precision_dos,Recall_dos,F1_score_dos,Num_Obs_dos,AUC_dos,Accuracy_dos,Precision_scan,Recall_scan,F1_score_scan,Num_Obs_scan,AUC_scan,Accuracy_scan,Precision_w,Recall_w,F1_score_w,Total_Obs,AUC_w,Accuracy_w,Hyper_time,Training_time,Testing_time,Total_time
4.0,4.0,27.0,0.9902491874322861,0.8153434433541481,0.8943248532289629,1121.0,0.8158349869831965,0.8153846153846154,0.4722222222222222,0.5151515151515151,0.49275362318840576,33.0,0.749220436555529,0.9700854700854701,1.0,0.4375,0.6086956521739131,16.0,0.71875,0.9923076923076923,0.9757715149101931,0.8017094017094017,0.8790924448458696,1170.0,0.8126284571064066,0.8221674337058953,1831.6759338378906,31.514281272888184,1.56699800491333,1.56699800491333
