Rep,Kfold,Num_Vars_,Precision_background,Recall_background,F1_score_background,Num_Obs_background,AUC_background,Accuracy_background,Precision_dos,Recall_dos,F1_score_dos,Num_Obs_dos,AUC_dos,Accuracy_dos,Precision_scan,Recall_scan,F1_score_scan,Num_Obs_scan,AUC_scan,Accuracy_scan,Precision_w,Recall_w,F1_score_w,Total_Obs,AUC_w,Accuracy_w,Hyper_time,Training_time,Testing_time,Total_time
4.0,4.0,27.0,0.9796573875802997,0.9994538503549972,0.9894566098945661,1831.0,0.9910431957442262,0.9902960935556109,0.9478260869565217,0.1658215010141988,0.2822615451014243,1972.0,0.5785140724416378,0.5862154764866883,1.0,0.06481481481481481,0.1217391304347826,216.0,0.5324074074074074,0.9497387409803434,0.9651320527837247,0.5401841254043295,0.5958224612667011,4019.0,0.7639785623942742,0.7898463884010518,1831.6759338378906,31.514281272888184,4.507774829864502,1892.3507914543152
