Rep,Kfold,Num_Vars_,Precision_background,Recall_background,F1_score_background,Num_Obs_background,AUC_background,Accuracy_background,Precision_dos,Recall_dos,F1_score_dos,Num_Obs_dos,AUC_dos,Accuracy_dos,Precision_scan,Recall_scan,F1_score_scan,Num_Obs_scan,AUC_scan,Accuracy_scan,Precision_w,Recall_w,F1_score_w,Total_Obs,AUC_w,Accuracy_w,Hyper_time,Training_time,Testing_time,Total_time
4.0,5.0,69.0,0.9956672443674177,0.6271834061135371,0.769591426657736,1832.0,0.812449629050373,0.828898284008953,0.8805031446540881,0.9939148073022313,0.9337779895188185,1972.0,0.9320476915964548,0.9308629694105944,0.3488372093023256,0.06912442396313365,0.11538461538461539,217.0,0.5308818754936594,0.9428002984332255,0.9042805937223515,0.7769211638895797,0.8148072993052833,4021.0,0.8559082654142294,0.8850512550962706,2015.4105949401855,21.073516845703125,1.2611503601074219,2047.9527962207794
