Rep,Kfold,Num_Vars_,Precision_background,Recall_background,F1_score_background,Num_Obs_background,AUC_background,Accuracy_background,Precision_dos,Recall_dos,F1_score_dos,Num_Obs_dos,AUC_dos,Accuracy_dos,Precision_scan,Recall_scan,F1_score_scan,Num_Obs_scan,AUC_scan,Accuracy_scan,Precision_w,Recall_w,F1_score_w,Total_Obs,AUC_w,Accuracy_w,Hyper_time,Training_time,Testing_time,Total_time
4.0,1.0,61.0,0.4932508436445444,0.9574235807860262,0.6510764662212324,1832.0,0.5667319092773295,0.5322219457576511,0.958217270194986,0.17453069507864027,0.2952789699570815,1971.0,0.5836032381643201,0.5914406568798208,0.875,0.06481481481481481,0.12068965517241378,216.0,0.5321444571050146,0.949241104752426,0.7417969109507645,0.5255038566807664,0.4480805925404197,4019.0,0.5731470621927408,0.5836765906854112,1827.0841934680939,40.44958281517029,5.096631288528442,1898.7992992401123
