Rep,Kfold,Num_Vars_,Precision_background,Recall_background,F1_score_background,Num_Obs_background,AUC_background,Accuracy_background,Precision_dos,Recall_dos,F1_score_dos,Num_Obs_dos,AUC_dos,Accuracy_dos,Precision_scan,Recall_scan,F1_score_scan,Num_Obs_scan,AUC_scan,Accuracy_scan,Precision_w,Recall_w,F1_score_w,Total_Obs,AUC_w,Accuracy_w,Hyper_time,Training_time,Testing_time,Total_time
4.0,2.0,41.0,0.9614285714285714,0.9478873239436619,0.9546099290780141,710.0,0.6984334578901983,0.9156785243741765,0.9285714285714286,0.65,0.7647058823529412,20.0,0.8243234100135318,0.9894598155467721,0.0,0.0,0.0,29.0,0.5,0.9617918313570487,0.9238283455674761,0.9038208168642952,0.9131319727173239,759.0,0.6941689371571955,0.9193846004294536,1831.5338582992554,41.89926266670227,1.2620725631713867,1.2620725631713867
