Rep,Kfold,Num_Vars_,Precision_background,Recall_background,F1_score_background,Num_Obs_background,AUC_background,Accuracy_background,Precision_dos,Recall_dos,F1_score_dos,Num_Obs_dos,AUC_dos,Accuracy_dos,Precision_scan,Recall_scan,F1_score_scan,Num_Obs_scan,AUC_scan,Accuracy_scan,Precision_w,Recall_w,F1_score_w,Total_Obs,AUC_w,Accuracy_w,Hyper_time,Training_time,Testing_time,Total_time
4.0,3.0,55.0,0.9847182425978988,0.91971454058876,0.9511070110701106,1121.0,0.7998572702943799,0.9094790777113578,0.9285714285714286,0.38235294117647056,0.5416666666666667,34.0,0.6907367168503286,0.9812126387702819,0.3939393939393939,0.8125,0.5306122448979591,16.0,0.8975919913419914,0.9803586678052946,0.9750158913976972,0.9026473099914603,0.9334734602857627,1171.0,0.7980243554520776,0.912530328366786,2059.6108717918396,14.565643310546875,0.6069419384002686,0.6069419384002686
