Rep,Kfold,Num_Vars_,Precision_background,Recall_background,F1_score_background,Num_Obs_background,AUC_background,Accuracy_background,Precision_dos,Recall_dos,F1_score_dos,Num_Obs_dos,AUC_dos,Accuracy_dos,Precision_scan,Recall_scan,F1_score_scan,Num_Obs_scan,AUC_scan,Accuracy_scan,Precision_w,Recall_w,F1_score_w,Total_Obs,AUC_w,Accuracy_w,Hyper_time,Training_time,Testing_time,Total_time
5.0,4.0,41.0,0.9754797441364605,0.9994538503549972,0.987321284057189,1831.0,0.9892246420724758,0.9883113653320069,0.9192108971348051,0.9918905220476432,0.9541686981960019,1973.0,0.9539530735238215,0.9532454613280279,0.9285714285714286,0.059907834101382486,0.11255411255411256,217.0,0.5298224764618374,0.9490176572991793,0.9453386002389529,0.9450385476249689,0.923845897804941,4021.0,0.9471253944514851,0.9689848885245028,1889.5256159305573,21.299729824066162,3.223452568054199,1933.4356968402863
