Rep,Kfold,Num_Vars_,Precision_background,Recall_background,F1_score_background,Num_Obs_background,AUC_background,Accuracy_background,Precision_dos,Recall_dos,F1_score_dos,Num_Obs_dos,AUC_dos,Accuracy_dos,Precision_scan,Recall_scan,F1_score_scan,Num_Obs_scan,AUC_scan,Accuracy_scan,Precision_w,Recall_w,F1_score_w,Total_Obs,AUC_w,Accuracy_w,Hyper_time,Training_time,Testing_time,Total_time
5.0,3.0,81.0,0.9373881932021467,0.7380281690140845,0.8258471237194642,710.0,0.5190140845070422,0.7092105263157895,0.043478260869565216,0.047619047619047616,0.04545454545454545,21.0,0.5089245441072234,0.9447368421052632,0.0,0.0,0.0,29.0,0.4993160054719562,0.9605263157894737,0.8769192903312961,0.6907894736842105,0.7727710569675857,760.0,0.5179836573486031,0.7253081717451524,2057.083796977997,20.178014039993286,1.2138671875,1.2138671875
