Rep,Kfold,Num_Vars_,Precision_background,Recall_background,F1_score_background,Num_Obs_background,AUC_background,Accuracy_background,Precision_dos,Recall_dos,F1_score_dos,Num_Obs_dos,AUC_dos,Accuracy_dos,Precision_scan,Recall_scan,F1_score_scan,Num_Obs_scan,AUC_scan,Accuracy_scan,Precision_w,Recall_w,F1_score_w,Total_Obs,AUC_w,Accuracy_w,Hyper_time,Training_time,Testing_time,Total_time
5.0,5.0,23.0,0.9863013698630136,0.8349687778768956,0.9043478260869564,1121.0,0.784831327713958,0.8307692307692308,0.3469387755102041,0.5151515151515151,0.41463414634146345,33.0,0.7435036379627409,0.958974358974359,1.0,0.4375,0.6086956521739131,16.0,0.71875,0.9923076923076923,0.9684553976139102,0.8205128205128205,0.8864922823141274,1170.0,0.782761998649673,0.8365943458251152,1847.054193019867,34.80364227294922,1.4248147010803223,1.4248147010803223
