Rep,Kfold,Num_Vars_,Precision_background,Recall_background,F1_score_background,Num_Obs_background,AUC_background,Accuracy_background,Precision_dos,Recall_dos,F1_score_dos,Num_Obs_dos,AUC_dos,Accuracy_dos,Precision_scan,Recall_scan,F1_score_scan,Num_Obs_scan,AUC_scan,Accuracy_scan,Precision_w,Recall_w,F1_score_w,Total_Obs,AUC_w,Accuracy_w,Hyper_time,Training_time,Testing_time,Total_time
5.0,3.0,81.0,0.0006548788474132286,1.0,0.0013089005235602095,1.0,0.6349282296650718,0.2702056432329029,0.0,0.0,0.0,1918.0,0.5,0.08273553323768532,0.125,0.005813953488372093,0.01111111111111111,172.0,0.501083110147,0.9148732663797227,0.01028247483445596,0.0009564801530368245,0.000914595892699508,2091.0,0.5001536217957672,0.15127458642296782,2057.083796977997,20.178014039993286,1.2149512767791748,1.2149512767791748
