Rep,Kfold,Num_Vars_,Precision_background,Recall_background,F1_score_background,Num_Obs_background,AUC_background,Accuracy_background,Precision_dos,Recall_dos,F1_score_dos,Num_Obs_dos,AUC_dos,Accuracy_dos,Precision_scan,Recall_scan,F1_score_scan,Num_Obs_scan,AUC_scan,Accuracy_scan,Precision_w,Recall_w,F1_score_w,Total_Obs,AUC_w,Accuracy_w,Hyper_time,Training_time,Testing_time,Total_time
5.0,5.0,23.0,0.9470499243570348,0.8829337094499294,0.9138686131386862,709.0,0.5843239975821075,0.8443271767810027,0.20408163265306123,0.5,0.2898550724637681,20.0,0.7235772357723577,0.9353562005277045,0.0,0.0,0.0,29.0,0.5,0.9617414248021108,0.8912137586044842,0.8390501319261213,0.862440564860955,758.0,0.584772109500213,0.851221099825259,1847.054193019867,34.80364227294922,1.0103249549865723,1.0103249549865723
