Rep,Kfold,Num_Vars_,Precision_background,Recall_background,F1_score_background,Num_Obs_background,AUC_background,Accuracy_background,Precision_dos,Recall_dos,F1_score_dos,Num_Obs_dos,AUC_dos,Accuracy_dos,Precision_scan,Recall_scan,F1_score_scan,Num_Obs_scan,AUC_scan,Accuracy_scan,Precision_w,Recall_w,F1_score_w,Total_Obs,AUC_w,Accuracy_w,Hyper_time,Training_time,Testing_time,Total_time
5.0,3.0,81.0,0.9838337182448037,0.9301310043668122,0.9562289562289562,1832.0,0.9586698877475905,0.9612036806764487,0.916195856873823,0.986815415821501,0.9501953125000001,1972.0,0.9499718855583835,0.9492663516538175,0.10650464617583988,0.6866359447004609,0.18440594059405938,217.0,0.6790172362829329,0.6722208405869187,0.903315869136985,0.9447898532703307,0.9116171830814123,4021.0,0.9393122439562582,0.9397538699000106,2057.083796977997,20.178014039993286,0.9122326374053955,2088.965529203415
