Rep,Kfold,Num_Vars_,Precision_background,Recall_background,F1_score_background,Num_Obs_background,AUC_background,Accuracy_background,Precision_dos,Recall_dos,F1_score_dos,Num_Obs_dos,AUC_dos,Accuracy_dos,Precision_scan,Recall_scan,F1_score_scan,Num_Obs_scan,AUC_scan,Accuracy_scan,Precision_w,Recall_w,F1_score_w,Total_Obs,AUC_w,Accuracy_w,Hyper_time,Training_time,Testing_time,Total_time
5.0,5.0,23.0,0.00048146364949446316,1.0,0.0009624639076034648,1.0,0.5031115366203925,0.0066985645933014355,0.0,0.0,0.0,1918.0,0.5,0.08229665071770335,0.0,0.0,0.0,171.0,0.5,0.9181818181818182,2.3036538253323595e-07,0.0004784688995215311,4.605090467002224e-07,2090.0,0.5000014887735026,0.15065108399532978,1847.054193019867,34.80364227294922,1.4224236011505127,1.4224236011505127
