Rep,Kfold,Num_Vars_,Precision_background,Recall_background,F1_score_background,Num_Obs_background,AUC_background,Accuracy_background,Precision_dos,Recall_dos,F1_score_dos,Num_Obs_dos,AUC_dos,Accuracy_dos,Precision_scan,Recall_scan,F1_score_scan,Num_Obs_scan,AUC_scan,Accuracy_scan,Precision_w,Recall_w,F1_score_w,Total_Obs,AUC_w,Accuracy_w,Hyper_time,Training_time,Testing_time,Total_time
5.0,5.0,23.0,0.9770421783235451,0.9994538503549972,0.9881209503239742,1831.0,0.9898961067047048,0.9890492782478845,0.9145299145299145,0.10857432775240994,0.19410430839002266,1971.0,0.549401966025692,0.5577401692384271,0.9375,0.06944444444444445,0.12931034482758622,216.0,0.534590712490502,0.9497262319561971,0.9442515405796099,0.5124440019910403,0.5524539786865829,4018.0,0.749338636214759,0.7753598726090978,1847.054193019867,34.80364227294922,4.008688926696777,1906.114734172821
