Rep,Kfold,Num_Vars_,Precision_background,Recall_background,F1_score_background,Num_Obs_background,AUC_background,Accuracy_background,Precision_dos,Recall_dos,F1_score_dos,Num_Obs_dos,AUC_dos,Accuracy_dos,Precision_scan,Recall_scan,F1_score_scan,Num_Obs_scan,AUC_scan,Accuracy_scan,Precision_w,Recall_w,F1_score_w,Total_Obs,AUC_w,Accuracy_w,Hyper_time,Training_time,Testing_time,Total_time
5.0,1.0,45.0,0.9867075664621677,0.8608385370205174,0.9194854692710815,1121.0,0.7977662072857689,0.8555555555555555,0.3953488372093023,0.5151515151515151,0.4473684210526315,33.0,0.7461421603901814,0.9641025641025641,0.5714285714285714,0.5,0.5333333333333333,16.0,0.7474003466204506,0.9880341880341881,0.9643491886964564,0.8461538461538461,0.9008886344281646,1170.0,0.795621380518077,0.8604288114544525,1922.5449216365814,56.86572003364563,0.9554622173309326,0.9554622173309326
