Rep,Kfold,Num_Vars_,Precision_background,Recall_background,F1_score_background,Num_Obs_background,AUC_background,Accuracy_background,Precision_dos,Recall_dos,F1_score_dos,Num_Obs_dos,AUC_dos,Accuracy_dos,Precision_scan,Recall_scan,F1_score_scan,Num_Obs_scan,AUC_scan,Accuracy_scan,Precision_w,Recall_w,F1_score_w,Total_Obs,AUC_w,Accuracy_w,Hyper_time,Training_time,Testing_time,Total_time
5.0,1.0,45.0,0.46204453441295545,0.9967248908296943,0.6313969571230982,1832.0,0.512530635542818,0.4696517412935323,0.9,0.0228310502283105,0.04453240969816922,1971.0,0.5101954177447067,0.5196517412935323,0.8823529411764706,0.06912442396313365,0.12820512820512822,217.0,0.534299261679174,0.9492537313432836,0.699461735144236,0.4691542288557214,0.3164958004440598,4020.0,0.5125607543466766,0.5200556298111433,1922.5449216365814,56.86572003364563,1.4213697910308838,1995.190991640091
