Rep,Kfold,Num_Vars_,Precision_background,Recall_background,F1_score_background,Num_Obs_background,AUC_background,Accuracy_background,Precision_dos,Recall_dos,F1_score_dos,Num_Obs_dos,AUC_dos,Accuracy_dos,Precision_scan,Recall_scan,F1_score_scan,Num_Obs_scan,AUC_scan,Accuracy_scan,Precision_w,Recall_w,F1_score_w,Total_Obs,AUC_w,Accuracy_w,Hyper_time,Training_time,Testing_time,Total_time
6.0,1.0,30.0,0.9839108910891089,0.7091882247992863,0.8242612752721618,1121.0,0.7219410511751534,0.7102564102564103,0.13513513513513514,0.45454545454545453,0.20833333333333334,33.0,0.6850563684336772,0.9025641025641026,1.0,0.4375,0.6086956521739131,16.0,0.71875,0.9923076923076923,0.9601910840772226,0.6982905982905983,0.8039410427477572,1170.0,0.7208570756629558,0.7195375849222003,1886.6050055027008,19.877036094665527,1.1391489505767822,1.1391489505767822
