Rep,Kfold,Num_Vars_,Precision_background,Recall_background,F1_score_background,Num_Obs_background,AUC_background,Accuracy_background,Precision_dos,Recall_dos,F1_score_dos,Num_Obs_dos,AUC_dos,Accuracy_dos,Precision_scan,Recall_scan,F1_score_scan,Num_Obs_scan,AUC_scan,Accuracy_scan,Precision_w,Recall_w,F1_score_w,Total_Obs,AUC_w,Accuracy_w,Hyper_time,Training_time,Testing_time,Total_time
6.0,4.0,28.0,0.0004830917874396135,1.0,0.0009657170449058426,1.0,0.505023923444976,0.010521281683405069,0.0,0.0,0.0,1918.0,0.5,0.08273553323768532,0.0,0.0,0.0,172.0,0.5,0.9177427068388331,2.310338533905373e-07,0.00047824007651841227,4.6184459345090507e-07,2091.0,0.5000024026415327,0.15138642735908325,1942.0744013786316,28.022707223892212,1.2336704730987549,1.2336704730987549
