Rep,Kfold,Num_Vars_,Precision_background,Recall_background,F1_score_background,Num_Obs_background,AUC_background,Accuracy_background,Precision_dos,Recall_dos,F1_score_dos,Num_Obs_dos,AUC_dos,Accuracy_dos,Precision_scan,Recall_scan,F1_score_scan,Num_Obs_scan,AUC_scan,Accuracy_scan,Precision_w,Recall_w,F1_score_w,Total_Obs,AUC_w,Accuracy_w,Hyper_time,Training_time,Testing_time,Total_time
6.0,3.0,57.0,0.4614415322580645,0.9994541484716157,0.6313793103448276,1832.0,0.5113815532120419,0.4681592039800995,1.0,0.015212981744421906,0.02997002997002997,1972.0,0.507606490872211,0.5169154228855721,0.8947368421052632,0.0787037037037037,0.1446808510638298,216.0,0.5390889706741442,0.95,0.7489114539779878,0.4671641791044776,0.31020867151303744,4020.0,0.5110184634701682,0.5179663869706196,2033.6095843315125,17.56641149520874,0.9163577556610107,2062.8013303279877
