Rep,Kfold,Num_Vars_,Precision_background,Recall_background,F1_score_background,Num_Obs_background,AUC_background,Accuracy_background,Precision_dos,Recall_dos,F1_score_dos,Num_Obs_dos,AUC_dos,Accuracy_dos,Precision_scan,Recall_scan,F1_score_scan,Num_Obs_scan,AUC_scan,Accuracy_scan,Precision_w,Recall_w,F1_score_w,Total_Obs,AUC_w,Accuracy_w,Hyper_time,Training_time,Testing_time,Total_time
6.0,1.0,30.0,0.952023988005997,0.8943661971830986,0.9222948438634713,710.0,0.6271830985915492,0.8592105263157894,0.46153846153846156,0.5714285714285714,0.5106382978723405,21.0,0.7762420259037309,0.9697368421052631,0.0,0.0,0.0,29.0,0.5,0.9618421052631579,0.9021438673375863,0.8513157894736842,0.8757272939452418,760.0,0.6264487928210241,0.8661807479224377,1886.6050055027008,19.877036094665527,1.0828146934509277,1.0828146934509277
