Rep,Kfold,Num_Vars_,Precision_background,Recall_background,F1_score_background,Num_Obs_background,AUC_background,Accuracy_background,Precision_dos,Recall_dos,F1_score_dos,Num_Obs_dos,AUC_dos,Accuracy_dos,Precision_scan,Recall_scan,F1_score_scan,Num_Obs_scan,AUC_scan,Accuracy_scan,Precision_w,Recall_w,F1_score_w,Total_Obs,AUC_w,Accuracy_w,Hyper_time,Training_time,Testing_time,Total_time
6.0,2.0,50.0,0.9422818791946309,0.9887323943661972,0.9649484536082475,710.0,0.5727975697321183,0.9329829172141918,0.0,0.0,0.0,21.0,0.5,0.9724047306176085,0.0,0.0,0.0,30.0,0.5,0.9605781865965834,0.8791328964890776,0.9224704336399474,0.900280423208746,761.0,0.5679188889747753,0.9351586283350113,1823.8381638526917,46.79728698730469,1.1121315956115723,1.1121315956115723
