Rep,Kfold,Num_Vars_,Precision_background,Recall_background,F1_score_background,Num_Obs_background,AUC_background,Accuracy_background,Precision_dos,Recall_dos,F1_score_dos,Num_Obs_dos,AUC_dos,Accuracy_dos,Precision_scan,Recall_scan,F1_score_scan,Num_Obs_scan,AUC_scan,Accuracy_scan,Precision_w,Recall_w,F1_score_w,Total_Obs,AUC_w,Accuracy_w,Hyper_time,Training_time,Testing_time,Total_time
6.0,3.0,57.0,0.0005387931034482759,1.0,0.0010770059235325794,1.0,0.5560076591670655,0.11244019138755981,0.0,0.0,0.0,1918.0,0.5,0.08229665071770335,0.05,0.011695906432748537,0.01895734597156398,171.0,0.4959469631173643,0.9009569377990431,0.004091166886652368,0.0014354066985645933,0.0015515708933306093,2090.0,0.49969518581446715,0.14929236968018134,2033.6095843315125,17.56641149520874,0.6077923774719238,0.6077923774719238
