Rep,Kfold,Num_Vars_,Precision_background,Recall_background,F1_score_background,Num_Obs_background,AUC_background,Accuracy_background,Precision_dos,Recall_dos,F1_score_dos,Num_Obs_dos,AUC_dos,Accuracy_dos,Precision_scan,Recall_scan,F1_score_scan,Num_Obs_scan,AUC_scan,Accuracy_scan,Precision_w,Recall_w,F1_score_w,Total_Obs,AUC_w,Accuracy_w,Hyper_time,Training_time,Testing_time,Total_time
6.0,4.0,28.0,0.9801821103374397,0.9989082969432315,0.9894566098945661,1832.0,0.9909989382339558,0.9902985074626866,0.9189695550351288,0.9954337899543378,0.9556746225036531,1971.0,0.9555011799942503,0.954726368159204,0.9333333333333333,0.06451612903225806,0.12068965517241378,217.0,0.5321265893649326,0.9492537313432836,0.947640784190488,0.9467661691542288,0.9259972252373032,4020.0,0.9488244652998669,0.9706419395559516,1942.0744013786316,28.022707223892212,3.119438648223877,1987.9643166065216
