Rep,Kfold,Num_Vars_,Precision_background,Recall_background,F1_score_background,Num_Obs_background,AUC_background,Accuracy_background,Precision_dos,Recall_dos,F1_score_dos,Num_Obs_dos,AUC_dos,Accuracy_dos,Precision_scan,Recall_scan,F1_score_scan,Num_Obs_scan,AUC_scan,Accuracy_scan,Precision_w,Recall_w,F1_score_w,Total_Obs,AUC_w,Accuracy_w,Hyper_time,Training_time,Testing_time,Total_time
6.0,5.0,42.0,0.0004791566842357451,1.0,0.0009578544061302683,1.0,0.5007180469123983,0.0019138755980861245,0.0,0.0,0.0,1918.0,0.5,0.08229665071770335,0.0,0.0,0.0,171.0,0.5,0.9181818181818182,2.2926157140466272e-07,0.0004784688995215311,4.5830354360299916e-07,2090.0,0.500000343563116,0.15064879467045167,1814.771781206131,43.74919557571411,1.9722340106964111,1.9722340106964111
