Rep,Kfold,Num_Vars_,Precision_background,Recall_background,F1_score_background,Num_Obs_background,AUC_background,Accuracy_background,Precision_dos,Recall_dos,F1_score_dos,Num_Obs_dos,AUC_dos,Accuracy_dos,Precision_scan,Recall_scan,F1_score_scan,Num_Obs_scan,AUC_scan,Accuracy_scan,Precision_w,Recall_w,F1_score_w,Total_Obs,AUC_w,Accuracy_w,Hyper_time,Training_time,Testing_time,Total_time
6.0,3.0,57.0,0.9388379204892966,0.8647887323943662,0.9002932551319649,710.0,0.532394366197183,0.8210526315789474,0.08333333333333333,0.05,0.0625,20.0,0.5175675675675676,0.9605263157894737,1.0,0.03333333333333333,0.06451612903225806,30.0,0.5166666666666667,0.9618421052631579,0.9187389344921937,0.8105263157894737,0.8452548618613983,760.0,0.5313833570412517,0.8302804709141275,2033.6095843315125,17.56641149520874,0.7082304954528809,0.7082304954528809
