Rep,Kfold,Num_Vars_,Precision_background,Recall_background,F1_score_background,Num_Obs_background,AUC_background,Accuracy_background,Precision_dos,Recall_dos,F1_score_dos,Num_Obs_dos,AUC_dos,Accuracy_dos,Precision_scan,Recall_scan,F1_score_scan,Num_Obs_scan,AUC_scan,Accuracy_scan,Precision_w,Recall_w,F1_score_w,Total_Obs,AUC_w,Accuracy_w,Hyper_time,Training_time,Testing_time,Total_time
7.0,1.0,28.0,0.9509803921568627,0.956338028169014,0.9536516853932583,710.0,0.6350317591825463,0.9132720105124835,1.0,0.09523809523809523,0.17391304347826084,21.0,0.5476190476190477,0.9750328515111695,0.0,0.0,0.0,30.0,0.5,0.9605781865965834,0.9148437298703975,0.8948751642575559,0.894539908728327,761.0,0.6272963850454768,0.9168412128035419,1820.4936459064484,32.97538924217224,1.106316328048706,1.106316328048706
