Rep,Kfold,Num_Vars_,Precision_background,Recall_background,F1_score_background,Num_Obs_background,AUC_background,Accuracy_background,Precision_dos,Recall_dos,F1_score_dos,Num_Obs_dos,AUC_dos,Accuracy_dos,Precision_scan,Recall_scan,F1_score_scan,Num_Obs_scan,AUC_scan,Accuracy_scan,Precision_w,Recall_w,F1_score_w,Total_Obs,AUC_w,Accuracy_w,Hyper_time,Training_time,Testing_time,Total_time
7.0,5.0,67.0,0.9562841530054644,0.9859154929577465,0.9708737864077669,710.0,0.6664271342339754,0.9446640316205533,0.875,0.7,0.7777777777777777,20.0,0.8486468200270636,0.9894598155467721,0.0,0.0,0.0,29.0,0.5,0.9617918313570487,0.9176044119023449,0.9407114624505929,0.9286903081753228,759.0,0.6648698309705715,0.9464988430446413,2000.2753052711487,9.730455160140991,0.6060049533843994,0.6060049533843994
