Rep,Kfold,Num_Vars_,Precision_background,Recall_background,F1_score_background,Num_Obs_background,AUC_background,Accuracy_background,Precision_dos,Recall_dos,F1_score_dos,Num_Obs_dos,AUC_dos,Accuracy_dos,Precision_scan,Recall_scan,F1_score_scan,Num_Obs_scan,AUC_scan,Accuracy_scan,Precision_w,Recall_w,F1_score_w,Total_Obs,AUC_w,Accuracy_w,Hyper_time,Training_time,Testing_time,Total_time
7.0,5.0,67.0,0.4654471544715447,1.0,0.6352288488210819,1832.0,0.5191956124314443,0.4766169154228856,1.0,0.0091324200913242,0.01809954751131222,1971.0,0.504566210045662,0.514179104477612,0.8666666666666667,0.059907834101382486,0.11206896551724138,217.0,0.5296909667482984,0.9487562189054727,0.7491954859847106,0.4634328358208955,0.30441105092096016,4020.0,0.5125893785469617,0.5205197272344745,2000.2753052711487,9.730455160140991,0.7106783390045166,2018.3753552436829
