Rep,Kfold,Num_Vars_,Precision_background,Recall_background,F1_score_background,Num_Obs_background,AUC_background,Accuracy_background,Precision_dos,Recall_dos,F1_score_dos,Num_Obs_dos,AUC_dos,Accuracy_dos,Precision_scan,Recall_scan,F1_score_scan,Num_Obs_scan,AUC_scan,Accuracy_scan,Precision_w,Recall_w,F1_score_w,Total_Obs,AUC_w,Accuracy_w,Hyper_time,Training_time,Testing_time,Total_time
7.0,5.0,67.0,0.9790528233151184,0.9589652096342551,0.9689049121225778,1121.0,0.744788727266107,0.941025641025641,0.7777777777777778,0.21212121212121213,0.3333333333333333,33.0,0.6051810985847925,0.976068376068376,1.0,0.3125,0.47619047619047616,16.0,0.65625,0.9905982905982906,0.9736622919683031,0.9290598290598291,0.9442405590670576,1170.0,0.7396402901868411,0.942691942435532,2000.2753052711487,9.730455160140991,0.6120586395263672,0.6120586395263672
