Rep,Kfold,Num_Vars_,Precision_background,Recall_background,F1_score_background,Num_Obs_background,AUC_background,Accuracy_background,Precision_dos,Recall_dos,F1_score_dos,Num_Obs_dos,AUC_dos,Accuracy_dos,Precision_scan,Recall_scan,F1_score_scan,Num_Obs_scan,AUC_scan,Accuracy_scan,Precision_w,Recall_w,F1_score_w,Total_Obs,AUC_w,Accuracy_w,Hyper_time,Training_time,Testing_time,Total_time
7.0,4.0,45.0,0.9570093457943926,0.7211267605633803,0.8224899598393575,710.0,0.6305633802816901,0.7092105263157895,0.2125,0.85,0.33999999999999997,20.0,0.8824324324324325,0.9131578947368421,0.0,0.0,0.0,30.0,0.49794520547945204,0.9565789473684211,0.8996403098868668,0.6960526315789474,0.7773261466920312,760.0,0.6319565852803055,0.7243421052631579,1952.1345028877258,38.94100475311279,0.6781303882598877,0.6781303882598877
