Rep,Kfold,Num_Vars_,Precision_background,Recall_background,F1_score_background,Num_Obs_background,AUC_background,Accuracy_background,Precision_dos,Recall_dos,F1_score_dos,Num_Obs_dos,AUC_dos,Accuracy_dos,Precision_scan,Recall_scan,F1_score_scan,Num_Obs_scan,AUC_scan,Accuracy_scan,Precision_w,Recall_w,F1_score_w,Total_Obs,AUC_w,Accuracy_w,Hyper_time,Training_time,Testing_time,Total_time
7.0,2.0,51.0,0.9365079365079365,0.998589562764457,0.9665529010238908,709.0,0.5192947813822285,0.9354413702239789,0.0,0.0,0.0,21.0,0.5,0.9723320158102767,0.0,0.0,0.0,29.0,0.5,0.9617918313570487,0.874814396553527,0.932806324110672,0.902880114395176,759.0,0.5180237154150198,0.9374688628856009,1996.491849899292,9.080329418182373,0.6258416175842285,0.6258416175842285
