Rep,Kfold,Num_Vars_,Precision_background,Recall_background,F1_score_background,Num_Obs_background,AUC_background,Accuracy_background,Precision_dos,Recall_dos,F1_score_dos,Num_Obs_dos,AUC_dos,Accuracy_dos,Precision_scan,Recall_scan,F1_score_scan,Num_Obs_scan,AUC_scan,Accuracy_scan,Precision_w,Recall_w,F1_score_w,Total_Obs,AUC_w,Accuracy_w,Hyper_time,Training_time,Testing_time,Total_time
7.0,3.0,31.0,0.9418282548476454,0.9577464788732394,0.9497206703910613,710.0,0.5503018108651911,0.9051383399209486,0.0,0.0,0.0,20.0,0.5,0.9736495388669302,0.0,0.0,0.0,29.0,0.5,0.9617918313570487,0.8810251132303402,0.8959156785243741,0.8884080052406502,759.0,0.5470543948804818,0.9091082677609572,1835.7089903354645,36.670130491256714,1.4094750881195068,1.4094750881195068
