Rep,Kfold,Num_Vars_,Precision_background,Recall_background,F1_score_background,Num_Obs_background,AUC_background,Accuracy_background,Precision_dos,Recall_dos,F1_score_dos,Num_Obs_dos,AUC_dos,Accuracy_dos,Precision_scan,Recall_scan,F1_score_scan,Num_Obs_scan,AUC_scan,Accuracy_scan,Precision_w,Recall_w,F1_score_w,Total_Obs,AUC_w,Accuracy_w,Hyper_time,Training_time,Testing_time,Total_time
8.0,2.0,30.0,0.9771739130434782,0.9819770617149098,0.9795695995641515,1831.0,0.9813994897615644,0.9813479234021387,0.915769770706598,0.9918905220476432,0.9523114355231143,1973.0,0.9519999485238215,0.9512559064909226,0.9411764705882353,0.07373271889400922,0.13675213675213677,217.0,0.5367349188581507,0.9497637403630937,0.9451018369819382,0.9378264113404625,0.9207106721622182,4021.0,0.9429768320276407,0.9648780609089027,1826.3856525421143,39.78134250640869,3.9129881858825684,1893.0525171756744
