Rep,Kfold,Num_Vars_,Precision_background,Recall_background,F1_score_background,Num_Obs_background,AUC_background,Accuracy_background,Precision_dos,Recall_dos,F1_score_dos,Num_Obs_dos,AUC_dos,Accuracy_dos,Precision_scan,Recall_scan,F1_score_scan,Num_Obs_scan,AUC_scan,Accuracy_scan,Precision_w,Recall_w,F1_score_w,Total_Obs,AUC_w,Accuracy_w,Hyper_time,Training_time,Testing_time,Total_time
8.0,2.0,30.0,0.9610194902548725,0.9028169014084507,0.9310094408133623,710.0,0.6965064899199116,0.8751642575558476,0.25806451612903225,0.7619047619047619,0.38554216867469876,21.0,0.8498712998712998,0.9329829172141918,0.0,0.0,0.0,30.0,0.5,0.9605781865965834,0.9037361273583037,0.8633377135348226,0.8792550440468542,761.0,0.6929919909861163,0.880126951017145,1826.3856525421143,39.78134250640869,1.2144496440887451,1.2144496440887451
