Rep,Kfold,Num_Vars_,Precision_background,Recall_background,F1_score_background,Num_Obs_background,AUC_background,Accuracy_background,Precision_dos,Recall_dos,F1_score_dos,Num_Obs_dos,AUC_dos,Accuracy_dos,Precision_scan,Recall_scan,F1_score_scan,Num_Obs_scan,AUC_scan,Accuracy_scan,Precision_w,Recall_w,F1_score_w,Total_Obs,AUC_w,Accuracy_w,Hyper_time,Training_time,Testing_time,Total_time
8.0,4.0,24.0,0.9765208110992529,0.9989082969432315,0.9875876956287102,1832.0,0.9893947063134081,0.9885543667579,0.9190968955785512,0.991374936580416,0.9538686844032218,1971.0,0.9536952807902079,0.9529733764618065,1.0,0.06944444444444445,0.12987012987012989,216.0,0.5347222222222222,0.9499875590943021,0.9496208278475132,0.9452600149290868,0.9249534171193071,4019.0,0.9474507341138749,0.969031957619075,1843.437542438507,27.751635551452637,3.917623996734619,1898.004987001419
