Rep,Kfold,Num_Vars_,Precision_background,Recall_background,F1_score_background,Num_Obs_background,AUC_background,Accuracy_background,Precision_dos,Recall_dos,F1_score_dos,Num_Obs_dos,AUC_dos,Accuracy_dos,Precision_scan,Recall_scan,F1_score_scan,Num_Obs_scan,AUC_scan,Accuracy_scan,Precision_w,Recall_w,F1_score_w,Total_Obs,AUC_w,Accuracy_w,Hyper_time,Training_time,Testing_time,Total_time
8.0,2.0,30.0,0.9874843554443054,0.703835860838537,0.8218749999999999,1121.0,0.7519179304192687,0.7079419299743809,0.14,0.6176470588235294,0.2282608695652174,34.0,0.7520952972217911,0.8787361229718189,1.0,0.3125,0.47619047619047616,16.0,0.65625,0.9906063193851409,0.963048644281013,0.6959863364645602,0.7999161333768273,1171.0,0.7506159181089165,0.7167631364581427,1826.3856525421143,39.78134250640869,1.5857059955596924,1.5857059955596924
