Rep,Kfold,Num_Vars_,Precision_background,Recall_background,F1_score_background,Num_Obs_background,AUC_background,Accuracy_background,Precision_dos,Recall_dos,F1_score_dos,Num_Obs_dos,AUC_dos,Accuracy_dos,Precision_scan,Recall_scan,F1_score_scan,Num_Obs_scan,AUC_scan,Accuracy_scan,Precision_w,Recall_w,F1_score_w,Total_Obs,AUC_w,Accuracy_w,Hyper_time,Training_time,Testing_time,Total_time
8.0,3.0,41.0,0.9848837209302326,0.7555753791257805,0.8551236749116607,1121.0,0.7451346283384004,0.7547008547008547,0.12077294685990338,0.7575757575757576,0.20833333333333331,33.0,0.7987526984888462,0.8376068376068376,0.6111111111111112,0.6875,0.6470588235294118,16.0,0.8407170710571924,0.9897435897435898,0.9553999454589275,0.7547008547008547,0.8340355391046516,1170.0,0.7479540432088836,0.7602534882022061,2017.5676431655884,13.128381729125977,0.9103302955627441,0.9103302955627441
