Rep,Kfold,Num_Vars_,Precision_background,Recall_background,F1_score_background,Num_Obs_background,AUC_background,Accuracy_background,Precision_dos,Recall_dos,F1_score_dos,Num_Obs_dos,AUC_dos,Accuracy_dos,Precision_scan,Recall_scan,F1_score_scan,Num_Obs_scan,AUC_scan,Accuracy_scan,Precision_w,Recall_w,F1_score_w,Total_Obs,AUC_w,Accuracy_w,Hyper_time,Training_time,Testing_time,Total_time
8.0,4.0,24.0,0.0005945303210463733,1.0,0.0011883541295306,1.0,0.5976543800861656,0.19569377990430623,0.0,0.0,0.0,1918.0,0.5,0.08229665071770335,0.0,0.0,0.0,171.0,0.5,0.9181818181818182,2.844642684432408e-07,0.0004784688995215311,5.685904925983732e-07,2090.0,0.5000467245837733,0.15074151232801447,1843.437542438507,27.751635551452637,1.5909953117370605,1.5909953117370605
