Rep,Kfold,Num_Vars_,Precision_background,Recall_background,F1_score_background,Num_Obs_background,AUC_background,Accuracy_background,Precision_dos,Recall_dos,F1_score_dos,Num_Obs_dos,AUC_dos,Accuracy_dos,Precision_scan,Recall_scan,F1_score_scan,Num_Obs_scan,AUC_scan,Accuracy_scan,Precision_w,Recall_w,F1_score_w,Total_Obs,AUC_w,Accuracy_w,Hyper_time,Training_time,Testing_time,Total_time
8.0,5.0,58.0,0.9744272775705913,0.9983624454148472,0.9862496629819358,1832.0,0.9882223185978345,0.987319741422178,0.9225543478260869,0.6886409736308317,0.7886178861788617,1972.0,0.8165156087666353,0.8189955246146196,0.9375,0.06880733944954129,0.12820512820512822,218.0,0.5342722291359168,0.9492789656887121,0.9469922790707028,0.7961213326703133,0.8428425092183838,4022.0,0.879428994060335,0.9027279351928391,1957.7963185310364,14.104212999343872,1.1900947093963623,1983.7156631946564
