Rep,Kfold,Num_Vars_,Precision_background,Recall_background,F1_score_background,Num_Obs_background,AUC_background,Accuracy_background,Precision_dos,Recall_dos,F1_score_dos,Num_Obs_dos,AUC_dos,Accuracy_dos,Precision_scan,Recall_scan,F1_score_scan,Num_Obs_scan,AUC_scan,Accuracy_scan,Precision_w,Recall_w,F1_score_w,Total_Obs,AUC_w,Accuracy_w,Hyper_time,Training_time,Testing_time,Total_time
8.0,3.0,41.0,0.9390048154093098,0.8251057827926658,0.8783783783783785,709.0,0.5247977893555166,0.7862796833773087,0.14173228346456693,0.9,0.24489795918367346,20.0,0.8761517615176151,0.8535620052770448,0.0,0.0,0.0,29.0,0.5,0.9617414248021108,0.882043614504607,0.7955145118733509,0.828058350203092,758.0,0.5331196146219177,0.7947678587589896,2017.5676431655884,13.128381729125977,0.9117074012756348,0.9117074012756348
