Rep,Kfold,Num_Vars_,Precision_background,Recall_background,F1_score_background,Num_Obs_background,AUC_background,Accuracy_background,Precision_dos,Recall_dos,F1_score_dos,Num_Obs_dos,AUC_dos,Accuracy_dos,Precision_scan,Recall_scan,F1_score_scan,Num_Obs_scan,AUC_scan,Accuracy_scan,Precision_w,Recall_w,F1_score_w,Total_Obs,AUC_w,Accuracy_w,Hyper_time,Training_time,Testing_time,Total_time
8.0,4.0,24.0,0.9553429027113237,0.8436619718309859,0.8960359012715033,710.0,0.6361167002012073,0.8168642951251647,0.45161290322580644,0.7,0.5490196078431372,20.0,0.8384979702300406,0.9696969696969697,0.0,0.0,0.0,29.0,0.5,0.9617918313570487,0.9055674821996785,0.8076416337285902,0.8526559710930568,759.0,0.6362487701547536,0.8264289223216873,1843.437542438507,27.751635551452637,1.3862576484680176,1.3862576484680176
