Rep,Kfold,Num_Vars_,Precision_background,Recall_background,F1_score_background,Num_Obs_background,AUC_background,Accuracy_background,Precision_dos,Recall_dos,F1_score_dos,Num_Obs_dos,AUC_dos,Accuracy_dos,Precision_scan,Recall_scan,F1_score_scan,Num_Obs_scan,AUC_scan,Accuracy_scan,Precision_w,Recall_w,F1_score_w,Total_Obs,AUC_w,Accuracy_w,Hyper_time,Training_time,Testing_time,Total_time
9.0,4.0,80.0,0.9816017316017316,0.8090990187332738,0.887041564792176,1121.0,0.7310801216115349,0.8025641025641026,0.3333333333333333,0.18181818181818182,0.23529411764705885,33.0,0.5856320460542097,0.9666666666666667,1.0,0.875,0.9333333333333333,16.0,0.9375,0.9982905982905983,0.9635688385688386,0.7923076923076923,0.8692919943142868,1170.0,0.7298005759370252,0.8098692380743663,1976.5562970638275,12.02744460105896,0.8089437484741211,0.8089437484741211
