Rep,Kfold,Num_Vars_,Precision_background,Recall_background,F1_score_background,Num_Obs_background,AUC_background,Accuracy_background,Precision_dos,Recall_dos,F1_score_dos,Num_Obs_dos,AUC_dos,Accuracy_dos,Precision_scan,Recall_scan,F1_score_scan,Num_Obs_scan,AUC_scan,Accuracy_scan,Precision_w,Recall_w,F1_score_w,Total_Obs,AUC_w,Accuracy_w,Hyper_time,Training_time,Testing_time,Total_time
9.0,2.0,62.0,0.9836512261580381,0.9661016949152542,0.9747974797479748,1121.0,0.7993773780698721,0.9521367521367521,0.8888888888888888,0.24242424242424243,0.38095238095238093,33.0,0.6207723674742144,0.9777777777777777,1.0,0.75,0.8571428571428571,16.0,0.875,0.9965811965811966,0.9812020152619608,0.9427350427350427,0.9564390504984567,1170.0,0.7953739563615178,0.9534677478267223,1889.2806270122528,33.07614088058472,1.456308126449585,1.456308126449585
