Rep,Kfold,Num_Vars_,Precision_background,Recall_background,F1_score_background,Num_Obs_background,AUC_background,Accuracy_background,Precision_dos,Recall_dos,F1_score_dos,Num_Obs_dos,AUC_dos,Accuracy_dos,Precision_scan,Recall_scan,F1_score_scan,Num_Obs_scan,AUC_scan,Accuracy_scan,Precision_w,Recall_w,F1_score_w,Total_Obs,AUC_w,Accuracy_w,Hyper_time,Training_time,Testing_time,Total_time
9.0,3.0,32.0,0.00048192771084337347,1.0,0.0009633911368015413,1.0,0.5038277511961722,0.008130081300813009,0.0,0.0,0.0,1918.0,0.5,0.08273553323768532,0.0,0.0,0.0,172.0,0.5,0.9177427068388331,2.3047714531007817e-07,0.00047824007651841227,4.6073225098112925e-07,2091.0,0.500001830584025,0.1513852837912293,1845.6323716640472,37.88030219078064,1.4141206741333008,1.4141206741333008
