Rep,Kfold,Num_Vars_,Precision_background,Recall_background,F1_score_background,Num_Obs_background,AUC_background,Accuracy_background,Precision_dos,Recall_dos,F1_score_dos,Num_Obs_dos,AUC_dos,Accuracy_dos,Precision_scan,Recall_scan,F1_score_scan,Num_Obs_scan,AUC_scan,Accuracy_scan,Precision_w,Recall_w,F1_score_w,Total_Obs,AUC_w,Accuracy_w,Hyper_time,Training_time,Testing_time,Total_time
9.0,2.0,62.0,0.9554054054054054,0.997179125528914,0.9758454106280192,709.0,0.6685895627644569,0.9538866930171278,1.0,0.65,0.787878787878788,20.0,0.825,0.9907773386034255,0.0,0.0,0.0,30.0,0.5,0.9604743083003953,0.9188174340348253,0.9486166007905138,0.932321438593994,759.0,0.6660474308300395,0.9551191585905454,1889.2806270122528,33.07614088058472,0.9758968353271484,0.9758968353271484
