Rep,Kfold,Num_Vars_,Precision_background,Recall_background,F1_score_background,Num_Obs_background,AUC_background,Accuracy_background,Precision_dos,Recall_dos,F1_score_dos,Num_Obs_dos,AUC_dos,Accuracy_dos,Precision_scan,Recall_scan,F1_score_scan,Num_Obs_scan,AUC_scan,Accuracy_scan,Precision_w,Recall_w,F1_score_w,Total_Obs,AUC_w,Accuracy_w,Hyper_time,Training_time,Testing_time,Total_time
9.0,1.0,35.0,0.0005892751915144372,1.0,0.001177856301531213,1.0,0.5942583732057416,0.18890483022477284,0.0,0.0,0.0,1918.0,0.5,0.08273553323768532,0.0,0.0,0.0,172.0,0.5,0.9177427068388331,2.818150126802665e-07,0.00047824007651841227,5.632980877719814e-07,2091.0,0.5000450781316145,0.15147173752098733,1822.6807205677032,35.524927854537964,1.7782514095306396,1.7782514095306396
