Rep,Kfold,Num_Vars_,Precision_background,Recall_background,F1_score_background,Num_Obs_background,AUC_background,Accuracy_background,Precision_dos,Recall_dos,F1_score_dos,Num_Obs_dos,AUC_dos,Accuracy_dos,Precision_scan,Recall_scan,F1_score_scan,Num_Obs_scan,AUC_scan,Accuracy_scan,Precision_w,Recall_w,F1_score_w,Total_Obs,AUC_w,Accuracy_w,Hyper_time,Training_time,Testing_time,Total_time
9.0,3.0,32.0,0.9504504504504504,0.8915492957746479,0.9200581395348837,710.0,0.615774647887324,0.8552631578947368,0.5833333333333334,0.3333333333333333,0.4242424242424242,21.0,0.6632837167343256,0.975,0.0,0.0,0.0,29.0,0.5,0.9618421052631579,0.904039236605026,0.8421052631578947,0.8712504868142872,760.0,0.6126696816466064,0.8626385041551246,1845.6323716640472,37.88030219078064,1.1220619678497314,1.1220619678497314
