Rep,Kfold,Num_Vars_,Precision_background,Recall_background,F1_score_background,Num_Obs_background,AUC_background,Accuracy_background,Precision_dos,Recall_dos,F1_score_dos,Num_Obs_dos,AUC_dos,Accuracy_dos,Precision_scan,Recall_scan,F1_score_scan,Num_Obs_scan,AUC_scan,Accuracy_scan,Precision_w,Recall_w,F1_score_w,Total_Obs,AUC_w,Accuracy_w,Hyper_time,Training_time,Testing_time,Total_time
9.0,3.0,32.0,0.9780042918454935,0.9950873362445415,0.9864718614718615,1832.0,0.9881743811021609,0.9875621890547264,1.0,0.02028397565922921,0.039761431411530816,1972.0,0.5101419878296146,0.5194029850746269,0.875,0.06481481481481481,0.12068965517241378,216.0,0.5321445262296998,0.9492537313432836,0.983259667328593,0.46691542288557214,0.4755460095714504,4020.0,0.7291738019514363,0.755849607682978,1845.6323716640472,37.88030219078064,3.48828387260437,1907.7217695713043
