Rep,Kfold,Num_Vars_,Precision_background,Recall_background,F1_score_background,Num_Obs_background,AUC_background,Accuracy_background,Precision_dos,Recall_dos,F1_score_dos,Num_Obs_dos,AUC_dos,Accuracy_dos,Precision_scan,Recall_scan,F1_score_scan,Num_Obs_scan,AUC_scan,Accuracy_scan,Precision_w,Recall_w,F1_score_w,Total_Obs,AUC_w,Accuracy_w,Hyper_time,Training_time,Testing_time,Total_time
9.0,2.0,62.0,0.9798206278026906,0.9546695794647734,0.9670816044260029,1831.0,0.9691080986903392,0.9703906444389152,0.9130434782608695,0.7138508371385084,0.8012528473804101,1971.0,0.8242105748192542,0.82632495645683,0.875,0.06451612903225806,0.12017167381974249,217.0,0.5319950450526887,0.9489922866384672,0.941412108773053,0.7885046031351083,0.8400281246851664,4019.0,0.8744461051125141,0.898582504440063,1889.2806270122528,33.07614088058472,2.3606667518615723,1947.2435984611511
