Rep,Kfold,Num_Vars_,Precision_background,Recall_background,F1_score_background,Num_Obs_background,AUC_background,Accuracy_background,Precision_dos,Recall_dos,F1_score_dos,Num_Obs_dos,AUC_dos,Accuracy_dos,Precision_scan,Recall_scan,F1_score_scan,Num_Obs_scan,AUC_scan,Accuracy_scan,Precision_w,Recall_w,F1_score_w,Total_Obs,AUC_w,Accuracy_w,Hyper_time,Training_time,Testing_time,Total_time
9.0,5.0,50.0,0.0004873294346978557,1.0,0.0009741841207988309,1.0,0.5090952608903782,0.018660287081339714,0.0,0.0,0.0,1918.0,0.5,0.08229665071770335,0.0,0.0,0.0,171.0,0.5,0.9181818181818182,2.3317197832433288e-07,0.0004784688995215311,4.661168042099669e-07,2090.0,0.500004351799469,0.150656807307525,1914.3032035827637,26.907232999801636,1.6822545528411865,1.6822545528411865
