Rep.,Kfold,Num. Vars.,Precision-Background,Recall-Background,F1_score_Background,Num. Obs. Background,AUC_Background,Precision-DoS,Recall-DoS,F1_score_DoS,Num. Obs. Dos,AUC_DoS,Precision-Botnet,Recall-Botnet,F1_score_Botnet,Num. Obs. Botnet,AUC_Botnet,Precision-Scan,Recall-Scan,F1_score_Scan,Num. Obs. Scan,AUC_Scan,Precision-SSHscan,Recall-SSHscan,F1_score_SSHscan,Num. Obs. SSHscan,AUC_SSHscan,Precision-UDPscan,Recall-UDPscan,F1_score_UDPscan,Num. Obs. UDPscan,AUC_UDPscan,Precision-Spam,Recall-Spam,F1_score_Spam,Num. Obs. Spam,AUC_Spam,Precision-w,Recall-w,F1_score_w,Total Obs.,AUC_w,Time
16,1,90,0.8962418300653595,0.9396145610278372,0.9174158477942714,2335,0.893668191784902,0.9555555555555556,0.8269230769230769,0.88659793814433,52,0.9132084379806475,0.9811320754716981,0.9811320754716981,0.9811320754716981,53,0.990439455457368,1.0,0.92,0.9583333333333334,25,0.96,0.0,0.0,0.0,5,0.5,1.0,0.5,0.6666666666666666,2,0.75,0.9238505747126436,0.8399738732854344,0.8799178925761205,1531,0.8985468071928789,0.9082759910008895,0.8990756932300774,0.902501887979974,4003,0.8969199399311212,30140.976060390472
