Rep.,Kfold,Num. Vars.,Precision-Background,Recall-Background,F1_score_Background,Num. Obs. Background,AUC_Background,Precision-DoS,Recall-DoS,F1_score_DoS,Num. Obs. Dos,AUC_DoS,Precision-Botnet,Recall-Botnet,F1_score_Botnet,Num. Obs. Botnet,AUC_Botnet,Precision-Scan,Recall-Scan,F1_score_Scan,Num. Obs. Scan,AUC_Scan,Precision-SSHscan,Recall-SSHscan,F1_score_SSHscan,Num. Obs. SSHscan,AUC_SSHscan,Precision-UDPscan,Recall-UDPscan,F1_score_UDPscan,Num. Obs. UDPscan,AUC_UDPscan,Precision-Spam,Recall-Spam,F1_score_Spam,Num. Obs. Spam,AUC_Spam,Precision-w,Recall-w,F1_score_w,Total Obs.,AUC_w,Time
12,4,90,0.8774951076320939,0.9605826906598115,0.917160973614236,2334,0.8864664052819442,1.0,0.8269230769230769,0.9052631578947368,52,0.9134615384615384,0.9423076923076923,0.9074074074074074,0.9245283018867925,54,0.9533237644939773,1.0,0.9583333333333334,0.9787234042553191,24,0.9791666666666667,0.0,0.0,0.0,5,0.5,1.0,1.0,1.0,2,1.0,0.9412698412698413,0.774657086871326,0.8498745969186672,1531,0.8723548485752827,0.9040585516197024,0.8858070964517741,0.8906295088737248,4002,0.882450611289228,30769.357199192047
