Rep.,Kfold,Num. Vars.,Precision-Background,Recall-Background,F1_score_Background,Num. Obs. Background,AUC_Background,Precision-DoS,Recall-DoS,F1_score_DoS,Num. Obs. Dos,AUC_DoS,Precision-Botnet,Recall-Botnet,F1_score_Botnet,Num. Obs. Botnet,AUC_Botnet,Precision-Scan,Recall-Scan,F1_score_Scan,Num. Obs. Scan,AUC_Scan,Precision-SSHscan,Recall-SSHscan,F1_score_SSHscan,Num. Obs. SSHscan,AUC_SSHscan,Precision-UDPscan,Recall-UDPscan,F1_score_UDPscan,Num. Obs. UDPscan,AUC_UDPscan,Precision-Spam,Recall-Spam,F1_score_Spam,Num. Obs. Spam,AUC_Spam,Precision-w,Recall-w,F1_score_w,Total Obs.,AUC_w,Time
1,4,82,0.8924254633360194,0.9490145672664952,0.9198504983388703,2334,0.8945192668567347,1.0,0.8113207547169812,0.8958333333333334,53,0.9056603773584906,0.9795918367346939,0.8888888888888888,0.9320388349514563,54,0.9443178301117019,0.9230769230769231,0.96,0.9411764705882353,25,0.9797486173956762,0.0,0.0,0.0,5,0.5,1.0,0.5,0.6666666666666666,2,0.75,0.9265367316341829,0.807843137254902,0.8631284916201118,1530,0.8841075775235286,0.9071938828596466,0.89108168873345,0.8968747599684683,4003,0.8913263654048317,39797.60376763344
