Rep.,Kfold,Num. Vars.,Precision-Background,Recall-Background,F1_score_Background,Num. Obs. Background,AUC_Background,Precision-DoS,Recall-DoS,F1_score_DoS,Num. Obs. Dos,AUC_DoS,Precision-Botnet,Recall-Botnet,F1_score_Botnet,Num. Obs. Botnet,AUC_Botnet,Precision-Scan,Recall-Scan,F1_score_Scan,Num. Obs. Scan,AUC_Scan,Precision-SSHscan,Recall-SSHscan,F1_score_SSHscan,Num. Obs. SSHscan,AUC_SSHscan,Precision-UDPscan,Recall-UDPscan,F1_score_UDPscan,Num. Obs. UDPscan,AUC_UDPscan,Precision-Spam,Recall-Spam,F1_score_Spam,Num. Obs. Spam,AUC_Spam,Precision-w,Recall-w,F1_score_w,Total Obs.,AUC_w,Time
16,5,88,0.9033427305678614,0.9605995717344754,0.9310917393109174,2335,0.9083573398240723,0.9767441860465116,0.8076923076923077,0.8842105263157894,52,0.9037196036057084,0.9636363636363636,0.9814814814814815,0.9724770642201834,54,0.9904875120752558,0.92,0.92,0.92,25,0.9597486173956762,0.0,0.0,0.0,4,0.5,1.0,0.3333333333333333,0.5,3,0.6666666666666666,0.9413145539906104,0.7862745098039216,0.8568376068376068,1530,0.8779734861999794,0.9188967286516044,0.8905820634524106,0.9013373616259908,4003,0.897523677953942,28722.492973327637
