Rep.,Kfold,Num. Vars.,Precision-Background,Recall-Background,F1_score_Background,Num. Obs. Background,AUC_Background,Precision-DoS,Recall-DoS,F1_score_DoS,Num. Obs. Dos,AUC_DoS,Precision-Botnet,Recall-Botnet,F1_score_Botnet,Num. Obs. Botnet,AUC_Botnet,Precision-Scan,Recall-Scan,F1_score_Scan,Num. Obs. Scan,AUC_Scan,Precision-SSHscan,Recall-SSHscan,F1_score_SSHscan,Num. Obs. SSHscan,AUC_SSHscan,Precision-UDPscan,Recall-UDPscan,F1_score_UDPscan,Num. Obs. UDPscan,AUC_UDPscan,Precision-Spam,Recall-Spam,F1_score_Spam,Num. Obs. Spam,AUC_Spam,Precision-w,Recall-w,F1_score_w,Total Obs.,AUC_w,Time
12,3,88,0.9045676998368679,0.9498929336188436,0.9266764152914143,2335,0.9048025819173354,1.0,0.8846153846153846,0.9387755102040816,52,0.9423076923076923,1.0,0.9814814814814815,0.9906542056074767,54,0.9907407407407407,0.9166666666666666,0.88,0.8979591836734694,25,0.9397486173956762,0.0,0.0,0.0,5,0.5,0.5,0.5,0.5,2,0.7498750312421895,0.9275887038377987,0.8372549019607843,0.880109927859842,1530,0.8984090927110837,0.9146372627173582,0.9045715713215089,0.9083483019126313,4003,0.9036406210647795,33273.54722452164
