Rep.,Kfold,Num. Vars.,Precision-Background,Recall-Background,F1_score_Background,Num. Obs. Background,AUC_Background,Precision-DoS,Recall-DoS,F1_score_DoS,Num. Obs. Dos,AUC_DoS,Precision-Botnet,Recall-Botnet,F1_score_Botnet,Num. Obs. Botnet,AUC_Botnet,Precision-Scan,Recall-Scan,F1_score_Scan,Num. Obs. Scan,AUC_Scan,Precision-SSHscan,Recall-SSHscan,F1_score_SSHscan,Num. Obs. SSHscan,AUC_SSHscan,Precision-UDPscan,Recall-UDPscan,F1_score_UDPscan,Num. Obs. UDPscan,AUC_UDPscan,Precision-Spam,Recall-Spam,F1_score_Spam,Num. Obs. Spam,AUC_Spam,Precision-w,Recall-w,F1_score_w,Total Obs.,AUC_w,Time
17,3,92,0.8898305084745762,0.9443254817987152,0.9162684396426345,2335,0.8902791176240127,1.0,0.8846153846153846,0.9387755102040816,52,0.9423076923076923,0.9803921568627451,0.9433962264150944,0.9615384615384616,53,0.9715714988748047,0.96,0.96,0.96,25,0.9798742770932863,0.0,0.0,0.0,5,0.5,1.0,0.5,0.6666666666666666,2,0.75,0.9164086687306502,0.7738562091503268,0.8391211906449327,1530,0.8650834443809886,0.9020040691553612,0.8770614692653673,0.886670021633629,4002,0.8824011883864765,29646.413335323334
