Rep.,Kfold,Num. Vars.,Precision-Background,Recall-Background,F1_score_Background,Num. Obs. Background,AUC_Background,Precision-DoS,Recall-DoS,F1_score_DoS,Num. Obs. Dos,AUC_DoS,Precision-Botnet,Recall-Botnet,F1_score_Botnet,Num. Obs. Botnet,AUC_Botnet,Precision-Scan,Recall-Scan,F1_score_Scan,Num. Obs. Scan,AUC_Scan,Precision-SSHscan,Recall-SSHscan,F1_score_SSHscan,Num. Obs. SSHscan,AUC_SSHscan,Precision-UDPscan,Recall-UDPscan,F1_score_UDPscan,Num. Obs. UDPscan,AUC_UDPscan,Precision-Spam,Recall-Spam,F1_score_Spam,Num. Obs. Spam,AUC_Spam,Precision-w,Recall-w,F1_score_w,Total Obs.,AUC_w,Time
18,3,87,0.8872120730738682,0.956745182012848,0.9206676282711724,2335,0.8932406965220115,1.0,0.8269230769230769,0.9052631578947368,52,0.9134615384615384,0.9795918367346939,0.8888888888888888,0.9320388349514563,54,0.9443178301117019,0.9047619047619048,0.76,0.8260869565217391,25,0.8797486173956762,0.0,0.0,0.0,5,0.5,0.0,0.0,0.0,2,0.5,0.929798356982823,0.8137254901960784,0.867898222377135,1530,0.8878574883248892,0.9047586019520166,0.8965775668248813,0.8982510985413821,4003,0.8913629432367978,16072.254205942154
