Rep.,Kfold,Num. Vars.,Precision-Background,Recall-Background,F1_score_Background,Num. Obs. Background,AUC_Background,Precision-DoS,Recall-DoS,F1_score_DoS,Num. Obs. Dos,AUC_DoS,Precision-Botnet,Recall-Botnet,F1_score_Botnet,Num. Obs. Botnet,AUC_Botnet,Precision-Scan,Recall-Scan,F1_score_Scan,Num. Obs. Scan,AUC_Scan,Precision-SSHscan,Recall-SSHscan,F1_score_SSHscan,Num. Obs. SSHscan,AUC_SSHscan,Precision-UDPscan,Recall-UDPscan,F1_score_UDPscan,Num. Obs. UDPscan,AUC_UDPscan,Precision-Spam,Recall-Spam,F1_score_Spam,Num. Obs. Spam,AUC_Spam,Precision-w,Recall-w,F1_score_w,Total Obs.,AUC_w,Time
17,4,95,0.8921294446664003,0.9563169164882227,0.9231087226126498,2335,0.8972232064455502,1.0,0.7884615384615384,0.8817204301075269,52,0.8942307692307692,0.9245283018867925,0.9074074074074074,0.9158878504672898,54,0.9531972463727338,0.9166666666666666,0.88,0.8979591836734694,25,0.9397486173956762,0.0,0.0,0.0,4,0.5,0.0,0.0,0.0,2,0.5,0.927765237020316,0.8053559764859569,0.8622377622377623,1531,0.8832605125148232,0.9064131966381967,0.8938296277791656,0.8976520777340028,4003,0.8922693975642203,30653.675497293472
