Rep.,Kfold,Num. Vars.,Precision-Background,Recall-Background,F1_score_Background,Num. Obs. Background,AUC_Background,Precision-DoS,Recall-DoS,F1_score_DoS,Num. Obs. Dos,AUC_DoS,Precision-Botnet,Recall-Botnet,F1_score_Botnet,Num. Obs. Botnet,AUC_Botnet,Precision-Scan,Recall-Scan,F1_score_Scan,Num. Obs. Scan,AUC_Scan,Precision-SSHscan,Recall-SSHscan,F1_score_SSHscan,Num. Obs. SSHscan,AUC_SSHscan,Precision-UDPscan,Recall-UDPscan,F1_score_UDPscan,Num. Obs. UDPscan,AUC_UDPscan,Precision-Spam,Recall-Spam,F1_score_Spam,Num. Obs. Spam,AUC_Spam,Precision-w,Recall-w,F1_score_w,Total Obs.,AUC_w,Time
14,2,88,0.895367412140575,0.9601713062098501,0.9266377350692293,2335,0.9015484828411361,1.0,0.8846153846153846,0.9387755102040816,52,0.9423076923076923,0.9607843137254902,0.9074074074074074,0.9333333333333333,54,0.9534504750382188,0.9565217391304348,0.88,0.9166666666666666,25,0.9398743086978381,0.0,0.0,0.0,5,0.5,1.0,0.5,0.6666666666666666,2,0.75,0.9364951768488746,0.761437908496732,0.839942321557318,1530,0.8647464512156122,0.9126444977133296,0.8805895578316263,0.8923999974768821,4003,0.8883739598209967,31824.822392225266
