Rep.,Kfold,Num. Vars.,Precision-Background,Recall-Background,F1_score_Background,Num. Obs. Background,AUC_Background,Precision-DoS,Recall-DoS,F1_score_DoS,Num. Obs. Dos,AUC_DoS,Precision-Botnet,Recall-Botnet,F1_score_Botnet,Num. Obs. Botnet,AUC_Botnet,Precision-Scan,Recall-Scan,F1_score_Scan,Num. Obs. Scan,AUC_Scan,Precision-SSHscan,Recall-SSHscan,F1_score_SSHscan,Num. Obs. SSHscan,AUC_SSHscan,Precision-UDPscan,Recall-UDPscan,F1_score_UDPscan,Num. Obs. UDPscan,AUC_UDPscan,Precision-Spam,Recall-Spam,F1_score_Spam,Num. Obs. Spam,AUC_Spam,Precision-w,Recall-w,F1_score_w,Total Obs.,AUC_w,Time
11,1,78,0.8914604948124502,0.956745182012848,0.9229498037595538,2335,0.8968378188241699,1.0,0.7884615384615384,0.8817204301075269,52,0.8942307692307692,0.9607843137254902,0.9074074074074074,0.9333333333333333,54,0.9534504750382188,0.9259259259259259,1.0,0.9615384615384615,25,0.9997486173956762,0.0,0.0,0.0,5,0.5,1.0,0.5,0.6666666666666666,2,0.75,0.9345454545454546,0.8398692810457516,0.8846815834767642,1530,0.9017381180804982,0.9094292535425785,0.9080689482887834,0.9068878020822868,4003,0.8995142814650399,29528.621925354004
