Rep.,Kfold,Num. Vars.,Precision-Background,Recall-Background,F1_score_Background,Num. Obs. Background,AUC_Background,Precision-DoS,Recall-DoS,F1_score_DoS,Num. Obs. Dos,AUC_DoS,Precision-Botnet,Recall-Botnet,F1_score_Botnet,Num. Obs. Botnet,AUC_Botnet,Precision-Scan,Recall-Scan,F1_score_Scan,Num. Obs. Scan,AUC_Scan,Precision-SSHscan,Recall-SSHscan,F1_score_SSHscan,Num. Obs. SSHscan,AUC_SSHscan,Precision-UDPscan,Recall-UDPscan,F1_score_UDPscan,Num. Obs. UDPscan,AUC_UDPscan,Precision-Spam,Recall-Spam,F1_score_Spam,Num. Obs. Spam,AUC_Spam,Precision-w,Recall-w,F1_score_w,Total Obs.,AUC_w,Time
13,1,85,0.883702213279678,0.9404710920770878,0.9112033195020748,2335,0.8836048505948988,1.0,0.8653846153846154,0.9278350515463918,52,0.9326923076923077,0.9807692307692307,0.9444444444444444,0.9622641509433962,54,0.9720956078894797,0.95,0.76,0.8444444444444444,25,0.8798743086978381,0.0,0.0,0.0,5,0.5,0.5,0.5,0.5,2,0.7498750312421895,0.9163609684519443,0.8163398692810457,0.8634635326650536,1530,0.8851210062135111,0.898123529403213,0.8895828128903323,0.8921008628422044,4003,0.8854464742072752,31848.51576066017
