Rep.,Kfold,Num. Vars.,Precision-Background,Recall-Background,F1_score_Background,Num. Obs. Background,AUC_Background,Precision-DoS,Recall-DoS,F1_score_DoS,Num. Obs. Dos,AUC_DoS,Precision-Botnet,Recall-Botnet,F1_score_Botnet,Num. Obs. Botnet,AUC_Botnet,Precision-Scan,Recall-Scan,F1_score_Scan,Num. Obs. Scan,AUC_Scan,Precision-SSHscan,Recall-SSHscan,F1_score_SSHscan,Num. Obs. SSHscan,AUC_SSHscan,Precision-UDPscan,Recall-UDPscan,F1_score_UDPscan,Num. Obs. UDPscan,AUC_UDPscan,Precision-Spam,Recall-Spam,F1_score_Spam,Num. Obs. Spam,AUC_Spam,Precision-w,Recall-w,F1_score_w,Total Obs.,AUC_w,Time
18,5,84,0.8918918918918919,0.9468950749464669,0.9185708350643955,2335,0.8931599401095426,0.9555555555555556,0.8269230769230769,0.88659793814433,52,0.9132085020242915,0.9629629629629629,0.9629629629629629,0.9629629629629629,54,0.9812283169245195,1.0,0.88,0.9361702127659575,25,0.94,0.0,0.0,0.0,5,0.5,1.0,0.6666666666666666,0.8,3,0.8333333333333333,0.9240601503759398,0.8032679738562092,0.8594405594405594,1530,0.8812216991350569,0.9056115101227883,0.8888611388611388,0.8950335424380802,4004,0.8898029048580436,17132.00370311737
