Rep.,Kfold,Num. Vars.,Precision-Background,Recall-Background,F1_score_Background,Num. Obs. Background,AUC_Background,Precision-DoS,Recall-DoS,F1_score_DoS,Num. Obs. Dos,AUC_DoS,Precision-Botnet,Recall-Botnet,F1_score_Botnet,Num. Obs. Botnet,AUC_Botnet,Precision-Scan,Recall-Scan,F1_score_Scan,Num. Obs. Scan,AUC_Scan,Precision-SSHscan,Recall-SSHscan,F1_score_SSHscan,Num. Obs. SSHscan,AUC_SSHscan,Precision-UDPscan,Recall-UDPscan,F1_score_UDPscan,Num. Obs. UDPscan,AUC_UDPscan,Precision-Spam,Recall-Spam,F1_score_Spam,Num. Obs. Spam,AUC_Spam,Precision-w,Recall-w,F1_score_w,Total Obs.,AUC_w,Time
18,2,84,0.885140562248996,0.94389721627409,0.9135751295336787,2335,0.8862171932689394,0.9772727272727273,0.8269230769230769,0.8958333333333334,52,0.913334988221093,0.9454545454545454,0.9811320754716981,0.9629629629629629,53,0.990186290900406,0.8571428571428571,0.96,0.9056603773584904,25,0.9794972347913524,0.0,0.0,0.0,5,0.5,1.0,0.5,0.6666666666666666,2,0.75,0.920571882446386,0.7570215545395167,0.8308243727598565,1531,0.8582842400529298,0.8994640542175036,0.8700974269298026,0.8810355371706587,4003,0.8772947892777946,29473.492691993713
