Rep.,Kfold,Num. Vars.,Precision-Background,Recall-Background,F1_score_Background,Num. Obs. Background,AUC_Background,Precision-DoS,Recall-DoS,F1_score_DoS,Num. Obs. Dos,AUC_DoS,Precision-Botnet,Recall-Botnet,F1_score_Botnet,Num. Obs. Botnet,AUC_Botnet,Precision-Scan,Recall-Scan,F1_score_Scan,Num. Obs. Scan,AUC_Scan,Precision-SSHscan,Recall-SSHscan,F1_score_SSHscan,Num. Obs. SSHscan,AUC_SSHscan,Precision-UDPscan,Recall-UDPscan,F1_score_UDPscan,Num. Obs. UDPscan,AUC_UDPscan,Precision-Spam,Recall-Spam,F1_score_Spam,Num. Obs. Spam,AUC_Spam,Precision-w,Recall-w,F1_score_w,Total Obs.,AUC_w,Time
14,1,93,0.895993524888709,0.9485861182519281,0.9215400624349636,2334,0.8971622067850277,1.0,0.7307692307692307,0.8444444444444443,52,0.8653846153846154,0.9777777777777777,0.8301886792452831,0.8979591836734695,53,0.914967661132649,0.8620689655172413,1.0,0.9259259259259259,25,0.9994968553459119,0.0,0.0,0.0,4,0.5,0.5,0.5,0.5,2,0.7498749374687343,0.9165998396150762,0.7470588235294118,0.8231904933381345,1530,0.8524767801857586,0.9050051470153667,0.86625,0.881501764131126,4000,0.8800616304047704,32276.126260519028
