Rep.,Kfold,Num. Vars.,Precision-Background,Recall-Background,F1_score_Background,Num. Obs. Background,AUC_Background,Precision-DoS,Recall-DoS,F1_score_DoS,Num. Obs. Dos,AUC_DoS,Precision-Botnet,Recall-Botnet,F1_score_Botnet,Num. Obs. Botnet,AUC_Botnet,Precision-Scan,Recall-Scan,F1_score_Scan,Num. Obs. Scan,AUC_Scan,Precision-SSHscan,Recall-SSHscan,F1_score_SSHscan,Num. Obs. SSHscan,AUC_SSHscan,Precision-UDPscan,Recall-UDPscan,F1_score_UDPscan,Num. Obs. UDPscan,AUC_UDPscan,Precision-Spam,Recall-Spam,F1_score_Spam,Num. Obs. Spam,AUC_Spam,Precision-w,Recall-w,F1_score_w,Total Obs.,AUC_w,Time
15,1,95,0.8989037758830695,0.9485861182519281,0.9230769230769231,2334,0.8996527713561798,1.0,0.7307692307692307,0.8444444444444443,52,0.8653846153846154,0.9591836734693877,0.8703703703703703,0.912621359223301,54,0.9349318923787009,1.0,0.88,0.9361702127659575,25,0.94,0.0,0.0,0.0,5,0.5,0.6666666666666666,1.0,0.8,2,0.9998750000000001,0.9228464419475655,0.8052287581699347,0.8600349040139617,1530,0.8817810457516341,0.9095766418769464,0.8883058470764618,0.8966796255450319,4002,0.8926538332168351,31961.212261915207
