Rep.,Kfold,Num. Vars.,Precision-Background,Recall-Background,F1_score_Background,Num. Obs. Background,AUC_Background,Precision-DoS,Recall-DoS,F1_score_DoS,Num. Obs. Dos,AUC_DoS,Precision-Botnet,Recall-Botnet,F1_score_Botnet,Num. Obs. Botnet,AUC_Botnet,Precision-Scan,Recall-Scan,F1_score_Scan,Num. Obs. Scan,AUC_Scan,Precision-SSHscan,Recall-SSHscan,F1_score_SSHscan,Num. Obs. SSHscan,AUC_SSHscan,Precision-UDPscan,Recall-UDPscan,F1_score_UDPscan,Num. Obs. UDPscan,AUC_UDPscan,Precision-Spam,Recall-Spam,F1_score_Spam,Num. Obs. Spam,AUC_Spam,Precision-w,Recall-w,F1_score_w,Total Obs.,AUC_w,Time
13,2,90,0.889827100924809,0.9477516059957174,0.9178763998340937,2335,0.891692239710516,1.0,0.7307692307692307,0.8444444444444443,52,0.8653846153846154,0.9433962264150944,0.9433962264150944,0.9433962264150944,53,0.9713182702093198,0.9166666666666666,0.88,0.8979591836734694,25,0.9397485541865727,0.0,0.0,0.0,4,0.5,1.0,0.5,0.6666666666666666,2,0.75,0.9226686884003032,0.7949052906596995,0.8540350877192983,1531,0.876813228089866,0.9038652446943928,0.8848075962018991,0.8916697993371154,4002,0.8865507281622682,32182.810482501984
