Rep.,Kfold,Num. Vars.,Precision-Background,Recall-Background,F1_score_Background,Num. Obs. Background,AUC_Background,Precision-DoS,Recall-DoS,F1_score_DoS,Num. Obs. Dos,AUC_DoS,Precision-Botnet,Recall-Botnet,F1_score_Botnet,Num. Obs. Botnet,AUC_Botnet,Precision-Scan,Recall-Scan,F1_score_Scan,Num. Obs. Scan,AUC_Scan,Precision-SSHscan,Recall-SSHscan,F1_score_SSHscan,Num. Obs. SSHscan,AUC_SSHscan,Precision-UDPscan,Recall-UDPscan,F1_score_UDPscan,Num. Obs. UDPscan,AUC_UDPscan,Precision-Spam,Recall-Spam,F1_score_Spam,Num. Obs. Spam,AUC_Spam,Precision-w,Recall-w,F1_score_w,Total Obs.,AUC_w,Time
2,5,97,0.860573199070488,0.9516059957173447,0.9038031319910514,2335,0.8678893287939242,1.0,0.7692307692307693,0.8695652173913044,52,0.8846153846153846,1.0,0.9444444444444444,0.9714285714285714,54,0.9722222222222222,0.9615384615384616,1.0,0.9803921568627451,25,0.9998743086978381,0.0,0.0,0.0,5,0.5,1.0,0.5,0.6666666666666666,2,0.75,0.9253731343283582,0.7699346405228759,0.8405280057081699,1530,0.8657598799055948,0.88865795075954,0.8785910567074694,0.8793169706092926,4003,0.8690060096694527,29496.966069936752
