Rep.,Kfold,Num. Vars.,Precision-Background,Recall-Background,F1_score_Background,Num. Obs. Background,AUC_Background,Precision-DoS,Recall-DoS,F1_score_DoS,Num. Obs. Dos,AUC_DoS,Precision-Botnet,Recall-Botnet,F1_score_Botnet,Num. Obs. Botnet,AUC_Botnet,Precision-Scan,Recall-Scan,F1_score_Scan,Num. Obs. Scan,AUC_Scan,Precision-SSHscan,Recall-SSHscan,F1_score_SSHscan,Num. Obs. SSHscan,AUC_SSHscan,Precision-UDPscan,Recall-UDPscan,F1_score_UDPscan,Num. Obs. UDPscan,AUC_UDPscan,Precision-Spam,Recall-Spam,F1_score_Spam,Num. Obs. Spam,AUC_Spam,Precision-w,Recall-w,F1_score_w,Total Obs.,AUC_w,Time
20,1,93,0.8871032543190036,0.945610278372591,0.9154228855721392,2335,0.8885219958149698,1.0,0.8076923076923077,0.8936170212765957,52,0.9038461538461539,1.0,0.8888888888888888,0.9411764705882353,54,0.9444444444444444,0.8461538461538461,0.88,0.8627450980392156,25,0.9394971083731455,0.0,0.0,0.0,4,0.5,1.0,0.5,0.6666666666666666,2,0.75,0.9228486646884273,0.8130718954248366,0.8644892286309938,1530,0.8855003490069167,0.902673263858574,0.8908045977011494,0.8946463100746695,4002,0.8881813647970679,47864.970787763596
