Rep.,Kfold,Num. Vars.,Precision-Background,Recall-Background,F1_score_Background,Num. Obs. Background,AUC_Background,Precision-DoS,Recall-DoS,F1_score_DoS,Num. Obs. Dos,AUC_DoS,Precision-Botnet,Recall-Botnet,F1_score_Botnet,Num. Obs. Botnet,AUC_Botnet,Precision-Scan,Recall-Scan,F1_score_Scan,Num. Obs. Scan,AUC_Scan,Precision-SSHscan,Recall-SSHscan,F1_score_SSHscan,Num. Obs. SSHscan,AUC_SSHscan,Precision-UDPscan,Recall-UDPscan,F1_score_UDPscan,Num. Obs. UDPscan,AUC_UDPscan,Precision-Spam,Recall-Spam,F1_score_Spam,Num. Obs. Spam,AUC_Spam,Precision-w,Recall-w,F1_score_w,Total Obs.,AUC_w,Time
2,3,103,0.8962148962148963,0.9430406852248394,0.9190317195325542,2335,0.8949897303675216,0.9736842105263158,0.7115384615384616,0.8222222222222223,52,0.8556426164364884,1.0,0.8703703703703703,0.9306930693069307,54,0.9351851851851851,1.0,0.9583333333333334,0.9787234042553191,24,0.9791666666666667,0.0,0.0,0.0,4,0.5,1.0,0.5,0.6666666666666666,2,0.75,0.9229090909090909,0.8294117647058824,0.8736660929432014,1530,0.8932570762015856,0.9086089154461534,0.894526368407898,0.8998959919133225,4001,0.894395841802371,31257.467601299286
