Rep.,Kfold,Num. Vars.,Precision-Background,Recall-Background,F1_score_Background,Num. Obs. Background,AUC_Background,Precision-DoS,Recall-DoS,F1_score_DoS,Num. Obs. Dos,AUC_DoS,Precision-Botnet,Recall-Botnet,F1_score_Botnet,Num. Obs. Botnet,AUC_Botnet,Precision-Scan,Recall-Scan,F1_score_Scan,Num. Obs. Scan,AUC_Scan,Precision-SSHscan,Recall-SSHscan,F1_score_SSHscan,Num. Obs. SSHscan,AUC_SSHscan,Precision-UDPscan,Recall-UDPscan,F1_score_UDPscan,Num. Obs. UDPscan,AUC_UDPscan,Precision-Spam,Recall-Spam,F1_score_Spam,Num. Obs. Spam,AUC_Spam,Precision-w,Recall-w,F1_score_w,Total Obs.,AUC_w,Time
2,2,99,0.887223974763407,0.9635974304068522,0.9238349414904538,2335,0.8961186672705321,1.0,0.9038461538461539,0.9494949494949495,52,0.9519230769230769,0.9615384615384616,0.9259259259259259,0.9433962264150944,54,0.962709798406001,0.9130434782608695,0.84,0.8749999999999999,25,0.9197486805730082,0.0,0.0,0.0,5,0.5,0.0,0.0,0.0,2,0.5,0.9381679389312977,0.8027433050293925,0.8651883139739528,1531,0.8849947823165563,0.9077802845794133,0.8983516483516484,0.9000874202483726,4004,0.8929430933895077,39934.18768239021
