Rep.,Kfold,Num. Vars.,Precision-Background,Recall-Background,F1_score_Background,Num. Obs. Background,AUC_Background,Precision-DoS,Recall-DoS,F1_score_DoS,Num. Obs. Dos,AUC_DoS,Precision-Botnet,Recall-Botnet,F1_score_Botnet,Num. Obs. Botnet,AUC_Botnet,Precision-Scan,Recall-Scan,F1_score_Scan,Num. Obs. Scan,AUC_Scan,Precision-SSHscan,Recall-SSHscan,F1_score_SSHscan,Num. Obs. SSHscan,AUC_SSHscan,Precision-UDPscan,Recall-UDPscan,F1_score_UDPscan,Num. Obs. UDPscan,AUC_UDPscan,Precision-Spam,Recall-Spam,F1_score_Spam,Num. Obs. Spam,AUC_Spam,Precision-w,Recall-w,F1_score_w,Total Obs.,AUC_w,Time
3,4,90,0.8862916006339144,0.9580299785867238,0.9207655896274954,2335,0.89303536077329,1.0,0.8461538461538461,0.9166666666666666,52,0.9230769230769231,0.9629629629629629,0.9629629629629629,0.9629629629629629,54,0.9812283169245195,0.9565217391304348,0.88,0.9166666666666666,25,0.9398743402865041,0.0,0.0,0.0,4,0.5,1.0,0.3333333333333333,0.5,3,0.6666666666666666,0.9281767955801105,0.768125408229915,0.8406004288777699,1531,0.8656639980898868,0.9044561950528472,0.8821178821178821,0.889368192239111,4004,0.883879204820763,29686.205891609192
