Rep.,Kfold,Num. Vars.,Precision-Background,Recall-Background,F1_score_Background,Num. Obs. Background,AUC_Background,Precision-DoS,Recall-DoS,F1_score_DoS,Num. Obs. Dos,AUC_DoS,Precision-Botnet,Recall-Botnet,F1_score_Botnet,Num. Obs. Botnet,AUC_Botnet,Precision-Scan,Recall-Scan,F1_score_Scan,Num. Obs. Scan,AUC_Scan,Precision-SSHscan,Recall-SSHscan,F1_score_SSHscan,Num. Obs. SSHscan,AUC_SSHscan,Precision-UDPscan,Recall-UDPscan,F1_score_UDPscan,Num. Obs. UDPscan,AUC_UDPscan,Precision-Spam,Recall-Spam,F1_score_Spam,Num. Obs. Spam,AUC_Spam,Precision-w,Recall-w,F1_score_w,Total Obs.,AUC_w,Time
3,3,86,0.8844140153040677,0.9404710920770878,0.9115815691158156,2335,0.8841527625952326,0.9787234042553191,0.8846153846153846,0.9292929292929293,52,0.9421811100292112,0.9591836734693877,0.8703703703703703,0.912621359223301,54,0.9349318923787009,0.9166666666666666,0.9166666666666666,0.9166666666666666,24,0.9580819507290095,0.0,0.0,0.0,5,0.5,1.0,0.5,0.6666666666666666,2,0.75,0.9170305676855895,0.8235294117647058,0.8677685950413223,1530,0.8887064534551685,0.8982641253579645,0.8925537231384307,0.893844835920359,4002,0.8872292056905899,31717.63740515709
