Rep.,Kfold,Num. Vars.,Precision-Background,Recall-Background,F1_score_Background,Num. Obs. Background,AUC_Background,Precision-DoS,Recall-DoS,F1_score_DoS,Num. Obs. Dos,AUC_DoS,Precision-Botnet,Recall-Botnet,F1_score_Botnet,Num. Obs. Botnet,AUC_Botnet,Precision-Scan,Recall-Scan,F1_score_Scan,Num. Obs. Scan,AUC_Scan,Precision-SSHscan,Recall-SSHscan,F1_score_SSHscan,Num. Obs. SSHscan,AUC_SSHscan,Precision-UDPscan,Recall-UDPscan,F1_score_UDPscan,Num. Obs. UDPscan,AUC_UDPscan,Precision-Spam,Recall-Spam,F1_score_Spam,Num. Obs. Spam,AUC_Spam,Precision-w,Recall-w,F1_score_w,Total Obs.,AUC_w,Time
4,4,94,0.8917940466613034,0.9494646680942184,0.9197261978842564,2335,0.8940968424403946,1.0,0.8461538461538461,0.9166666666666666,52,0.9230769230769231,0.9591836734693877,0.8703703703703703,0.912621359223301,54,0.9349319565197002,0.9545454545454546,0.875,0.9130434782608695,24,0.9373743402865041,0.0,0.0,0.0,5,0.5,1.0,0.6666666666666666,0.8,3,0.8333333333333333,0.9195830230826508,0.8071895424836601,0.8597285067873304,1530,0.8817589443109768,0.9040734782780507,0.8908318760929304,0.8953801026698326,4003,0.8900301328286424,31894.002387285233
