Rep.,Kfold,Num. Vars.,Precision-Background,Recall-Background,F1_score_Background,Num. Obs. Background,AUC_Background,Precision-DoS,Recall-DoS,F1_score_DoS,Num. Obs. Dos,AUC_DoS,Precision-Botnet,Recall-Botnet,F1_score_Botnet,Num. Obs. Botnet,AUC_Botnet,Precision-Scan,Recall-Scan,F1_score_Scan,Num. Obs. Scan,AUC_Scan,Precision-SSHscan,Recall-SSHscan,F1_score_SSHscan,Num. Obs. SSHscan,AUC_SSHscan,Precision-UDPscan,Recall-UDPscan,F1_score_UDPscan,Num. Obs. UDPscan,AUC_UDPscan,Precision-Spam,Recall-Spam,F1_score_Spam,Num. Obs. Spam,AUC_Spam,Precision-w,Recall-w,F1_score_w,Total Obs.,AUC_w,Time
4,3,91,0.8837025316455697,0.956745182012848,0.9187744190828706,2335,0.8902958983761065,1.0,0.7692307692307693,0.8695652173913044,52,0.8846153846153846,0.98,0.9074074074074074,0.9423076923076924,54,0.9535771214252227,0.8928571428571429,1.0,0.9433962264150945,25,0.9996230208595124,0.0,0.0,0.0,5,0.5,1.0,0.5,0.6666666666666666,2,0.75,0.9370683039140445,0.7975179621162639,0.861679604798871,1531,0.882179927277299,0.9059286746394196,0.8916083916083916,0.8955019953017604,4004,0.888097435426624,30023.18956398964
