Rep.,Kfold,Num. Vars.,Precision-Background,Recall-Background,F1_score_Background,Num. Obs. Background,AUC_Background,Precision-DoS,Recall-DoS,F1_score_DoS,Num. Obs. Dos,AUC_DoS,Precision-Botnet,Recall-Botnet,F1_score_Botnet,Num. Obs. Botnet,AUC_Botnet,Precision-Scan,Recall-Scan,F1_score_Scan,Num. Obs. Scan,AUC_Scan,Precision-SSHscan,Recall-SSHscan,F1_score_SSHscan,Num. Obs. SSHscan,AUC_SSHscan,Precision-UDPscan,Recall-UDPscan,F1_score_UDPscan,Num. Obs. UDPscan,AUC_UDPscan,Precision-Spam,Recall-Spam,F1_score_Spam,Num. Obs. Spam,AUC_Spam,Precision-w,Recall-w,F1_score_w,Total Obs.,AUC_w,Time
5,5,88,0.8747044917257684,0.9511568123393316,0.9113300492610837,2334,0.8803117794470774,1.0,0.7358490566037735,0.8478260869565216,53,0.8679245283018868,0.9607843137254902,0.9074074074074074,0.9333333333333333,54,0.9534504750382188,0.84,0.84,0.8399999999999999,25,0.9194972347913524,0.0,0.0,0.0,5,0.5,0.0,0.0,0.0,2,0.49987503124218946,0.9276466108149276,0.796078431372549,0.8568413647555398,1530,0.8788317753304313,0.8960134776857255,0.8860854359230577,0.8879206609193209,4003,0.8801483427602724,30367.024077892303
