Rep.,Kfold,Num. Vars.,Precision-Background,Recall-Background,F1_score_Background,Num. Obs. Background,AUC_Background,Precision-DoS,Recall-DoS,F1_score_DoS,Num. Obs. Dos,AUC_DoS,Precision-Botnet,Recall-Botnet,F1_score_Botnet,Num. Obs. Botnet,AUC_Botnet,Precision-Scan,Recall-Scan,F1_score_Scan,Num. Obs. Scan,AUC_Scan,Precision-SSHscan,Recall-SSHscan,F1_score_SSHscan,Num. Obs. SSHscan,AUC_SSHscan,Precision-UDPscan,Recall-UDPscan,F1_score_UDPscan,Num. Obs. UDPscan,AUC_UDPscan,Precision-Spam,Recall-Spam,F1_score_Spam,Num. Obs. Spam,AUC_Spam,Precision-w,Recall-w,F1_score_w,Total Obs.,AUC_w,Time
6,1,87,0.8922275641025641,0.9537473233404711,0.9219623266404472,2335,0.8962864837193668,1.0,0.7884615384615384,0.8817204301075269,52,0.8942307692307692,0.9811320754716981,0.9629629629629629,0.9719626168224299,54,0.9813548992030003,1.0,0.84,0.9130434782608696,25,0.9199999999999999,0.0,0.0,0.0,5,0.5,1.0,0.5,0.6666666666666666,2,0.75,0.9316575019638649,0.774657086871326,0.8459343794579173,1531,0.8697385717413646,0.9095155169234855,0.8811188811188811,0.8917088990058376,4004,0.8868361282162119,30940.81398153305
