Rep.,Kfold,Num. Vars.,Precision-Background,Recall-Background,F1_score_Background,Num. Obs. Background,AUC_Background,Precision-DoS,Recall-DoS,F1_score_DoS,Num. Obs. Dos,AUC_DoS,Precision-Botnet,Recall-Botnet,F1_score_Botnet,Num. Obs. Botnet,AUC_Botnet,Precision-Scan,Recall-Scan,F1_score_Scan,Num. Obs. Scan,AUC_Scan,Precision-SSHscan,Recall-SSHscan,F1_score_SSHscan,Num. Obs. SSHscan,AUC_SSHscan,Precision-UDPscan,Recall-UDPscan,F1_score_UDPscan,Num. Obs. UDPscan,AUC_UDPscan,Precision-Spam,Recall-Spam,F1_score_Spam,Num. Obs. Spam,AUC_Spam,Precision-w,Recall-w,F1_score_w,Total Obs.,AUC_w,Time
7,3,97,0.8927571028411364,0.9554603854389722,0.9230450972279686,2335,0.8974425953557953,1.0,0.8269230769230769,0.9052631578947368,52,0.9134615384615384,0.9615384615384616,0.9259259259259259,0.9433962264150944,54,0.962709798406001,0.9166666666666666,0.9166666666666666,0.9166666666666666,24,0.9580820770519263,0.0,0.0,0.0,5,0.5,1.0,0.3333333333333333,0.5,3,0.6666666666666666,0.9305451829723674,0.813847158719791,0.8682926829268292,1531,0.8881205061694386,0.9086352615354208,0.8973526473526473,0.9006452247815244,4004,0.8946606528632275,29949.350963115692
