Rep.,Kfold,Num. Vars.,Precision-Background,Recall-Background,F1_score_Background,Num. Obs. Background,AUC_Background,Precision-DoS,Recall-DoS,F1_score_DoS,Num. Obs. Dos,AUC_DoS,Precision-Botnet,Recall-Botnet,F1_score_Botnet,Num. Obs. Botnet,AUC_Botnet,Precision-Scan,Recall-Scan,F1_score_Scan,Num. Obs. Scan,AUC_Scan,Precision-SSHscan,Recall-SSHscan,F1_score_SSHscan,Num. Obs. SSHscan,AUC_SSHscan,Precision-UDPscan,Recall-UDPscan,F1_score_UDPscan,Num. Obs. UDPscan,AUC_UDPscan,Precision-Spam,Recall-Spam,F1_score_Spam,Num. Obs. Spam,AUC_Spam,Precision-w,Recall-w,F1_score_w,Total Obs.,AUC_w,Time
8,4,90,0.8907125700560449,0.9528907922912205,0.920753155390027,2335,0.8945617728702654,1.0,0.7692307692307693,0.8695652173913044,52,0.8846153846153846,1.0,0.8888888888888888,0.9411764705882353,54,0.9444444444444444,0.9565217391304348,0.9166666666666666,0.9361702127659574,24,0.9582076420311714,0.0,0.0,0.0,5,0.5,1.0,1.0,1.0,2,1.0,0.9176563737133808,0.757516339869281,0.8299319727891157,1530,0.8577225712291389,0.9032445338834253,0.8735632183908046,0.8846235737195293,4002,0.8809630827189906,29949.378973722458
