Rep.,Kfold,Num. Vars.,Precision-Background,Recall-Background,F1_score_Background,Num. Obs. Background,AUC_Background,Precision-DoS,Recall-DoS,F1_score_DoS,Num. Obs. Dos,AUC_DoS,Precision-Botnet,Recall-Botnet,F1_score_Botnet,Num. Obs. Botnet,AUC_Botnet,Precision-Scan,Recall-Scan,F1_score_Scan,Num. Obs. Scan,AUC_Scan,Precision-SSHscan,Recall-SSHscan,F1_score_SSHscan,Num. Obs. SSHscan,AUC_SSHscan,Precision-UDPscan,Recall-UDPscan,F1_score_UDPscan,Num. Obs. UDPscan,AUC_UDPscan,Precision-Spam,Recall-Spam,F1_score_Spam,Num. Obs. Spam,AUC_Spam,Precision-w,Recall-w,F1_score_w,Total Obs.,AUC_w,Time
9,5,85,0.8474705211106884,0.9541755888650963,0.8976631748589846,2335,0.8568839575020925,0.8775510204081632,0.8269230769230769,0.8514851485148514,52,0.9127022370188658,0.9803921568627451,0.9259259259259259,0.9523809523809523,54,0.9628363486302205,0.9565217391304348,0.9166666666666666,0.9361702127659574,24,0.9582076736198374,0.0,0.0,0.0,5,0.5,1.0,0.6666666666666666,0.8,3,0.8333333333333333,0.929225645295587,0.7294117647058823,0.8172830465031123,1530,0.847520277824029,0.8806118549504495,0.8646015488383713,0.8661155280297822,4003,0.8556034796792503,30266.029480457306
