Rep.,Kfold,Num. Vars.,Precision-Background,Recall-Background,F1_score_Background,Num. Obs. Background,AUC_Background,Precision-DoS,Recall-DoS,F1_score_DoS,Num. Obs. Dos,AUC_DoS,Precision-Botnet,Recall-Botnet,F1_score_Botnet,Num. Obs. Botnet,AUC_Botnet,Precision-Scan,Recall-Scan,F1_score_Scan,Num. Obs. Scan,AUC_Scan,Precision-SSHscan,Recall-SSHscan,F1_score_SSHscan,Num. Obs. SSHscan,AUC_SSHscan,Precision-UDPscan,Recall-UDPscan,F1_score_UDPscan,Num. Obs. UDPscan,AUC_UDPscan,Precision-Spam,Recall-Spam,F1_score_Spam,Num. Obs. Spam,AUC_Spam,Precision-w,Recall-w,F1_score_w,Total Obs.,AUC_w,Time
9,2,94,0.8936688311688312,0.9430406852248394,0.91769118566368,2335,0.8929831723486308,1.0,0.7307692307692307,0.8444444444444443,52,0.8653846153846154,0.9411764705882353,0.8888888888888888,0.9142857142857143,54,0.9440646014462171,0.9230769230769231,0.96,0.9411764705882353,25,0.9797486173956762,0.0,0.0,0.0,4,0.5,0.5,0.5,0.5,2,0.7498750312421895,0.9133738601823708,0.7851077726975833,0.8443976115208992,1531,0.8694956339216071,0.9023213972538392,0.8780914314264302,0.8876826413216176,4003,0.8844083130011255,26567.188493013382
