{"C": 1.2564640809607373, "gamma": 0.12509796626148353}