{"C": 3.2576127923221536, "gamma": 0.1251145973344672}