{"C": 2.367016605852676, "gamma": 0.12535965486981912}