{"C": 2.816689447206932, "gamma": 0.1250935271733104}