{"C": 1.4482718753642203, "gamma": 0.1252586343624026}