{"C": 1.1609752877801554, "gamma": 0.12502624411349436}