{"C": 1.3600856217209942, "gamma": 0.12522251709969123}