{"C": 1.3761859465119661, "gamma": 0.1251644882899478}