{"C": 1.6416142511243983, "gamma": 0.1253786070767507}