Rep,Kfold,Num_Vars_,Precision_background,Recall_background,F1_score_background,Num_Obs_background,AUC_background,Accuracy_background,Precision_dos,Recall_dos,F1_score_dos,Num_Obs_dos,AUC_dos,Accuracy_dos,Precision_scan,Recall_scan,F1_score_scan,Num_Obs_scan,AUC_scan,Accuracy_scan,Precision_w,Recall_w,F1_score_w,Total_Obs,AUC_w,Accuracy_w,Hyper_time,Training_time,Testing_time,Total_time
1.0,2.0,92.0,0.0004389815627743635,1.0,0.0008775778850372971,4.0,0.564085383363645,0.12850444933499186,0.9564541213063764,0.06412930135557873,0.12019935502785106,9590.0,0.5158044880761634,0.13855133480049756,0.13333333333333333,0.002333722287047841,0.004587155963302752,857.0,0.5004893543684562,0.9169457468184863,0.8885908952177847,0.0594201511817051,0.11067328654570686,10451.0,0.5145670996916686,0.2023771719029331,0.0,2.542464256286621,0.012100458145141602,3.224583148956299
