,Rep,Kfold,Num_Vars_,Precision_background,Recall_background,F1_score_background,Num_Obs_background,AUC_background,Accuracy_background,Precision_dos,Recall_dos,F1_score_dos,Num_Obs_dos,AUC_dos,Accuracy_dos,Precision_scan,Recall_scan,F1_score_scan,Num_Obs_scan,AUC_scan,Accuracy_scan,Precision_w,Recall_w,F1_score_w,Total_Obs,AUC_w,Accuracy_w,Hyper_time,Training_time,Testing_time,Total_time
0,1.0,1.0,62.0,0.000727802037845706,1.0,0.0014545454545454547,4.0,0.7371494208863789,0.4745000478423118,0.8310810810810809,0.012825860271115746,0.02526186075169439,9590.0,0.4918949278126775,0.09176155391828532,0.050061957868649316,0.235705950991832,0.08258381030253474,857.0,0.4180927086624784,0.5705674098172424,0.7667183596468425,0.03148024112525117,0.02995324736578697,10451.0,0.4859368870663924,0.1311709475151758,0.0,2.87923264503479,0.029839038848876957,3.997927188873291
