Rep.,Kfold,Num. Vars.,Precision-Background,Recall-Background,F1_score_Background,Num. Obs. Background,AUC_Background,Precision-DoS,Recall-DoS,F1_score_DoS,Num. Obs. Dos,AUC_DoS,Precision-Botnet,Recall-Botnet,F1_score_Botnet,Num. Obs. Botnet,AUC_Botnet,Precision-Scan,Recall-Scan,F1_score_Scan,Num. Obs. Scan,AUC_Scan,Precision-SSHscan,Recall-SSHscan,F1_score_SSHscan,Num. Obs. SSHscan,AUC_SSHscan,Precision-UDPscan,Recall-UDPscan,F1_score_UDPscan,Num. Obs. UDPscan,AUC_UDPscan,Precision-Spam,Recall-Spam,F1_score_Spam,Num. Obs. Spam,AUC_Spam,Precision-w,Recall-w,F1_score_w,Total Obs.,AUC_w,Time
1,4,85,0.8727877779458478,0.9589496426790759,0.9138422553056699,6017,0.8570941461358127,1.0,0.30952380952380953,0.4727272727272727,84,0.6547619047619048,1.0,0.00847457627118644,0.01680672268907563,118,0.5042372881355932,0.9354838709677419,0.8285714285714286,0.8787878787878788,35,0.9141795346297364,0.0,0.0,0.0,5,0.5,0.0,0.0,0.0,2,0.5,0.9153666146645866,0.7352756892230576,0.815496872828353,3192,0.8503083445316694,0.8894696106414258,0.8645932508198455,0.8647101161733098,9453,0.848547127552768,1790.6274411678314
