Rep.,Kfold,Num. Vars.,Precision-Background,Recall-Background,F1_score_Background,Num. Obs. Background,AUC_Background,Precision-DoS,Recall-DoS,F1_score_DoS,Num. Obs. Dos,AUC_DoS,Precision-Botnet,Recall-Botnet,F1_score_Botnet,Num. Obs. Botnet,AUC_Botnet,Precision-Scan,Recall-Scan,F1_score_Scan,Num. Obs. Scan,AUC_Scan,Precision-SSHscan,Recall-SSHscan,F1_score_SSHscan,Num. Obs. SSHscan,AUC_SSHscan,Precision-UDPscan,Recall-UDPscan,F1_score_UDPscan,Num. Obs. UDPscan,AUC_UDPscan,Precision-Spam,Recall-Spam,F1_score_Spam,Num. Obs. Spam,AUC_Spam,Precision-w,Recall-w,F1_score_w,Total Obs.,AUC_w,Time
20,2,87,0.867717003567182,0.970250955625727,0.9161239701843861,6017,0.8556144184415015,1.0,0.32142857142857145,0.4864864864864865,84,0.6607142857142857,1.0,0.01680672268907563,0.03305785123966942,119,0.5084033613445378,0.9142857142857143,0.9142857142857143,0.9142857142857143,35,0.9569835876588901,0.0,0.0,0.0,5,0.5,0.0,0.0,0.0,2,0.5,0.9321340964840557,0.7145095581322469,0.8089409260244811,3191,0.8440002278045456,0.8918325518189312,0.8652279699566275,0.8643231960971073,9453,0.8457030686824163,1499.5652318000793
