{"C": 8.801551035879964, "gamma": 0.12513112291558648}