{"C": 3.1528743419013194, "gamma": 0.12540460470767048}