Rep,Kfold,Num_Vars_,Precision_background,Recall_background,F1_score_background,Num_Obs_background,AUC_background,Accuracy_background,Precision_dos,Recall_dos,F1_score_dos,Num_Obs_dos,AUC_dos,Accuracy_dos,Precision_nerisbotnet,Recall_nerisbotnet,F1_score_nerisbotnet,Num_Obs_nerisbotnet,AUC_nerisbotnet,Accuracy_nerisbotnet,Precision_scan,Recall_scan,F1_score_scan,Num_Obs_scan,AUC_scan,Accuracy_scan,Precision_sshscan,Recall_sshscan,F1_score_sshscan,Num_Obs_sshscan,AUC_sshscan,Accuracy_sshscan,Precision_udpscan,Recall_udpscan,F1_score_udpscan,Num_Obs_udpscan,AUC_udpscan,Accuracy_udpscan,Precision_spam,Recall_spam,F1_score_spam,Num_Obs_spam,AUC_spam,Accuracy_spam,Precision_w,Recall_w,F1_score_w,Total_Obs,AUC_w,Accuracy_w,Hyper_time,Training_time,Testing_time,Total_time
20.0,3.0,83.0,0.8436438801122103,0.9494848786972416,0.8934407004925338,6018.0,0.8206388305011239,0.8558282208588958,1.0,0.07228915662650602,0.1348314606741573,83.0,0.536144578313253,0.9918552993441929,0.9736842105263158,0.31092436974789917,0.47133757961783446,119.0,0.6554086230099967,0.9912206473450391,0.0,0.0,0.0,35.0,0.5,0.9962978633382695,0.0,0.0,0.0,6.0,0.5,0.9993653480008462,0.0,0.0,0.0,1.0,0.5,0.9998942246668077,0.887363746467501,0.6885964912280702,0.775445404833304,3192.0,0.8220210178912628,0.8653480008462027,0.8576668468682226,0.841442775544743,0.8376589857205894,9454.0,0.815103574910394,0.8625672530398828,100955.91059541702,885.9390015602112,144.82457184791565,102543.96302652359
