Rep,Kfold,Num_Vars_,Precision_background,Recall_background,F1_score_background,Num_Obs_background,AUC_background,Accuracy_background,Precision_dos,Recall_dos,F1_score_dos,Num_Obs_dos,AUC_dos,Accuracy_dos,Precision_nerisbotnet,Recall_nerisbotnet,F1_score_nerisbotnet,Num_Obs_nerisbotnet,AUC_nerisbotnet,Accuracy_nerisbotnet,Precision_scan,Recall_scan,F1_score_scan,Num_Obs_scan,AUC_scan,Accuracy_scan,Precision_sshscan,Recall_sshscan,F1_score_sshscan,Num_Obs_sshscan,AUC_sshscan,Accuracy_sshscan,Precision_udpscan,Recall_udpscan,F1_score_udpscan,Num_Obs_udpscan,AUC_udpscan,Accuracy_udpscan,Precision_spam,Recall_spam,F1_score_spam,Num_Obs_spam,AUC_spam,Accuracy_spam,Precision_w,Recall_w,F1_score_w,Total_Obs,AUC_w,Accuracy_w,Hyper_time,Training_time,Testing_time,Total_time
11.0,1.0,86.0,0.8514600715137068,0.9496510468594217,0.8978790259230165,6018.0,0.8298705946713507,0.8625356878502697,1.0,0.03571428571428571,0.0689655172413793,84.0,0.5178571428571429,0.991434915935286,1.0,0.21008403361344538,0.34722222222222227,119.0,0.6050420168067226,0.9900602728137887,0.0,0.0,0.0,36.0,0.5,0.9961932959712383,0.0,0.0,0.0,6.0,0.5,0.9993655493285397,0.0,0.0,0.0,2.0,0.5,0.9997885164428466,0.8853354134165367,0.7111528822055138,0.7887421820708826,3192.0,0.8321127539519189,0.8714179972507138,0.8621208998620148,0.8473088717352226,0.8425730750838206,9457.0,0.8234921380296831,0.8689079466103868,216918.5932044983,1598.8039605617523,143.43915724754333,219668.58464431763
