Rep,Kfold,Num_Vars_,Precision_background,Recall_background,F1_score_background,Num_Obs_background,AUC_background,Accuracy_background,Precision_dos,Recall_dos,F1_score_dos,Num_Obs_dos,AUC_dos,Accuracy_dos,Precision_nerisbotnet,Recall_nerisbotnet,F1_score_nerisbotnet,Num_Obs_nerisbotnet,AUC_nerisbotnet,Accuracy_nerisbotnet,Precision_scan,Recall_scan,F1_score_scan,Num_Obs_scan,AUC_scan,Accuracy_scan,Precision_sshscan,Recall_sshscan,F1_score_sshscan,Num_Obs_sshscan,AUC_sshscan,Accuracy_sshscan,Precision_udpscan,Recall_udpscan,F1_score_udpscan,Num_Obs_udpscan,AUC_udpscan,Accuracy_udpscan,Precision_spam,Recall_spam,F1_score_spam,Num_Obs_spam,AUC_spam,Accuracy_spam,Precision_w,Recall_w,F1_score_w,Total_Obs,AUC_w,Accuracy_w,Hyper_time,Training_time,Testing_time,Total_time
10.0,2.0,88.0,0.8298210161662818,0.955300764373546,0.8881507801637571,6018.0,0.8060846080307777,0.8468373175375502,1.0,0.04819277108433735,0.09195402298850576,83.0,0.5240963855421686,0.9916437486778084,0.9722222222222222,0.29411764705882354,0.45161290322580644,119.0,0.6470052616654589,0.9910090966786546,0.0,0.0,0.0,35.0,0.5,0.9962978633382695,0.0,0.0,0.0,5.0,0.5,0.9994711233340385,0.0,0.0,0.0,2.0,0.5,0.9997884493336154,0.8924731182795699,0.650062656641604,0.7522204096429219,3192.0,0.8050696547340884,0.8554051195261265,0.8505745201270907,0.8317114448910514,0.8258253714827178,9454.0,0.7999040760713583,0.8534825459959348,218091.35664963722,1479.2423062324524,140.34449458122253,220309.98549103737
