Rep,Kfold,Num_Vars_,Precision_background,Recall_background,F1_score_background,Num_Obs_background,AUC_background,Accuracy_background,Precision_dos,Recall_dos,F1_score_dos,Num_Obs_dos,AUC_dos,Accuracy_dos,Precision_nerisbotnet,Recall_nerisbotnet,F1_score_nerisbotnet,Num_Obs_nerisbotnet,AUC_nerisbotnet,Accuracy_nerisbotnet,Precision_scan,Recall_scan,F1_score_scan,Num_Obs_scan,AUC_scan,Accuracy_scan,Precision_sshscan,Recall_sshscan,F1_score_sshscan,Num_Obs_sshscan,AUC_sshscan,Accuracy_sshscan,Precision_udpscan,Recall_udpscan,F1_score_udpscan,Num_Obs_udpscan,AUC_udpscan,Accuracy_udpscan,Precision_spam,Recall_spam,F1_score_spam,Num_Obs_spam,AUC_spam,Accuracy_spam,Precision_w,Recall_w,F1_score_w,Total_Obs,AUC_w,Accuracy_w,Hyper_time,Training_time,Testing_time,Total_time
8.0,4.0,84.0,0.8379400640093104,0.9571286141575274,0.8935774123487433,6018.0,0.8165043710880742,0.8548915917503966,1.0,0.012048192771084338,0.02380952380952381,83.0,0.5060240963855421,0.9913273400317293,0.9705882352941176,0.2773109243697479,0.4313725490196078,119.0,0.638601906058053,0.9907985193019566,0.0,0.0,0.0,35.0,0.5,0.9962982548915917,0.0,0.0,0.0,5.0,0.5,0.9994711792702274,0.0,0.0,0.0,2.0,0.5,0.9997884717080909,0.902583650995341,0.6673974318822424,0.7673748649621894,3193.0,0.8153339762413447,0.8633527234267583,0.8591404445093763,0.8381808566895822,0.8335363654308335,9455.0,0.8097385846819198,0.8612877218229578,230049.4027981758,2053.6537702083588,284.29533529281616,234344.39724493027
