Rep,Kfold,Num_Vars_,Precision_background,Recall_background,F1_score_background,Num_Obs_background,AUC_background,Accuracy_background,Precision_dos,Recall_dos,F1_score_dos,Num_Obs_dos,AUC_dos,Accuracy_dos,Precision_nerisbotnet,Recall_nerisbotnet,F1_score_nerisbotnet,Num_Obs_nerisbotnet,AUC_nerisbotnet,Accuracy_nerisbotnet,Precision_scan,Recall_scan,F1_score_scan,Num_Obs_scan,AUC_scan,Accuracy_scan,Precision_sshscan,Recall_sshscan,F1_score_sshscan,Num_Obs_sshscan,AUC_sshscan,Accuracy_sshscan,Precision_udpscan,Recall_udpscan,F1_score_udpscan,Num_Obs_udpscan,AUC_udpscan,Accuracy_udpscan,Precision_spam,Recall_spam,F1_score_spam,Num_Obs_spam,AUC_spam,Accuracy_spam,Precision_w,Recall_w,F1_score_w,Total_Obs,AUC_w,Accuracy_w,Hyper_time,Training_time,Testing_time,Total_time
4.0,3.0,84.0,0.8403225806451613,0.9521515201860774,0.8927486564374172,6019.0,0.8176066099184172,0.854362771020624,1.0,0.060240963855421686,0.11363636363636363,83.0,0.5301204819277109,0.9917503966155473,0.972972972972973,0.3025210084033613,0.4615384615384615,119.0,0.6512069480748598,0.9911158117398202,0.0,0.0,0.0,35.0,0.5,0.9962982548915917,0.0,0.0,0.0,6.0,0.5,0.9993654151242729,0.0,0.0,0.0,1.0,0.5,0.9998942358540455,0.8879668049792531,0.6704260651629073,0.7640128525526597,3192.0,0.8136578673251867,0.8601797990481227,0.8557456835727959,0.8368059227921735,0.8330553234849074,9455.0,0.8102447090874518,0.8598866237439108,213243.55982875824,1768.005310535431,137.90399861335754,215906.84778666496
