Rep,Kfold,Num_Vars_,Precision_background,Recall_background,F1_score_background,Num_Obs_background,AUC_background,Accuracy_background,Precision_dos,Recall_dos,F1_score_dos,Num_Obs_dos,AUC_dos,Accuracy_dos,Precision_nerisbotnet,Recall_nerisbotnet,F1_score_nerisbotnet,Num_Obs_nerisbotnet,AUC_nerisbotnet,Accuracy_nerisbotnet,Precision_scan,Recall_scan,F1_score_scan,Num_Obs_scan,AUC_scan,Accuracy_scan,Precision_sshscan,Recall_sshscan,F1_score_sshscan,Num_Obs_sshscan,AUC_sshscan,Accuracy_sshscan,Precision_udpscan,Recall_udpscan,F1_score_udpscan,Num_Obs_udpscan,AUC_udpscan,Accuracy_udpscan,Precision_spam,Recall_spam,F1_score_spam,Num_Obs_spam,AUC_spam,Accuracy_spam,Precision_w,Recall_w,F1_score_w,Total_Obs,AUC_w,Accuracy_w,Hyper_time,Training_time,Testing_time,Total_time
13.0,1.0,87.0,0.8351071584779123,0.9518112329677634,0.8896482099867982,6018.0,0.8114204506898153,0.8497250423011844,1.0,0.024096385542168676,0.047058823529411764,83.0,0.5120481927710844,0.9914340101522843,1.0,0.2773109243697479,0.43421052631578955,119.0,0.6386554621848739,0.9909052453468697,0.0,0.0,0.0,35.0,0.5,0.9962986463620981,0.0,0.0,0.0,6.0,0.5,0.9993654822335025,0.0,0.0,0.0,2.0,0.5,0.9997884940778342,0.8871303623490212,0.6670842467898528,0.7615302109402932,3193.0,0.8119071241932658,0.8589255499153976,0.8523987020622358,0.8347081218274112,0.829213814109288,9456.0,0.8053667216370988,0.8565215265430984,210690.63209462166,1081.357295036316,140.94830441474915,212520.44587898254
