Rep,Kfold,Num_Vars_,Precision_background,Recall_background,F1_score_background,Num_Obs_background,AUC_background,Accuracy_background,Precision_dos,Recall_dos,F1_score_dos,Num_Obs_dos,AUC_dos,Accuracy_dos,Precision_nerisbotnet,Recall_nerisbotnet,F1_score_nerisbotnet,Num_Obs_nerisbotnet,AUC_nerisbotnet,Accuracy_nerisbotnet,Precision_scan,Recall_scan,F1_score_scan,Num_Obs_scan,AUC_scan,Accuracy_scan,Precision_sshscan,Recall_sshscan,F1_score_sshscan,Num_Obs_sshscan,AUC_sshscan,Accuracy_sshscan,Precision_udpscan,Recall_udpscan,F1_score_udpscan,Num_Obs_udpscan,AUC_udpscan,Accuracy_udpscan,Precision_spam,Recall_spam,F1_score_spam,Num_Obs_spam,AUC_spam,Accuracy_spam,Precision_w,Recall_w,F1_score_w,Total_Obs,AUC_w,Accuracy_w,Hyper_time,Training_time,Testing_time,Total_time
7.0,3.0,88.0,0.8279786774240023,0.9548097690646287,0.8868827160493827,6019.0,0.8036563397127567,0.8449497620306716,1.0,0.024096385542168676,0.047058823529411764,83.0,0.5120481927710844,0.9914331041776837,0.9565217391304348,0.18487394957983194,0.3098591549295775,119.0,0.5923834186630951,0.9896351136964568,0.0,0.0,0.0,35.0,0.5,0.9962982548915917,0.0,0.0,0.0,5.0,0.5,0.9994711792702274,0.0,0.0,0.0,2.0,0.5,0.9997884717080909,0.8896218117854002,0.6337719298245614,0.7402122210025613,3192.0,0.7968476446184918,0.8498149127445795,0.8482392987404115,0.82432575356954,0.8187925541122126,9455.0,0.7947899330697215,0.8503738463332532,232595.69244670868,2007.5712928771973,143.345721244812,235358.89441919327
