Rep,Kfold,Num_Vars_,Precision_background,Recall_background,F1_score_background,Num_Obs_background,AUC_background,Accuracy_background,Precision_dos,Recall_dos,F1_score_dos,Num_Obs_dos,AUC_dos,Accuracy_dos,Precision_nerisbotnet,Recall_nerisbotnet,F1_score_nerisbotnet,Num_Obs_nerisbotnet,AUC_nerisbotnet,Accuracy_nerisbotnet,Precision_scan,Recall_scan,F1_score_scan,Num_Obs_scan,AUC_scan,Accuracy_scan,Precision_sshscan,Recall_sshscan,F1_score_sshscan,Num_Obs_sshscan,AUC_sshscan,Accuracy_sshscan,Precision_udpscan,Recall_udpscan,F1_score_udpscan,Num_Obs_udpscan,AUC_udpscan,Accuracy_udpscan,Precision_spam,Recall_spam,F1_score_spam,Num_Obs_spam,AUC_spam,Accuracy_spam,Precision_w,Recall_w,F1_score_w,Total_Obs,AUC_w,Accuracy_w,Hyper_time,Training_time,Testing_time,Total_time
4.0,4.0,82.0,0.8351040605443167,0.9534729145895646,0.8903716347272869,6018.0,0.812008338655643,0.8505868668711007,1.0,0.023809523809523808,0.046511627906976744,84.0,0.5119047619047619,0.9913291741567093,0.9411764705882353,0.2689075630252101,0.41830065359477125,119.0,0.6343466922001184,0.9905889817066723,0.0,0.0,0.0,35.0,0.5,0.996299037749815,0.0,0.0,0.0,6.0,0.5,0.9993655493285397,0.0,0.0,0.0,2.0,0.5,0.9997885164428466,0.892948173322005,0.658315064202944,0.7578871462051558,3193.0,0.8090425895727362,0.8579887913714709,0.8536364337287575,0.8326107645130592,0.8281563825889646,9457.0,0.8046871552191204,0.856763027575526,211650.6405146122,1833.1604330539703,323.6306540966034,215009.75161910057
