Rep,Kfold,Num_Vars_,Precision_background,Recall_background,F1_score_background,Num_Obs_background,AUC_background,Accuracy_background,Precision_dos,Recall_dos,F1_score_dos,Num_Obs_dos,AUC_dos,Accuracy_dos,Precision_nerisbotnet,Recall_nerisbotnet,F1_score_nerisbotnet,Num_Obs_nerisbotnet,AUC_nerisbotnet,Accuracy_nerisbotnet,Precision_scan,Recall_scan,F1_score_scan,Num_Obs_scan,AUC_scan,Accuracy_scan,Precision_sshscan,Recall_sshscan,F1_score_sshscan,Num_Obs_sshscan,AUC_sshscan,Accuracy_sshscan,Precision_udpscan,Recall_udpscan,F1_score_udpscan,Num_Obs_udpscan,AUC_udpscan,Accuracy_udpscan,Precision_spam,Recall_spam,F1_score_spam,Num_Obs_spam,AUC_spam,Accuracy_spam,Precision_w,Recall_w,F1_score_w,Total_Obs,AUC_w,Accuracy_w,Hyper_time,Training_time,Testing_time,Total_time
1.0,2.0,82.0,0.8328974135425748,0.9524759056164839,0.8886821705426358,6018.0,0.8088922019351336,0.8481066215358578,1.0,0.03614457831325301,0.06976744186046512,83.0,0.5180722891566265,0.991537973344616,0.9743589743589743,0.31932773109243695,0.48101265822784806,119.0,0.6596103036822656,0.9913264226782315,0.0,0.0,0.0,35.0,0.5,0.9962978633382695,0.0,0.0,0.0,6.0,0.5,0.9993653480008462,0.0,0.0,0.0,1.0,0.5,0.9998942246668077,0.8936905790838375,0.6478696741854637,0.7511805303305487,3192.0,0.8042925502834056,0.8550877935265496,0.8529707722745444,0.8293843875608208,0.8259878103600831,9454.0,0.8015346644688442,0.8541863648144026,211100.41759443283,1995.1758952140808,255.43563675880432,214540.9628751278
