Rep,Kfold,Num_Vars_,Precision_background,Recall_background,F1_score_background,Num_Obs_background,AUC_background,Accuracy_background,Precision_dos,Recall_dos,F1_score_dos,Num_Obs_dos,AUC_dos,Accuracy_dos,Precision_nerisbotnet,Recall_nerisbotnet,F1_score_nerisbotnet,Num_Obs_nerisbotnet,AUC_nerisbotnet,Accuracy_nerisbotnet,Precision_scan,Recall_scan,F1_score_scan,Num_Obs_scan,AUC_scan,Accuracy_scan,Precision_sshscan,Recall_sshscan,F1_score_sshscan,Num_Obs_sshscan,AUC_sshscan,Accuracy_sshscan,Precision_udpscan,Recall_udpscan,F1_score_udpscan,Num_Obs_udpscan,AUC_udpscan,Accuracy_udpscan,Precision_spam,Recall_spam,F1_score_spam,Num_Obs_spam,AUC_spam,Accuracy_spam,Precision_w,Recall_w,F1_score_w,Total_Obs,AUC_w,Accuracy_w,Hyper_time,Training_time,Testing_time,Total_time
14.0,5.0,78.0,0.8442829601067774,0.945995347291459,0.8922498236815296,6018.0,0.8202926125637051,0.8545896785109983,1.0,0.04819277108433735,0.09195402298850576,83.0,0.5240963855421686,0.9916455160744501,0.9767441860465116,0.35294117647058826,0.5185185185185185,119.0,0.6764170378443762,0.991751269035533,0.0,0.0,0.0,35.0,0.5,0.9962986463620981,0.0,0.0,0.0,6.0,0.5,0.9993654822335025,0.0,0.0,0.0,2.0,0.5,0.9997884940778342,0.8779210314262691,0.6824303163169433,0.7679295154185022,3193.0,0.8170254727042165,0.8607233502538071,0.8548360052248518,0.8373519458544839,0.8344854345662512,9456.0,0.8133224306531749,0.8602370499146819,204818.2001516819,3442.9406304359436,225.82317066192627,209289.8198902607
