Rep,Kfold,Num_Vars_,Precision_background,Recall_background,F1_score_background,Num_Obs_background,AUC_background,Accuracy_background,Precision_dos,Recall_dos,F1_score_dos,Num_Obs_dos,AUC_dos,Accuracy_dos,Precision_nerisbotnet,Recall_nerisbotnet,F1_score_nerisbotnet,Num_Obs_nerisbotnet,AUC_nerisbotnet,Accuracy_nerisbotnet,Precision_scan,Recall_scan,F1_score_scan,Num_Obs_scan,AUC_scan,Accuracy_scan,Precision_sshscan,Recall_sshscan,F1_score_sshscan,Num_Obs_sshscan,AUC_sshscan,Accuracy_sshscan,Precision_udpscan,Recall_udpscan,F1_score_udpscan,Num_Obs_udpscan,AUC_udpscan,Accuracy_udpscan,Precision_spam,Recall_spam,F1_score_spam,Num_Obs_spam,AUC_spam,Accuracy_spam,Precision_w,Recall_w,F1_score_w,Total_Obs,AUC_w,Accuracy_w,Hyper_time,Training_time,Testing_time,Total_time
16.0,2.0,82.0,0.8517857142857143,0.9511465603190429,0.898728214790391,6018.0,0.8307216222188583,0.8635786802030457,1.0,0.05952380952380952,0.11235955056179775,84.0,0.5297619047619048,0.9916455160744501,1.0,0.40336134453781514,0.5748502994011977,119.0,0.7016806722689075,0.9924915397631133,0.0,0.0,0.0,35.0,0.5,0.9962986463620981,0.0,0.0,0.0,5.0,0.5,0.9994712351945855,0.0,0.0,0.0,2.0,0.5,0.9997884940778342,0.8911128903122498,0.6971500156592546,0.7822878228782288,3193.0,0.8268601746825731,0.8689720812182741,0.8644638205730163,0.8463409475465313,0.8443566838974926,9456.0,0.8236513600121135,0.8687517401819737,203005.00216698647,3138.3257253170013,236.66595196723938,207484.16306734085
