Rep,Kfold,Num_Vars_,Precision_background,Recall_background,F1_score_background,Num_Obs_background,AUC_background,Accuracy_background,Precision_dos,Recall_dos,F1_score_dos,Num_Obs_dos,AUC_dos,Accuracy_dos,Precision_nerisbotnet,Recall_nerisbotnet,F1_score_nerisbotnet,Num_Obs_nerisbotnet,AUC_nerisbotnet,Accuracy_nerisbotnet,Precision_scan,Recall_scan,F1_score_scan,Num_Obs_scan,AUC_scan,Accuracy_scan,Precision_sshscan,Recall_sshscan,F1_score_sshscan,Num_Obs_sshscan,AUC_sshscan,Accuracy_sshscan,Precision_udpscan,Recall_udpscan,F1_score_udpscan,Num_Obs_udpscan,AUC_udpscan,Accuracy_udpscan,Precision_spam,Recall_spam,F1_score_spam,Num_Obs_spam,AUC_spam,Accuracy_spam,Precision_w,Recall_w,F1_score_w,Total_Obs,AUC_w,Accuracy_w,Hyper_time,Training_time,Testing_time,Total_time
1.0,3.0,87.0,0.8436390532544379,0.9476570289132602,0.8926279542964471,6018.0,0.8200606936826993,0.8548915917503966,1.0,0.04819277108433735,0.09195402298850576,83.0,0.5240963855421686,0.9916446324695928,1.0,0.2184873949579832,0.3586206896551724,119.0,0.6092436974789917,0.9901639344262295,0.0,0.0,0.0,35.0,0.5,0.9962982548915917,0.0,0.0,0.0,6.0,0.5,0.9993654151242729,0.0,0.0,0.0,2.0,0.5,0.9997884717080909,0.8832116788321168,0.6823308270676691,0.7698833510074232,3192.0,0.8181732372604832,0.8622950819672132,0.8565025384788286,0.8367001586462189,0.8333802994551798,9455.0,0.8127164704302429,0.8609397907816284,213398.27768564224,1656.8693234920502,135.83969068527222,215862.01545906067
