Rep,Kfold,Num_Vars_,Precision_background,Recall_background,F1_score_background,Num_Obs_background,AUC_background,Accuracy_background,Precision_dos,Recall_dos,F1_score_dos,Num_Obs_dos,AUC_dos,Accuracy_dos,Precision_nerisbotnet,Recall_nerisbotnet,F1_score_nerisbotnet,Num_Obs_nerisbotnet,AUC_nerisbotnet,Accuracy_nerisbotnet,Precision_scan,Recall_scan,F1_score_scan,Num_Obs_scan,AUC_scan,Accuracy_scan,Precision_sshscan,Recall_sshscan,F1_score_sshscan,Num_Obs_sshscan,AUC_sshscan,Accuracy_sshscan,Precision_udpscan,Recall_udpscan,F1_score_udpscan,Num_Obs_udpscan,AUC_udpscan,Accuracy_udpscan,Precision_spam,Recall_spam,F1_score_spam,Num_Obs_spam,AUC_spam,Accuracy_spam,Precision_w,Recall_w,F1_score_w,Total_Obs,AUC_w,Accuracy_w,Hyper_time,Training_time,Testing_time,Total_time
2.0,4.0,87.0,0.8312572421784473,0.9536390827517448,0.8882525924779446,6018.0,0.8072910198392019,0.8472604188703194,1.0,0.024096385542168676,0.047058823529411764,83.0,0.5120481927710844,0.9914321980114237,1.0,0.21008403361344538,0.34722222222222227,119.0,0.6050420168067226,0.9900571186799239,0.0,0.0,0.0,35.0,0.5,0.9962978633382695,0.0,0.0,0.0,5.0,0.5,0.9994711233340385,0.0,0.0,0.0,2.0,0.5,0.9997884493336154,0.8924406047516199,0.6472431077694235,0.750317777374251,3192.0,0.8037397269923451,0.8545589168605882,0.8518274268877795,0.8284324095620901,0.8235396418138635,9454.0,0.7995890169189637,0.8534523260705116,214499.91998028755,1294.6066811084747,136.17815256118774,216523.95653295517
