Rep,Kfold,Num_Vars_,Precision_background,Recall_background,F1_score_background,Num_Obs_background,AUC_background,Accuracy_background,Precision_dos,Recall_dos,F1_score_dos,Num_Obs_dos,AUC_dos,Accuracy_dos,Precision_nerisbotnet,Recall_nerisbotnet,F1_score_nerisbotnet,Num_Obs_nerisbotnet,AUC_nerisbotnet,Accuracy_nerisbotnet,Precision_scan,Recall_scan,F1_score_scan,Num_Obs_scan,AUC_scan,Accuracy_scan,Precision_sshscan,Recall_sshscan,F1_score_sshscan,Num_Obs_sshscan,AUC_sshscan,Accuracy_sshscan,Precision_udpscan,Recall_udpscan,F1_score_udpscan,Num_Obs_udpscan,AUC_udpscan,Accuracy_udpscan,Precision_spam,Recall_spam,F1_score_spam,Num_Obs_spam,AUC_spam,Accuracy_spam,Precision_w,Recall_w,F1_score_w,Total_Obs,AUC_w,Accuracy_w,Hyper_time,Training_time,Testing_time,Total_time
19.0,1.0,86.0,0.8484398216939079,0.9486625685329789,0.8957565299239156,6019.0,0.8259460645981741,0.8594543147208121,1.0,0.047619047619047616,0.0909090909090909,84.0,0.5238095238095238,0.9915397631133672,0.9512195121951219,0.3277310924369748,0.48750000000000004,119.0,0.6637584454366516,0.9913282571912013,0.0,0.0,0.0,35.0,0.5,0.9962986463620981,0.0,0.0,0.0,5.0,0.5,0.9994712351945855,0.0,0.0,0.0,2.0,0.5,0.9997884940778342,0.8855780691299165,0.6983082706766918,0.7808723068838676,3192.0,0.8261656295912194,0.8677030456852792,0.8598476740048164,0.8441201353637902,0.8407097949261545,9456.0,0.8198474309939239,0.8656819406330433,51120.23693871498,777.4673702716827,140.52428603172302,52571.066831588745
