Rep,Kfold,Num_Vars_,Precision_background,Recall_background,F1_score_background,Num_Obs_background,AUC_background,Accuracy_background,Precision_dos,Recall_dos,F1_score_dos,Num_Obs_dos,AUC_dos,Accuracy_dos,Precision_nerisbotnet,Recall_nerisbotnet,F1_score_nerisbotnet,Num_Obs_nerisbotnet,AUC_nerisbotnet,Accuracy_nerisbotnet,Precision_scan,Recall_scan,F1_score_scan,Num_Obs_scan,AUC_scan,Accuracy_scan,Precision_sshscan,Recall_sshscan,F1_score_sshscan,Num_Obs_sshscan,AUC_sshscan,Accuracy_sshscan,Precision_udpscan,Recall_udpscan,F1_score_udpscan,Num_Obs_udpscan,AUC_udpscan,Accuracy_udpscan,Precision_spam,Recall_spam,F1_score_spam,Num_Obs_spam,AUC_spam,Accuracy_spam,Precision_w,Recall_w,F1_score_w,Total_Obs,AUC_w,Accuracy_w,Hyper_time,Training_time,Testing_time,Total_time
2.0,2.0,86.0,0.8479188115899396,0.957959454968428,0.8995864866973551,6018.0,0.8286016006662966,0.8638959390862944,1.0,0.023809523809523808,0.046511627906976744,84.0,0.5119047619047619,0.9913282571912013,0.9761904761904762,0.3445378151260504,0.5093167701863354,119.0,0.6722153571721073,0.9916455160744501,0.0,0.0,0.0,36.0,0.5,0.9961928934010152,0.0,0.0,0.0,5.0,0.5,0.9994712351945855,0.0,0.0,0.0,2.0,0.5,0.9997884940778342,0.9035995035167563,0.6842105263157895,0.7787484400071314,3192.0,0.8235069234388653,0.8687605752961083,0.8658239942936136,0.8451776649746193,0.8422157540020946,9456.0,0.8206061928860102,0.8688818512172145,212928.8107290268,1774.2135241031647,150.8133008480072,215609.12666845322
