Rep,Kfold,Num_Vars_,Precision_background,Recall_background,F1_score_background,Num_Obs_background,AUC_background,Accuracy_background,Precision_dos,Recall_dos,F1_score_dos,Num_Obs_dos,AUC_dos,Accuracy_dos,Precision_nerisbotnet,Recall_nerisbotnet,F1_score_nerisbotnet,Num_Obs_nerisbotnet,AUC_nerisbotnet,Accuracy_nerisbotnet,Precision_scan,Recall_scan,F1_score_scan,Num_Obs_scan,AUC_scan,Accuracy_scan,Precision_sshscan,Recall_sshscan,F1_score_sshscan,Num_Obs_sshscan,AUC_sshscan,Accuracy_sshscan,Precision_udpscan,Recall_udpscan,F1_score_udpscan,Num_Obs_udpscan,AUC_udpscan,Accuracy_udpscan,Precision_spam,Recall_spam,F1_score_spam,Num_Obs_spam,AUC_spam,Accuracy_spam,Precision_w,Recall_w,F1_score_w,Total_Obs,AUC_w,Accuracy_w,Hyper_time,Training_time,Testing_time,Total_time
10.0,3.0,84.0,0.8477807566279416,0.9456720385446087,0.8940548181889577,6019.0,0.8242030931524672,0.8573543407000106,1.0,0.011904761904761904,0.023529411764705882,84.0,0.5059523809523809,0.9912234323781326,0.9523809523809523,0.33613445378151263,0.49689440993788825,119.0,0.6679601375782699,0.991434915935286,0.0,0.0,0.0,36.0,0.5,0.9961932959712383,0.0,0.0,0.0,6.0,0.5,0.9993655493285397,0.0,0.0,0.0,1.0,0.5,0.9998942582214233,0.8812399355877617,0.6857769423558897,0.7713178294573644,3192.0,0.8193449755674101,0.8627471714074231,0.8578876580176641,0.8376863698847414,0.8358326496434481,9457.0,0.8162963768708562,0.8626845000878797,214934.6911420822,1772.4007287025452,236.48659133911133,217852.2993452549
