Rep,Kfold,Num_Vars_,Precision_background,Recall_background,F1_score_background,Num_Obs_background,AUC_background,Accuracy_background,Precision_dos,Recall_dos,F1_score_dos,Num_Obs_dos,AUC_dos,Accuracy_dos,Precision_nerisbotnet,Recall_nerisbotnet,F1_score_nerisbotnet,Num_Obs_nerisbotnet,AUC_nerisbotnet,Accuracy_nerisbotnet,Precision_scan,Recall_scan,F1_score_scan,Num_Obs_scan,AUC_scan,Accuracy_scan,Precision_sshscan,Recall_sshscan,F1_score_sshscan,Num_Obs_sshscan,AUC_sshscan,Accuracy_sshscan,Precision_udpscan,Recall_udpscan,F1_score_udpscan,Num_Obs_udpscan,AUC_udpscan,Accuracy_udpscan,Precision_spam,Recall_spam,F1_score_spam,Num_Obs_spam,AUC_spam,Accuracy_spam,Precision_w,Recall_w,F1_score_w,Total_Obs,AUC_w,Accuracy_w,Hyper_time,Training_time,Testing_time,Total_time
3.0,1.0,86.0,0.8291799478412054,0.9509803921568627,0.8859133126934984,6018.0,0.8040740867443226,0.8441366183779211,1.0,0.011904761904761904,0.023529411764705882,84.0,0.5059523809523809,0.9912234323781326,1.0,0.25210084033613445,0.40268456375838924,119.0,0.6260504201680672,0.9905889817066723,0.0,0.0,0.0,36.0,0.5,0.9961932959712383,0.0,0.0,0.0,5.0,0.5,0.9994712911071164,0.0,0.0,0.0,2.0,0.5,0.9997885164428466,0.8846646732165742,0.6486063263388663,0.748464040477051,3193.0,0.8027514390315019,0.8528074442212118,0.8478100061001264,0.8274294173628001,0.821737118611418,9457.0,0.7973567937881906,0.8509073795160095,213897.1247112751,1595.6764523983002,133.3930127620697,216212.64632606506
