Rep,Kfold,Num_Vars_,Precision_background,Recall_background,F1_score_background,Num_Obs_background,AUC_background,Accuracy_background,Precision_dos,Recall_dos,F1_score_dos,Num_Obs_dos,AUC_dos,Accuracy_dos,Precision_nerisbotnet,Recall_nerisbotnet,F1_score_nerisbotnet,Num_Obs_nerisbotnet,AUC_nerisbotnet,Accuracy_nerisbotnet,Precision_scan,Recall_scan,F1_score_scan,Num_Obs_scan,AUC_scan,Accuracy_scan,Precision_sshscan,Recall_sshscan,F1_score_sshscan,Num_Obs_sshscan,AUC_sshscan,Accuracy_sshscan,Precision_udpscan,Recall_udpscan,F1_score_udpscan,Num_Obs_udpscan,AUC_udpscan,Accuracy_udpscan,Precision_spam,Recall_spam,F1_score_spam,Num_Obs_spam,AUC_spam,Accuracy_spam,Precision_w,Recall_w,F1_score_w,Total_Obs,AUC_w,Accuracy_w,Hyper_time,Training_time,Testing_time,Total_time
1.0,5.0,88.0,0.8364269141531323,0.9584579594549685,0.8932940994269787,6018.0,0.8150846258276007,0.8542415908610113,1.0,0.012048192771084338,0.02380952380952381,83.0,0.5060240963855421,0.9913264226782315,0.96875,0.2605042016806723,0.4105960264900662,119.0,0.6301985389763832,0.9905859953458853,0.0,0.0,0.0,35.0,0.5,0.9962978633382695,0.0,0.0,0.0,5.0,0.5,0.9994711233340385,0.0,0.0,0.0,2.0,0.5,0.9997884493336154,0.9003831417624522,0.6625939849624061,0.7634001082837033,3192.0,0.8126128660040391,0.8613285381848953,0.8574065377490266,0.837211762217051,0.8317594831417017,9454.0,0.8078097284380774,0.8601876213188473,214690.81136965752,959.9080862998962,128.89561915397644,216342.37171530724
