Rep,Kfold,Num_Vars_,Precision_background,Recall_background,F1_score_background,Num_Obs_background,AUC_background,Accuracy_background,Precision_dos,Recall_dos,F1_score_dos,Num_Obs_dos,AUC_dos,Accuracy_dos,Precision_nerisbotnet,Recall_nerisbotnet,F1_score_nerisbotnet,Num_Obs_nerisbotnet,AUC_nerisbotnet,Accuracy_nerisbotnet,Precision_scan,Recall_scan,F1_score_scan,Num_Obs_scan,AUC_scan,Accuracy_scan,Precision_sshscan,Recall_sshscan,F1_score_sshscan,Num_Obs_sshscan,AUC_sshscan,Accuracy_sshscan,Precision_udpscan,Recall_udpscan,F1_score_udpscan,Num_Obs_udpscan,AUC_udpscan,Accuracy_udpscan,Precision_spam,Recall_spam,F1_score_spam,Num_Obs_spam,AUC_spam,Accuracy_spam,Precision_w,Recall_w,F1_score_w,Total_Obs,AUC_w,Accuracy_w,Hyper_time,Training_time,Testing_time,Total_time
11.0,4.0,85.0,0.8454384410983171,0.9514869579664396,0.8953333854451653,6019.0,0.8233860866665725,0.8583818085668958,1.0,0.024096385542168676,0.047058823529411764,83.0,0.5120481927710844,0.9914331041776837,0.9666666666666667,0.24369747899159663,0.38926174496644295,119.0,0.6217951833689774,0.9903754627181386,0.0,0.0,0.0,35.0,0.5,0.9962982548915917,0.0,0.0,0.0,5.0,0.5,0.9994711792702274,0.0,0.0,0.0,2.0,0.5,0.9997884717080909,0.8922822946760215,0.6773182957393483,0.7700801424755119,3192.0,0.8178224881219494,0.8634584875727128,0.8603799465795837,0.8376520359598096,0.8352549436044666,9455.0,0.8148010433159462,0.8635399891663063,213600.8525569439,2563.8350365161896,242.84410452842712,217327.91375660896
