Rep.,Kfold,Num. Vars.,Precision-Background,Recall-Background,F1_score_Background,Num. Obs. Background,AUC_Background,Precision-DoS,Recall-DoS,F1_score_DoS,Num. Obs. Dos,AUC_DoS,Precision-Botnet,Recall-Botnet,F1_score_Botnet,Num. Obs. Botnet,AUC_Botnet,Precision-Scan,Recall-Scan,F1_score_Scan,Num. Obs. Scan,AUC_Scan,Precision-SSHscan,Recall-SSHscan,F1_score_SSHscan,Num. Obs. SSHscan,AUC_SSHscan,Precision-UDPscan,Recall-UDPscan,F1_score_UDPscan,Num. Obs. UDPscan,AUC_UDPscan,Precision-Spam,Recall-Spam,F1_score_Spam,Num. Obs. Spam,AUC_Spam,Precision-w,Recall-w,F1_score_w,Total Obs.,AUC_w,Time
1,4,85,0.8896956588907771,0.9571214891141765,0.922177742193755,6017,0.8746608609715236,0.9594594594594594,0.8452380952380952,0.8987341772151899,84,0.9224589451534697,0.981651376146789,0.9067796610169492,0.9427312775330396,118,0.9532827067805689,0.8571428571428571,0.8571428571428571,0.8571428571428571,35,0.9283059794314837,0.0,0.0,0.0,5,0.5,1.0,1.0,1.0,2,1.0,0.9141150112023898,0.7669172932330827,0.8340715502555366,3192,0.8650909737208377,0.8991413680613296,0.8904051623823125,0.8917630196583595,9453,0.8728625207506265,22295.178632497787
