Rep.,Kfold,Num. Vars.,Precision-Background,Recall-Background,F1_score_Background,Num. Obs. Background,AUC_Background,Precision-DoS,Recall-DoS,F1_score_DoS,Num. Obs. Dos,AUC_DoS,Precision-Botnet,Recall-Botnet,F1_score_Botnet,Num. Obs. Botnet,AUC_Botnet,Precision-Scan,Recall-Scan,F1_score_Scan,Num. Obs. Scan,AUC_Scan,Precision-SSHscan,Recall-SSHscan,F1_score_SSHscan,Num. Obs. SSHscan,AUC_SSHscan,Precision-UDPscan,Recall-UDPscan,F1_score_UDPscan,Num. Obs. UDPscan,AUC_UDPscan,Precision-Spam,Recall-Spam,F1_score_Spam,Num. Obs. Spam,AUC_Spam,Precision-w,Recall-w,F1_score_w,Total Obs.,AUC_w,Time
14,1,80,0.8862074232472889,0.9641076769690927,0.9235177079188222,6018,0.8736428955276196,0.9743589743589743,0.9156626506024096,0.9440993788819876,83,0.9577246131040006,0.9819819819819819,0.9159663865546218,0.9478260869565216,119,0.9578760695494051,0.9393939393939394,0.8857142857142857,0.9117647058823529,35,0.9427509744740873,0.0,0.0,0.0,5,0.5,1.0,0.5,0.6666666666666666,2,0.75,0.9243821468092954,0.7850877192982456,0.8490598001016432,3192,0.8761752873080179,0.9008282763194303,0.9017347154643537,0.8982785169255514,9454,0.8763284473918987,23181.519729852676
