Rep.,Kfold,Num. Vars.,Precision-Background,Recall-Background,F1_score_Background,Num. Obs. Background,AUC_Background,Precision-DoS,Recall-DoS,F1_score_DoS,Num. Obs. Dos,AUC_DoS,Precision-Botnet,Recall-Botnet,F1_score_Botnet,Num. Obs. Botnet,AUC_Botnet,Precision-Scan,Recall-Scan,F1_score_Scan,Num. Obs. Scan,AUC_Scan,Precision-SSHscan,Recall-SSHscan,F1_score_SSHscan,Num. Obs. SSHscan,AUC_SSHscan,Precision-UDPscan,Recall-UDPscan,F1_score_UDPscan,Num. Obs. UDPscan,AUC_UDPscan,Precision-Spam,Recall-Spam,F1_score_Spam,Num. Obs. Spam,AUC_Spam,Precision-w,Recall-w,F1_score_w,Total Obs.,AUC_w,Time
18,5,82,0.8856574315016073,0.9616087751371115,0.9220717131474103,6017,0.8721024085231541,0.9868421052631579,0.8928571428571429,0.9375,84,0.9463752039400455,0.9910714285714286,0.9327731092436975,0.961038961038961,119,0.9663329870195346,0.9722222222222222,1.0,0.9859154929577464,35,0.999946910172011,0.0,0.0,0.0,6,0.5,0.0,0.0,0.0,1,0.5,0.9180395387149918,0.6985271074898151,0.7933796049119061,3191,0.8333740615698837,0.8984793132343798,0.8712578017560563,0.8788110119431944,9453,0.8610731098059479,20921.71787238121
