Rep.,Kfold,Num. Vars.,Precision-Background,Recall-Background,F1_score_Background,Num. Obs. Background,AUC_Background,Precision-DoS,Recall-DoS,F1_score_DoS,Num. Obs. Dos,AUC_DoS,Precision-Botnet,Recall-Botnet,F1_score_Botnet,Num. Obs. Botnet,AUC_Botnet,Precision-Scan,Recall-Scan,F1_score_Scan,Num. Obs. Scan,AUC_Scan,Precision-SSHscan,Recall-SSHscan,F1_score_SSHscan,Num. Obs. SSHscan,AUC_SSHscan,Precision-UDPscan,Recall-UDPscan,F1_score_UDPscan,Num. Obs. UDPscan,AUC_UDPscan,Precision-Spam,Recall-Spam,F1_score_Spam,Num. Obs. Spam,AUC_Spam,Precision-w,Recall-w,F1_score_w,Total Obs.,AUC_w,Time
19,4,82,0.8973082309008868,0.9582917912927883,0.9267979108075532,6018,0.8831598572519788,0.9864864864864865,0.8795180722891566,0.9299363057324841,83,0.9397056914310393,0.9912280701754386,0.9495798319327731,0.9699570815450643,119,0.9747363655754686,0.8292682926829268,0.9444444444444444,0.883116883116883,36,0.9718506723283793,0.0,0.0,0.0,6,0.5,1.0,1.0,1.0,1,1.0,0.9180454020777222,0.7472596304415909,0.8238950276243094,3193,0.8566251848519627,0.905457707240011,0.885575296108291,0.8918748375968848,9456,0.8759555901301612,22933.409287691116
