Rep.,Kfold,Num. Vars.,Precision-Background,Recall-Background,F1_score_Background,Num. Obs. Background,AUC_Background,Precision-DoS,Recall-DoS,F1_score_DoS,Num. Obs. Dos,AUC_DoS,Precision-Botnet,Recall-Botnet,F1_score_Botnet,Num. Obs. Botnet,AUC_Botnet,Precision-Scan,Recall-Scan,F1_score_Scan,Num. Obs. Scan,AUC_Scan,Precision-SSHscan,Recall-SSHscan,F1_score_SSHscan,Num. Obs. SSHscan,AUC_SSHscan,Precision-UDPscan,Recall-UDPscan,F1_score_UDPscan,Num. Obs. UDPscan,AUC_UDPscan,Precision-Spam,Recall-Spam,F1_score_Spam,Num. Obs. Spam,AUC_Spam,Precision-w,Recall-w,F1_score_w,Total Obs.,AUC_w,Time
17,2,92,0.8647321428571428,0.9654427645788337,0.9123165083601539,6019,0.8504839659379475,1.0,0.8072289156626506,0.8933333333333333,83,0.9036144578313253,0.9824561403508771,0.9411764705882353,0.9613733905579399,119,0.9704811345122819,0.9444444444444444,0.9714285714285714,0.9577464788732395,35,0.9856081398698956,0.0,0.0,0.0,6,0.5,1.0,0.5,0.6666666666666666,2,0.75,0.9219417475728156,0.743734335839599,0.8233050112710247,3192,0.8558231066171176,0.8864878027037733,0.8882191201353637,0.8822575317294665,9456,0.8545192351104858,21750.30864596367
