Rep.,Kfold,Num. Vars.,Precision-Background,Recall-Background,F1_score_Background,Num. Obs. Background,AUC_Background,Precision-DoS,Recall-DoS,F1_score_DoS,Num. Obs. Dos,AUC_DoS,Precision-Botnet,Recall-Botnet,F1_score_Botnet,Num. Obs. Botnet,AUC_Botnet,Precision-Scan,Recall-Scan,F1_score_Scan,Num. Obs. Scan,AUC_Scan,Precision-SSHscan,Recall-SSHscan,F1_score_SSHscan,Num. Obs. SSHscan,AUC_SSHscan,Precision-UDPscan,Recall-UDPscan,F1_score_UDPscan,Num. Obs. UDPscan,AUC_UDPscan,Precision-Spam,Recall-Spam,F1_score_Spam,Num. Obs. Spam,AUC_Spam,Precision-w,Recall-w,F1_score_w,Total Obs.,AUC_w,Time
1,2,82,0.8880516684607105,0.9597806215722121,0.9225239616613419,6017,0.8739531745812167,0.9302325581395349,0.963855421686747,0.9467455621301776,83,0.9816075400856361,0.9913793103448276,0.9663865546218487,0.9787234042553192,119,0.9831397097086103,1.0,0.9714285714285714,0.9855072463768115,35,0.9857142857142858,0.0,0.0,0.0,6,0.5,0.0,0.0,0.0,1,0.5,0.9154285714285715,0.7528195488721805,0.8261990716864365,3192,0.8586809771193677,0.8987240378064858,0.8893472971543426,0.8904680878584338,9453,0.8712528278538701,22308.609448194504
