Rep.,Kfold,Num. Vars.,Precision-Background,Recall-Background,F1_score_Background,Num. Obs. Background,AUC_Background,Precision-DoS,Recall-DoS,F1_score_DoS,Num. Obs. Dos,AUC_DoS,Precision-Botnet,Recall-Botnet,F1_score_Botnet,Num. Obs. Botnet,AUC_Botnet,Precision-Scan,Recall-Scan,F1_score_Scan,Num. Obs. Scan,AUC_Scan,Precision-SSHscan,Recall-SSHscan,F1_score_SSHscan,Num. Obs. SSHscan,AUC_SSHscan,Precision-UDPscan,Recall-UDPscan,F1_score_UDPscan,Num. Obs. UDPscan,AUC_UDPscan,Precision-Spam,Recall-Spam,F1_score_Spam,Num. Obs. Spam,AUC_Spam,Precision-w,Recall-w,F1_score_w,Total Obs.,AUC_w,Time
17,4,86,0.896749226006192,0.9626121635094715,0.9285141849655394,6018,0.884273786148102,0.9367088607594937,0.891566265060241,0.9135802469135801,83,0.9455163805028051,0.9819819819819819,0.9159663865546218,0.9478260869565216,119,0.9578760810236691,0.9444444444444444,0.9444444444444444,0.9444444444444444,36,0.9721160538391667,0.0,0.0,0.0,6,0.5,0.0,0.0,0.0,2,0.5,0.9268,0.7261046693826386,0.8142681426814269,3191,0.8484450549978326,0.9077375286519468,0.8806980433632998,0.8893438892925122,9455,0.8736551144049837,20967.945424079895
