Rep.,Kfold,Num. Vars.,Precision-Background,Recall-Background,F1_score_Background,Num. Obs. Background,AUC_Background,Precision-DoS,Recall-DoS,F1_score_DoS,Num. Obs. Dos,AUC_DoS,Precision-Botnet,Recall-Botnet,F1_score_Botnet,Num. Obs. Botnet,AUC_Botnet,Precision-Scan,Recall-Scan,F1_score_Scan,Num. Obs. Scan,AUC_Scan,Precision-SSHscan,Recall-SSHscan,F1_score_SSHscan,Num. Obs. SSHscan,AUC_SSHscan,Precision-UDPscan,Recall-UDPscan,F1_score_UDPscan,Num. Obs. UDPscan,AUC_UDPscan,Precision-Spam,Recall-Spam,F1_score_Spam,Num. Obs. Spam,AUC_Spam,Precision-w,Recall-w,F1_score_w,Total Obs.,AUC_w,Time
20,3,83,0.8833307680467908,0.9536390827517448,0.9171394326807831,6018,0.8665168638438585,0.9629629629629629,0.9397590361445783,0.9512195121951219,83,0.969719449776483,0.9819819819819819,0.9159663865546218,0.9478260869565216,119,0.9578760695494051,0.868421052631579,0.9428571428571428,0.904109589041096,35,0.9711631504709326,0.0,0.0,0.0,6,0.5,1.0,1.0,1.0,1,1.0,0.9018143009605123,0.7941729323308271,0.8445777111444279,3192,0.8750487785256819,0.8909088565046996,0.8985614554685847,0.8927039897738973,9454,0.8716224735075763,25185.172215938568
