Rep.,Kfold,Num. Vars.,Precision-Background,Recall-Background,F1_score_Background,Num. Obs. Background,AUC_Background,Precision-DoS,Recall-DoS,F1_score_DoS,Num. Obs. Dos,AUC_DoS,Precision-Botnet,Recall-Botnet,F1_score_Botnet,Num. Obs. Botnet,AUC_Botnet,Precision-Scan,Recall-Scan,F1_score_Scan,Num. Obs. Scan,AUC_Scan,Precision-SSHscan,Recall-SSHscan,F1_score_SSHscan,Num. Obs. SSHscan,AUC_SSHscan,Precision-UDPscan,Recall-UDPscan,F1_score_UDPscan,Num. Obs. UDPscan,AUC_UDPscan,Precision-Spam,Recall-Spam,F1_score_Spam,Num. Obs. Spam,AUC_Spam,Precision-w,Recall-w,F1_score_w,Total Obs.,AUC_w,Time
3,4,81,0.9010766110157591,0.9597806215722121,0.9295026557218735,6017,0.8876050123872705,1.0,0.9518072289156626,0.9753086419753086,83,0.9759036144578312,0.9732142857142857,0.923728813559322,0.9478260869565216,118,0.9617037039727186,1.0,0.9714285714285714,0.9855072463768115,35,0.9857142857142858,0.0,0.0,0.0,5,0.5,1.0,1.0,1.0,2,1.0,0.9232989690721649,0.7014411027568922,0.797222716752715,3192,0.8358643213464974,0.910261062576646,0.8715615742699958,0.8851924714897574,9452,0.8720143155248633,22354.85502934456
