Rep.,Kfold,Num. Vars.,Precision-Background,Recall-Background,F1_score_Background,Num. Obs. Background,AUC_Background,Precision-DoS,Recall-DoS,F1_score_DoS,Num. Obs. Dos,AUC_DoS,Precision-Botnet,Recall-Botnet,F1_score_Botnet,Num. Obs. Botnet,AUC_Botnet,Precision-Scan,Recall-Scan,F1_score_Scan,Num. Obs. Scan,AUC_Scan,Precision-SSHscan,Recall-SSHscan,F1_score_SSHscan,Num. Obs. SSHscan,AUC_SSHscan,Precision-UDPscan,Recall-UDPscan,F1_score_UDPscan,Num. Obs. UDPscan,AUC_UDPscan,Precision-Spam,Recall-Spam,F1_score_Spam,Num. Obs. Spam,AUC_Spam,Precision-w,Recall-w,F1_score_w,Total Obs.,AUC_w,Time
3,2,82,0.8849571078431373,0.9599534729145895,0.9209309740156225,6018,0.8706608703728698,0.9848484848484849,0.7831325301204819,0.87248322147651,83,0.8915129032672847,0.963963963963964,0.8991596638655462,0.9304347826086956,119,0.9493655615235166,0.8571428571428571,0.8571428571428571,0.8571428571428571,35,0.9283059794314837,0.0,0.0,0.0,5,0.5,0.0,0.0,0.0,1,0.5,0.9152471956792688,0.6901629072681704,0.786926236828005,3192,0.8287901263700698,0.8963921569409036,0.8655453295250185,0.874555061471913,9453,0.8576743873214618,21646.37403035164
