Rep.,Kfold,Num. Vars.,Precision-Background,Recall-Background,F1_score_Background,Num. Obs. Background,AUC_Background,Precision-DoS,Recall-DoS,F1_score_DoS,Num. Obs. Dos,AUC_DoS,Precision-Botnet,Recall-Botnet,F1_score_Botnet,Num. Obs. Botnet,AUC_Botnet,Precision-Scan,Recall-Scan,F1_score_Scan,Num. Obs. Scan,AUC_Scan,Precision-SSHscan,Recall-SSHscan,F1_score_SSHscan,Num. Obs. SSHscan,AUC_SSHscan,Precision-UDPscan,Recall-UDPscan,F1_score_UDPscan,Num. Obs. UDPscan,AUC_UDPscan,Precision-Spam,Recall-Spam,F1_score_Spam,Num. Obs. Spam,AUC_Spam,Precision-w,Recall-w,F1_score_w,Total Obs.,AUC_w,Time
6,3,84,0.8707513416815742,0.9705882352941176,0.9179632248939179,6018,0.859129973293159,1.0,0.7976190476190477,0.8874172185430463,84,0.8988095238095238,0.9646017699115044,0.923728813559322,0.9437229437229437,118,0.9616501822723774,0.8947368421052632,0.9714285714285714,0.9315068493150684,35,0.9855019489481747,0.0,0.0,0.0,6,0.5,0.0,0.0,0.0,2,0.5,0.9399910434393193,0.6577875274208712,0.7739675516224188,3191,0.8181960150276958,0.8957935045671487,0.8620689655172413,0.8686839684875911,9454,0.8471096840441015,20795.912857294083
