,Rep,Kfold,Num_Vars_,Precision_background,Recall_background,F1_score_background,Num_Obs_background,AUC_background,Accuracy_background,Precision_dos,Recall_dos,F1_score_dos,Num_Obs_dos,AUC_dos,Accuracy_dos,Precision_scan,Recall_scan,F1_score_scan,Num_Obs_scan,AUC_scan,Accuracy_scan,Precision_w,Recall_w,F1_score_w,Total_Obs,AUC_w,Accuracy_w,Hyper_time,Training_time,Testing_time,Total_time
0,1.0,1.0,51.0,0.8888888888888888,0.0028545941123996428,0.005690912324382002,5605.0,0.4973456644031386,0.044273504273504266,0.027840221338405673,0.9698795180722892,0.05412674399058666,166.0,0.4903936647363557,0.03811965811965812,0.0,0.0,0.0,79.0,0.4945416738866748,0.9757264957264956,0.8524519143528884,0.03025641025641025,0.006988479159076668,5850.0,0.4971105281304058,0.05667747826722185,0.0,3.005950927734375,0.032813310623168945,3.8376896381378174
