Rep.,Kfold,Num. Vars.,Precision-Background,Recall-Background,F1_score_Background,Num. Obs. Background,AUC_Background,Precision-DoS,Recall-DoS,F1_score_DoS,Num. Obs. Dos,AUC_DoS,Precision-Botnet,Recall-Botnet,F1_score_Botnet,Num. Obs. Botnet,AUC_Botnet,Precision-Scan,Recall-Scan,F1_score_Scan,Num. Obs. Scan,AUC_Scan,Precision-SSHscan,Recall-SSHscan,F1_score_SSHscan,Num. Obs. SSHscan,AUC_SSHscan,Precision-UDPscan,Recall-UDPscan,F1_score_UDPscan,Num. Obs. UDPscan,AUC_UDPscan,Precision-Spam,Recall-Spam,F1_score_Spam,Num. Obs. Spam,AUC_Spam,Precision-w,Recall-w,F1_score_w,Total Obs.,AUC_w,Time
19,2,100,0.8128256513026052,0.8685224839400428,0.839751552795031,2335,0.7943571077579183,0.8070175438596491,0.8846153846153846,0.8440366972477065,52,0.9409159919028339,0.9591836734693877,0.8703703703703703,0.912621359223301,54,0.9349320206282231,0.696969696969697,0.92,0.793103448275862,25,0.9587434028650416,0.0,0.0,0.0,5,0.49962490622655664,0.2,0.5,0.28571428571428575,2,0.7495002498750625,0.7998506348020911,0.6995427824951013,0.7463414634146341,1531,0.7955861910858038,0.8077183543321368,0.8031968031968032,0.8034563268475192,4004,0.7992622317588625,21.881688833236694
