Rep.,Kfold,Num. Vars.,Precision-Background,Recall-Background,F1_score_Background,Num. Obs. Background,AUC_Background,Precision-DoS,Recall-DoS,F1_score_DoS,Num. Obs. Dos,AUC_DoS,Precision-Botnet,Recall-Botnet,F1_score_Botnet,Num. Obs. Botnet,AUC_Botnet,Precision-Scan,Recall-Scan,F1_score_Scan,Num. Obs. Scan,AUC_Scan,Precision-SSHscan,Recall-SSHscan,F1_score_SSHscan,Num. Obs. SSHscan,AUC_SSHscan,Precision-UDPscan,Recall-UDPscan,F1_score_UDPscan,Num. Obs. UDPscan,AUC_UDPscan,Precision-Spam,Recall-Spam,F1_score_Spam,Num. Obs. Spam,AUC_Spam,Precision-w,Recall-w,F1_score_w,Total Obs.,AUC_w,Time
15,3,90,0.8167544372927638,0.8967769568476283,0.854897157147961,9339,0.8075972301097125,0.9947368421052631,0.9043062200956937,0.9473684210526315,209,0.9521214704857385,0.9797979797979798,0.9023255813953488,0.9394673123486682,215,0.9510361843800191,1.0,0.9797979797979798,0.989795918367347,99,0.9898989898989898,0.0,0.0,0.0,20,0.5,1.0,1.0,1.0,9,1.0,0.8220420768191469,0.6958013396503839,0.7536719164749601,6121,0.8012926423254447,0.8235039849952338,0.8195728203847115,0.8183915575456764,16012,0.8098506721609965,20.296506881713867
