Rep.,Kfold,Num. Vars.,Precision-Background,Recall-Background,F1_score_Background,Num. Obs. Background,AUC_Background,Precision-DoS,Recall-DoS,F1_score_DoS,Num. Obs. Dos,AUC_DoS,Precision-Botnet,Recall-Botnet,F1_score_Botnet,Num. Obs. Botnet,AUC_Botnet,Precision-Scan,Recall-Scan,F1_score_Scan,Num. Obs. Scan,AUC_Scan,Precision-SSHscan,Recall-SSHscan,F1_score_SSHscan,Num. Obs. SSHscan,AUC_SSHscan,Precision-UDPscan,Recall-UDPscan,F1_score_UDPscan,Num. Obs. UDPscan,AUC_UDPscan,Precision-Spam,Recall-Spam,F1_score_Spam,Num. Obs. Spam,AUC_Spam,Precision-w,Recall-w,F1_score_w,Total Obs.,AUC_w,Time
15,3,90,0.812573673870334,0.8856531049250536,0.8475409836065574,2335,0.7998409409517354,0.7777777777777778,0.8076923076923077,0.7924528301886792,52,0.9023275509608084,0.9811320754716981,0.9629629629629629,0.9719626168224299,54,0.9813548671487389,0.5,0.76,0.6031746031746031,25,0.8776118652589241,0.0,0.0,0.0,4,0.5,0.4,1.0,0.5714285714285715,2,0.9996250937265684,0.8181818181818182,0.6995427824951013,0.7542253521126759,1531,0.8016322326714989,0.8135701895187385,0.8128903322508119,0.8103030131167283,4003,0.8045918780008212,20.296506881713867
