Rep.,Kfold,Num. Vars.,Precision-Background,Recall-Background,F1_score_Background,Num. Obs. Background,AUC_Background,Precision-DoS,Recall-DoS,F1_score_DoS,Num. Obs. Dos,AUC_DoS,Precision-Botnet,Recall-Botnet,F1_score_Botnet,Num. Obs. Botnet,AUC_Botnet,Precision-Scan,Recall-Scan,F1_score_Scan,Num. Obs. Scan,AUC_Scan,Precision-SSHscan,Recall-SSHscan,F1_score_SSHscan,Num. Obs. SSHscan,AUC_SSHscan,Precision-UDPscan,Recall-UDPscan,F1_score_UDPscan,Num. Obs. UDPscan,AUC_UDPscan,Precision-Spam,Recall-Spam,F1_score_Spam,Num. Obs. Spam,AUC_Spam,Precision-w,Recall-w,F1_score_w,Total Obs.,AUC_w,Time
13,3,105,0.8192747532010556,0.8974304068522484,0.8565735016095243,9340,0.8101302836239955,0.9896373056994818,0.9182692307692307,0.9526184538653366,208,0.9590713362603984,0.9901477832512315,0.9348837209302325,0.9617224880382774,215,0.9673785532987451,1.0,1.0,1.0,99,1.0,0.0,0.0,0.0,19,0.4999374687343672,1.0,1.0,1.0,8,1.0,0.8250577367205543,0.7002613524991833,0.7575543382223009,6122,0.8041705184985551,0.8262292169187184,0.8224345762288426,0.8213140426558055,16011,0.8127987509901704,17.641847372055054
