Rep.,Kfold,Num. Vars.,Precision-Background,Recall-Background,F1_score_Background,Num. Obs. Background,AUC_Background,Precision-DoS,Recall-DoS,F1_score_DoS,Num. Obs. Dos,AUC_DoS,Precision-Botnet,Recall-Botnet,F1_score_Botnet,Num. Obs. Botnet,AUC_Botnet,Precision-Scan,Recall-Scan,F1_score_Scan,Num. Obs. Scan,AUC_Scan,Precision-SSHscan,Recall-SSHscan,F1_score_SSHscan,Num. Obs. SSHscan,AUC_SSHscan,Precision-UDPscan,Recall-UDPscan,F1_score_UDPscan,Num. Obs. UDPscan,AUC_UDPscan,Precision-Spam,Recall-Spam,F1_score_Spam,Num. Obs. Spam,AUC_Spam,Precision-w,Recall-w,F1_score_w,Total Obs.,AUC_w,Time
11,1,78,0.8139898397811646,0.8920770877944325,0.8512464241928893,2335,0.8033526925782715,0.9555555555555556,0.8269230769230769,0.88659793814433,52,0.9132084379806475,0.9574468085106383,0.8333333333333334,0.8910891089108911,54,0.9164134380011817,0.8214285714285714,0.92,0.8679245283018867,25,0.9593715434891905,0.0,0.0,0.0,5,0.5,0.14285714285714285,0.5,0.22222222222222224,2,0.7492501874531367,0.8280507131537242,0.6830065359477124,0.7485673352435531,1530,0.7976294305294567,0.8218327035058979,0.8093929552835374,0.8117244281113458,4003,0.8046858654183179,21.391867876052856
