Rep.,Kfold,Num. Vars.,Precision-Background,Recall-Background,F1_score_Background,Num. Obs. Background,AUC_Background,Precision-DoS,Recall-DoS,F1_score_DoS,Num. Obs. Dos,AUC_DoS,Precision-Botnet,Recall-Botnet,F1_score_Botnet,Num. Obs. Botnet,AUC_Botnet,Precision-Scan,Recall-Scan,F1_score_Scan,Num. Obs. Scan,AUC_Scan,Precision-SSHscan,Recall-SSHscan,F1_score_SSHscan,Num. Obs. SSHscan,AUC_SSHscan,Precision-UDPscan,Recall-UDPscan,F1_score_UDPscan,Num. Obs. UDPscan,AUC_UDPscan,Precision-Spam,Recall-Spam,F1_score_Spam,Num. Obs. Spam,AUC_Spam,Precision-w,Recall-w,F1_score_w,Total Obs.,AUC_w,Time
10,2,86,0.8123241145075206,0.8963486454652533,0.8522704133577682,9339,0.8032402699748329,0.9894179894179894,0.8990384615384616,0.9420654911838791,208,0.9494559516450138,0.9807692307692307,0.9488372093023256,0.9645390070921986,215,0.9742919903184204,1.0,0.98989898989899,0.9949238578680203,99,0.994949494949495,0.0,0.0,0.0,19,0.5,1.0,1.0,1.0,9,1.0,0.8218615565115369,0.6865403462920614,0.7481310074759702,6122,0.797208892935696,0.8208354057063076,0.8164386983948535,0.8150792822894316,16011,0.8060666629010005,34.52670979499817
