Rep.,Kfold,Num. Vars.,Precision-Background,Recall-Background,F1_score_Background,Num. Obs. Background,AUC_Background,Precision-DoS,Recall-DoS,F1_score_DoS,Num. Obs. Dos,AUC_DoS,Precision-Botnet,Recall-Botnet,F1_score_Botnet,Num. Obs. Botnet,AUC_Botnet,Precision-Scan,Recall-Scan,F1_score_Scan,Num. Obs. Scan,AUC_Scan,Precision-SSHscan,Recall-SSHscan,F1_score_SSHscan,Num. Obs. SSHscan,AUC_SSHscan,Precision-UDPscan,Recall-UDPscan,F1_score_UDPscan,Num. Obs. UDPscan,AUC_UDPscan,Precision-Spam,Recall-Spam,F1_score_Spam,Num. Obs. Spam,AUC_Spam,Precision-w,Recall-w,F1_score_w,Total Obs.,AUC_w,Time
14,1,93,0.818235179025631,0.8955032119914347,0.8551272875984052,9340,0.8085755760331705,0.9948453608247423,0.9234449760765551,0.9578163771712159,209,0.9616908544814003,0.9903846153846154,0.9537037037037037,0.9716981132075472,216,0.9767885567065895,1.0,0.9696969696969697,0.9846153846153847,99,0.9848484848484849,0.0,0.0,0.0,20,0.5,1.0,1.0,1.0,9,1.0,0.8244905805459438,0.7005880431231624,0.7575061815612858,6122,0.8041502835650178,0.8254569880447774,0.8215423040899157,0.8205363127096992,16015,0.8119627619712824,31.448519706726074
