Rep.,Kfold,Num. Vars.,Precision-Background,Recall-Background,F1_score_Background,Num. Obs. Background,AUC_Background,Precision-DoS,Recall-DoS,F1_score_DoS,Num. Obs. Dos,AUC_DoS,Precision-Botnet,Recall-Botnet,F1_score_Botnet,Num. Obs. Botnet,AUC_Botnet,Precision-Scan,Recall-Scan,F1_score_Scan,Num. Obs. Scan,AUC_Scan,Precision-SSHscan,Recall-SSHscan,F1_score_SSHscan,Num. Obs. SSHscan,AUC_SSHscan,Precision-UDPscan,Recall-UDPscan,F1_score_UDPscan,Num. Obs. UDPscan,AUC_UDPscan,Precision-Spam,Recall-Spam,F1_score_Spam,Num. Obs. Spam,AUC_Spam,Precision-w,Recall-w,F1_score_w,Total Obs.,AUC_w,Time
14,3,96,0.8170457873669823,0.8961344897740657,0.8547645797160657,9339,0.8076506406610475,0.9948186528497409,0.9230769230769231,0.9576059850374066,208,0.9615068239783502,0.9900497512437811,0.9255813953488372,0.9567307692307693,215,0.962727394515591,1.0,0.96,0.9795918367346939,100,0.98,0.0,0.0,0.0,19,0.4999374726442819,1.0,1.0,1.0,9,1.0,0.8262473306154144,0.6951976478275074,0.7550785061651735,6122,0.8023510989390318,0.8254721298125139,0.8194479140644516,0.8192028084347611,16012,0.8105246928570363,21.17285704612732
