Rep.,Kfold,Num. Vars.,Precision-Background,Recall-Background,F1_score_Background,Num. Obs. Background,AUC_Background,Precision-DoS,Recall-DoS,F1_score_DoS,Num. Obs. Dos,AUC_DoS,Precision-Botnet,Recall-Botnet,F1_score_Botnet,Num. Obs. Botnet,AUC_Botnet,Precision-Scan,Recall-Scan,F1_score_Scan,Num. Obs. Scan,AUC_Scan,Precision-SSHscan,Recall-SSHscan,F1_score_SSHscan,Num. Obs. SSHscan,AUC_SSHscan,Precision-UDPscan,Recall-UDPscan,F1_score_UDPscan,Num. Obs. UDPscan,AUC_UDPscan,Precision-Spam,Recall-Spam,F1_score_Spam,Num. Obs. Spam,AUC_Spam,Precision-w,Recall-w,F1_score_w,Total Obs.,AUC_w,Time
12,4,90,0.8085681204168275,0.8976006855184233,0.8507614213197968,2334,0.8001192876033365,0.9565217391304348,0.8461538461538461,0.8979591836734695,52,0.9228237585199612,0.8867924528301887,0.8703703703703703,0.8785046728971964,54,0.9344253067657322,0.6,0.875,0.711864406779661,24,0.9357403217697335,0.0,0.0,0.0,5,0.49974981235926946,0.4,1.0,0.5714285714285715,2,0.999625,0.8186770428015564,0.6871325930764206,0.7471590909090908,1531,0.7964193924507963,0.8129481430458948,0.8148425787106447,0.8100795747964173,4002,0.8026481948778146,15.339084148406982
