Rep.,Kfold,Num. Vars.,Precision-Background,Recall-Background,F1_score_Background,Num. Obs. Background,AUC_Background,Precision-DoS,Recall-DoS,F1_score_DoS,Num. Obs. Dos,AUC_DoS,Precision-Botnet,Recall-Botnet,F1_score_Botnet,Num. Obs. Botnet,AUC_Botnet,Precision-Scan,Recall-Scan,F1_score_Scan,Num. Obs. Scan,AUC_Scan,Precision-SSHscan,Recall-SSHscan,F1_score_SSHscan,Num. Obs. SSHscan,AUC_SSHscan,Precision-UDPscan,Recall-UDPscan,F1_score_UDPscan,Num. Obs. UDPscan,AUC_UDPscan,Precision-Spam,Recall-Spam,F1_score_Spam,Num. Obs. Spam,AUC_Spam,Precision-w,Recall-w,F1_score_w,Total Obs.,AUC_w,Time
15,1,95,0.8119590873328089,0.884318766066838,0.8465955701394586,2334,0.7988740113307811,0.86,0.8269230769230769,0.8431372549019608,52,0.9125754625121714,0.8490566037735849,0.8333333333333334,0.8411214953271028,54,0.9156534954407295,0.6571428571428571,0.92,0.7666666666666667,25,0.9584913251194367,0.0,0.0,0.0,5,0.5,0.2857142857142857,1.0,0.4444444444444445,2,0.999375,0.8165354330708662,0.6777777777777778,0.7407142857142858,1530,0.7917610571736785,0.8125889003090893,0.8030984507746127,0.8042394231400486,4002,0.799931685620737,20.68598246574402
