Rep.,Kfold,Num. Vars.,Precision-Background,Recall-Background,F1_score_Background,Num. Obs. Background,AUC_Background,Precision-DoS,Recall-DoS,F1_score_DoS,Num. Obs. Dos,AUC_DoS,Precision-Botnet,Recall-Botnet,F1_score_Botnet,Num. Obs. Botnet,AUC_Botnet,Precision-Scan,Recall-Scan,F1_score_Scan,Num. Obs. Scan,AUC_Scan,Precision-SSHscan,Recall-SSHscan,F1_score_SSHscan,Num. Obs. SSHscan,AUC_SSHscan,Precision-UDPscan,Recall-UDPscan,F1_score_UDPscan,Num. Obs. UDPscan,AUC_UDPscan,Precision-Spam,Recall-Spam,F1_score_Spam,Num. Obs. Spam,AUC_Spam,Precision-w,Recall-w,F1_score_w,Total Obs.,AUC_w,Time
17,3,92,0.8154460459680561,0.8965628011564407,0.854082725557199,9339,0.8063125662959308,0.9946236559139785,0.8851674641148325,0.9367088607594938,209,0.9425520944973048,0.9848484848484849,0.9027777777777778,0.9420289855072465,216,0.9512939341506473,1.0,0.9595959595959596,0.979381443298969,99,0.9797979797979798,0.0,0.0,0.0,19,0.5,1.0,1.0,1.0,9,1.0,0.8286049696732538,0.6917673962757269,0.7540283094453841,6122,0.8016010169125071,0.8253777471085137,0.8175857116093175,0.8179384912295149,16013,0.8090630962157336,12.921289920806885
