Rep.,Kfold,Num. Vars.,Precision-Background,Recall-Background,F1_score_Background,Num. Obs. Background,AUC_Background,Precision-DoS,Recall-DoS,F1_score_DoS,Num. Obs. Dos,AUC_DoS,Precision-Botnet,Recall-Botnet,F1_score_Botnet,Num. Obs. Botnet,AUC_Botnet,Precision-Scan,Recall-Scan,F1_score_Scan,Num. Obs. Scan,AUC_Scan,Precision-SSHscan,Recall-SSHscan,F1_score_SSHscan,Num. Obs. SSHscan,AUC_SSHscan,Precision-UDPscan,Recall-UDPscan,F1_score_UDPscan,Num. Obs. UDPscan,AUC_UDPscan,Precision-Spam,Recall-Spam,F1_score_Spam,Num. Obs. Spam,AUC_Spam,Precision-w,Recall-w,F1_score_w,Total Obs.,AUC_w,Time
14,1,93,0.8077972709551657,0.8877463581833762,0.8458869156970811,2334,0.7959139954182188,0.8372093023255814,0.6923076923076923,0.7578947368421053,52,0.8452673213311511,0.88,0.8301886792452831,0.8543689320388349,53,0.9143342686826871,0.6857142857142857,0.96,0.7999999999999999,25,0.9786163522012579,0.0,0.0,0.0,4,0.4994994994994995,0.125,0.5,0.2,2,0.7491245622811405,0.8164362519201229,0.6947712418300653,0.7507062146892655,1530,0.7990050541134132,0.8105285091777331,0.81,0.8069931623563528,4000,0.8001290677441598,31.448519706726074
