Rep.,Kfold,Num. Vars.,Precision-Background,Recall-Background,F1_score_Background,Num. Obs. Background,AUC_Background,Precision-DoS,Recall-DoS,F1_score_DoS,Num. Obs. Dos,AUC_DoS,Precision-Botnet,Recall-Botnet,F1_score_Botnet,Num. Obs. Botnet,AUC_Botnet,Precision-Scan,Recall-Scan,F1_score_Scan,Num. Obs. Scan,AUC_Scan,Precision-SSHscan,Recall-SSHscan,F1_score_SSHscan,Num. Obs. SSHscan,AUC_SSHscan,Precision-UDPscan,Recall-UDPscan,F1_score_UDPscan,Num. Obs. UDPscan,AUC_UDPscan,Precision-Spam,Recall-Spam,F1_score_Spam,Num. Obs. Spam,AUC_Spam,Precision-w,Recall-w,F1_score_w,Total Obs.,AUC_w,Time
12,5,103,0.8108527131782945,0.89593147751606,0.8512716174974568,2335,0.8016827651369269,0.8888888888888888,0.9056603773584906,0.897196261682243,53,0.9520706950083592,0.8703703703703703,0.8867924528301887,0.8785046728971964,53,0.9425101504657274,0.5952380952380952,1.0,0.7462686567164178,25,0.9978632478632479,0.0,0.0,0.0,4,0.4988747186796699,1.0,0.3333333333333333,0.5,3,0.6666666666666666,0.8066215199398044,0.7006535947712418,0.7499125568380552,1530,0.7983656166334979,0.8090416447416716,0.8206345241069198,0.8117297788582081,4003,0.8050920596865857,17.60526204109192
