Rep.,Kfold,Num. Vars.,Precision-Background,Recall-Background,F1_score_Background,Num. Obs. Background,AUC_Background,Precision-DoS,Recall-DoS,F1_score_DoS,Num. Obs. Dos,AUC_DoS,Precision-Botnet,Recall-Botnet,F1_score_Botnet,Num. Obs. Botnet,AUC_Botnet,Precision-Scan,Recall-Scan,F1_score_Scan,Num. Obs. Scan,AUC_Scan,Precision-SSHscan,Recall-SSHscan,F1_score_SSHscan,Num. Obs. SSHscan,AUC_SSHscan,Precision-UDPscan,Recall-UDPscan,F1_score_UDPscan,Num. Obs. UDPscan,AUC_UDPscan,Precision-Spam,Recall-Spam,F1_score_Spam,Num. Obs. Spam,AUC_Spam,Precision-w,Recall-w,F1_score_w,Total Obs.,AUC_w,Time
15,4,95,0.8065015479876161,0.8925053533190578,0.8473266924171579,2335,0.7964623830705535,0.9183673469387755,0.8490566037735849,0.8823529411764707,53,0.9240221009250106,0.7758620689655172,0.8333333333333334,0.8035714285714286,54,0.9150210970464137,0.6857142857142857,0.96,0.7999999999999999,25,0.9786177431515456,0.0,0.0,0.0,5,0.4993748437109277,0.3333333333333333,1.0,0.5,2,0.9995002498750625,0.8103975535168195,0.6928104575163399,0.7470049330514446,1530,0.7962839676425676,0.8070601689193893,0.8141858141858141,0.807338395951045,4004,0.8005493915708032,21.145416021347046
