Rep.,Kfold,Num. Vars.,Precision-Background,Recall-Background,F1_score_Background,Num. Obs. Background,AUC_Background,Precision-DoS,Recall-DoS,F1_score_DoS,Num. Obs. Dos,AUC_DoS,Precision-Botnet,Recall-Botnet,F1_score_Botnet,Num. Obs. Botnet,AUC_Botnet,Precision-Scan,Recall-Scan,F1_score_Scan,Num. Obs. Scan,AUC_Scan,Precision-SSHscan,Recall-SSHscan,F1_score_SSHscan,Num. Obs. SSHscan,AUC_SSHscan,Precision-UDPscan,Recall-UDPscan,F1_score_UDPscan,Num. Obs. UDPscan,AUC_UDPscan,Precision-Spam,Recall-Spam,F1_score_Spam,Num. Obs. Spam,AUC_Spam,Precision-w,Recall-w,F1_score_w,Total Obs.,AUC_w,Time
1,4,82,0.806032836960672,0.9044558697514996,0.8524126791843327,2334,0.8000409965893508,0.88,0.8301886792452831,0.8543689320388349,53,0.9143348459517555,0.9565217391304348,0.8148148148148148,0.8800000000000001,54,0.9071541787419225,0.7931034482758621,0.92,0.851851851851852,25,0.9592458521870286,0.0,0.0,0.0,5,0.49974987493746875,0.2,0.5,0.28571428571428575,2,0.7495001249687577,0.8287560581583199,0.6705882352941176,0.7413294797687862,1530,0.7924311981161247,0.8163370398621979,0.8116412690482139,0.8090018924627176,4003,0.8006845834559139,25.67888641357422
