Rep.,Kfold,Num. Vars.,Precision-Background,Recall-Background,F1_score_Background,Num. Obs. Background,AUC_Background,Precision-DoS,Recall-DoS,F1_score_DoS,Num. Obs. Dos,AUC_DoS,Precision-Botnet,Recall-Botnet,F1_score_Botnet,Num. Obs. Botnet,AUC_Botnet,Precision-Scan,Recall-Scan,F1_score_Scan,Num. Obs. Scan,AUC_Scan,Precision-SSHscan,Recall-SSHscan,F1_score_SSHscan,Num. Obs. SSHscan,AUC_SSHscan,Precision-UDPscan,Recall-UDPscan,F1_score_UDPscan,Num. Obs. UDPscan,AUC_UDPscan,Precision-Spam,Recall-Spam,F1_score_Spam,Num. Obs. Spam,AUC_Spam,Precision-w,Recall-w,F1_score_w,Total Obs.,AUC_w,Time
11,5,86,0.8102981029810298,0.8963597430406852,0.8511590077267182,2335,0.8012973775155465,0.8301886792452831,0.8301886792452831,0.8301886792452831,53,0.9139550991163125,0.9615384615384616,0.9433962264150944,0.9523809523809524,53,0.9714449486505852,0.7931034482758621,0.92,0.851851851851852,25,0.9592458521870286,0.0,0.0,0.0,4,0.49912478119529885,0.3333333333333333,1.0,0.5,2,0.9995001249687577,0.8145593869731801,0.6943174395819726,0.7496473906911143,1531,0.7982104997262613,0.8130382920938659,0.8181363977017237,0.8123754496533774,4003,0.8046446414665869,28.005523443222046
