Rep.,Kfold,Num. Vars.,Precision-Background,Recall-Background,F1_score_Background,Num. Obs. Background,AUC_Background,Precision-DoS,Recall-DoS,F1_score_DoS,Num. Obs. Dos,AUC_DoS,Precision-Botnet,Recall-Botnet,F1_score_Botnet,Num. Obs. Botnet,AUC_Botnet,Precision-Scan,Recall-Scan,F1_score_Scan,Num. Obs. Scan,AUC_Scan,Precision-SSHscan,Recall-SSHscan,F1_score_SSHscan,Num. Obs. SSHscan,AUC_SSHscan,Precision-UDPscan,Recall-UDPscan,F1_score_UDPscan,Num. Obs. UDPscan,AUC_UDPscan,Precision-Spam,Recall-Spam,F1_score_Spam,Num. Obs. Spam,AUC_Spam,Precision-w,Recall-w,F1_score_w,Total Obs.,AUC_w,Time
14,4,88,0.8105882352941176,0.8852248394004283,0.8462640736949847,2335,0.7980016412571005,0.8846153846153846,0.8846153846153846,0.8846153846153846,52,0.9415487750296756,0.9259259259259259,0.9259259259259259,0.9259259259259259,54,0.9624567620011811,0.8333333333333334,0.8,0.816326530612245,25,0.8994974874371859,0.0,0.0,0.0,5,0.5,0.5,0.6666666666666666,0.5714285714285715,3,0.8330834582708645,0.8094512195121951,0.6936642717178315,0.7470981357720717,1531,0.7963066710246393,0.811567210940891,0.8107365792759051,0.8084784786328146,4005,0.8017226553519103,20.67924690246582
