Rep.,Kfold,Num. Vars.,Precision-Background,Recall-Background,F1_score_Background,Num. Obs. Background,AUC_Background,Precision-DoS,Recall-DoS,F1_score_DoS,Num. Obs. Dos,AUC_DoS,Precision-Botnet,Recall-Botnet,F1_score_Botnet,Num. Obs. Botnet,AUC_Botnet,Precision-Scan,Recall-Scan,F1_score_Scan,Num. Obs. Scan,AUC_Scan,Precision-SSHscan,Recall-SSHscan,F1_score_SSHscan,Num. Obs. SSHscan,AUC_SSHscan,Precision-UDPscan,Recall-UDPscan,F1_score_UDPscan,Num. Obs. UDPscan,AUC_UDPscan,Precision-Spam,Recall-Spam,F1_score_Spam,Num. Obs. Spam,AUC_Spam,Precision-w,Recall-w,F1_score_w,Total Obs.,AUC_w,Time
15,2,93,0.8092283830942225,0.8937901498929336,0.8494098494098493,2335,0.7994130605579777,0.7966101694915254,0.9038461538461539,0.8468468468468469,52,0.9504044740377313,0.9387755102040817,0.8679245283018868,0.9019607843137256,53,0.9335825173155003,0.6857142857142857,0.96,0.7999999999999999,25,0.9786173956762192,0.0,0.0,0.0,5,0.4996248124062031,1.0,0.3333333333333333,0.5,3,0.6666666666666666,0.8193798449612403,0.6908496732026144,0.7496453900709219,1530,0.7983160618338183,0.8130205159412791,0.8148888333749688,0.8103096184824311,4003,0.8033768513690331,19.928704977035522
