Rep.,Kfold,Num. Vars.,Precision-Background,Recall-Background,F1_score_Background,Num. Obs. Background,AUC_Background,Precision-DoS,Recall-DoS,F1_score_DoS,Num. Obs. Dos,AUC_DoS,Precision-Botnet,Recall-Botnet,F1_score_Botnet,Num. Obs. Botnet,AUC_Botnet,Precision-Scan,Recall-Scan,F1_score_Scan,Num. Obs. Scan,AUC_Scan,Precision-SSHscan,Recall-SSHscan,F1_score_SSHscan,Num. Obs. SSHscan,AUC_SSHscan,Precision-UDPscan,Recall-UDPscan,F1_score_UDPscan,Num. Obs. UDPscan,AUC_UDPscan,Precision-Spam,Recall-Spam,F1_score_Spam,Num. Obs. Spam,AUC_Spam,Precision-w,Recall-w,F1_score_w,Total Obs.,AUC_w,Time
15,2,93,0.815356133684108,0.896027411928472,0.8537904295480053,9339,0.8060235965681622,0.9948979591836735,0.9330143540669856,0.9629629629629629,209,0.9664755374713843,0.9850746268656716,0.9166666666666666,0.949640287769784,216,0.9582383725837764,1.0,0.9595959595959596,0.979381443298969,99,0.9797979797979798,0.0,0.0,0.0,19,0.5,1.0,1.0,1.0,8,1.0,0.8217458478176902,0.6950343025155178,0.7530973451327434,6122,0.8008538549989115,0.8226985264606644,0.8193230077441919,0.8178460587531606,16012,0.8090029068488022,19.928704977035522
