Rep.,Kfold,Num. Vars.,Precision-Background,Recall-Background,F1_score_Background,Num. Obs. Background,AUC_Background,Precision-DoS,Recall-DoS,F1_score_DoS,Num. Obs. Dos,AUC_DoS,Precision-Botnet,Recall-Botnet,F1_score_Botnet,Num. Obs. Botnet,AUC_Botnet,Precision-Scan,Recall-Scan,F1_score_Scan,Num. Obs. Scan,AUC_Scan,Precision-SSHscan,Recall-SSHscan,F1_score_SSHscan,Num. Obs. SSHscan,AUC_SSHscan,Precision-UDPscan,Recall-UDPscan,F1_score_UDPscan,Num. Obs. UDPscan,AUC_UDPscan,Precision-Spam,Recall-Spam,F1_score_Spam,Num. Obs. Spam,AUC_Spam,Precision-w,Recall-w,F1_score_w,Total Obs.,AUC_w,Time
18,4,90,0.8147895557287607,0.8954920227005033,0.8532367494771208,9339,0.8053063290484384,0.9948186528497409,0.9186602870813397,0.955223880597015,209,0.9592985039785614,0.9846153846153847,0.8930232558139535,0.9365853658536586,215,0.9464166731687353,1.0,0.9494949494949495,0.9740932642487047,99,0.9747474747474747,0.0,0.0,0.0,20,0.5,1.0,1.0,1.0,9,1.0,0.8227774549680419,0.694004247671949,0.7529244948599787,6121,0.8007479533779824,0.8227048381806261,0.8180114913814639,0.8171041540262737,16012,0.8082442544137393,20.80885148048401
