Rep.,Kfold,Num. Vars.,Precision-Background,Recall-Background,F1_score_Background,Num. Obs. Background,AUC_Background,Precision-DoS,Recall-DoS,F1_score_DoS,Num. Obs. Dos,AUC_DoS,Precision-Botnet,Recall-Botnet,F1_score_Botnet,Num. Obs. Botnet,AUC_Botnet,Precision-Scan,Recall-Scan,F1_score_Scan,Num. Obs. Scan,AUC_Scan,Precision-SSHscan,Recall-SSHscan,F1_score_SSHscan,Num. Obs. SSHscan,AUC_SSHscan,Precision-UDPscan,Recall-UDPscan,F1_score_UDPscan,Num. Obs. UDPscan,AUC_UDPscan,Precision-Spam,Recall-Spam,F1_score_Spam,Num. Obs. Spam,AUC_Spam,Precision-w,Recall-w,F1_score_w,Total Obs.,AUC_w,Time
15,4,95,0.8213759937187163,0.8961344897740657,0.857128226136829,9339,0.811676357596865,0.984375,0.9086538461538461,0.945,208,0.9542320043905977,0.9855072463768116,0.9488372093023256,0.966824644549763,215,0.974323643901606,1.0,0.9696969696969697,0.9846153846153847,99,0.9848484848484849,0.0,0.0,0.0,19,0.5,1.0,1.0,1.0,9,1.0,0.8259700345754898,0.7023848415550473,0.7591807909604519,6122,0.8053839467154345,0.8276842804934892,0.822372119168072,0.8221428722632476,16011,0.8141131638087004,21.145416021347046
