Rep.,Kfold,Num. Vars.,Precision-Background,Recall-Background,F1_score_Background,Num. Obs. Background,AUC_Background,Precision-DoS,Recall-DoS,F1_score_DoS,Num. Obs. Dos,AUC_DoS,Precision-Botnet,Recall-Botnet,F1_score_Botnet,Num. Obs. Botnet,AUC_Botnet,Precision-Scan,Recall-Scan,F1_score_Scan,Num. Obs. Scan,AUC_Scan,Precision-SSHscan,Recall-SSHscan,F1_score_SSHscan,Num. Obs. SSHscan,AUC_SSHscan,Precision-UDPscan,Recall-UDPscan,F1_score_UDPscan,Num. Obs. UDPscan,AUC_UDPscan,Precision-Spam,Recall-Spam,F1_score_Spam,Num. Obs. Spam,AUC_Spam,Precision-w,Recall-w,F1_score_w,Total Obs.,AUC_w,Time
1,2,87,0.8149698267471287,0.8965628011564407,0.8538214449599755,9339,0.8058630607520292,0.9896373056994818,0.9138755980861244,0.9502487562189054,209,0.9568745239228394,0.9746192893401016,0.8930232558139535,0.9320388349514562,215,0.9463533800274982,1.0,0.96,0.9795918367346939,100,0.98,0.0,0.0,0.0,19,0.5,1.0,1.0,1.0,9,1.0,0.8226744186046512,0.6934008493956223,0.7525261478461267,6122,0.8004462542398191,0.8226311963272606,0.8184600012489852,0.8172580450154864,16013,0.8084830977971121,18.261117696762085
