Rep.,Kfold,Num. Vars.,Precision-Background,Recall-Background,F1_score_Background,Num. Obs. Background,AUC_Background,Precision-DoS,Recall-DoS,F1_score_DoS,Num. Obs. Dos,AUC_DoS,Precision-Botnet,Recall-Botnet,F1_score_Botnet,Num. Obs. Botnet,AUC_Botnet,Precision-Scan,Recall-Scan,F1_score_Scan,Num. Obs. Scan,AUC_Scan,Precision-SSHscan,Recall-SSHscan,F1_score_SSHscan,Num. Obs. SSHscan,AUC_SSHscan,Precision-UDPscan,Recall-UDPscan,F1_score_UDPscan,Num. Obs. UDPscan,AUC_UDPscan,Precision-Spam,Recall-Spam,F1_score_Spam,Num. Obs. Spam,AUC_Spam,Precision-w,Recall-w,F1_score_w,Total Obs.,AUC_w,Time
17,1,83,0.8080689385037211,0.8835117773019272,0.8441080196399346,2335,0.7949614009337677,0.92,0.8846153846153846,0.9019607843137256,52,0.9418016194331983,0.9411764705882353,0.8888888888888888,0.9142857142857143,54,0.9440646976090014,0.7666666666666667,0.92,0.8363636363636363,25,0.959120382005529,0.0,0.0,0.0,5,0.4997499374843711,1.0,0.5,0.6666666666666666,2,0.75,0.8038167938931298,0.6877857609405618,0.7412882787750792,1531,0.791931699718158,0.8085201495841664,0.8076923076923077,0.8052997987667484,4004,0.7983547054365184,16.063135862350464
