Rep.,Kfold,Num. Vars.,Precision-Background,Recall-Background,F1_score_Background,Num. Obs. Background,AUC_Background,Precision-DoS,Recall-DoS,F1_score_DoS,Num. Obs. Dos,AUC_DoS,Precision-Botnet,Recall-Botnet,F1_score_Botnet,Num. Obs. Botnet,AUC_Botnet,Precision-Scan,Recall-Scan,F1_score_Scan,Num. Obs. Scan,AUC_Scan,Precision-SSHscan,Recall-SSHscan,F1_score_SSHscan,Num. Obs. SSHscan,AUC_SSHscan,Precision-UDPscan,Recall-UDPscan,F1_score_UDPscan,Num. Obs. UDPscan,AUC_UDPscan,Precision-Spam,Recall-Spam,F1_score_Spam,Num. Obs. Spam,AUC_Spam,Precision-w,Recall-w,F1_score_w,Total Obs.,AUC_w,Time
19,3,84,0.8011516314779271,0.8937901498929336,0.8449392712550607,2335,0.7917123307882883,0.9302325581395349,0.7692307692307693,0.8421052631578948,52,0.8842358299595142,0.9583333333333334,0.8518518518518519,0.9019607843137256,54,0.925672761368964,0.7307692307692307,0.76,0.7450980392156863,25,0.879120382005529,0.0,0.0,0.0,5,0.5,0.2857142857142857,0.6666666666666666,0.4,3,0.8327084895442806,0.814756671899529,0.6784313725490196,0.7403708987161197,1530,0.7915196474709528,0.8083204880511659,0.8071928071928072,0.803702167940503,4004,0.7948591609170332,22.468903303146362
