Rep.,Kfold,Num. Vars.,Precision-Background,Recall-Background,F1_score_Background,Num. Obs. Background,AUC_Background,Precision-DoS,Recall-DoS,F1_score_DoS,Num. Obs. Dos,AUC_DoS,Precision-Botnet,Recall-Botnet,F1_score_Botnet,Num. Obs. Botnet,AUC_Botnet,Precision-Scan,Recall-Scan,F1_score_Scan,Num. Obs. Scan,AUC_Scan,Precision-SSHscan,Recall-SSHscan,F1_score_SSHscan,Num. Obs. SSHscan,AUC_SSHscan,Precision-UDPscan,Recall-UDPscan,F1_score_UDPscan,Num. Obs. UDPscan,AUC_UDPscan,Precision-Spam,Recall-Spam,F1_score_Spam,Num. Obs. Spam,AUC_Spam,Precision-w,Recall-w,F1_score_w,Total Obs.,AUC_w,Time
10,3,88,0.8052714398111723,0.8766595289079229,0.8394504818535986,2335,0.7899484694899328,0.8909090909090909,0.9423076923076923,0.9158878504672897,52,0.9703945447111735,0.9583333333333334,0.8518518518518519,0.9019607843137256,54,0.925672697260441,0.6363636363636364,0.875,0.7368421052631579,24,0.9359920834380497,0.0,0.0,0.0,5,0.49937468734367185,0.25,0.6666666666666666,0.36363636363636365,3,0.8325833333333332,0.7962686567164179,0.6973856209150326,0.743554006968641,1530,0.793496692382304,0.8025730344079957,0.8073944541593805,0.8026134589019832,4003,0.7960242046015974,19.812615394592285
