Rep.,Kfold,Num. Vars.,Precision-Background,Recall-Background,F1_score_Background,Num. Obs. Background,AUC_Background,Precision-DoS,Recall-DoS,F1_score_DoS,Num. Obs. Dos,AUC_DoS,Precision-Botnet,Recall-Botnet,F1_score_Botnet,Num. Obs. Botnet,AUC_Botnet,Precision-Scan,Recall-Scan,F1_score_Scan,Num. Obs. Scan,AUC_Scan,Precision-SSHscan,Recall-SSHscan,F1_score_SSHscan,Num. Obs. SSHscan,AUC_SSHscan,Precision-UDPscan,Recall-UDPscan,F1_score_UDPscan,Num. Obs. UDPscan,AUC_UDPscan,Precision-Spam,Recall-Spam,F1_score_Spam,Num. Obs. Spam,AUC_Spam,Precision-w,Recall-w,F1_score_w,Total Obs.,AUC_w,Time
19,5,102,0.8026465028355387,0.9095972579263067,0.8527816830688894,2334,0.7983238088192685,0.8148148148148148,0.8461538461538461,0.830188679245283,52,0.921811100292113,0.8333333333333334,0.9259259259259259,0.8771929824561403,54,0.9616964989305415,0.6052631578947368,0.9583333333333334,0.7419354838709677,24,0.9772812971342384,0.0,0.0,0.0,5,0.4981235926945209,0.5,0.5,0.5,2,0.749875,0.8354943273905997,0.6734160679294579,0.745750452079566,1531,0.7956315467126043,0.8134471361851574,0.8175912043978011,0.8099652859577443,4002,0.801776755385633,22.795142889022827
