Rep.,Kfold,Num. Vars.,Precision-Background,Recall-Background,F1_score_Background,Num. Obs. Background,AUC_Background,Precision-DoS,Recall-DoS,F1_score_DoS,Num. Obs. Dos,AUC_DoS,Precision-Botnet,Recall-Botnet,F1_score_Botnet,Num. Obs. Botnet,AUC_Botnet,Precision-Scan,Recall-Scan,F1_score_Scan,Num. Obs. Scan,AUC_Scan,Precision-SSHscan,Recall-SSHscan,F1_score_SSHscan,Num. Obs. SSHscan,AUC_SSHscan,Precision-UDPscan,Recall-UDPscan,F1_score_UDPscan,Num. Obs. UDPscan,AUC_UDPscan,Precision-Spam,Recall-Spam,F1_score_Spam,Num. Obs. Spam,AUC_Spam,Precision-w,Recall-w,F1_score_w,Total Obs.,AUC_w,Time
19,4,96,0.815428070517191,0.896455723310847,0.8540242782821585,9339,0.806259027373134,0.9842931937172775,0.8995215311004785,0.94,209,0.9496658528699052,0.9848484848484849,0.9027777777777778,0.9420289855072465,216,0.9512939341506473,1.0,0.9696969696969697,0.9846153846153847,99,0.9848484848484849,0.0,0.0,0.0,19,0.5,1.0,1.0,1.0,9,1.0,0.8265661252900232,0.6983012087553088,0.7570391358243316,6122,0.8038063520270327,0.8244529519640138,0.820271029788297,0.819130800495855,16013,0.8099990755494626,22.809834480285645
