Rep.,Kfold,Num. Vars.,Precision-Background,Recall-Background,F1_score_Background,Num. Obs. Background,AUC_Background,Precision-DoS,Recall-DoS,F1_score_DoS,Num. Obs. Dos,AUC_DoS,Precision-Botnet,Recall-Botnet,F1_score_Botnet,Num. Obs. Botnet,AUC_Botnet,Precision-Scan,Recall-Scan,F1_score_Scan,Num. Obs. Scan,AUC_Scan,Precision-SSHscan,Recall-SSHscan,F1_score_SSHscan,Num. Obs. SSHscan,AUC_SSHscan,Precision-UDPscan,Recall-UDPscan,F1_score_UDPscan,Num. Obs. UDPscan,AUC_UDPscan,Precision-Spam,Recall-Spam,F1_score_Spam,Num. Obs. Spam,AUC_Spam,Precision-w,Recall-w,F1_score_w,Total Obs.,AUC_w,Time
17,2,77,0.8088871411718442,0.8813196229648672,0.8435513635431616,2334,0.7949763582450237,0.8490566037735849,0.8490566037735849,0.8490566037735849,53,0.9235153872248527,0.9629629629629629,0.9629629629629629,0.9629629629629629,54,0.9812281886749972,0.65625,0.875,0.75,24,0.9361173956762192,0.0,0.0,0.0,5,0.4998749061796347,0.3333333333333333,0.5,0.4,2,0.74975,0.8060836501901141,0.6928104575163399,0.7451669595782074,1530,0.7948275588552574,0.8082626783989569,0.8085957021489255,0.8057856898211886,4002,0.7995900337158728,15.956629037857056
