Rep.,Kfold,Num. Vars.,Precision-Background,Recall-Background,F1_score_Background,Num. Obs. Background,AUC_Background,Precision-DoS,Recall-DoS,F1_score_DoS,Num. Obs. Dos,AUC_DoS,Precision-Botnet,Recall-Botnet,F1_score_Botnet,Num. Obs. Botnet,AUC_Botnet,Precision-Scan,Recall-Scan,F1_score_Scan,Num. Obs. Scan,AUC_Scan,Precision-SSHscan,Recall-SSHscan,F1_score_SSHscan,Num. Obs. SSHscan,AUC_SSHscan,Precision-UDPscan,Recall-UDPscan,F1_score_UDPscan,Num. Obs. UDPscan,AUC_UDPscan,Precision-Spam,Recall-Spam,F1_score_Spam,Num. Obs. Spam,AUC_Spam,Precision-w,Recall-w,F1_score_w,Total Obs.,AUC_w,Time
13,1,85,0.8201720093823299,0.8985010706638116,0.8575516043327202,2335,0.8113608470825052,0.9583333333333334,0.8846153846153846,0.9199999999999999,52,0.9420545918268015,0.9375,0.8333333333333334,0.8823529411764706,54,0.9162868236684394,0.7407407407407407,0.8,0.7692307692307692,25,0.8991201608848668,0.0,0.0,0.0,5,0.5,0.16666666666666666,0.5,0.25,2,0.7493751562109473,0.8181818181818182,0.7058823529411765,0.7578947368421053,1530,0.8044171166242479,0.8209417958808662,0.8218835873095178,0.8186809321857658,4003,0.8119482508019941,17.71574854850769
