Rep.,Kfold,Num. Vars.,Precision-Background,Recall-Background,F1_score_Background,Num. Obs. Background,AUC_Background,Precision-DoS,Recall-DoS,F1_score_DoS,Num. Obs. Dos,AUC_DoS,Precision-Botnet,Recall-Botnet,F1_score_Botnet,Num. Obs. Botnet,AUC_Botnet,Precision-Scan,Recall-Scan,F1_score_Scan,Num. Obs. Scan,AUC_Scan,Precision-SSHscan,Recall-SSHscan,F1_score_SSHscan,Num. Obs. SSHscan,AUC_SSHscan,Precision-UDPscan,Recall-UDPscan,F1_score_UDPscan,Num. Obs. UDPscan,AUC_UDPscan,Precision-Spam,Recall-Spam,F1_score_Spam,Num. Obs. Spam,AUC_Spam,Precision-w,Recall-w,F1_score_w,Total Obs.,AUC_w,Time
17,3,92,0.815238847216739,0.8843683083511777,0.8483976992604767,2335,0.8018122285607119,0.8703703703703703,0.9038461538461539,0.8867924528301887,52,0.9510370009737099,0.9565217391304348,0.8301886792452831,0.888888888888889,53,0.9148411109571566,0.6764705882352942,0.92,0.7796610169491526,25,0.9586170480261503,0.0,0.0,0.0,5,0.49974981235926946,0.2222222222222222,1.0,0.3636363636363636,2,0.9991249999999999,0.808868501529052,0.6915032679738562,0.7455954897815362,1530,0.7951852909448569,0.8132090545162504,0.8093453273363318,0.8083990114813208,4002,0.8034152866138695,12.921289920806885
