Rep.,Kfold,Num. Vars.,Precision-Background,Recall-Background,F1_score_Background,Num. Obs. Background,AUC_Background,Precision-DoS,Recall-DoS,F1_score_DoS,Num. Obs. Dos,AUC_DoS,Precision-Botnet,Recall-Botnet,F1_score_Botnet,Num. Obs. Botnet,AUC_Botnet,Precision-Scan,Recall-Scan,F1_score_Scan,Num. Obs. Scan,AUC_Scan,Precision-SSHscan,Recall-SSHscan,F1_score_SSHscan,Num. Obs. SSHscan,AUC_SSHscan,Precision-UDPscan,Recall-UDPscan,F1_score_UDPscan,Num. Obs. UDPscan,AUC_UDPscan,Precision-Spam,Recall-Spam,F1_score_Spam,Num. Obs. Spam,AUC_Spam,Precision-w,Recall-w,F1_score_w,Total Obs.,AUC_w,Time
12,2,87,0.8085351787773933,0.9006423982869379,0.8521069692058346,2335,0.8010406236039007,0.8888888888888888,0.9230769230769231,0.9056603773584906,52,0.9607791600957888,0.9361702127659575,0.8148148148148148,0.8712871287128713,54,0.9070275644091801,0.7857142857142857,0.88,0.830188679245283,25,0.9392458521870286,0.0,0.0,0.0,5,0.49937468734367185,0.3333333333333333,0.5,0.4,2,0.7497500624843789,0.8284815106215578,0.6882352941176471,0.7518743305962157,1530,0.8000416260317308,0.8175346718004758,0.8171371471396452,0.8133240220989515,4003,0.8046242989290772,17.618160486221313
