Rep.,Kfold,Num. Vars.,Precision-Background,Recall-Background,F1_score_Background,Num. Obs. Background,AUC_Background,Precision-DoS,Recall-DoS,F1_score_DoS,Num. Obs. Dos,AUC_DoS,Precision-Botnet,Recall-Botnet,F1_score_Botnet,Num. Obs. Botnet,AUC_Botnet,Precision-Scan,Recall-Scan,F1_score_Scan,Num. Obs. Scan,AUC_Scan,Precision-SSHscan,Recall-SSHscan,F1_score_SSHscan,Num. Obs. SSHscan,AUC_SSHscan,Precision-UDPscan,Recall-UDPscan,F1_score_UDPscan,Num. Obs. UDPscan,AUC_UDPscan,Precision-Spam,Recall-Spam,F1_score_Spam,Num. Obs. Spam,AUC_Spam,Precision-w,Recall-w,F1_score_w,Total Obs.,AUC_w,Time
10,4,85,0.8030710172744722,0.89593147751606,0.8469635627530363,2335,0.7940965126032609,0.9347826086956522,0.8269230769230769,0.8775510204081632,52,0.9130817916260954,0.9791666666666666,0.8703703703703703,0.9215686274509804,54,0.935058538781943,0.7666666666666667,0.92,0.8363636363636363,25,0.9591199396530048,0.0,0.0,0.0,4,0.49987493746873435,0.14285714285714285,0.5,0.22222222222222224,2,0.7492500000000001,0.8311367380560132,0.6594771241830065,0.7354227405247813,1530,0.7882741607970049,0.8165282636597071,0.8033483258370815,0.804499651756214,4002,0.7960330423408328,19.846333742141724
