Rep.,Kfold,Num. Vars.,Precision-Background,Recall-Background,F1_score_Background,Num. Obs. Background,AUC_Background,Precision-DoS,Recall-DoS,F1_score_DoS,Num. Obs. Dos,AUC_DoS,Precision-Botnet,Recall-Botnet,F1_score_Botnet,Num. Obs. Botnet,AUC_Botnet,Precision-Scan,Recall-Scan,F1_score_Scan,Num. Obs. Scan,AUC_Scan,Precision-SSHscan,Recall-SSHscan,F1_score_SSHscan,Num. Obs. SSHscan,AUC_SSHscan,Precision-UDPscan,Recall-UDPscan,F1_score_UDPscan,Num. Obs. UDPscan,AUC_UDPscan,Precision-Spam,Recall-Spam,F1_score_Spam,Num. Obs. Spam,AUC_Spam,Precision-w,Recall-w,F1_score_w,Total Obs.,AUC_w,Time
18,1,98,0.8160190325138779,0.8817480719794345,0.8476112026359143,2334,0.8017853069729306,0.9245283018867925,0.9245283018867925,0.9245283018867925,53,0.9617576936124264,0.9534883720930233,0.7592592592592593,0.845360824742268,54,0.8793763368231453,0.5833333333333334,0.875,0.7000000000000001,24,0.9356146304675717,0.0,0.0,0.0,5,0.49962471853890417,1.0,0.5,0.6666666666666666,2,0.75,0.8090638930163447,0.711764705882353,0.7573018080667595,1530,0.8039001522939273,0.8143289730873117,0.8143428285857072,0.8120387634092409,4002,0.8061585442674546,18.17284083366394
