Rep.,Kfold,Num. Vars.,Precision-Background,Recall-Background,F1_score_Background,Num. Obs. Background,AUC_Background,Precision-DoS,Recall-DoS,F1_score_DoS,Num. Obs. Dos,AUC_DoS,Precision-Botnet,Recall-Botnet,F1_score_Botnet,Num. Obs. Botnet,AUC_Botnet,Precision-Scan,Recall-Scan,F1_score_Scan,Num. Obs. Scan,AUC_Scan,Precision-SSHscan,Recall-SSHscan,F1_score_SSHscan,Num. Obs. SSHscan,AUC_SSHscan,Precision-UDPscan,Recall-UDPscan,F1_score_UDPscan,Num. Obs. UDPscan,AUC_UDPscan,Precision-Spam,Recall-Spam,F1_score_Spam,Num. Obs. Spam,AUC_Spam,Precision-w,Recall-w,F1_score_w,Total Obs.,AUC_w,Time
13,3,105,0.8181818181818182,0.8946015424164524,0.8546868604175194,2334,0.8083786155196034,0.92,0.8679245283018868,0.8932038834951457,53,0.9334560631891616,0.8888888888888888,0.8888888888888888,0.8888888888888888,54,0.9436849507735584,0.6388888888888888,0.92,0.7540983606557377,25,0.9583664237245539,0.0,0.0,0.0,5,0.4992498124531133,0.75,1.0,0.8571428571428571,3,0.9998750312421895,0.8013343217197925,0.7065359477124183,0.7509551927752691,1530,0.7991046755538648,0.811853171351116,0.8214285714285714,0.8143267409025265,4004,0.8090092496653525,17.641847372055054
