Rep.,Kfold,Num. Vars.,Precision-Background,Recall-Background,F1_score_Background,Num. Obs. Background,AUC_Background,Precision-DoS,Recall-DoS,F1_score_DoS,Num. Obs. Dos,AUC_DoS,Precision-Botnet,Recall-Botnet,F1_score_Botnet,Num. Obs. Botnet,AUC_Botnet,Precision-Scan,Recall-Scan,F1_score_Scan,Num. Obs. Scan,AUC_Scan,Precision-SSHscan,Recall-SSHscan,F1_score_SSHscan,Num. Obs. SSHscan,AUC_SSHscan,Precision-UDPscan,Recall-UDPscan,F1_score_UDPscan,Num. Obs. UDPscan,AUC_UDPscan,Precision-Spam,Recall-Spam,F1_score_Spam,Num. Obs. Spam,AUC_Spam,Precision-w,Recall-w,F1_score_w,Total Obs.,AUC_w,Time
14,3,96,0.827531012404962,0.8856531049250536,0.8556061232933388,2335,0.8136299097766755,0.9019607843137255,0.8679245283018868,0.8846153846153846,53,0.9333293527585383,0.9074074074074074,0.9074074074074074,0.9074074074074074,54,0.9530706320399914,0.75,1.0,0.8571428571428571,24,0.9989947222920332,0.0,0.0,0.0,5,0.4996248124062031,1.0,1.0,1.0,2,1.0,0.803030303030303,0.7274509803921568,0.7633744855967078,1530,0.8085293721208662,0.8188171869024674,0.8248813389957532,0.8204494890854243,4003,0.8159585425672906,21.17285704612732
