Rep.,Kfold,Num. Vars.,Precision-Background,Recall-Background,F1_score_Background,Num. Obs. Background,AUC_Background,Precision-DoS,Recall-DoS,F1_score_DoS,Num. Obs. Dos,AUC_DoS,Precision-Botnet,Recall-Botnet,F1_score_Botnet,Num. Obs. Botnet,AUC_Botnet,Precision-Scan,Recall-Scan,F1_score_Scan,Num. Obs. Scan,AUC_Scan,Precision-SSHscan,Recall-SSHscan,F1_score_SSHscan,Num. Obs. SSHscan,AUC_SSHscan,Precision-UDPscan,Recall-UDPscan,F1_score_UDPscan,Num. Obs. UDPscan,AUC_UDPscan,Precision-Spam,Recall-Spam,F1_score_Spam,Num. Obs. Spam,AUC_Spam,Precision-w,Recall-w,F1_score_w,Total Obs.,AUC_w,Time
20,2,84,0.8114530580444098,0.8924592973436161,0.8500306059987757,2334,0.801145715818091,0.9215686274509803,0.9038461538461539,0.9126213592233009,52,0.9514167478091528,0.8909090909090909,0.9074074074074074,0.8990825688073394,54,0.9529438252842508,0.7666666666666667,0.92,0.8363636363636363,25,0.9591199396530048,0.0,0.0,0.0,5,0.4998749061796347,0.3333333333333333,1.0,0.5,2,0.9994999999999999,0.8164508758568164,0.7006535947712418,0.754132958142807,1530,0.8015808426930643,0.814334150526351,0.8185907046476761,0.8135209197061309,4002,0.8060224389089109,21.966575145721436
