Rep.,Kfold,Num. Vars.,Precision-Background,Recall-Background,F1_score_Background,Num. Obs. Background,AUC_Background,Precision-DoS,Recall-DoS,F1_score_DoS,Num. Obs. Dos,AUC_DoS,Precision-Botnet,Recall-Botnet,F1_score_Botnet,Num. Obs. Botnet,AUC_Botnet,Precision-Scan,Recall-Scan,F1_score_Scan,Num. Obs. Scan,AUC_Scan,Precision-SSHscan,Recall-SSHscan,F1_score_SSHscan,Num. Obs. SSHscan,AUC_SSHscan,Precision-UDPscan,Recall-UDPscan,F1_score_UDPscan,Num. Obs. UDPscan,AUC_UDPscan,Precision-Spam,Recall-Spam,F1_score_Spam,Num. Obs. Spam,AUC_Spam,Precision-w,Recall-w,F1_score_w,Total Obs.,AUC_w,Time
2,5,97,0.8200136946101927,0.8976335796123782,0.8570698292608118,9339,0.8109477653793945,0.9948717948717949,0.9282296650717703,0.9603960396039604,209,0.9640831929737766,0.9801980198019802,0.9209302325581395,0.949640287769784,215,0.9603385099614146,1.0,0.9595959595959596,0.979381443298969,99,0.9797979797979798,1.0,0.05263157894736842,0.1,19,0.5263157894736842,1.0,1.0,1.0,9,1.0,0.8276128037022753,0.701078079059131,0.7591085956844712,6122,0.8053418706721338,0.8287799311526075,0.8226330252310767,0.8221454006545954,16012,0.8136216762494499,30.46655535697937
