Rep.,Kfold,Num. Vars.,Precision-Background,Recall-Background,F1_score_Background,Num. Obs. Background,AUC_Background,Precision-DoS,Recall-DoS,F1_score_DoS,Num. Obs. Dos,AUC_DoS,Precision-Botnet,Recall-Botnet,F1_score_Botnet,Num. Obs. Botnet,AUC_Botnet,Precision-Scan,Recall-Scan,F1_score_Scan,Num. Obs. Scan,AUC_Scan,Precision-SSHscan,Recall-SSHscan,F1_score_SSHscan,Num. Obs. SSHscan,AUC_SSHscan,Precision-UDPscan,Recall-UDPscan,F1_score_UDPscan,Num. Obs. UDPscan,AUC_UDPscan,Precision-Spam,Recall-Spam,F1_score_Spam,Num. Obs. Spam,AUC_Spam,Precision-w,Recall-w,F1_score_w,Total Obs.,AUC_w,Time
2,4,89,0.8164039696438996,0.8984902023771282,0.8554824896773207,9339,0.8077908283249959,0.9946524064171123,0.8942307692307693,0.9417721518987342,208,0.9470837410485218,0.9795918367346939,0.8930232558139535,0.9343065693430657,215,0.9463849975410149,1.0,0.9797979797979798,0.989795918367347,99,0.9898989898989898,0.0,0.0,0.0,19,0.4999374609130707,1.0,1.0,1.0,8,1.0,0.8291114575214341,0.6951478516582258,0.7562427797031903,6121,0.8032272429812164,0.8260283496424383,0.8201011930788932,0.8196056806534942,16009,0.8105738962072535,28.54712176322937
