Rep.,Kfold,Num. Vars.,Precision-Background,Recall-Background,F1_score_Background,Num. Obs. Background,AUC_Background,Precision-DoS,Recall-DoS,F1_score_DoS,Num. Obs. Dos,AUC_DoS,Precision-Botnet,Recall-Botnet,F1_score_Botnet,Num. Obs. Botnet,AUC_Botnet,Precision-Scan,Recall-Scan,F1_score_Scan,Num. Obs. Scan,AUC_Scan,Precision-SSHscan,Recall-SSHscan,F1_score_SSHscan,Num. Obs. SSHscan,AUC_SSHscan,Precision-UDPscan,Recall-UDPscan,F1_score_UDPscan,Num. Obs. UDPscan,AUC_UDPscan,Precision-Spam,Recall-Spam,F1_score_Spam,Num. Obs. Spam,AUC_Spam,Precision-w,Recall-w,F1_score_w,Total Obs.,AUC_w,Time
20,2,84,0.8136845174458159,0.8963597430406852,0.8530235875490346,9340,0.8045413281365572,0.9946524064171123,0.8899521531100478,0.9393939393939393,209,0.9449444389949125,0.9852216748768473,0.9302325581395349,0.9569377990430622,215,0.9650213303420804,0.9895833333333334,0.9595959595959596,0.9743589743589745,99,0.9797665609215189,0.0,0.0,0.0,19,0.5,1.0,1.0,1.0,9,1.0,0.8237347294938918,0.6938908853315909,0.7532582675769127,6122,0.8009945782435934,0.8224187329010945,0.8187097982888902,0.817224999712919,16013,0.8080044136706075,21.966575145721436
