Rep.,Kfold,Num. Vars.,Precision-Background,Recall-Background,F1_score_Background,Num. Obs. Background,AUC_Background,Precision-DoS,Recall-DoS,F1_score_DoS,Num. Obs. Dos,AUC_DoS,Precision-Botnet,Recall-Botnet,F1_score_Botnet,Num. Obs. Botnet,AUC_Botnet,Precision-Scan,Recall-Scan,F1_score_Scan,Num. Obs. Scan,AUC_Scan,Precision-SSHscan,Recall-SSHscan,F1_score_SSHscan,Num. Obs. SSHscan,AUC_SSHscan,Precision-UDPscan,Recall-UDPscan,F1_score_UDPscan,Num. Obs. UDPscan,AUC_UDPscan,Precision-Spam,Recall-Spam,F1_score_Spam,Num. Obs. Spam,AUC_Spam,Precision-w,Recall-w,F1_score_w,Total Obs.,AUC_w,Time
20,1,93,0.8145285935085008,0.9027837259100643,0.8563883810684543,2335,0.8074206571961839,0.9215686274509803,0.9038461538461539,0.9126213592233009,52,0.9514167478091528,1.0,0.9074074074074074,0.9514563106796117,54,0.9537037037037037,0.7857142857142857,0.88,0.830188679245283,25,0.9392456625597182,0.0,0.0,0.0,4,0.49974987493746875,0.5,0.5,0.5,2,0.749875,0.8279320987654321,0.7013071895424836,0.759377211606511,1530,0.8055484167777143,0.8223950031793524,0.8245877061469266,0.8201158600675275,4002,0.8110369500681687,21.970163583755493
