Rep.,Kfold,Num. Vars.,Precision-Background,Recall-Background,F1_score_Background,Num. Obs. Background,AUC_Background,Precision-DoS,Recall-DoS,F1_score_DoS,Num. Obs. Dos,AUC_DoS,Precision-Botnet,Recall-Botnet,F1_score_Botnet,Num. Obs. Botnet,AUC_Botnet,Precision-Scan,Recall-Scan,F1_score_Scan,Num. Obs. Scan,AUC_Scan,Precision-SSHscan,Recall-SSHscan,F1_score_SSHscan,Num. Obs. SSHscan,AUC_SSHscan,Precision-UDPscan,Recall-UDPscan,F1_score_UDPscan,Num. Obs. UDPscan,AUC_UDPscan,Precision-Spam,Recall-Spam,F1_score_Spam,Num. Obs. Spam,AUC_Spam,Precision-w,Recall-w,F1_score_w,Total Obs.,AUC_w,Time
2,2,99,0.8180755746007012,0.8993576017130621,0.8567931456548348,2335,0.8097746666444281,0.8545454545454545,0.9038461538461539,0.8785046728971962,52,0.9509109311740891,0.8909090909090909,0.9074074074074074,0.8990825688073394,54,0.9529442100328177,0.7241379310344828,0.84,0.7777777777777777,25,0.918994722292033,0.0,0.0,0.0,5,0.49987496874218557,0.2,0.5,0.28571428571428575,2,0.7495002498750625,0.8402832415420929,0.697583278902678,0.7623126338329763,1531,0.8077483721646427,0.8261061469317927,0.8206793206793207,0.8196706324236886,4004,0.8130285223682303,25.373481273651123
