Rep.,Kfold,Num. Vars.,Precision-Background,Recall-Background,F1_score_Background,Num. Obs. Background,AUC_Background,Precision-DoS,Recall-DoS,F1_score_DoS,Num. Obs. Dos,AUC_DoS,Precision-Botnet,Recall-Botnet,F1_score_Botnet,Num. Obs. Botnet,AUC_Botnet,Precision-Scan,Recall-Scan,F1_score_Scan,Num. Obs. Scan,AUC_Scan,Precision-SSHscan,Recall-SSHscan,F1_score_SSHscan,Num. Obs. SSHscan,AUC_SSHscan,Precision-UDPscan,Recall-UDPscan,F1_score_UDPscan,Num. Obs. UDPscan,AUC_UDPscan,Precision-Spam,Recall-Spam,F1_score_Spam,Num. Obs. Spam,AUC_Spam,Precision-w,Recall-w,F1_score_w,Total Obs.,AUC_w,Time
3,3,86,0.812156862745098,0.8869379014989294,0.8479017400204709,2335,0.7997976850026141,0.9056603773584906,0.9230769230769231,0.9142857142857143,52,0.9609055501460565,0.9555555555555556,0.7962962962962963,0.8686868686868687,54,0.8978948553416638,0.7586206896551724,0.9166666666666666,0.830188679245283,24,0.9574534942182,0.0,0.0,0.0,5,0.4994996247185389,0.5,0.5,0.5,2,0.749875,0.813953488372093,0.7091503267973857,0.7579462102689487,1530,0.8044133511009582,0.8145018360553403,0.8170914542728636,0.8133145279892868,4002,0.8055246287972124,16.614582300186157
