Rep.,Kfold,Num. Vars.,Precision-Background,Recall-Background,F1_score_Background,Num. Obs. Background,AUC_Background,Precision-DoS,Recall-DoS,F1_score_DoS,Num. Obs. Dos,AUC_DoS,Precision-Botnet,Recall-Botnet,F1_score_Botnet,Num. Obs. Botnet,AUC_Botnet,Precision-Scan,Recall-Scan,F1_score_Scan,Num. Obs. Scan,AUC_Scan,Precision-SSHscan,Recall-SSHscan,F1_score_SSHscan,Num. Obs. SSHscan,AUC_SSHscan,Precision-UDPscan,Recall-UDPscan,F1_score_UDPscan,Num. Obs. UDPscan,AUC_UDPscan,Precision-Spam,Recall-Spam,F1_score_Spam,Num. Obs. Spam,AUC_Spam,Precision-w,Recall-w,F1_score_w,Total Obs.,AUC_w,Time
3,4,90,0.8108211818879509,0.9049250535331905,0.8552924509208661,2335,0.8047692972878655,0.9148936170212766,0.8269230769230769,0.8686868686868686,52,0.9129554655870444,0.9298245614035088,0.9814814814814815,0.954954954954955,54,0.9902344116268167,0.7692307692307693,0.8,0.7843137254901961,25,0.8992460417190249,0.0,0.0,0.0,4,0.49975,0.4,0.6666666666666666,0.5,3,0.8329584270599016,0.8387609213661636,0.689745264532985,0.7569892473118279,1531,0.8038293649797963,0.8230834650228839,0.820929070929071,0.8176587258769158,4004,0.808622486441999,17.358930587768555
