Rep.,Kfold,Num. Vars.,Precision-Background,Recall-Background,F1_score_Background,Num. Obs. Background,AUC_Background,Precision-DoS,Recall-DoS,F1_score_DoS,Num. Obs. Dos,AUC_DoS,Precision-Botnet,Recall-Botnet,F1_score_Botnet,Num. Obs. Botnet,AUC_Botnet,Precision-Scan,Recall-Scan,F1_score_Scan,Num. Obs. Scan,AUC_Scan,Precision-SSHscan,Recall-SSHscan,F1_score_SSHscan,Num. Obs. SSHscan,AUC_SSHscan,Precision-UDPscan,Recall-UDPscan,F1_score_UDPscan,Num. Obs. UDPscan,AUC_UDPscan,Precision-Spam,Recall-Spam,F1_score_Spam,Num. Obs. Spam,AUC_Spam,Precision-w,Recall-w,F1_score_w,Total Obs.,AUC_w,Time
3,1,102,0.800767754318618,0.8933618843683083,0.8445344129554656,2335,0.7910120759573995,0.8275862068965517,0.9230769230769231,0.8727272727272727,52,0.9602726387536514,0.8653846153846154,0.8490566037735849,0.8571428571428571,53,0.9236420015575952,0.5897435897435898,0.92,0.71875,25,0.9579884334925823,0.0,0.0,0.0,5,0.4991243432574431,0.25,0.5,0.3333333333333333,2,0.749625,0.8136256851996868,0.6790849673202615,0.7402921268257927,1530,0.791403325084079,0.804293718592476,0.8100949525237381,0.8031185943457099,4002,0.795775130082587,29.07750654220581
