Rep.,Kfold,Num. Vars.,Precision-Background,Recall-Background,F1_score_Background,Num. Obs. Background,AUC_Background,Precision-DoS,Recall-DoS,F1_score_DoS,Num. Obs. Dos,AUC_DoS,Precision-Botnet,Recall-Botnet,F1_score_Botnet,Num. Obs. Botnet,AUC_Botnet,Precision-Scan,Recall-Scan,F1_score_Scan,Num. Obs. Scan,AUC_Scan,Precision-SSHscan,Recall-SSHscan,F1_score_SSHscan,Num. Obs. SSHscan,AUC_SSHscan,Precision-UDPscan,Recall-UDPscan,F1_score_UDPscan,Num. Obs. UDPscan,AUC_UDPscan,Precision-Spam,Recall-Spam,F1_score_Spam,Num. Obs. Spam,AUC_Spam,Precision-w,Recall-w,F1_score_w,Total Obs.,AUC_w,Time
4,5,93,0.8158820082047274,0.8944212442445658,0.8533483169024876,9339,0.8059909637464961,0.9794871794871794,0.9138755980861244,0.9455445544554455,209,0.9568112488026167,0.9803921568627451,0.9259259259259259,0.9523809523809523,216,0.9628363566453078,1.0,0.9595959595959596,0.979381443298969,99,0.9797979797979798,0.0,0.0,0.0,20,0.5,1.0,1.0,1.0,9,1.0,0.8239164086687306,0.6956379676523444,0.7543626539108866,6121,0.8018222187634954,0.8235303777231263,0.8184600012489852,0.8178458500357797,16013,0.8092830584846699,34.1445415019989
