Rep.,Kfold,Num. Vars.,Precision-Background,Recall-Background,F1_score_Background,Num. Obs. Background,AUC_Background,Precision-DoS,Recall-DoS,F1_score_DoS,Num. Obs. Dos,AUC_DoS,Precision-Botnet,Recall-Botnet,F1_score_Botnet,Num. Obs. Botnet,AUC_Botnet,Precision-Scan,Recall-Scan,F1_score_Scan,Num. Obs. Scan,AUC_Scan,Precision-SSHscan,Recall-SSHscan,F1_score_SSHscan,Num. Obs. SSHscan,AUC_SSHscan,Precision-UDPscan,Recall-UDPscan,F1_score_UDPscan,Num. Obs. UDPscan,AUC_UDPscan,Precision-Spam,Recall-Spam,F1_score_Spam,Num. Obs. Spam,AUC_Spam,Precision-w,Recall-w,F1_score_w,Total Obs.,AUC_w,Time
4,4,94,0.815955766192733,0.884796573875803,0.848982946373536,2335,0.8027100375374219,0.9019607843137255,0.8846153846153846,0.8932038834951457,52,0.941674941105465,0.8620689655172413,0.9259259259259259,0.8928571428571429,54,0.9619500483010233,0.6,0.875,0.711864406779661,24,0.935740764011058,0.0,0.0,0.0,5,0.4996248124062031,1.0,0.6666666666666666,0.8,3,0.8333333333333333,0.8111782477341389,0.7019607843137254,0.7526278906797477,1530,0.8004344964835913,0.8136930097465673,0.81413939545341,0.8114018201201513,4003,0.8062355781198628,13.350035190582275
