Rep.,Kfold,Num. Vars.,Precision-Background,Recall-Background,F1_score_Background,Num. Obs. Background,AUC_Background,Precision-DoS,Recall-DoS,F1_score_DoS,Num. Obs. Dos,AUC_DoS,Precision-Botnet,Recall-Botnet,F1_score_Botnet,Num. Obs. Botnet,AUC_Botnet,Precision-Scan,Recall-Scan,F1_score_Scan,Num. Obs. Scan,AUC_Scan,Precision-SSHscan,Recall-SSHscan,F1_score_SSHscan,Num. Obs. SSHscan,AUC_SSHscan,Precision-UDPscan,Recall-UDPscan,F1_score_UDPscan,Num. Obs. UDPscan,AUC_UDPscan,Precision-Spam,Recall-Spam,F1_score_Spam,Num. Obs. Spam,AUC_Spam,Precision-w,Recall-w,F1_score_w,Total Obs.,AUC_w,Time
6,2,82,0.8151972722844618,0.896027411928472,0.8537033258518669,9339,0.8058311246420954,0.9947368421052631,0.9043062200956937,0.9473684210526315,209,0.952121466480984,0.9848484848484849,0.9069767441860465,0.9443099273607749,215,0.9533934053313897,1.0,0.9696969696969697,0.9846153846153847,99,0.9848484848484849,0.0,0.0,0.0,19,0.5,1.0,1.0,1.0,8,1.0,0.8242142025611175,0.694004247671949,0.7535254988913526,6121,0.8011936497738853,0.8235343462825493,0.8184884447220487,0.8177119610433506,16010,0.8087905166732827,19.731977701187134
