Rep.,Kfold,Num. Vars.,Precision-Background,Recall-Background,F1_score_Background,Num. Obs. Background,AUC_Background,Precision-DoS,Recall-DoS,F1_score_DoS,Num. Obs. Dos,AUC_DoS,Precision-Botnet,Recall-Botnet,F1_score_Botnet,Num. Obs. Botnet,AUC_Botnet,Precision-Scan,Recall-Scan,F1_score_Scan,Num. Obs. Scan,AUC_Scan,Precision-SSHscan,Recall-SSHscan,F1_score_SSHscan,Num. Obs. SSHscan,AUC_SSHscan,Precision-UDPscan,Recall-UDPscan,F1_score_UDPscan,Num. Obs. UDPscan,AUC_UDPscan,Precision-Spam,Recall-Spam,F1_score_Spam,Num. Obs. Spam,AUC_Spam,Precision-w,Recall-w,F1_score_w,Total Obs.,AUC_w,Time
6,2,82,0.8067161265130808,0.884796573875803,0.8439542483660131,2335,0.7941946941235303,0.8518518518518519,0.8846153846153846,0.8679245283018868,52,0.9412958026036701,0.7719298245614035,0.8148148148148148,0.7927927927927928,54,0.9057622542816165,0.5897435897435898,0.92,0.71875,25,0.9579899497487437,0.0,0.0,0.0,5,0.499875,0.2,0.3333333333333333,0.25,3,0.6661669165417291,0.8079571537872992,0.689745264532985,0.744186046511628,1531,0.794145065572879,0.8044915491691886,0.8079900124843945,0.8031569646507994,4005,0.7981490322423128,19.731977701187134
