Rep.,Kfold,Num. Vars.,Precision-Background,Recall-Background,F1_score_Background,Num. Obs. Background,AUC_Background,Precision-DoS,Recall-DoS,F1_score_DoS,Num. Obs. Dos,AUC_DoS,Precision-Botnet,Recall-Botnet,F1_score_Botnet,Num. Obs. Botnet,AUC_Botnet,Precision-Scan,Recall-Scan,F1_score_Scan,Num. Obs. Scan,AUC_Scan,Precision-SSHscan,Recall-SSHscan,F1_score_SSHscan,Num. Obs. SSHscan,AUC_SSHscan,Precision-UDPscan,Recall-UDPscan,F1_score_UDPscan,Num. Obs. UDPscan,AUC_UDPscan,Precision-Spam,Recall-Spam,F1_score_Spam,Num. Obs. Spam,AUC_Spam,Precision-w,Recall-w,F1_score_w,Total Obs.,AUC_w,Time
7,2,79,0.8183632734530938,0.8783204798628963,0.8472824963835502,2334,0.8027693526412802,0.8823529411764706,0.8653846153846154,0.8737864077669903,52,0.9319328140214216,0.96,0.8888888888888888,0.923076923076923,54,0.9441911516379601,0.6410256410256411,1.0,0.7812500000000001,25,0.9982398793060095,0.0,0.0,0.0,4,0.49949974987493745,0.5,0.5,0.5,2,0.749875,0.8030973451327433,0.7112998040496408,0.7544163491513682,1531,0.8016231921907452,0.8131808869576634,0.8140929535232384,0.811689923578208,4002,0.8068089332355054,30.478337287902832
