Rep.,Kfold,Num. Vars.,Precision-Background,Recall-Background,F1_score_Background,Num. Obs. Background,AUC_Background,Precision-DoS,Recall-DoS,F1_score_DoS,Num. Obs. Dos,AUC_DoS,Precision-Botnet,Recall-Botnet,F1_score_Botnet,Num. Obs. Botnet,AUC_Botnet,Precision-Scan,Recall-Scan,F1_score_Scan,Num. Obs. Scan,AUC_Scan,Precision-SSHscan,Recall-SSHscan,F1_score_SSHscan,Num. Obs. SSHscan,AUC_SSHscan,Precision-UDPscan,Recall-UDPscan,F1_score_UDPscan,Num. Obs. UDPscan,AUC_UDPscan,Precision-Spam,Recall-Spam,F1_score_Spam,Num. Obs. Spam,AUC_Spam,Precision-w,Recall-w,F1_score_w,Total Obs.,AUC_w,Time
7,5,95,0.8054699537750385,0.8955032119914347,0.8481038328939362,2335,0.7962818999369291,0.9019607843137255,0.8846153846153846,0.8932038834951457,52,0.9416747809152872,0.9791666666666666,0.8867924528301887,0.9306930693069307,53,0.9432696120823518,0.7241379310344828,0.84,0.7777777777777777,25,0.9189942167462911,0.0,0.0,0.0,5,0.49937453089817363,0.2,0.5,0.28571428571428575,2,0.7494999999999999,0.8181089743589743,0.6673202614379085,0.7350611951043916,1530,0.7877458912367535,0.8120390592772251,0.8063468265867066,0.8047864282728504,4002,0.7972265257536407,23.874934434890747
