Rep.,Kfold,Num. Vars.,Precision-Background,Recall-Background,F1_score_Background,Num. Obs. Background,AUC_Background,Precision-DoS,Recall-DoS,F1_score_DoS,Num. Obs. Dos,AUC_DoS,Precision-Botnet,Recall-Botnet,F1_score_Botnet,Num. Obs. Botnet,AUC_Botnet,Precision-Scan,Recall-Scan,F1_score_Scan,Num. Obs. Scan,AUC_Scan,Precision-SSHscan,Recall-SSHscan,F1_score_SSHscan,Num. Obs. SSHscan,AUC_SSHscan,Precision-UDPscan,Recall-UDPscan,F1_score_UDPscan,Num. Obs. UDPscan,AUC_UDPscan,Precision-Spam,Recall-Spam,F1_score_Spam,Num. Obs. Spam,AUC_Spam,Precision-w,Recall-w,F1_score_w,Total Obs.,AUC_w,Time
7,2,79,0.8146488750365248,0.8955032119914347,0.8531646860815015,9340,0.8051620660586576,0.984375,0.9043062200956937,0.942643391521197,209,0.9520581973675128,0.9747474747474747,0.8976744186046511,0.9346246973365617,215,0.9486789614228471,0.9895833333333334,0.9595959595959596,0.9743589743589745,99,0.9797665609215189,0.0,0.0,0.0,20,0.5,1.0,1.0,1.0,9,1.0,0.823495145631068,0.6928606436856722,0.7525507940732854,6121,0.8004841026758325,0.8225634241753336,0.8175232623493411,0.8167326482071214,16013,0.8080259738308615,30.478337287902832
