Rep.,Kfold,Num. Vars.,Precision-Background,Recall-Background,F1_score_Background,Num. Obs. Background,AUC_Background,Precision-DoS,Recall-DoS,F1_score_DoS,Num. Obs. Dos,AUC_DoS,Precision-Botnet,Recall-Botnet,F1_score_Botnet,Num. Obs. Botnet,AUC_Botnet,Precision-Scan,Recall-Scan,F1_score_Scan,Num. Obs. Scan,AUC_Scan,Precision-SSHscan,Recall-SSHscan,F1_score_SSHscan,Num. Obs. SSHscan,AUC_SSHscan,Precision-UDPscan,Recall-UDPscan,F1_score_UDPscan,Num. Obs. UDPscan,AUC_UDPscan,Precision-Spam,Recall-Spam,F1_score_Spam,Num. Obs. Spam,AUC_Spam,Precision-w,Recall-w,F1_score_w,Total Obs.,AUC_w,Time
7,3,97,0.8159126365054602,0.89593147751606,0.8540518473157788,2335,0.8065637016100371,0.9,0.8653846153846154,0.8823529411764707,52,0.9320597165991903,0.9215686274509803,0.8703703703703703,0.8952380952380952,54,0.934678856071261,0.44680851063829785,0.875,0.591549295774648,24,0.9342336683417085,0.0,0.0,0.0,5,0.49962490622655664,1.0,0.3333333333333333,0.5,3,0.6666666666666666,0.826879271070615,0.7112998040496408,0.764747191011236,1531,0.8095520451707969,0.8195295405562021,0.8229270729270729,0.8179224290966961,4004,0.811341138980586,24.683905839920044
