Rep.,Kfold,Num. Vars.,Precision-Background,Recall-Background,F1_score_Background,Num. Obs. Background,AUC_Background,Precision-DoS,Recall-DoS,F1_score_DoS,Num. Obs. Dos,AUC_DoS,Precision-Botnet,Recall-Botnet,F1_score_Botnet,Num. Obs. Botnet,AUC_Botnet,Precision-Scan,Recall-Scan,F1_score_Scan,Num. Obs. Scan,AUC_Scan,Precision-SSHscan,Recall-SSHscan,F1_score_SSHscan,Num. Obs. SSHscan,AUC_SSHscan,Precision-UDPscan,Recall-UDPscan,F1_score_UDPscan,Num. Obs. UDPscan,AUC_UDPscan,Precision-Spam,Recall-Spam,F1_score_Spam,Num. Obs. Spam,AUC_Spam,Precision-w,Recall-w,F1_score_w,Total Obs.,AUC_w,Time
7,3,97,0.8153456176269864,0.8954920227005033,0.8535415390896102,9339,0.8058095605109231,0.9791666666666666,0.8995215311004785,0.9376558603491271,209,0.9496341992928035,0.9855769230769231,0.9534883720930233,0.9692671394799054,215,0.9766492252969547,1.0,0.97,0.9847715736040609,100,0.985,0.0,0.0,0.0,19,0.5,1.0,1.0,1.0,8,1.0,0.8247104247104247,0.6979251756248979,0.7560392885585346,6121,0.8030576333129545,0.8236281371847983,0.8202485791018674,0.8187983627497478,16011,0.8097822990575946,24.683905839920044
