Rep.,Kfold,Num. Vars.,Precision-Background,Recall-Background,F1_score_Background,Num. Obs. Background,AUC_Background,Precision-DoS,Recall-DoS,F1_score_DoS,Num. Obs. Dos,AUC_DoS,Precision-Botnet,Recall-Botnet,F1_score_Botnet,Num. Obs. Botnet,AUC_Botnet,Precision-Scan,Recall-Scan,F1_score_Scan,Num. Obs. Scan,AUC_Scan,Precision-SSHscan,Recall-SSHscan,F1_score_SSHscan,Num. Obs. SSHscan,AUC_SSHscan,Precision-UDPscan,Recall-UDPscan,F1_score_UDPscan,Num. Obs. UDPscan,AUC_UDPscan,Precision-Spam,Recall-Spam,F1_score_Spam,Num. Obs. Spam,AUC_Spam,Precision-w,Recall-w,F1_score_w,Total Obs.,AUC_w,Time
8,2,97,0.8113134444013949,0.8967880085653105,0.8519121236777869,2335,0.8025856210491223,0.9148936170212766,0.8113207547169812,0.8600000000000001,53,0.9051543044839966,0.9230769230769231,0.8888888888888888,0.9056603773584906,54,0.9439382434826626,0.7666666666666667,0.92,0.8363636363636363,25,0.9591206030150754,0.0,0.0,0.0,4,0.4997500624843789,0.5,0.6666666666666666,0.5714285714285715,3,0.8330834582708645,0.8252501924557352,0.7001959503592423,0.7575971731448764,1531,0.804220853110098,0.8181965342177118,0.8194756554307117,0.8155318646374965,4005,0.8071714507483404,23.562329053878784
