Rep.,Kfold,Num. Vars.,Precision-Background,Recall-Background,F1_score_Background,Num. Obs. Background,AUC_Background,Precision-DoS,Recall-DoS,F1_score_DoS,Num. Obs. Dos,AUC_DoS,Precision-Botnet,Recall-Botnet,F1_score_Botnet,Num. Obs. Botnet,AUC_Botnet,Precision-Scan,Recall-Scan,F1_score_Scan,Num. Obs. Scan,AUC_Scan,Precision-SSHscan,Recall-SSHscan,F1_score_SSHscan,Num. Obs. SSHscan,AUC_SSHscan,Precision-UDPscan,Recall-UDPscan,F1_score_UDPscan,Num. Obs. UDPscan,AUC_UDPscan,Precision-Spam,Recall-Spam,F1_score_Spam,Num. Obs. Spam,AUC_Spam,Precision-w,Recall-w,F1_score_w,Total Obs.,AUC_w,Time
9,5,85,0.8010670731707317,0.9002141327623127,0.8477515628150837,2335,0.7936322462372714,0.8363636363636363,0.8846153846153846,0.8598130841121494,52,0.9411687401436831,0.9038461538461539,0.8703703703703703,0.8867924528301887,54,0.9345521135214727,0.8076923076923077,0.875,0.8400000000000001,24,0.9368717014325207,0.0,0.0,0.0,5,0.5,0.75,1.0,0.8571428571428571,3,0.9998750000000001,0.8040752351097179,0.6705882352941176,0.7312900926585888,1530,0.7847482219737875,0.8030626885722568,0.8106420184861354,0.8028234430024861,4003,0.7947007766764763,25.957332849502563
