Rep.,Kfold,Num. Vars.,Precision-Background,Recall-Background,F1_score_Background,Num. Obs. Background,AUC_Background,Precision-DoS,Recall-DoS,F1_score_DoS,Num. Obs. Dos,AUC_DoS,Precision-Botnet,Recall-Botnet,F1_score_Botnet,Num. Obs. Botnet,AUC_Botnet,Precision-Scan,Recall-Scan,F1_score_Scan,Num. Obs. Scan,AUC_Scan,Precision-SSHscan,Recall-SSHscan,F1_score_SSHscan,Num. Obs. SSHscan,AUC_SSHscan,Precision-UDPscan,Recall-UDPscan,F1_score_UDPscan,Num. Obs. UDPscan,AUC_UDPscan,Precision-Spam,Recall-Spam,F1_score_Spam,Num. Obs. Spam,AUC_Spam,Precision-w,Recall-w,F1_score_w,Total Obs.,AUC_w,Time
9,3,88,0.8109779667568612,0.8988860325621251,0.8526722210932737,2334,0.802860282468113,0.8620689655172413,0.9615384615384616,0.9090909090909091,52,0.9797565725413827,0.9772727272727273,0.7962962962962963,0.8775510204081632,54,0.8980215017449059,0.8846153846153846,0.92,0.9019607843137256,25,0.9596228312798591,0.0,0.0,0.0,5,0.4998749061796347,0.3333333333333333,0.5,0.4,2,0.74975,0.8260869565217391,0.6954248366013072,0.7551454932576295,1530,0.8024049749349578,0.8188700606322963,0.8193403298350824,0.8154720316587918,4002,0.8068429433059302,23.608773708343506
