Rep.,Kfold,Num. Vars.,Precision-Background,Recall-Background,F1_score_Background,Num. Obs. Background,AUC_Background,Precision-DoS,Recall-DoS,F1_score_DoS,Num. Obs. Dos,AUC_DoS,Precision-Botnet,Recall-Botnet,F1_score_Botnet,Num. Obs. Botnet,AUC_Botnet,Precision-Scan,Recall-Scan,F1_score_Scan,Num. Obs. Scan,AUC_Scan,Precision-SSHscan,Recall-SSHscan,F1_score_SSHscan,Num. Obs. SSHscan,AUC_SSHscan,Precision-UDPscan,Recall-UDPscan,F1_score_UDPscan,Num. Obs. UDPscan,AUC_UDPscan,Precision-Spam,Recall-Spam,F1_score_Spam,Num. Obs. Spam,AUC_Spam,Precision-w,Recall-w,F1_score_w,Total Obs.,AUC_w,Time
9,1,86,0.8118321352244026,0.8948495556269408,0.8513217541893751,9339,0.8022659049117917,0.9947089947089947,0.9038461538461539,0.947103274559194,208,0.9518914373609685,0.9796954314720813,0.8935185185185185,0.9346246973365617,216,0.9466326369104148,1.0,0.9696969696969697,0.9846153846153847,99,0.9848484848484849,0.0,0.0,0.0,19,0.5,1.0,1.0,1.0,9,1.0,0.8178627145085804,0.685182159777814,0.7456662814472397,6121,0.7953716663398677,0.8190838592508373,0.8142527012678783,0.8131953350773256,16011,0.8044030556605636,23.510918378829956
