{"C": 2.726797416824137, "gamma": 0.12500306173210418}