{"C": 2.8166889894599594, "gamma": 0.12509302264311933}