{"C": 2.3620218691346704, "gamma": 0.1250921162672876}