{"C": 4.492556606547051, "gamma": 0.12511253715179285}