{"C": 4.159253045963141, "gamma": 0.12527600392281688}