{"C": 2.5615268062567047, "gamma": 0.12509333865633324}