{"C": 2.816668038436319, "gamma": 0.12510499520129048}