{"C": 3.131362750305316, "gamma": 0.0020104842183295314}