{"C": 2.901187048992621, "gamma": 0.0020000000000000005}