{"C": 2.6986417499715154, "gamma": 0.0020000000000000005}