{"C": 3.0861882450265057, "gamma": 0.0020000000000000005}