{"C": 2.7509344541967926, "gamma": 0.0020000000000000005}