{"C": 2.1376615569294257, "gamma": 0.0020000000000000005}