{"C": 2.121502034595682, "gamma": 0.0020000000000000005}