{"C": 2.8378437578523483, "gamma": 0.0020000000000000005}