{"C": 3.3470350711188397, "gamma": 0.0020000000000000005}