{"C": 2.337737572769361, "gamma": 0.0020000000000000005}