{"C": 3.3035506002243293, "gamma": 0.0020000000000000005}