{"C": 1.964998129481985, "gamma": 0.0020000000000000005}