{"C": 2.3792961294124244, "gamma": 0.0020000000000000005}