{"C": 2.3029842937924925, "gamma": 0.0020000000000000005}