{"C": 3.105299599720651, "gamma": 0.0020000000000000005}