{"C": 3.321541098187368, "gamma": 0.0020000000000000005}