{"C": 2.704199625172752, "gamma": 0.0020000000000000005}