{"C": 2.4389957882960016, "gamma": 0.0020000000000000005}