{"C": 2.2604233610963473, "gamma": 0.0020000000000000005}