{"C": 3.2613378444805763, "gamma": 0.0020000000000000005}