{"C": 3.433062151179299, "gamma": 0.0020000000000000005}