{"C": 2.7009196286813215, "gamma": 0.0020000000000000005}