{"C": 2.2508984254806523, "gamma": 0.002024284766795135}