{"C": 3.3609857633859646, "gamma": 0.0020000000000000005}