{"C": 1.5536562311864508, "gamma": 0.0020000000000000005}