{"C": 2.7929152172760237, "gamma": 0.0020000000000000005}