{"C": 2.069048981365839, "gamma": 0.0020000000000000005}