{"C": 1.7827245972577939, "gamma": 0.0020000000000000005}