{"C": 3.502459311583847, "gamma": 0.002011075486338798}