{"C": 2.2618886063663606, "gamma": 0.0020000000000000005}