{"C": 1.4272005435398256, "gamma": 0.0020000000000000005}