{"C": 1.9922862560690893, "gamma": 0.0020000000000000005}