{"C": 1.6668646443730606, "gamma": 0.0020000000000000005}