{"C": 2.108687959058437, "gamma": 0.0020000000000000005}