{"C": 1.9322410567689818, "gamma": 0.0020000000000000005}