{"C": 3.0476462813386234, "gamma": 0.0020000000000000005}