{"C": 2.535853140831287, "gamma": 0.0020000000000000005}