{"C": 1.5460575607978433, "gamma": 0.0020000000000000005}