{"C": 2.727598270824662, "gamma": 0.0020000000000000005}