{"C": 1.5357201702899572, "gamma": 0.0020000000000000005}