{"C": 3.3870543014835577, "gamma": 0.0020000000000000005}