{"C": 2.58471392226928, "gamma": 0.0020000000000000005}