{"C": 2.0548129748606936, "gamma": 0.0020000000000000005}