{"C": 1.8708274766715398, "gamma": 0.0020000000000000005}