{"C": 2.4330502016551487, "gamma": 0.0020000000000000005}