{"C": 2.917571712845394, "gamma": 0.0020000000000000005}