{"C": 2.524789165630302, "gamma": 0.0020000000000000005}