{"C": 2.5172098488733576, "gamma": 0.0020000000000000005}