Rep,Kfold,Num_Vars_,Precision_background,Recall_background,F1_score_background,Num_Obs_background,AUC_background,Precision_dos,Recall_dos,F1_score_dos,Num_Obs_dos,AUC_dos,Precision_nerisbotnet,Recall_nerisbotnet,F1_score_nerisbotnet,Num_Obs_nerisbotnet,AUC_nerisbotnet,Precision_scan,Recall_scan,F1_score_scan,Num_Obs_scan,AUC_scan,Precision_sshscan,Recall_sshscan,F1_score_sshscan,Num_Obs_sshscan,AUC_sshscan,Precision_udpscan,Recall_udpscan,F1_score_udpscan,Num_Obs_udpscan,AUC_udpscan,Precision_spam,Recall_spam,F1_score_spam,Num_Obs_spam,AUC_spam,Precision_w,Recall_w,F1_score_w,Total_Obs,AUC_w,Time
14.0,5.0,78.0,0.8350223546944858,0.9310402126952476,0.8804211187932117,6018.0,0.804525341949718,0.9545454545454546,0.7590361445783133,0.8456375838926175,83.0,0.87935803814854,0.9523809523809523,0.8403361344537815,0.8928571428571429,119.0,0.9199003152723014,0.9666666666666667,0.8285714285714286,0.8923076923076922,35.0,0.9142326413635192,0.0,0.0,0.0,6.0,0.5,0.0,0.0,0.0,2.0,0.49994711233340383,0.8418145956607495,0.6683369871594113,0.7451117318435755,3193.0,0.8021550814768795,0.8396227235501404,0.8385152284263959,0.8338816350854422,9456.0,0.8059821884903978,225428.63041949272
