Rep,Kfold,Num_Vars_,Precision_background,Recall_background,F1_score_background,Num_Obs_background,AUC_background,Precision_dos,Recall_dos,F1_score_dos,Num_Obs_dos,AUC_dos,Precision_nerisbotnet,Recall_nerisbotnet,F1_score_nerisbotnet,Num_Obs_nerisbotnet,AUC_nerisbotnet,Precision_scan,Recall_scan,F1_score_scan,Num_Obs_scan,AUC_scan,Precision_sshscan,Recall_sshscan,F1_score_sshscan,Num_Obs_sshscan,AUC_sshscan,Precision_udpscan,Recall_udpscan,F1_score_udpscan,Num_Obs_udpscan,AUC_udpscan,Precision_spam,Recall_spam,F1_score_spam,Num_Obs_spam,AUC_spam,Precision_w,Recall_w,F1_score_w,Total_Obs,AUC_w,Time
1.0,4.0,85.0,0.8341775923718713,0.9303755400465271,0.8796543597800471,6018.0,0.8032261867869422,1.0,0.8690476190476191,0.9299363057324841,84.0,0.9345238095238095,0.9619047619047619,0.8559322033898306,0.9058295964125561,118.0,0.9277518771876315,0.9285714285714286,0.7428571428571429,0.8253968253968255,35.0,0.8713224030455159,0.0,0.0,0.0,5.0,0.5,0.0,0.0,0.0,2.0,0.5,0.8325757575757575,0.6885964912280702,0.753772290809328,3192.0,0.8090060067127256,0.8364361467083247,0.8458853395388195,0.8370734631232069,9454.0,0.8079261022980296,189964.3266479969
