Rep,Kfold,Num_Vars_,Precision_background,Recall_background,F1_score_background,Num_Obs_background,AUC_background,Precision_dos,Recall_dos,F1_score_dos,Num_Obs_dos,AUC_dos,Precision_nerisbotnet,Recall_nerisbotnet,F1_score_nerisbotnet,Num_Obs_nerisbotnet,AUC_nerisbotnet,Precision_scan,Recall_scan,F1_score_scan,Num_Obs_scan,AUC_scan,Precision_sshscan,Recall_sshscan,F1_score_sshscan,Num_Obs_sshscan,AUC_sshscan,Precision_udpscan,Recall_udpscan,F1_score_udpscan,Num_Obs_udpscan,AUC_udpscan,Precision_spam,Recall_spam,F1_score_spam,Num_Obs_spam,AUC_spam,Precision_w,Recall_w,F1_score_w,Total_Obs,AUC_w,Time
7.0,1.0,84.0,0.8418214499700419,0.9338650714523098,0.8854576965495509,6018.0,0.8132654810113702,0.9866666666666667,0.891566265060241,0.9367088607594936,83.0,0.9457297764315185,0.9532710280373832,0.8571428571428571,0.9026548672566371,119.0,0.9283036192516643,1.0,0.9428571428571428,0.9705882352941176,35.0,0.9714285714285714,0.0,0.0,0.0,5.0,0.5,1.0,0.5,0.6666666666666666,2.0,0.75,0.8421252371916509,0.6951754385964912,0.76162690921572,3192.0,0.8143714944499544,0.8447723533642103,0.8513856568648192,0.844115104534269,9454.0,0.8166563546800766,267275.1129388809
