Rep,Kfold,Num_Vars_,Precision_background,Recall_background,F1_score_background,Num_Obs_background,AUC_background,Precision_dos,Recall_dos,F1_score_dos,Num_Obs_dos,AUC_dos,Precision_nerisbotnet,Recall_nerisbotnet,F1_score_nerisbotnet,Num_Obs_nerisbotnet,AUC_nerisbotnet,Precision_scan,Recall_scan,F1_score_scan,Num_Obs_scan,AUC_scan,Precision_sshscan,Recall_sshscan,F1_score_sshscan,Num_Obs_sshscan,AUC_sshscan,Precision_udpscan,Recall_udpscan,F1_score_udpscan,Num_Obs_udpscan,AUC_udpscan,Precision_spam,Recall_spam,F1_score_spam,Num_Obs_spam,AUC_spam,Precision_w,Recall_w,F1_score_w,Total_Obs,AUC_w,Time
2.0,2.0,86.0,0.8440835964516614,0.9328680624792289,0.8862577946167811,6018.0,0.815619604247177,0.9358974358974359,0.8690476190476191,0.9012345679012346,84.0,0.9342570574964941,0.981651376146789,0.8991596638655462,0.9385964912280701,119.0,0.9494727311509373,0.9629629629629629,0.7222222222222222,0.8253968253968254,36.0,0.8610580325548479,0.0,0.0,0.0,5.0,0.5,1.0,0.5,0.6666666666666666,2.0,0.75,0.8398780022874571,0.6901629072681704,0.7576956147893379,3192.0,0.8115565494195258,0.8452500245126038,0.8485617597292724,0.8429048345620577,9456.0,0.8169786612854567,191607.42305850983
