Rep,Kfold,Num_Vars_,Precision_background,Recall_background,F1_score_background,Num_Obs_background,AUC_background,Precision_dos,Recall_dos,F1_score_dos,Num_Obs_dos,AUC_dos,Precision_nerisbotnet,Recall_nerisbotnet,F1_score_nerisbotnet,Num_Obs_nerisbotnet,AUC_nerisbotnet,Precision_scan,Recall_scan,F1_score_scan,Num_Obs_scan,AUC_scan,Precision_sshscan,Recall_sshscan,F1_score_sshscan,Num_Obs_sshscan,AUC_sshscan,Precision_udpscan,Recall_udpscan,F1_score_udpscan,Num_Obs_udpscan,AUC_udpscan,Precision_spam,Recall_spam,F1_score_spam,Num_Obs_spam,AUC_spam,Precision_w,Recall_w,F1_score_w,Total_Obs,AUC_w,Time
4.0,3.0,84.0,0.8389211741916257,0.9353713241402226,0.8845247446975648,6019.0,0.8103806562493895,0.9493670886075949,0.9036144578313253,0.9259259259259259,83.0,0.9515938272938103,0.9732142857142857,0.9159663865546218,0.9437229437229437,119.0,0.957822524896848,0.9629629629629629,0.7428571428571429,0.8387096774193549,35.0,0.8713754928723082,0.0,0.0,0.0,6.0,0.5,0.0,0.0,0.0,1.0,0.5,0.846517119244392,0.6738721804511278,0.7503924646781791,3192.0,0.8058008515220672,0.8439833806605636,0.8451612903225807,0.8395258494396562,9455.0,0.811925838011862,246406.85366129875
