Rep,Kfold,Num_Vars_,Precision_background,Recall_background,F1_score_background,Num_Obs_background,AUC_background,Precision_dos,Recall_dos,F1_score_dos,Num_Obs_dos,AUC_dos,Precision_nerisbotnet,Recall_nerisbotnet,F1_score_nerisbotnet,Num_Obs_nerisbotnet,AUC_nerisbotnet,Precision_scan,Recall_scan,F1_score_scan,Num_Obs_scan,AUC_scan,Precision_sshscan,Recall_sshscan,F1_score_sshscan,Num_Obs_sshscan,AUC_sshscan,Precision_udpscan,Recall_udpscan,F1_score_udpscan,Num_Obs_udpscan,AUC_udpscan,Precision_spam,Recall_spam,F1_score_spam,Num_Obs_spam,AUC_spam,Precision_w,Recall_w,F1_score_w,Total_Obs,AUC_w,Time
10.0,1.0,88.0,0.8301333724168254,0.9411764705882353,0.8821742854917841,6018.0,0.8018837229214831,0.9733333333333334,0.8795180722891566,0.9240506329113923,83.0,0.9396523125586658,0.9629629629629629,0.8813559322033898,0.9203539823008849,118.0,0.9404637186458834,1.0,0.7428571428571429,0.8524590163934427,35.0,0.8714285714285714,0.0,0.0,0.0,5.0,0.5,1.0,0.5,0.6666666666666666,2.0,0.75,0.8528541226215645,0.6318922305764411,0.7259312578729531,3192.0,0.7881550276025473,0.8409467143667392,0.8341267322543108,0.8296376596392971,9453.0,0.8002742995230508,254074.20011544228
