Rep,Kfold,Num_Vars_,Precision_background,Recall_background,F1_score_background,Num_Obs_background,AUC_background,Precision_dos,Recall_dos,F1_score_dos,Num_Obs_dos,AUC_dos,Precision_nerisbotnet,Recall_nerisbotnet,F1_score_nerisbotnet,Num_Obs_nerisbotnet,AUC_nerisbotnet,Precision_scan,Recall_scan,F1_score_scan,Num_Obs_scan,AUC_scan,Precision_sshscan,Recall_sshscan,F1_score_sshscan,Num_Obs_sshscan,AUC_sshscan,Precision_udpscan,Recall_udpscan,F1_score_udpscan,Num_Obs_udpscan,AUC_udpscan,Precision_spam,Recall_spam,F1_score_spam,Num_Obs_spam,AUC_spam,Precision_w,Recall_w,F1_score_w,Total_Obs,AUC_w,Time
2.0,4.0,87.0,0.8416942024632021,0.9312063808574277,0.8841905964026506,6018.0,0.8122271718024042,0.9571428571428572,0.8072289156626506,0.8758169934640524,83.0,0.9034543895355192,0.970873786407767,0.8403361344537815,0.9009009009009008,119.0,0.9200073816350322,0.967741935483871,0.8571428571428571,0.909090909090909,35.0,0.9285183443799008,0.0,0.0,0.0,5.0,0.5,1.0,0.5,0.6666666666666666,2.0,0.75,0.8335974643423137,0.6591478696741855,0.7361791462561232,3192.0,0.7960383232114141,0.8416550266629503,0.8362597842183203,0.8339321320940274,9454.0,0.8091710580068772,195603.78191757202
