Rep,Kfold,Num_Vars_,Precision_background,Recall_background,F1_score_background,Num_Obs_background,AUC_background,Precision_dos,Recall_dos,F1_score_dos,Num_Obs_dos,AUC_dos,Precision_nerisbotnet,Recall_nerisbotnet,F1_score_nerisbotnet,Num_Obs_nerisbotnet,AUC_nerisbotnet,Precision_scan,Recall_scan,F1_score_scan,Num_Obs_scan,AUC_scan,Precision_sshscan,Recall_sshscan,F1_score_sshscan,Num_Obs_sshscan,AUC_sshscan,Precision_udpscan,Recall_udpscan,F1_score_udpscan,Num_Obs_udpscan,AUC_udpscan,Precision_spam,Recall_spam,F1_score_spam,Num_Obs_spam,AUC_spam,Precision_w,Recall_w,F1_score_w,Total_Obs,AUC_w,Time
15.0,1.0,79.0,0.8337781731909846,0.9342083402558564,0.8811407976181148,6019.0,0.8040259041983384,0.96,0.8571428571428571,0.9056603773584904,84.0,0.9284113773550394,0.9811320754716981,0.8739495798319328,0.9244444444444444,119.0,0.9368676891341307,0.9666666666666667,0.8285714285714286,0.8923076923076922,35.0,0.9142326413635192,0.0,0.0,0.0,5.0,0.5,0.0,0.0,0.0,2.0,0.5,0.839390386869871,0.6729323308270677,0.747000521648409,3192.0,0.8036596520035723,0.8385229472969152,0.8434856175972927,0.836011765628482,9456.0,0.8068618316114328,229127.09156918526
