Rep,Kfold,Num_Vars_,Precision_background,Recall_background,F1_score_background,Num_Obs_background,AUC_background,Precision_dos,Recall_dos,F1_score_dos,Num_Obs_dos,AUC_dos,Precision_nerisbotnet,Recall_nerisbotnet,F1_score_nerisbotnet,Num_Obs_nerisbotnet,AUC_nerisbotnet,Precision_scan,Recall_scan,F1_score_scan,Num_Obs_scan,AUC_scan,Precision_sshscan,Recall_sshscan,F1_score_sshscan,Num_Obs_sshscan,AUC_sshscan,Precision_udpscan,Recall_udpscan,F1_score_udpscan,Num_Obs_udpscan,AUC_udpscan,Precision_spam,Recall_spam,F1_score_spam,Num_Obs_spam,AUC_spam,Precision_w,Recall_w,F1_score_w,Total_Obs,AUC_w,Time
2.0,1.0,85.0,0.8403424451787324,0.9295564047183917,0.8827009544844995,6019.0,0.8101825071875843,0.961038961038961,0.8809523809523809,0.9192546583850931,84.0,0.9403161563355739,0.9714285714285714,0.864406779661017,0.9147982062780269,118.0,0.9320427730621178,0.9333333333333333,0.8,0.8615384615384616,35.0,0.8998938654213543,0.0,0.0,0.0,6.0,0.5,0.0,0.0,0.0,2.0,0.5,0.8389700230591852,0.6836830566865018,0.7534081104400345,3193.0,0.8083964453292023,0.8422200456784688,0.8440308765993444,0.8389475063419937,9457.0,0.8123254996660123,192387.4123058319
