Rep,Kfold,Num_Vars_,Precision_background,Recall_background,F1_score_background,Num_Obs_background,AUC_background,Precision_dos,Recall_dos,F1_score_dos,Num_Obs_dos,AUC_dos,Precision_nerisbotnet,Recall_nerisbotnet,F1_score_nerisbotnet,Num_Obs_nerisbotnet,AUC_nerisbotnet,Precision_scan,Recall_scan,F1_score_scan,Num_Obs_scan,AUC_scan,Precision_sshscan,Recall_sshscan,F1_score_sshscan,Num_Obs_sshscan,AUC_sshscan,Precision_udpscan,Recall_udpscan,F1_score_udpscan,Num_Obs_udpscan,AUC_udpscan,Precision_spam,Recall_spam,F1_score_spam,Num_Obs_spam,AUC_spam,Precision_w,Recall_w,F1_score_w,Total_Obs,AUC_w,Time
9.0,5.0,82.0,0.8343685300207039,0.9375207710202725,0.882942097026604,6018.0,0.8057801759641526,0.9605263157894737,0.8690476190476191,0.9125000000000001,84.0,0.9343637241449407,0.9722222222222222,0.8823529411764706,0.9251101321585902,119.0,0.9410157849963766,0.967741935483871,0.8571428571428571,0.909090909090909,35.0,0.9285183443799008,0.0,0.0,0.0,5.0,0.5,0.0,0.0,0.0,1.0,0.5,0.8471187769502156,0.6770050125313283,0.752568344071043,3192.0,0.8073622954703911,0.841493819801394,0.8473661942035118,0.8392532242147162,9454.0,0.8094194118246033,240546.83586788177
