Rep,Kfold,Num_Vars_,Precision_background,Recall_background,F1_score_background,Num_Obs_background,AUC_background,Precision_dos,Recall_dos,F1_score_dos,Num_Obs_dos,AUC_dos,Precision_nerisbotnet,Recall_nerisbotnet,F1_score_nerisbotnet,Num_Obs_nerisbotnet,AUC_nerisbotnet,Precision_scan,Recall_scan,F1_score_scan,Num_Obs_scan,AUC_scan,Precision_sshscan,Recall_sshscan,F1_score_sshscan,Num_Obs_sshscan,AUC_sshscan,Precision_udpscan,Recall_udpscan,F1_score_udpscan,Num_Obs_udpscan,AUC_udpscan,Precision_spam,Recall_spam,F1_score_spam,Num_Obs_spam,AUC_spam,Precision_w,Recall_w,F1_score_w,Total_Obs,AUC_w,Time
6.0,4.0,90.0,0.8427606901725432,0.9333665669657694,0.8857525821966412,6018.0,0.8142690891838735,0.9620253164556962,0.9047619047619048,0.9325153374233128,84.0,0.9522209011645631,0.9902912621359223,0.8571428571428571,0.9189189189189189,119.0,0.9285178781805107,0.9655172413793104,0.8,0.8750000000000001,35.0,0.8999469270778049,0.0,0.0,0.0,5.0,0.5,0.0,0.0,0.0,2.0,0.5,0.8444610220067139,0.7090510491700595,0.7708546135512427,3193.0,0.8212347693559063,0.8460814051343626,0.8552241962774958,0.8470923710261647,9456.0,0.8193689004770502,275158.2046327591
