Rep,Kfold,Num_Vars_,Precision_background,Recall_background,F1_score_background,Num_Obs_background,AUC_background,Precision_dos,Recall_dos,F1_score_dos,Num_Obs_dos,AUC_dos,Precision_nerisbotnet,Recall_nerisbotnet,F1_score_nerisbotnet,Num_Obs_nerisbotnet,AUC_nerisbotnet,Precision_scan,Recall_scan,F1_score_scan,Num_Obs_scan,AUC_scan,Precision_sshscan,Recall_sshscan,F1_score_sshscan,Num_Obs_sshscan,AUC_sshscan,Precision_udpscan,Recall_udpscan,F1_score_udpscan,Num_Obs_udpscan,AUC_udpscan,Precision_spam,Recall_spam,F1_score_spam,Num_Obs_spam,AUC_spam,Precision_w,Recall_w,F1_score_w,Total_Obs,AUC_w,Time
20.0,2.0,87.0,0.8282902467685076,0.9370222665337321,0.8793076563230937,6018.0,0.7984500334705321,0.9512195121951219,0.9285714285714286,0.9397590361445782,84.0,0.964072289891306,0.9719626168224299,0.8739495798319328,0.9203539823008848,119.0,0.9368141215355037,0.9354838709677419,0.8285714285714286,0.8787878787878788,35.0,0.9141795571731879,0.0,0.0,0.0,5.0,0.5,0.0,0.0,0.0,2.0,0.5,0.8494580489763147,0.6629072681704261,0.7446771071617104,3192.0,0.80151590456262,0.8381204360968172,0.8425171866737176,0.8342572459545303,9455.0,0.8029053734642201,247731.01043725014
