Rep,Kfold,Num_Vars_,Precision_background,Recall_background,F1_score_background,Num_Obs_background,AUC_background,Precision_dos,Recall_dos,F1_score_dos,Num_Obs_dos,AUC_dos,Precision_nerisbotnet,Recall_nerisbotnet,F1_score_nerisbotnet,Num_Obs_nerisbotnet,AUC_nerisbotnet,Precision_scan,Recall_scan,F1_score_scan,Num_Obs_scan,AUC_scan,Precision_sshscan,Recall_sshscan,F1_score_sshscan,Num_Obs_sshscan,AUC_sshscan,Precision_udpscan,Recall_udpscan,F1_score_udpscan,Num_Obs_udpscan,AUC_udpscan,Precision_spam,Recall_spam,F1_score_spam,Num_Obs_spam,AUC_spam,Precision_w,Recall_w,F1_score_w,Total_Obs,AUC_w,Time
17.0,5.0,85.0,0.8465943339361061,0.9335327351279494,0.8879405721510983,6018.0,0.818585872658589,0.9864864864864865,0.8795180722891566,0.9299363057324841,83.0,0.939705674351622,0.9523809523809523,0.8403361344537815,0.8928571428571429,119.0,0.9199002292153202,0.96875,0.8857142857142857,0.9253731343283582,35.0,0.9428040530291539,0.0,0.0,0.0,5.0,0.5,0.0,0.0,0.0,1.0,0.5,0.8361626529806554,0.6635338345864662,0.7399126637554586,3192.0,0.7986252466335941,0.8455467948432719,0.8399449910081456,0.837961531682008,9453.0,0.814442336720369,244085.15970158577
