Rep,Kfold,Num_Vars_,Precision_background,Recall_background,F1_score_background,Num_Obs_background,AUC_background,Precision_dos,Recall_dos,F1_score_dos,Num_Obs_dos,AUC_dos,Precision_nerisbotnet,Recall_nerisbotnet,F1_score_nerisbotnet,Num_Obs_nerisbotnet,AUC_nerisbotnet,Precision_scan,Recall_scan,F1_score_scan,Num_Obs_scan,AUC_scan,Precision_sshscan,Recall_sshscan,F1_score_sshscan,Num_Obs_sshscan,AUC_sshscan,Precision_udpscan,Recall_udpscan,F1_score_udpscan,Num_Obs_udpscan,AUC_udpscan,Precision_spam,Recall_spam,F1_score_spam,Num_Obs_spam,AUC_spam,Precision_w,Recall_w,F1_score_w,Total_Obs,AUC_w,Time
9.0,1.0,79.0,0.8427757793764988,0.9343635759388501,0.8862096138691884,6018.0,0.8146221602789073,0.971830985915493,0.8313253012048193,0.8961038961038961,83.0,0.9155559611753319,0.9380530973451328,0.8907563025210085,0.9137931034482759,119.0,0.9450032985240792,0.9259259259259259,0.7142857142857143,0.8064516129032259,35.0,0.857036711298467,0.0,0.0,0.0,6.0,0.5,1.0,1.0,1.0,2.0,1.0,0.8488957768306857,0.6861885374256186,0.7589192933841358,3193.0,0.8119590300093126,0.8469803884867402,0.8477157360406091,0.8428281058776335,9456.0,0.8162462104035071,270131.81811761856
