Rep,Kfold,Num_Vars_,Precision_background,Recall_background,F1_score_background,Num_Obs_background,AUC_background,Precision_dos,Recall_dos,F1_score_dos,Num_Obs_dos,AUC_dos,Precision_nerisbotnet,Recall_nerisbotnet,F1_score_nerisbotnet,Num_Obs_nerisbotnet,AUC_nerisbotnet,Precision_scan,Recall_scan,F1_score_scan,Num_Obs_scan,AUC_scan,Precision_sshscan,Recall_sshscan,F1_score_sshscan,Num_Obs_sshscan,AUC_sshscan,Precision_udpscan,Recall_udpscan,F1_score_udpscan,Num_Obs_udpscan,AUC_udpscan,Precision_spam,Recall_spam,F1_score_spam,Num_Obs_spam,AUC_spam,Precision_w,Recall_w,F1_score_w,Total_Obs,AUC_w,Time
11.0,1.0,86.0,0.8438717410848067,0.9358590893984713,0.8874881815316735,6018.0,0.8164320163479707,0.9058823529411765,0.9166666666666666,0.9112426035502958,84.0,0.9579065756250221,0.9803921568627451,0.8403361344537815,0.9049773755656109,119.0,0.9200609779144042,1.0,0.5277777777777778,0.6909090909090909,36.0,0.7638888888888888,0.0,0.0,0.0,6.0,0.5,1.0,0.5,0.6666666666666666,2.0,0.75,0.8461538461538461,0.706453634085213,0.7700187809458766,3192.0,0.820505348566948,0.8470026434477286,0.8548165380141693,0.8469119776074276,9457.0,0.8199526652989427,252775.91789388657
