Rep,Kfold,Num_Vars_,Precision_background,Recall_background,F1_score_background,Num_Obs_background,AUC_background,Precision_dos,Recall_dos,F1_score_dos,Num_Obs_dos,AUC_dos,Precision_nerisbotnet,Recall_nerisbotnet,F1_score_nerisbotnet,Num_Obs_nerisbotnet,AUC_nerisbotnet,Precision_scan,Recall_scan,F1_score_scan,Num_Obs_scan,AUC_scan,Precision_sshscan,Recall_sshscan,F1_score_sshscan,Num_Obs_sshscan,AUC_sshscan,Precision_udpscan,Recall_udpscan,F1_score_udpscan,Num_Obs_udpscan,AUC_udpscan,Precision_spam,Recall_spam,F1_score_spam,Num_Obs_spam,AUC_spam,Precision_w,Recall_w,F1_score_w,Total_Obs,AUC_w,Time
6.0,3.0,84.0,0.8321307613017229,0.9388602757933211,0.8822794691647151,6019.0,0.8035878335614846,1.0,0.8095238095238095,0.8947368421052632,84.0,0.9047619047619048,0.9636363636363636,0.8983050847457628,0.9298245614035089,118.0,0.9489383637479081,0.967741935483871,0.8571428571428571,0.909090909090909,35.0,0.9285183556492336,0.0,0.0,0.0,6.0,0.5,0.0,0.0,0.0,2.0,0.5,0.8466135458167331,0.6657268170426065,0.7453525078919678,3192.0,0.8021322463246238,0.839949825420168,0.8439086294416244,0.836114710754465,9456.0,0.8060146118702148,243955.72676587105
