Rep,Kfold,Num_Vars_,Precision_background,Recall_background,F1_score_background,Num_Obs_background,AUC_background,Accuracy_background,Precision_dos,Recall_dos,F1_score_dos,Num_Obs_dos,AUC_dos,Accuracy_dos,Precision_scan,Recall_scan,F1_score_scan,Num_Obs_scan,AUC_scan,Accuracy_scan,Precision_w,Recall_w,F1_score_w,Total_Obs,AUC_w,Accuracy_w,Hyper_time,Training_time,Testing_time,Total_time
1.0,1.0,51.0,0.9105769230769231,0.6650280898876404,0.7686688311688311,1424.0,0.5382102474754658,0.6396965865992414,0.0880952380952381,0.5285714285714286,0.1510204081632653,70.0,0.637632275132275,0.7370417193426043,0.16393442622950818,0.11363636363636363,0.1342281879194631,88.0,0.5397499087258123,0.9184576485461441,0.8326513493276876,0.6283185840707964,0.7060479928525645,1582.0,0.5426950971126384,0.6595101976885984,0.0,1.8013782501220703,0.0018079280853271484,0.0018079280853271484
