Rep,Kfold,Num_Vars_,Precision_background,Recall_background,F1_score_background,Num_Obs_background,AUC_background,Accuracy_background,Precision_dos,Recall_dos,F1_score_dos,Num_Obs_dos,AUC_dos,Accuracy_dos,Precision_scan,Recall_scan,F1_score_scan,Num_Obs_scan,AUC_scan,Accuracy_scan,Precision_w,Recall_w,F1_score_w,Total_Obs,AUC_w,Accuracy_w,Hyper_time,Training_time,Testing_time,Total_time
1.0,1.0,51.0,0.00429553264604811,0.2,0.008410428931875526,50.0,0.3147428008860448,0.42669584245076586,0.842668863261944,0.31028207461328483,0.45355796940811355,3297.0,0.5381067235811522,0.40068076829564797,0.25274725274725274,0.030026109660574413,0.05367561260210035,766.0,0.5048547040684109,0.8028203257962557,0.7226108471702716,0.2567469000729395,0.37367290684132093,4113.0,0.529198568200283,0.4758909931323174,0.0,1.8013782501220703,0.0026307106018066406,0.0026307106018066406
