Rep,Kfold,Num_Vars_,Precision_background,Recall_background,F1_score_background,Num_Obs_background,AUC_background,Accuracy_background,Precision_dos,Recall_dos,F1_score_dos,Num_Obs_dos,AUC_dos,Accuracy_dos,Precision_scan,Recall_scan,F1_score_scan,Num_Obs_scan,AUC_scan,Accuracy_scan,Precision_w,Recall_w,F1_score_w,Total_Obs,AUC_w,Accuracy_w,Hyper_time,Training_time,Testing_time,Total_time
1.0,1.0,51.0,0.9974747474747475,0.6766595289079229,0.8063281449349323,2335.0,0.8123557384799355,0.6853233830845771,0.06382978723404255,0.9230769230769231,0.11940298507462686,52.0,0.8123859191655802,0.7064676616915423,0.057208237986270026,1.0,0.10822510822510824,25.0,0.9136992040217846,0.8291873963515755,0.967600700762588,0.6853233830845771,0.7842830851378836,2412.0,0.813406798195607,0.6872703577194184,0.0,1.8013782501220703,0.0046024322509765625,0.0046024322509765625
