Rep,Kfold,Num_Vars_,Precision_background,Recall_background,F1_score_background,Num_Obs_background,AUC_background,Accuracy_background,Precision_dos,Recall_dos,F1_score_dos,Num_Obs_dos,AUC_dos,Accuracy_dos,Precision_scan,Recall_scan,F1_score_scan,Num_Obs_scan,AUC_scan,Accuracy_scan,Precision_w,Recall_w,F1_score_w,Total_Obs,AUC_w,Accuracy_w,Hyper_time,Training_time,Testing_time,Total_time
1.0,1.0,51.0,0.9642581640524557,0.9845103701758992,0.9742790335151988,3809.0,0.9760848733150319,0.9755766621438263,0.8033922599139991,0.9836209417958467,0.8844181459566075,3419.0,0.9040331671436572,0.891575181941532,0.9629629629629629,0.02957906712172924,0.05739514348785872,879.0,0.514720358131977,0.8946589367213519,0.8962750620409783,0.8805970149253731,0.8369686457149205,8107.0,0.8956748335659466,0.9313768667252993,0.0,1.8013782501220703,0.006652355194091797,2.9895894527435303
