Rep.,Kfold,Num. Vars.,Precision-Background,Recall-Background,F1_score_Background,Num. Obs. Background,AUC_Background,Precision-DoS,Recall-DoS,F1_score_DoS,Num. Obs. Dos,AUC_DoS,Precision-Botnet,Recall-Botnet,F1_score_Botnet,Num. Obs. Botnet,AUC_Botnet,Precision-Scan,Recall-Scan,F1_score_Scan,Num. Obs. Scan,AUC_Scan,Precision-SSHscan,Recall-SSHscan,F1_score_SSHscan,Num. Obs. SSHscan,AUC_SSHscan,Precision-UDPscan,Recall-UDPscan,F1_score_UDPscan,Num. Obs. UDPscan,AUC_UDPscan,Precision-Spam,Recall-Spam,F1_score_Spam,Num. Obs. Spam,AUC_Spam,Precision-w,Recall-w,F1_score_w,Total Obs.,AUC_w,Time
14,1,80,0.8711905119351449,0.9642738451312729,0.9153718747535294,6018,0.8572824406098739,0.972972972972973,0.43373493975903615,0.6,83,0.7168141137809161,1.0,0.03361344537815126,0.06504065040650406,119,0.5168067226890757,0.9393939393939394,0.8857142857142857,0.9117647058823529,35,0.9427509744740873,0.0,0.0,0.0,5,0.5,0.0,0.0,0.0,2,0.5,0.9311608961303462,0.7161654135338346,0.8096334336816009,3192,0.8445886154222989,0.8935609927976847,0.8631267188491644,0.8655076649759538,9454,0.8475295582365779,4504.485162973404
