Rep.,Kfold,Num. Vars.,Precision-Background,Recall-Background,F1_score_Background,Num. Obs. Background,AUC_Background,Precision-DoS,Recall-DoS,F1_score_DoS,Num. Obs. Dos,AUC_DoS,Precision-Botnet,Recall-Botnet,F1_score_Botnet,Num. Obs. Botnet,AUC_Botnet,Precision-Scan,Recall-Scan,F1_score_Scan,Num. Obs. Scan,AUC_Scan,Precision-SSHscan,Recall-SSHscan,F1_score_SSHscan,Num. Obs. SSHscan,AUC_SSHscan,Precision-UDPscan,Recall-UDPscan,F1_score_UDPscan,Num. Obs. UDPscan,AUC_UDPscan,Precision-Spam,Recall-Spam,F1_score_Spam,Num. Obs. Spam,AUC_Spam,Precision-w,Recall-w,F1_score_w,Total Obs.,AUC_w,Time
12,2,85,0.8584359697284464,0.9614425793584843,0.9070241455001569,6017,0.8418566608582814,1.0,0.39759036144578314,0.5689655172413793,83,0.6987951807228916,1.0,0.025423728813559324,0.04958677685950414,118,0.5127118644067796,0.9428571428571428,0.9428571428571428,0.9428571428571428,35,0.9713223804972768,0.0,0.0,0.0,6,0.5,0.0,0.0,0.0,2,0.5,0.9186440677966101,0.679410842995926,0.7811205188254369,3191,0.8243724076024191,0.8813587018826751,0.8487092678798138,0.8502110914776628,9452,0.830778688569721,4388.603499174118
