Rep.,Kfold,Num. Vars.,Precision-Background,Recall-Background,F1_score_Background,Num. Obs. Background,AUC_Background,Precision-DoS,Recall-DoS,F1_score_DoS,Num. Obs. Dos,AUC_DoS,Precision-Botnet,Recall-Botnet,F1_score_Botnet,Num. Obs. Botnet,AUC_Botnet,Precision-Scan,Recall-Scan,F1_score_Scan,Num. Obs. Scan,AUC_Scan,Precision-SSHscan,Recall-SSHscan,F1_score_SSHscan,Num. Obs. SSHscan,AUC_SSHscan,Precision-UDPscan,Recall-UDPscan,F1_score_UDPscan,Num. Obs. UDPscan,AUC_UDPscan,Precision-Spam,Recall-Spam,F1_score_Spam,Num. Obs. Spam,AUC_Spam,Precision-w,Recall-w,F1_score_w,Total Obs.,AUC_w,Time
13,4,84,0.8668957275171796,0.9642738451312729,0.9129955947136564,6018,0.852404831709492,1.0,0.2976190476190476,0.4587155963302752,84,0.6488095238095238,1.0,0.03389830508474576,0.06557377049180328,118,0.5169491525423728,0.9666666666666667,0.8285714285714286,0.8923076923076922,35,0.9142326188200671,0.0,0.0,0.0,5,0.5,0.0,0.0,0.0,1,0.5,0.9261224489795918,0.711062362895644,0.80446729303315,3191,0.8410766214733769,0.8895544388727885,0.8601354210749048,0.8610837077122421,9452,0.8425884382149779,4347.6760630607605
