Rep.,Kfold,Num. Vars.,Precision-Background,Recall-Background,F1_score_Background,Num. Obs. Background,AUC_Background,Precision-DoS,Recall-DoS,F1_score_DoS,Num. Obs. Dos,AUC_DoS,Precision-Botnet,Recall-Botnet,F1_score_Botnet,Num. Obs. Botnet,AUC_Botnet,Precision-Scan,Recall-Scan,F1_score_Scan,Num. Obs. Scan,AUC_Scan,Precision-SSHscan,Recall-SSHscan,F1_score_SSHscan,Num. Obs. SSHscan,AUC_SSHscan,Precision-UDPscan,Recall-UDPscan,F1_score_UDPscan,Num. Obs. UDPscan,AUC_UDPscan,Precision-Spam,Recall-Spam,F1_score_Spam,Num. Obs. Spam,AUC_Spam,Precision-w,Recall-w,F1_score_w,Total Obs.,AUC_w,Time
11,4,85,0.8722699201687001,0.9621199534806446,0.9149944699004582,6019,0.8576606752269347,1.0,0.5783132530120482,0.7328244274809159,83,0.7891566265060241,1.0,0.025210084033613446,0.049180327868852465,119,0.5126050420168067,0.9696969696969697,0.9142857142857143,0.9411764705882354,35,0.9570897785865937,0.0,0.0,0.0,5,0.5,0.0,0.0,0.0,2,0.5,0.9241214057507987,0.724937343358396,0.8124999999999999,3192,0.8473002220544176,0.8922186748377948,0.8659968270756213,0.8673156824218672,9455,0.8493220576667533,4581.094983816147
