Rep.,Kfold,Num. Vars.,Precision-Background,Recall-Background,F1_score_Background,Num. Obs. Background,AUC_Background,Precision-DoS,Recall-DoS,F1_score_DoS,Num. Obs. Dos,AUC_DoS,Precision-Botnet,Recall-Botnet,F1_score_Botnet,Num. Obs. Botnet,AUC_Botnet,Precision-Scan,Recall-Scan,F1_score_Scan,Num. Obs. Scan,AUC_Scan,Precision-SSHscan,Recall-SSHscan,F1_score_SSHscan,Num. Obs. SSHscan,AUC_SSHscan,Precision-UDPscan,Recall-UDPscan,F1_score_UDPscan,Num. Obs. UDPscan,AUC_UDPscan,Precision-Spam,Recall-Spam,F1_score_Spam,Num. Obs. Spam,AUC_Spam,Precision-w,Recall-w,F1_score_w,Total Obs.,AUC_w,Time
1,3,87,0.8689467312348669,0.9541375872382851,0.9095517186757485,6018,0.8510134806642663,1.0,0.3493975903614458,0.5178571428571429,83,0.6746987951807228,1.0,0.025210084033613446,0.049180327868852465,119,0.5126050420168067,0.9444444444444444,0.9714285714285714,0.9577464788732395,35,0.9856081060583078,0.0,0.0,0.0,6,0.5,0.0,0.0,0.0,2,0.5,0.9116335630320227,0.7050156739811912,0.7951210889163868,3190,0.8351040368947948,0.8856963979899646,0.8523220141753941,0.8560747112311465,9453,0.8400377962598108,4338.65957403183
