Rep.,Kfold,Num. Vars.,Precision-Background,Recall-Background,F1_score_Background,Num. Obs. Background,AUC_Background,Precision-DoS,Recall-DoS,F1_score_DoS,Num. Obs. Dos,AUC_DoS,Precision-Botnet,Recall-Botnet,F1_score_Botnet,Num. Obs. Botnet,AUC_Botnet,Precision-Scan,Recall-Scan,F1_score_Scan,Num. Obs. Scan,AUC_Scan,Precision-SSHscan,Recall-SSHscan,F1_score_SSHscan,Num. Obs. SSHscan,AUC_SSHscan,Precision-UDPscan,Recall-UDPscan,F1_score_UDPscan,Num. Obs. UDPscan,AUC_UDPscan,Precision-Spam,Recall-Spam,F1_score_Spam,Num. Obs. Spam,AUC_Spam,Precision-w,Recall-w,F1_score_w,Total Obs.,AUC_w,Time
20,1,82,0.8766372220530003,0.9563050340588137,0.9147397695669448,6019,0.8603171955280976,1.0,0.5301204819277109,0.6929133858267718,83,0.7650602409638554,1.0,0.025210084033613446,0.049180327868852465,119,0.5126050420168067,0.9393939393939394,0.8857142857142857,0.9117647058823529,35,0.9427509970127527,0.0,0.0,0.0,5,0.5,0.0,0.0,0.0,2,0.5,0.9139655862344938,0.7153147510178516,0.8025298664792692,3193,0.8404930772493058,0.8914604847993376,0.858502538071066,0.8633219724447593,9456,0.8484496489462879,4764.336111545563
