Rep.,Kfold,Num. Vars.,Precision-Background,Recall-Background,F1_score_Background,Num. Obs. Background,AUC_Background,Precision-DoS,Recall-DoS,F1_score_DoS,Num. Obs. Dos,AUC_DoS,Precision-Botnet,Recall-Botnet,F1_score_Botnet,Num. Obs. Botnet,AUC_Botnet,Precision-Scan,Recall-Scan,F1_score_Scan,Num. Obs. Scan,AUC_Scan,Precision-SSHscan,Recall-SSHscan,F1_score_SSHscan,Num. Obs. SSHscan,AUC_SSHscan,Precision-UDPscan,Recall-UDPscan,F1_score_UDPscan,Num. Obs. UDPscan,AUC_UDPscan,Precision-Spam,Recall-Spam,F1_score_Spam,Num. Obs. Spam,AUC_Spam,Precision-w,Recall-w,F1_score_w,Total Obs.,AUC_w,Time
20,3,83,0.8639783328317785,0.9541375872382851,0.906822488945041,6018,0.8455204816284557,1.0,0.40963855421686746,0.5811965811965811,83,0.7048192771084337,1.0,0.03361344537815126,0.06504065040650406,119,0.5168067226890757,0.8571428571428571,0.8571428571428571,0.8571428571428571,35,0.9283060076137898,0.0,0.0,0.0,6,0.5,0.0,0.0,0.0,1,0.5,0.8994793752503003,0.7036340852130326,0.7895939532431008,3192,0.8317755223254559,0.878206026314851,0.8521260841971652,0.8529321758896684,9454,0.8355574821207304,4917.396068096161
