Rep.,Kfold,Num. Vars.,Precision-Background,Recall-Background,F1_score_Background,Num. Obs. Background,AUC_Background,Precision-DoS,Recall-DoS,F1_score_DoS,Num. Obs. Dos,AUC_DoS,Precision-Botnet,Recall-Botnet,F1_score_Botnet,Num. Obs. Botnet,AUC_Botnet,Precision-Scan,Recall-Scan,F1_score_Scan,Num. Obs. Scan,AUC_Scan,Precision-SSHscan,Recall-SSHscan,F1_score_SSHscan,Num. Obs. SSHscan,AUC_SSHscan,Precision-UDPscan,Recall-UDPscan,F1_score_UDPscan,Num. Obs. UDPscan,AUC_UDPscan,Precision-Spam,Recall-Spam,F1_score_Spam,Num. Obs. Spam,AUC_Spam,Precision-w,Recall-w,F1_score_w,Total Obs.,AUC_w,Time
2,5,86,0.8739647643427195,0.9646002991524015,0.9170485068731237,6017,0.8604660884408295,1.0,0.5180722891566265,0.6825396825396826,83,0.7590361445783133,1.0,0.025210084033613446,0.049180327868852465,119,0.5126050420168067,0.96875,0.8857142857142857,0.9253731343283582,35,0.9428040473914956,0.0,0.0,0.0,5,0.5,0.0,0.0,0.0,2,0.5,0.9279643868878996,0.7185835161391413,0.809961144471918,3191,0.8450767764372435,0.8945923186213954,0.8647905205247567,0.8672617636726782,9452,0.8500383611318681,4340.746387958527
