Rep.,Kfold,Num. Vars.,Precision-Background,Recall-Background,F1_score_Background,Num. Obs. Background,AUC_Background,Precision-DoS,Recall-DoS,F1_score_DoS,Num. Obs. Dos,AUC_DoS,Precision-Botnet,Recall-Botnet,F1_score_Botnet,Num. Obs. Botnet,AUC_Botnet,Precision-Scan,Recall-Scan,F1_score_Scan,Num. Obs. Scan,AUC_Scan,Precision-SSHscan,Recall-SSHscan,F1_score_SSHscan,Num. Obs. SSHscan,AUC_SSHscan,Precision-UDPscan,Recall-UDPscan,F1_score_UDPscan,Num. Obs. UDPscan,AUC_UDPscan,Precision-Spam,Recall-Spam,F1_score_Spam,Num. Obs. Spam,AUC_Spam,Precision-w,Recall-w,F1_score_w,Total Obs.,AUC_w,Time
2,4,87,0.861810551558753,0.9554669325357261,0.9062253743104808,6018,0.8434876887489346,1.0,0.43373493975903615,0.6050420168067226,83,0.7168674698795181,1.0,0.025210084033613446,0.049180327868852465,119,0.5126050420168067,0.9428571428571428,0.9428571428571428,0.9428571428571428,35,0.9713223804972768,0.0,0.0,0.0,5,0.5,0.0,0.0,0.0,2,0.5,0.9068100358422939,0.7137931034482758,0.7988072268023154,3190,0.838212425246974,0.8796127712248722,0.8568556919170546,0.8560019363638607,9452,0.8366486278826005,4202.048751592636
