Rep.,Kfold,Num. Vars.,Precision-Background,Recall-Background,F1_score_Background,Num. Obs. Background,AUC_Background,Precision-DoS,Recall-DoS,F1_score_DoS,Num. Obs. Dos,AUC_DoS,Precision-Botnet,Recall-Botnet,F1_score_Botnet,Num. Obs. Botnet,AUC_Botnet,Precision-Scan,Recall-Scan,F1_score_Scan,Num. Obs. Scan,AUC_Scan,Precision-SSHscan,Recall-SSHscan,F1_score_SSHscan,Num. Obs. SSHscan,AUC_SSHscan,Precision-UDPscan,Recall-UDPscan,F1_score_UDPscan,Num. Obs. UDPscan,AUC_UDPscan,Precision-Spam,Recall-Spam,F1_score_Spam,Num. Obs. Spam,AUC_Spam,Precision-w,Recall-w,F1_score_w,Total Obs.,AUC_w,Time
3,5,82,0.8773499090357793,0.9616151545363908,0.9175519264309496,6018,0.8631177314724433,1.0,0.4457831325301205,0.6166666666666667,83,0.7228915662650602,1.0,0.03361344537815126,0.06504065040650406,119,0.5168067226890757,0.9666666666666667,0.8285714285714286,0.8923076923076922,35,0.914232635729451,0.0,0.0,0.0,6,0.5,0.0,0.0,0.0,2,0.5,0.9218318199763127,0.731516290726817,0.8157205240174673,3192,0.8499510241754793,0.8945755954812313,0.8664198836594394,0.8689329821139807,9455,0.852965025850854,4383.379545927048
