Rep.,Kfold,Num. Vars.,Precision-Background,Recall-Background,F1_score_Background,Num. Obs. Background,AUC_Background,Precision-DoS,Recall-DoS,F1_score_DoS,Num. Obs. Dos,AUC_DoS,Precision-Botnet,Recall-Botnet,F1_score_Botnet,Num. Obs. Botnet,AUC_Botnet,Precision-Scan,Recall-Scan,F1_score_Scan,Num. Obs. Scan,AUC_Scan,Precision-SSHscan,Recall-SSHscan,F1_score_SSHscan,Num. Obs. SSHscan,AUC_SSHscan,Precision-UDPscan,Recall-UDPscan,F1_score_UDPscan,Num. Obs. UDPscan,AUC_UDPscan,Precision-Spam,Recall-Spam,F1_score_Spam,Num. Obs. Spam,AUC_Spam,Precision-w,Recall-w,F1_score_w,Total Obs.,AUC_w,Time
9,5,82,0.8539973400325107,0.9602858092389498,0.9040281579976533,6018,0.8363710769128393,1.0,0.36904761904761907,0.5391304347826087,84,0.6845238095238095,1.0,0.025210084033613446,0.049180327868852465,119,0.5126050420168067,0.9696969696969697,0.9142857142857143,0.9411764705882354,35,0.9570897729513292,0.0,0.0,0.0,5,0.5,0.0,0.0,0.0,1,0.5,0.9121535181236674,0.6701127819548872,0.7726205526458372,3192,0.8186079719419916,0.8766542644495228,0.8445102602073197,0.8452217951009214,9454,0.8251825607524436,4501.337589740753
