Rep.,Kfold,Num. Vars.,Precision-Background,Recall-Background,F1_score_Background,Num. Obs. Background,AUC_Background,Precision-DoS,Recall-DoS,F1_score_DoS,Num. Obs. Dos,AUC_DoS,Precision-Botnet,Recall-Botnet,F1_score_Botnet,Num. Obs. Botnet,AUC_Botnet,Precision-Scan,Recall-Scan,F1_score_Scan,Num. Obs. Scan,AUC_Scan,Precision-SSHscan,Recall-SSHscan,F1_score_SSHscan,Num. Obs. SSHscan,AUC_SSHscan,Precision-UDPscan,Recall-UDPscan,F1_score_UDPscan,Num. Obs. UDPscan,AUC_UDPscan,Precision-Spam,Recall-Spam,F1_score_Spam,Num. Obs. Spam,AUC_Spam,Precision-w,Recall-w,F1_score_w,Total Obs.,AUC_w,Time
14,2,91,0.8169556840077071,0.9159189099368561,0.863611437524481,6018,0.7782446703351336,0.9411764705882353,0.9523809523809523,0.9467455621301775,84,0.975923667225695,0.9557522123893806,0.9152542372881356,0.9350649350649352,118,0.9573593380099633,0.9142857142857143,0.8888888888888888,0.9014084507042254,36,0.9442851749604776,0.0,0.0,0.0,6,0.49989415749364946,0.3333333333333333,0.5,0.4,2,0.7498942022852306,0.7873194221508828,0.6150470219435736,0.6906019007391763,3190,0.7652182747010334,0.8095416543253658,0.8139411889147451,0.8063622475314416,9454,0.7782908961236908,0:00:42.933105
