Rep.,Kfold,Num. Vars.,Precision-Background,Recall-Background,F1_score_Background,Num. Obs. Background,AUC_Background,Precision-DoS,Recall-DoS,F1_score_DoS,Num. Obs. Dos,AUC_DoS,Precision-Botnet,Recall-Botnet,F1_score_Botnet,Num. Obs. Botnet,AUC_Botnet,Precision-Scan,Recall-Scan,F1_score_Scan,Num. Obs. Scan,AUC_Scan,Precision-SSHscan,Recall-SSHscan,F1_score_SSHscan,Num. Obs. SSHscan,AUC_SSHscan,Precision-UDPscan,Recall-UDPscan,F1_score_UDPscan,Num. Obs. UDPscan,AUC_UDPscan,Precision-Spam,Recall-Spam,F1_score_Spam,Num. Obs. Spam,AUC_Spam,Precision-w,Recall-w,F1_score_w,Total Obs.,AUC_w,Time
16,5,76,0.8137067059690494,0.9174144233964773,0.8624541123174256,6018,0.774772403782057,0.9285714285714286,0.9397590361445783,0.9341317365269461,83,0.9695593814806769,0.9813084112149533,0.8823529411764706,0.9292035398230087,119,0.9410693468603295,0.7804878048780488,0.9142857142857143,0.8421052631578947,35,0.9566650994191072,0.0,0.0,0.0,5,0.4997883373902,0.14285714285714285,0.5,0.22222222222222224,2,0.749682606855692,0.7937347436940602,0.6112155388471178,0.6906194690265486,3192,0.7651254953897038,0.8093863100651189,0.813200761582399,0.8052393142674694,9454,0.7758412495836641,0:00:40.033533
