Rep.,Kfold,Num. Vars.,Precision-Background,Recall-Background,F1_score_Background,Num. Obs. Background,AUC_Background,Precision-DoS,Recall-DoS,F1_score_DoS,Num. Obs. Dos,AUC_DoS,Precision-Botnet,Recall-Botnet,F1_score_Botnet,Num. Obs. Botnet,AUC_Botnet,Precision-Scan,Recall-Scan,F1_score_Scan,Num. Obs. Scan,AUC_Scan,Precision-SSHscan,Recall-SSHscan,F1_score_SSHscan,Num. Obs. SSHscan,AUC_SSHscan,Precision-UDPscan,Recall-UDPscan,F1_score_UDPscan,Num. Obs. UDPscan,AUC_UDPscan,Precision-Spam,Recall-Spam,F1_score_Spam,Num. Obs. Spam,AUC_Spam,Precision-w,Recall-w,F1_score_w,Total Obs.,AUC_w,Time
20,3,83,0.8180193596425912,0.9127617148554337,0.8627974554307704,6018,0.7785578073695096,0.9390243902439024,0.927710843373494,0.9333333333333333,83,0.9635886411937366,0.9067796610169492,0.8991596638655462,0.9029535864978903,119,0.9489906514292915,0.7857142857142857,0.9428571428571428,0.8571428571428571,35,0.9709508137048215,0.0,0.0,0.0,6,0.49989415749364946,0.3333333333333333,1.0,0.5,1,0.9998942134772031,0.7905675459632294,0.6196741854636592,0.6947664207938181,3192,0.7679974248940781,0.8102402422708203,0.8133065369155913,0.8065821499276665,9454,0.7793208110206133,0:00:34.031731
