Rep.,Kfold,Num. Vars.,Precision-Background,Recall-Background,F1_score_Background,Num. Obs. Background,AUC_Background,Precision-DoS,Recall-DoS,F1_score_DoS,Num. Obs. Dos,AUC_DoS,Precision-Botnet,Recall-Botnet,F1_score_Botnet,Num. Obs. Botnet,AUC_Botnet,Precision-Scan,Recall-Scan,F1_score_Scan,Num. Obs. Scan,AUC_Scan,Precision-SSHscan,Recall-SSHscan,F1_score_SSHscan,Num. Obs. SSHscan,AUC_SSHscan,Precision-UDPscan,Recall-UDPscan,F1_score_UDPscan,Num. Obs. UDPscan,AUC_UDPscan,Precision-Spam,Recall-Spam,F1_score_Spam,Num. Obs. Spam,AUC_Spam,Precision-w,Recall-w,F1_score_w,Total Obs.,AUC_w,Time
2,5,86,0.8084859052600988,0.924713312281868,0.8627025350802389,6017,0.7705080389648059,0.95,0.9156626506024096,0.9325153374233127,83,0.9576178553471008,0.9642857142857143,0.907563025210084,0.935064935064935,119,0.9535672192374216,0.7209302325581395,0.8857142857142857,0.7948717948717948,35,0.9422199972693761,0.0,0.0,0.0,5,0.4998941462898275,0.5,0.5,0.5,2,0.74994708994709,0.801007556675063,0.5979316828580382,0.6847299479633949,3191,0.7611124633743952,0.8083482187303931,0.8133728311468472,0.803358699812565,9452,0.7717721738232931,0:00:39.060204
