Rep.,Kfold,Num. Vars.,Precision-Background,Recall-Background,F1_score_Background,Num. Obs. Background,AUC_Background,Precision-DoS,Recall-DoS,F1_score_DoS,Num. Obs. Dos,AUC_DoS,Precision-Botnet,Recall-Botnet,F1_score_Botnet,Num. Obs. Botnet,AUC_Botnet,Precision-Scan,Recall-Scan,F1_score_Scan,Num. Obs. Scan,AUC_Scan,Precision-SSHscan,Recall-SSHscan,F1_score_SSHscan,Num. Obs. SSHscan,AUC_SSHscan,Precision-UDPscan,Recall-UDPscan,F1_score_UDPscan,Num. Obs. UDPscan,AUC_UDPscan,Precision-Spam,Recall-Spam,F1_score_Spam,Num. Obs. Spam,AUC_Spam,Precision-w,Recall-w,F1_score_w,Total Obs.,AUC_w,Time
5,4,78,0.815302752293578,0.9229395147889664,0.8657885507189899,24072,0.7784116356224603,0.9936305732484076,0.9341317365269461,0.962962962962963,334,0.9670391909258714,0.9752808988764045,0.9136842105263158,0.9434782608695652,475,0.9566948259144004,1.0,0.9858156028368794,0.9928571428571429,141,0.9929078014184397,1.0,0.047619047619047616,0.0909090909090909,21,0.5238095238095238,1.0,1.0,1.0,7,1.0,0.8090649158106534,0.59832406609758,0.687916441563119,12769,0.7631740090966943,0.8176061979858934,0.8130833707924588,0.8076350719696875,37819,0.7778713066696141,0:00:34.891748
