Rep.,Kfold,Num. Vars.,Precision-Background,Recall-Background,F1_score_Background,Num. Obs. Background,AUC_Background,Precision-DoS,Recall-DoS,F1_score_DoS,Num. Obs. Dos,AUC_DoS,Precision-Botnet,Recall-Botnet,F1_score_Botnet,Num. Obs. Botnet,AUC_Botnet,Precision-Scan,Recall-Scan,F1_score_Scan,Num. Obs. Scan,AUC_Scan,Precision-SSHscan,Recall-SSHscan,F1_score_SSHscan,Num. Obs. SSHscan,AUC_SSHscan,Precision-UDPscan,Recall-UDPscan,F1_score_UDPscan,Num. Obs. UDPscan,AUC_UDPscan,Precision-Spam,Recall-Spam,F1_score_Spam,Num. Obs. Spam,AUC_Spam,Precision-w,Recall-w,F1_score_w,Total Obs.,AUC_w,Time
6,3,84,0.8141683778234087,0.9224761113419194,0.8649448794359395,24070,0.7769069288796597,0.9936305732484076,0.9369369369369369,0.964451313755796,333,0.9684417904191674,0.9839816933638444,0.9033613445378151,0.9419496166484119,476,0.9515869415171869,1.0,0.9929078014184397,0.9964412811387899,141,0.9964539007092199,0.0,0.0,0.0,21,0.4999867710868875,1.0,1.0,1.0,7,1.0,0.8109600679694138,0.5980108074242305,0.6883930583727744,12769,0.7634736247277651,0.8170779339726526,0.8125710659227332,0.807212172727369,37817,0.7769624960955874,0:00:27.483794
