Rep.,Kfold,Num. Vars.,Precision-Background,Recall-Background,F1_score_Background,Num. Obs. Background,AUC_Background,Precision-DoS,Recall-DoS,F1_score_DoS,Num. Obs. Dos,AUC_DoS,Precision-Botnet,Recall-Botnet,F1_score_Botnet,Num. Obs. Botnet,AUC_Botnet,Precision-Scan,Recall-Scan,F1_score_Scan,Num. Obs. Scan,AUC_Scan,Precision-SSHscan,Recall-SSHscan,F1_score_SSHscan,Num. Obs. SSHscan,AUC_SSHscan,Precision-UDPscan,Recall-UDPscan,F1_score_UDPscan,Num. Obs. UDPscan,AUC_UDPscan,Precision-Spam,Recall-Spam,F1_score_Spam,Num. Obs. Spam,AUC_Spam,Precision-w,Recall-w,F1_score_w,Total Obs.,AUC_w,Time
9,1,79,0.8156614068721427,0.9193816489361702,0.8644213487536142,6016,0.7778990850847226,0.9230769230769231,0.8674698795180723,0.8944099378881989,83,0.9334148031674239,0.9642857142857143,0.907563025210084,0.935064935064935,119,0.9535672651492305,0.8,0.9142857142857143,0.8533333333333333,35,0.956718183610635,0.0,0.0,0.0,6,0.49984123624047416,0.25,0.5,0.3333333333333333,2,0.7498413034278459,0.7995943204868154,0.6172878170999061,0.6967126193001061,3193,0.7691933415478767,0.812353403180939,0.8160566955785911,0.8082297771290208,9454,0.7790149180345237,0:01:04.683288
