Rep.,Kfold,Num. Vars.,Precision-Background,Recall-Background,F1_score_Background,Num. Obs. Background,AUC_Background,Precision-DoS,Recall-DoS,F1_score_DoS,Num. Obs. Dos,AUC_DoS,Precision-Botnet,Recall-Botnet,F1_score_Botnet,Num. Obs. Botnet,AUC_Botnet,Precision-Scan,Recall-Scan,F1_score_Scan,Num. Obs. Scan,AUC_Scan,Precision-SSHscan,Recall-SSHscan,F1_score_SSHscan,Num. Obs. SSHscan,AUC_SSHscan,Precision-UDPscan,Recall-UDPscan,F1_score_UDPscan,Num. Obs. UDPscan,AUC_UDPscan,Precision-Spam,Recall-Spam,F1_score_Spam,Num. Obs. Spam,AUC_Spam,Precision-w,Recall-w,F1_score_w,Total Obs.,AUC_w,Time
15,4,83,0.7696371961958436,0.9076935859089399,0.8329838740421639,24072,0.7159767122095801,0.9279279279279279,0.3083832335329341,0.46292134831460674,334,0.6540849074160602,0.7777777777777778,0.014736842105263158,0.028925619834710745,475,0.5073416429892211,0.9206349206349206,0.8226950354609929,0.8689138576779025,141,0.9112148142961315,0.0,0.0,0.0,22,0.5,1.0,0.42857142857142855,0.6,7,0.7142857142857143,0.7475151376670855,0.512453007518797,0.6080572464104826,12768,0.7121164881911577,0.7638266945382371,0.7568153573600571,0.7432860464793667,37819,0.7121084022805021,0:02:25.686595
