Rep.,Kfold,Num. Vars.,Precision-Background,Recall-Background,F1_score_Background,Num. Obs. Background,AUC_Background,Precision-DoS,Recall-DoS,F1_score_DoS,Num. Obs. Dos,AUC_DoS,Precision-Botnet,Recall-Botnet,F1_score_Botnet,Num. Obs. Botnet,AUC_Botnet,Precision-Scan,Recall-Scan,F1_score_Scan,Num. Obs. Scan,AUC_Scan,Precision-SSHscan,Recall-SSHscan,F1_score_SSHscan,Num. Obs. SSHscan,AUC_SSHscan,Precision-UDPscan,Recall-UDPscan,F1_score_UDPscan,Num. Obs. UDPscan,AUC_UDPscan,Precision-Spam,Recall-Spam,F1_score_Spam,Num. Obs. Spam,AUC_Spam,Precision-w,Recall-w,F1_score_w,Total Obs.,AUC_w,Time
14,2,91,0.7639401462792726,0.9459908599916909,0.8452743336550599,24070,0.717047812680458,0.9893048128342246,0.5555555555555556,0.7115384615384616,333,0.7777510983049641,1.0,0.04831932773109244,0.09218436873747494,476,0.5241596638655462,0.9496402877697842,0.9428571428571428,0.9462365591397849,140,0.9713356716276423,0.0,0.0,0.0,21,0.5,1.0,0.5714285714285714,0.7272727272727273,7,0.7857142857142857,0.8510044642857143,0.47775689223057644,0.6119582664526484,12768,0.717558527562168,0.7985998271559873,0.7725505751685839,0.7557218683518849,37815,0.7161604189050855,0:02:12.052108
