Rep.,Kfold,Num. Vars.,Precision-Background,Recall-Background,F1_score_Background,Num. Obs. Background,AUC_Background,Precision-DoS,Recall-DoS,F1_score_DoS,Num. Obs. Dos,AUC_DoS,Precision-Botnet,Recall-Botnet,F1_score_Botnet,Num. Obs. Botnet,AUC_Botnet,Precision-Scan,Recall-Scan,F1_score_Scan,Num. Obs. Scan,AUC_Scan,Precision-SSHscan,Recall-SSHscan,F1_score_SSHscan,Num. Obs. SSHscan,AUC_SSHscan,Precision-UDPscan,Recall-UDPscan,F1_score_UDPscan,Num. Obs. UDPscan,AUC_UDPscan,Precision-Spam,Recall-Spam,F1_score_Spam,Num. Obs. Spam,AUC_Spam,Precision-w,Recall-w,F1_score_w,Total Obs.,AUC_w,Time
14,1,80,0.7665433621043979,0.9297108673978066,0.840279342194188,6018,0.7168926863182281,0.9444444444444444,0.40963855421686746,0.5714285714285714,83,0.7047125649112296,0.9285714285714286,0.6554621848739496,0.7684729064039408,119,0.8274097212532575,0.9411764705882353,0.9142857142857143,0.9275362318840579,35,0.9570366887598015,0.0,0.0,0.0,5,0.5,0.0,0.0,0.0,2,0.5,0.8245702730030333,0.5109649122807017,0.6309477756286266,3192,0.7277756532019924,0.7898155627173075,0.7795642056272477,0.7660383960797316,9454,0.722579781585278,0:02:10.102588
