Rep.,Kfold,Num. Vars.,Precision-Background,Recall-Background,F1_score_Background,Num. Obs. Background,AUC_Background,Precision-DoS,Recall-DoS,F1_score_DoS,Num. Obs. Dos,AUC_DoS,Precision-Botnet,Recall-Botnet,F1_score_Botnet,Num. Obs. Botnet,AUC_Botnet,Precision-Scan,Recall-Scan,F1_score_Scan,Num. Obs. Scan,AUC_Scan,Precision-SSHscan,Recall-SSHscan,F1_score_SSHscan,Num. Obs. SSHscan,AUC_SSHscan,Precision-UDPscan,Recall-UDPscan,F1_score_UDPscan,Num. Obs. UDPscan,AUC_UDPscan,Precision-Spam,Recall-Spam,F1_score_Spam,Num. Obs. Spam,AUC_Spam,Precision-w,Recall-w,F1_score_w,Total Obs.,AUC_w,Time
12,5,86,0.7488719865927549,0.9654312780455376,0.843473210396399,6017,0.6991639650780818,0.975609756097561,0.4819277108433735,0.6451612903225806,83,0.7409104879331608,1.0,0.008403361344537815,0.016666666666666666,119,0.5042016806722689,0.9117647058823529,0.8857142857142857,0.8985507246376812,35,0.9426978564602012,0.0,0.0,0.0,5,0.5,0.0,0.0,0.0,2,0.5,0.8685503685503686,0.4431212785960514,0.5868437435152521,3191,0.7044707175602841,0.7944767608796881,0.7717943292424884,0.7442634033331285,9452,0.6996218401485659,0:02:05.882174
