Rep.,Kfold,Num. Vars.,Precision-Background,Recall-Background,F1_score_Background,Num. Obs. Background,AUC_Background,Precision-DoS,Recall-DoS,F1_score_DoS,Num. Obs. Dos,AUC_DoS,Precision-Botnet,Recall-Botnet,F1_score_Botnet,Num. Obs. Botnet,AUC_Botnet,Precision-Scan,Recall-Scan,F1_score_Scan,Num. Obs. Scan,AUC_Scan,Precision-SSHscan,Recall-SSHscan,F1_score_SSHscan,Num. Obs. SSHscan,AUC_SSHscan,Precision-UDPscan,Recall-UDPscan,F1_score_UDPscan,Num. Obs. UDPscan,AUC_UDPscan,Precision-Spam,Recall-Spam,F1_score_Spam,Num. Obs. Spam,AUC_Spam,Precision-w,Recall-w,F1_score_w,Total Obs.,AUC_w,Time
18,1,91,0.7557452396585687,0.9561388935039044,0.8442129969194662,6019,0.7074846344156123,0.9649122807017544,0.6626506024096386,0.7857142857142856,83,0.8312186117777416,1.0,0.06722689075630252,0.12598425196850394,119,0.5336134453781513,0.8648648648648649,0.9142857142857143,0.888888888888889,35,0.9568774925318816,0.0,0.0,0.0,5,0.5,0.5,0.5,0.5,2,0.7499471123334038,0.8490456911509543,0.4597557156279361,0.5965054855749695,3193,0.7090411980662433,0.7921099279736079,0.7740059221658206,0.7506638712678504,9456,0.7077305743669543,0:02:09.945716
