Rep.,Kfold,Num. Vars.,Precision-Background,Recall-Background,F1_score_Background,Num. Obs. Background,AUC_Background,Precision-DoS,Recall-DoS,F1_score_DoS,Num. Obs. Dos,AUC_DoS,Precision-Botnet,Recall-Botnet,F1_score_Botnet,Num. Obs. Botnet,AUC_Botnet,Precision-Scan,Recall-Scan,F1_score_Scan,Num. Obs. Scan,AUC_Scan,Precision-SSHscan,Recall-SSHscan,F1_score_SSHscan,Num. Obs. SSHscan,AUC_SSHscan,Precision-UDPscan,Recall-UDPscan,F1_score_UDPscan,Num. Obs. UDPscan,AUC_UDPscan,Precision-Spam,Recall-Spam,F1_score_Spam,Num. Obs. Spam,AUC_Spam,Precision-w,Recall-w,F1_score_w,Total Obs.,AUC_w,Time
10,3,84,0.7676685621445979,0.9420169463366007,0.8459530026109661,6019,0.7213721624321934,0.926829268292683,0.4523809523809524,0.608,84,0.7260304249740869,0.974025974025974,0.6302521008403361,0.7653061224489796,119,0.8150189496383323,0.90625,0.8055555555555556,0.8529411764705882,36,0.9026185421089878,0.0,0.0,0.0,6,0.5,0.0,0.0,0.0,1,0.5,0.8194519075765717,0.4779066123472266,0.6037212984956453,3191,0.7121376637155128,0.7891133525878651,0.7759094754653131,0.7604817150105095,9456,0.7200019467868317,0:02:48.743964
