Rep.,Kfold,Num. Vars.,Precision-Background,Recall-Background,F1_score_Background,Num. Obs. Background,AUC_Background,Precision-DoS,Recall-DoS,F1_score_DoS,Num. Obs. Dos,AUC_DoS,Precision-Botnet,Recall-Botnet,F1_score_Botnet,Num. Obs. Botnet,AUC_Botnet,Precision-Scan,Recall-Scan,F1_score_Scan,Num. Obs. Scan,AUC_Scan,Precision-SSHscan,Recall-SSHscan,F1_score_SSHscan,Num. Obs. SSHscan,AUC_SSHscan,Precision-UDPscan,Recall-UDPscan,F1_score_UDPscan,Num. Obs. UDPscan,AUC_UDPscan,Precision-Spam,Recall-Spam,F1_score_Spam,Num. Obs. Spam,AUC_Spam,Precision-w,Recall-w,F1_score_w,Total Obs.,AUC_w,Time
19,1,86,0.7624942079830542,0.9570455300764373,0.848763953873927,24072,0.7175203645144681,0.9894736842105263,0.5645645645645646,0.7189292543021032,333,0.782255605656342,1.0,0.10526315789473684,0.1904761904761905,475,0.5526315789473684,0.9568345323741008,0.9432624113475178,0.95,141,0.9715515836131399,0.0,0.0,0.0,22,0.5,1.0,0.42857142857142855,0.6,7,0.7142857142857143,0.8655828131804326,0.4669903672957945,0.6066741275816462,12769,0.7150121497157614,0.8026070473036272,0.7767259842936091,0.7574525361564822,37819,0.7159924970064213,0:02:02.287833
