Rep.,Kfold,Num. Vars.,Precision-Background,Recall-Background,F1_score_Background,Num. Obs. Background,AUC_Background,Precision-DoS,Recall-DoS,F1_score_DoS,Num. Obs. Dos,AUC_DoS,Precision-Botnet,Recall-Botnet,F1_score_Botnet,Num. Obs. Botnet,AUC_Botnet,Precision-Scan,Recall-Scan,F1_score_Scan,Num. Obs. Scan,AUC_Scan,Precision-SSHscan,Recall-SSHscan,F1_score_SSHscan,Num. Obs. SSHscan,AUC_SSHscan,Precision-UDPscan,Recall-UDPscan,F1_score_UDPscan,Num. Obs. UDPscan,AUC_UDPscan,Precision-Spam,Recall-Spam,F1_score_Spam,Num. Obs. Spam,AUC_Spam,Precision-w,Recall-w,F1_score_w,Total Obs.,AUC_w,Time
13,3,87,0.7617600422832981,0.9579196610310307,0.8486521299107554,24073,0.7166289706290029,1.0,0.4101796407185629,0.5817409766454352,334,0.7050898203592815,1.0,0.08421052631578947,0.1553398058252427,475,0.5421052631578948,0.9696969696969697,0.9142857142857143,0.9411764705882354,140,0.9570897771778899,0.0,0.0,0.0,21,0.5,1.0,0.7142857142857143,0.8333333333333333,7,0.8571428571428572,0.8615989883377828,0.4802255462448117,0.6167152770793524,12769,0.7204520944796913,0.800956253621951,0.780084084719321,0.75914556253603,37819,0.7164217608389453,0:02:09.314218
