Rep.,Kfold,Num. Vars.,Precision-Background,Recall-Background,F1_score_Background,Num. Obs. Background,AUC_Background,Precision-DoS,Recall-DoS,F1_score_DoS,Num. Obs. Dos,AUC_DoS,Precision-Botnet,Recall-Botnet,F1_score_Botnet,Num. Obs. Botnet,AUC_Botnet,Precision-Scan,Recall-Scan,F1_score_Scan,Num. Obs. Scan,AUC_Scan,Precision-SSHscan,Recall-SSHscan,F1_score_SSHscan,Num. Obs. SSHscan,AUC_SSHscan,Precision-UDPscan,Recall-UDPscan,F1_score_UDPscan,Num. Obs. UDPscan,AUC_UDPscan,Precision-Spam,Recall-Spam,F1_score_Spam,Num. Obs. Spam,AUC_Spam,Precision-w,Recall-w,F1_score_w,Total Obs.,AUC_w,Time
12,1,84,0.7616160954190969,0.9656017614556935,0.8515635018043928,24071,0.7182169412457402,0.9945652173913043,0.5479041916167665,0.7065637065637066,334,0.7739387571395823,0.997229916897507,0.7578947368421053,0.861244019138756,475,0.8789339793893475,0.9703703703703703,0.9290780141843972,0.9492753623188406,141,0.9644859257184528,0.0,0.0,0.0,22,0.5,1.0,0.42857142857142855,0.6,7,0.7142857142857143,0.8785902810122652,0.4431827081212311,0.5891723060905778,12769,0.7059825716254858,0.8065065587782843,0.7821200983632566,0.7616345551594244,37819,0.7173873754047675,0:01:57.542041
