Rep.,Kfold,Num. Vars.,Precision-Background,Recall-Background,F1_score_Background,Num. Obs. Background,AUC_Background,Precision-DoS,Recall-DoS,F1_score_DoS,Num. Obs. Dos,AUC_DoS,Precision-Botnet,Recall-Botnet,F1_score_Botnet,Num. Obs. Botnet,AUC_Botnet,Precision-Scan,Recall-Scan,F1_score_Scan,Num. Obs. Scan,AUC_Scan,Precision-SSHscan,Recall-SSHscan,F1_score_SSHscan,Num. Obs. SSHscan,AUC_SSHscan,Precision-UDPscan,Recall-UDPscan,F1_score_UDPscan,Num. Obs. UDPscan,AUC_UDPscan,Precision-Spam,Recall-Spam,F1_score_Spam,Num. Obs. Spam,AUC_Spam,Precision-w,Recall-w,F1_score_w,Total Obs.,AUC_w,Time
12,3,82,0.7656440059467495,0.9411862435620535,0.8443881353405872,6019,0.7184849508010906,0.8695652173913043,0.7142857142857143,0.7843137254901961,84,0.8566628059373953,1.0,0.37815126050420167,0.5487804878048781,119,0.6890756302521008,0.9411764705882353,0.8888888888888888,0.9142857142857143,36,0.9443383098657987,0.0,0.0,0.0,6,0.5,0.0,0.0,0.0,2,0.5,0.8320224719101124,0.46397243107769426,0.5957361222847949,3192,0.7081272943770214,0.7919383414392696,0.770035948403468,0.7557690215322799,9458,0.7165213678766257,0:02:09.606369
