Rep.,Kfold,Num. Vars.,Precision-Background,Recall-Background,F1_score_Background,Num. Obs. Background,AUC_Background,Precision-DoS,Recall-DoS,F1_score_DoS,Num. Obs. Dos,AUC_DoS,Precision-Botnet,Recall-Botnet,F1_score_Botnet,Num. Obs. Botnet,AUC_Botnet,Precision-Scan,Recall-Scan,F1_score_Scan,Num. Obs. Scan,AUC_Scan,Precision-SSHscan,Recall-SSHscan,F1_score_SSHscan,Num. Obs. SSHscan,AUC_SSHscan,Precision-UDPscan,Recall-UDPscan,F1_score_UDPscan,Num. Obs. UDPscan,AUC_UDPscan,Precision-Spam,Recall-Spam,F1_score_Spam,Num. Obs. Spam,AUC_Spam,Precision-w,Recall-w,F1_score_w,Total Obs.,AUC_w,Time
10,2,88,0.7526062943233439,0.9566319112698874,0.8424422007609014,24073,0.7030031828679958,0.9794871794871794,0.5718562874251497,0.722117202268431,334,0.7858747918839409,0.9942857142857143,0.3663157894736842,0.5353846153846153,475,0.6831445064221632,0.9420289855072463,0.9219858156028369,0.9318996415770608,141,0.9608867506888918,0.0,0.0,0.0,22,0.5,1.0,0.5714285714285714,0.7272727272727273,7,0.7857142857142857,0.858712236801953,0.4407549534027723,0.5825182425089271,12769,0.7018959183427721,0.7937825122064712,0.7708944766135216,0.7495907071185925,37821,0.7039704253030595,0:02:47.268962
