Rep.,Kfold,Num. Vars.,Precision-Background,Recall-Background,F1_score_Background,Num. Obs. Background,AUC_Background,Precision-DoS,Recall-DoS,F1_score_DoS,Num. Obs. Dos,AUC_DoS,Precision-Botnet,Recall-Botnet,F1_score_Botnet,Num. Obs. Botnet,AUC_Botnet,Precision-Scan,Recall-Scan,F1_score_Scan,Num. Obs. Scan,AUC_Scan,Precision-SSHscan,Recall-SSHscan,F1_score_SSHscan,Num. Obs. SSHscan,AUC_SSHscan,Precision-UDPscan,Recall-UDPscan,F1_score_UDPscan,Num. Obs. UDPscan,AUC_UDPscan,Precision-Spam,Recall-Spam,F1_score_Spam,Num. Obs. Spam,AUC_Spam,Precision-w,Recall-w,F1_score_w,Total Obs.,AUC_w,Time
11,4,85,0.742973939703628,0.9662734673533809,0.8400375532606341,6019,0.6903544286708698,0.9629629629629629,0.6265060240963856,0.7591240875912408,83,0.8131463112372666,1.0,0.09243697478991597,0.1692307692307692,119,0.546218487394958,0.9705882352941176,0.9428571428571428,0.9565217391304348,35,0.9713754928723081,0.0,0.0,0.0,5,0.5,1.0,0.5,0.6666666666666666,2,0.75,0.8697204045211184,0.45802005012531327,0.6000410424789657,3192,0.7115263910214623,0.7914335471675058,0.7800105764145955,0.7498122047255471,9455,0.6977181208242937,0:02:01.493215
