Rep.,Kfold,Num. Vars.,Precision-Background,Recall-Background,F1_score_Background,Num. Obs. Background,AUC_Background,Precision-DoS,Recall-DoS,F1_score_DoS,Num. Obs. Dos,AUC_DoS,Precision-Botnet,Recall-Botnet,F1_score_Botnet,Num. Obs. Botnet,AUC_Botnet,Precision-Scan,Recall-Scan,F1_score_Scan,Num. Obs. Scan,AUC_Scan,Precision-SSHscan,Recall-SSHscan,F1_score_SSHscan,Num. Obs. SSHscan,AUC_SSHscan,Precision-UDPscan,Recall-UDPscan,F1_score_UDPscan,Num. Obs. UDPscan,AUC_UDPscan,Precision-Spam,Recall-Spam,F1_score_Spam,Num. Obs. Spam,AUC_Spam,Precision-w,Recall-w,F1_score_w,Total Obs.,AUC_w,Time
10,1,88,0.7604869657271404,0.9551271397706498,0.8467658759392958,6017,0.7140992321851793,0.9534883720930233,0.4939759036144578,0.6507936507936507,83,0.7468812168301769,1.0,0.211864406779661,0.3496503496503497,118,0.6059322033898304,0.9375,0.8571428571428571,0.8955223880597014,35,0.9284652376401341,0.0,0.0,0.0,5,0.5,1.0,0.5,0.6666666666666666,2,0.75,0.8613224107665302,0.46115288220551376,0.6006937359722506,3192,0.711646728642693,0.7995284852762049,0.774016081252645,0.7554333381231699,9452,0.7128966210537463,0:02:56.968344
