Rep.,Kfold,Num. Vars.,Precision-Background,Recall-Background,F1_score_Background,Num. Obs. Background,AUC_Background,Precision-DoS,Recall-DoS,F1_score_DoS,Num. Obs. Dos,AUC_DoS,Precision-Botnet,Recall-Botnet,F1_score_Botnet,Num. Obs. Botnet,AUC_Botnet,Precision-Scan,Recall-Scan,F1_score_Scan,Num. Obs. Scan,AUC_Scan,Precision-SSHscan,Recall-SSHscan,F1_score_SSHscan,Num. Obs. SSHscan,AUC_SSHscan,Precision-UDPscan,Recall-UDPscan,F1_score_UDPscan,Num. Obs. UDPscan,AUC_UDPscan,Precision-Spam,Recall-Spam,F1_score_Spam,Num. Obs. Spam,AUC_Spam,Precision-w,Recall-w,F1_score_w,Total Obs.,AUC_w,Time
16,5,76,0.747784150156413,0.9533067464273846,0.8381300219138057,6018,0.6950759576141579,1.0,0.5301204819277109,0.6929133858267718,83,0.7650602409638554,1.0,0.008403361344537815,0.016666666666666666,119,0.5042016806722689,0.8611111111111112,0.8857142857142857,0.8732394366197184,35,0.942591721899504,0.0,0.0,0.0,5,0.5,0.0,0.0,0.0,2,0.5,0.8358116480793061,0.4226190476190476,0.5613816063254266,3192,0.6901501498076076,0.782760174021507,0.7575629363232494,0.7325846291418119,9454,0.6923965624470456,0:02:42.720041
