Rep.,Kfold,Num. Vars.,Precision-Background,Recall-Background,F1_score_Background,Num. Obs. Background,AUC_Background,Precision-DoS,Recall-DoS,F1_score_DoS,Num. Obs. Dos,AUC_DoS,Precision-Botnet,Recall-Botnet,F1_score_Botnet,Num. Obs. Botnet,AUC_Botnet,Precision-Scan,Recall-Scan,F1_score_Scan,Num. Obs. Scan,AUC_Scan,Precision-SSHscan,Recall-SSHscan,F1_score_SSHscan,Num. Obs. SSHscan,AUC_SSHscan,Precision-UDPscan,Recall-UDPscan,F1_score_UDPscan,Num. Obs. UDPscan,AUC_UDPscan,Precision-Spam,Recall-Spam,F1_score_Spam,Num. Obs. Spam,AUC_Spam,Precision-w,Recall-w,F1_score_w,Total Obs.,AUC_w,Time
16,3,80,0.7485110903647426,0.9658538611722677,0.8434053975623912,24073,0.6987922102835223,0.9838709677419355,0.5479041916167665,0.703846153846154,334,0.7739120808694727,1.0,0.031578947368421054,0.061224489795918366,475,0.5157894736842106,0.9696969696969697,0.9078014184397163,0.9377289377289377,141,0.953847629254891,0.0,0.0,0.0,22,0.5,1.0,0.5714285714285714,0.7272727272727273,7,0.7857142857142857,0.8767616661446915,0.43851817042606517,0.5846298423305837,12768,0.7035517564568455,0.7974812429306966,0.7715494447382337,0.7448262532983793,37820,0.6996153584170168,0:02:51.283871
