Rep.,Kfold,Num. Vars.,Precision-Background,Recall-Background,F1_score_Background,Num. Obs. Background,AUC_Background,Precision-DoS,Recall-DoS,F1_score_DoS,Num. Obs. Dos,AUC_DoS,Precision-Botnet,Recall-Botnet,F1_score_Botnet,Num. Obs. Botnet,AUC_Botnet,Precision-Scan,Recall-Scan,F1_score_Scan,Num. Obs. Scan,AUC_Scan,Precision-SSHscan,Recall-SSHscan,F1_score_SSHscan,Num. Obs. SSHscan,AUC_SSHscan,Precision-UDPscan,Recall-UDPscan,F1_score_UDPscan,Num. Obs. UDPscan,AUC_UDPscan,Precision-Spam,Recall-Spam,F1_score_Spam,Num. Obs. Spam,AUC_Spam,Precision-w,Recall-w,F1_score_w,Total Obs.,AUC_w,Time
18,4,88,0.7568684982662043,0.9430043203722167,0.8397454868304232,6018,0.706145537187564,0.9655172413793104,0.6746987951807228,0.7943262411347517,83,0.837242674004449,0.9375,0.37815126050420167,0.5389221556886227,119,0.6889149274451585,0.9655172413793104,0.8,0.8750000000000001,35,0.899946910172011,0.0,0.0,0.0,5,0.5,0.0,0.0,0.0,2,0.49989419109088984,0.8074602303894679,0.4612973989345033,0.5871559633027523,3191,0.7026225097515059,0.7782644400953738,0.7697027398709404,0.74980311363437,9453,0.7064553284627484,0:02:03.460121
