Rep.,Kfold,Num. Vars.,Precision-Background,Recall-Background,F1_score_Background,Num. Obs. Background,AUC_Background,Precision-DoS,Recall-DoS,F1_score_DoS,Num. Obs. Dos,AUC_DoS,Precision-Botnet,Recall-Botnet,F1_score_Botnet,Num. Obs. Botnet,AUC_Botnet,Precision-Scan,Recall-Scan,F1_score_Scan,Num. Obs. Scan,AUC_Scan,Precision-SSHscan,Recall-SSHscan,F1_score_SSHscan,Num. Obs. SSHscan,AUC_SSHscan,Precision-UDPscan,Recall-UDPscan,F1_score_UDPscan,Num. Obs. UDPscan,AUC_UDPscan,Precision-Spam,Recall-Spam,F1_score_Spam,Num. Obs. Spam,AUC_Spam,Precision-w,Recall-w,F1_score_w,Total Obs.,AUC_w,Time
20,1,82,0.7681320205241992,0.9202525336434624,0.8373393801965231,6019,0.7168908871301397,0.96875,0.37349397590361444,0.5391304347826087,83,0.6866936432382683,1.0,0.2184873949579832,0.3586206896551724,119,0.6092436974789917,0.9375,0.8571428571428571,0.8955223880597014,35,0.9284652827270385,0.0,0.0,0.0,5,0.5,1.0,0.5,0.6666666666666666,2,0.75,0.7686926104066463,0.5505793924209208,0.6416058394160584,3193,0.7330575390972559,0.773269975313407,0.7809856175972927,0.7623406810204834,9456,0.7214055445492885,0:02:42.551133
