Rep.,Kfold,Num. Vars.,Precision-Background,Recall-Background,F1_score_Background,Num. Obs. Background,AUC_Background,Precision-DoS,Recall-DoS,F1_score_DoS,Num. Obs. Dos,AUC_DoS,Precision-Botnet,Recall-Botnet,F1_score_Botnet,Num. Obs. Botnet,AUC_Botnet,Precision-Scan,Recall-Scan,F1_score_Scan,Num. Obs. Scan,AUC_Scan,Precision-SSHscan,Recall-SSHscan,F1_score_SSHscan,Num. Obs. SSHscan,AUC_SSHscan,Precision-UDPscan,Recall-UDPscan,F1_score_UDPscan,Num. Obs. UDPscan,AUC_UDPscan,Precision-Spam,Recall-Spam,F1_score_Spam,Num. Obs. Spam,AUC_Spam,Precision-w,Recall-w,F1_score_w,Total Obs.,AUC_w,Time
20,3,83,0.7588519313304721,0.9401794616151545,0.8398396912572361,6018,0.7084482872685784,0.9523809523809523,0.4819277108433735,0.64,83,0.7408571432244825,0.9736842105263158,0.31092436974789917,0.47133757961783446,119,0.6554086230099967,0.8648648648648649,0.9142857142857143,0.888888888888889,35,0.9568774361852183,0.0,0.0,0.0,6,0.5,0.0,0.0,0.0,1,0.5,0.803347280334728,0.48120300751879697,0.6018808777429467,3192,0.7105791466849813,0.7781089223551676,0.7724772583033637,0.7526633495691947,9454,0.709550022032269,0:01:55.114665
