Rep.,Kfold,Num. Vars.,Precision-Background,Recall-Background,F1_score_Background,Num. Obs. Background,AUC_Background,Precision-DoS,Recall-DoS,F1_score_DoS,Num. Obs. Dos,AUC_DoS,Precision-Botnet,Recall-Botnet,F1_score_Botnet,Num. Obs. Botnet,AUC_Botnet,Precision-Scan,Recall-Scan,F1_score_Scan,Num. Obs. Scan,AUC_Scan,Precision-SSHscan,Recall-SSHscan,F1_score_SSHscan,Num. Obs. SSHscan,AUC_SSHscan,Precision-UDPscan,Recall-UDPscan,F1_score_UDPscan,Num. Obs. UDPscan,AUC_UDPscan,Precision-Spam,Recall-Spam,F1_score_Spam,Num. Obs. Spam,AUC_Spam,Precision-w,Recall-w,F1_score_w,Total Obs.,AUC_w,Time
5,4,78,0.7405441484965991,0.9678880026586906,0.8390895667518997,24072,0.6870428592619852,1.0,0.5149700598802395,0.6798418972332015,334,0.7574850299401197,1.0,0.042105263157894736,0.08080808080808081,475,0.5210526315789473,0.9708029197080292,0.9432624113475178,0.9568345323741008,141,0.9715781243000129,0.0,0.0,0.0,21,0.5,1.0,0.7142857142857143,0.8333333333333333,7,0.8571428571428572,0.8729898260584181,0.41663403555485945,0.5640672215448232,12769,0.6928679159810226,0.7913077829458448,0.7654618049128745,0.7352742388010096,37819,0.6885353563775479,0:02:02.741660
