Rep.,Kfold,Num. Vars.,Precision-Background,Recall-Background,F1_score_Background,Num. Obs. Background,AUC_Background,Precision-DoS,Recall-DoS,F1_score_DoS,Num. Obs. Dos,AUC_DoS,Precision-Botnet,Recall-Botnet,F1_score_Botnet,Num. Obs. Botnet,AUC_Botnet,Precision-Scan,Recall-Scan,F1_score_Scan,Num. Obs. Scan,AUC_Scan,Precision-SSHscan,Recall-SSHscan,F1_score_SSHscan,Num. Obs. SSHscan,AUC_SSHscan,Precision-UDPscan,Recall-UDPscan,F1_score_UDPscan,Num. Obs. UDPscan,AUC_UDPscan,Precision-Spam,Recall-Spam,F1_score_Spam,Num. Obs. Spam,AUC_Spam,Precision-w,Recall-w,F1_score_w,Total Obs.,AUC_w,Time
5,5,77,0.7575042600602963,0.9604454046867209,0.8469881283892716,6017,0.7110143205040125,0.9642857142857143,0.6506024096385542,0.776978417266187,83,0.8251944812333647,1.0,0.025210084033613446,0.049180327868852465,119,0.5126050420168067,0.9375,0.8571428571428571,0.8955223880597014,35,0.9284652489154507,0.0,0.0,0.0,5,0.5,0.0,0.0,0.0,2,0.5,0.8851351351351351,0.45144110275689225,0.5979253112033195,3192,0.7107868347197654,0.8055752352078567,0.7729821220776473,0.7517814570095017,9453,0.7100912058132387,0:02:00.897589
