Rep.,Kfold,Num. Vars.,Precision-Background,Recall-Background,F1_score_Background,Num. Obs. Background,AUC_Background,Precision-DoS,Recall-DoS,F1_score_DoS,Num. Obs. Dos,AUC_DoS,Precision-Botnet,Recall-Botnet,F1_score_Botnet,Num. Obs. Botnet,AUC_Botnet,Precision-Scan,Recall-Scan,F1_score_Scan,Num. Obs. Scan,AUC_Scan,Precision-SSHscan,Recall-SSHscan,F1_score_SSHscan,Num. Obs. SSHscan,AUC_SSHscan,Precision-UDPscan,Recall-UDPscan,F1_score_UDPscan,Num. Obs. UDPscan,AUC_UDPscan,Precision-Spam,Recall-Spam,F1_score_Spam,Num. Obs. Spam,AUC_Spam,Precision-w,Recall-w,F1_score_w,Total Obs.,AUC_w,Time
6,1,87,0.7635254237288136,0.935848429449892,0.8409498207885305,6017,0.7142145842332381,0.9655172413793104,0.6746987951807228,0.7943262411347517,83,0.8372426853931573,0.9423076923076923,0.4117647058823529,0.5730994152046782,119,0.7057216673493177,0.967741935483871,0.8333333333333334,0.8955223880597015,36,0.9166135768386778,0.0,0.0,0.0,6,0.5,0.0,0.0,0.0,1,0.5,0.8127490039840638,0.4473684210526316,0.5770862800565771,3192,0.6974146480862008,0.7843810610736112,0.760947746985403,0.7476646067293073,9454,0.7101276517972224,0:01:57.183700
