Rep.,Kfold,Num. Vars.,Precision-Background,Recall-Background,F1_score_Background,Num. Obs. Background,AUC_Background,Precision-DoS,Recall-DoS,F1_score_DoS,Num. Obs. Dos,AUC_DoS,Precision-Botnet,Recall-Botnet,F1_score_Botnet,Num. Obs. Botnet,AUC_Botnet,Precision-Scan,Recall-Scan,F1_score_Scan,Num. Obs. Scan,AUC_Scan,Precision-SSHscan,Recall-SSHscan,F1_score_SSHscan,Num. Obs. SSHscan,AUC_SSHscan,Precision-UDPscan,Recall-UDPscan,F1_score_UDPscan,Num. Obs. UDPscan,AUC_UDPscan,Precision-Spam,Recall-Spam,F1_score_Spam,Num. Obs. Spam,AUC_Spam,Precision-w,Recall-w,F1_score_w,Total Obs.,AUC_w,Time
6,2,85,0.7646980844435607,0.9585012254392888,0.8507014212767526,24073,0.7210312353556643,0.9862385321100917,0.6437125748502994,0.7789855072463768,334,0.8218162735536743,1.0,0.02736842105263158,0.05327868852459017,475,0.5136842105263157,0.9635036496350365,0.9361702127659575,0.9496402877697842,141,0.9680187581876496,0.0,0.0,0.0,22,0.5,1.0,0.42857142857142855,0.6,7,0.7142857142857143,0.8692922374429224,0.4770929595113165,0.616069171259544,12769,0.7202645062605282,0.8052623476651021,0.7807567224557785,0.7606649845126621,37821,0.7198492818653388,0:02:08.156377
