Rep.,Kfold,Num. Vars.,Precision-Background,Recall-Background,F1_score_Background,Num. Obs. Background,AUC_Background,Precision-DoS,Recall-DoS,F1_score_DoS,Num. Obs. Dos,AUC_DoS,Precision-Botnet,Recall-Botnet,F1_score_Botnet,Num. Obs. Botnet,AUC_Botnet,Precision-Scan,Recall-Scan,F1_score_Scan,Num. Obs. Scan,AUC_Scan,Precision-SSHscan,Recall-SSHscan,F1_score_SSHscan,Num. Obs. SSHscan,AUC_SSHscan,Precision-UDPscan,Recall-UDPscan,F1_score_UDPscan,Num. Obs. UDPscan,AUC_UDPscan,Precision-Spam,Recall-Spam,F1_score_Spam,Num. Obs. Spam,AUC_Spam,Precision-w,Recall-w,F1_score_w,Total Obs.,AUC_w,Time
7,4,88,0.749072011878248,0.9640661349285476,0.8430784880024704,24072,0.6992598970874369,0.9945652173913043,0.5495495495495496,0.7079303675048357,333,0.774761436105974,1.0,0.16631578947368422,0.2851985559566787,475,0.5831578947368421,0.9635036496350365,0.9361702127659575,0.9496402877697842,141,0.9680187529047294,0.0,0.0,0.0,21,0.5,1.0,0.7142857142857143,0.8333333333333333,7,0.8571428571428572,0.8727300473065771,0.4478815882214739,0.5919677052065003,12769,0.707293422958196,0.7965676576228441,0.7754244010788514,0.7500228391597831,37818,0.7020995336301455,0:02:43.713338
