Rep.,Kfold,Num. Vars.,Precision-Background,Recall-Background,F1_score_Background,Num. Obs. Background,AUC_Background,Precision-DoS,Recall-DoS,F1_score_DoS,Num. Obs. Dos,AUC_DoS,Precision-Botnet,Recall-Botnet,F1_score_Botnet,Num. Obs. Botnet,AUC_Botnet,Precision-Scan,Recall-Scan,F1_score_Scan,Num. Obs. Scan,AUC_Scan,Precision-SSHscan,Recall-SSHscan,F1_score_SSHscan,Num. Obs. SSHscan,AUC_SSHscan,Precision-UDPscan,Recall-UDPscan,F1_score_UDPscan,Num. Obs. UDPscan,AUC_UDPscan,Precision-Spam,Recall-Spam,F1_score_Spam,Num. Obs. Spam,AUC_Spam,Precision-w,Recall-w,F1_score_w,Total Obs.,AUC_w,Time
7,1,84,0.8194375575547213,0.9610767249615753,0.8846234729577304,24073,0.795129575748172,1.0,0.8862275449101796,0.9396825396825398,334,0.9431137724550898,1.0,0.8463157894736842,0.9167616875712656,475,0.9231578947368422,1.0,0.9290780141843972,0.963235294117647,141,0.9645390070921986,0.0,0.0,0.0,22,0.5,1.0,0.5714285714285714,0.7272727272727273,7,0.7857142857142857,0.8938784629133154,0.6266739760357115,0.7367984899406106,12769,0.7943764259868803,0.8486622356879757,0.845324026334576,0.8353545289118456,37821,0.7982482446369006,0:02:12.231440
