Rep.,Kfold,Num. Vars.,Precision-Background,Recall-Background,F1_score_Background,Num. Obs. Background,AUC_Background,Precision-DoS,Recall-DoS,F1_score_DoS,Num. Obs. Dos,AUC_DoS,Precision-Botnet,Recall-Botnet,F1_score_Botnet,Num. Obs. Botnet,AUC_Botnet,Precision-Scan,Recall-Scan,F1_score_Scan,Num. Obs. Scan,AUC_Scan,Precision-SSHscan,Recall-SSHscan,F1_score_SSHscan,Num. Obs. SSHscan,AUC_SSHscan,Precision-UDPscan,Recall-UDPscan,F1_score_UDPscan,Num. Obs. UDPscan,AUC_UDPscan,Precision-Spam,Recall-Spam,F1_score_Spam,Num. Obs. Spam,AUC_Spam,Precision-w,Recall-w,F1_score_w,Total Obs.,AUC_w,Time
7,2,80,0.7603132429030904,0.9036064483962107,0.825789793438639,6017,0.7023852963750553,0.9411764705882353,0.3855421686746988,0.547008547008547,83,0.6926643607514369,0.9897959183673469,0.8220338983050848,0.898148148148148,118,0.9109633872885895,0.84375,0.7714285714285715,0.8059701492537314,35,0.8854488365743408,0.0,0.0,0.0,6,0.5,1.0,0.5,0.6666666666666666,2,0.75,0.7053923717667689,0.5040726817042607,0.5879773433217614,3192,0.6983707922177269,0.7460977518939587,0.7619803237067597,0.7433117895317632,9453,0.7041074185941201,0:01:49.535669
