Rep.,Kfold,Num. Vars.,Precision-Background,Recall-Background,F1_score_Background,Num. Obs. Background,AUC_Background,Precision-DoS,Recall-DoS,F1_score_DoS,Num. Obs. Dos,AUC_DoS,Precision-Botnet,Recall-Botnet,F1_score_Botnet,Num. Obs. Botnet,AUC_Botnet,Precision-Scan,Recall-Scan,F1_score_Scan,Num. Obs. Scan,AUC_Scan,Precision-SSHscan,Recall-SSHscan,F1_score_SSHscan,Num. Obs. SSHscan,AUC_SSHscan,Precision-UDPscan,Recall-UDPscan,F1_score_UDPscan,Num. Obs. UDPscan,AUC_UDPscan,Precision-Spam,Recall-Spam,F1_score_Spam,Num. Obs. Spam,AUC_Spam,Precision-w,Recall-w,F1_score_w,Total Obs.,AUC_w,Time
8,5,88,0.7464210696396834,0.9595380525091393,0.8396677390624716,24072,0.6943613009326812,1.0,0.5915915915915916,0.7433962264150944,333,0.7957957957957957,1.0,0.023157894736842106,0.04526748971193416,475,0.511578947368421,0.9565217391304348,0.9361702127659575,0.9462365591397849,141,0.9680054843223598,0.0,0.0,0.0,22,0.5,1.0,0.5714285714285714,0.7272727272727273,7,0.7857142857142857,0.8641975308641975,0.4495261962565589,0.5914172376487559,12769,0.7067591061123113,0.7920002069115734,0.7716227293159523,0.7449126573200717,37819,0.6980687230040207,0:02:22.628230
