Rep.,Kfold,Num. Vars.,Precision-Background,Recall-Background,F1_score_Background,Num. Obs. Background,AUC_Background,Precision-DoS,Recall-DoS,F1_score_DoS,Num. Obs. Dos,AUC_DoS,Precision-Botnet,Recall-Botnet,F1_score_Botnet,Num. Obs. Botnet,AUC_Botnet,Precision-Scan,Recall-Scan,F1_score_Scan,Num. Obs. Scan,AUC_Scan,Precision-SSHscan,Recall-SSHscan,F1_score_SSHscan,Num. Obs. SSHscan,AUC_SSHscan,Precision-UDPscan,Recall-UDPscan,F1_score_UDPscan,Num. Obs. UDPscan,AUC_UDPscan,Precision-Spam,Recall-Spam,F1_score_Spam,Num. Obs. Spam,AUC_Spam,Precision-w,Recall-w,F1_score_w,Total Obs.,AUC_w,Time
9,2,79,0.7469024264326277,0.9617749709157387,0.8408281874318924,6017,0.6955266007081604,0.8857142857142857,0.36904761904761907,0.5210084033613446,84,0.6843103395697056,1.0,0.01680672268907563,0.03305785123966942,119,0.5084033613445378,0.9705882352941176,0.9428571428571428,0.9565217391304348,35,0.9713754816005825,0.0,0.0,0.0,6,0.5,0.0,0.0,0.0,2,0.5,0.8785046728971962,0.44200626959247646,0.5881126173096977,3190,0.7054355154444898,0.7959285300563281,0.7683275150745795,0.742253179312924,9453,0.6972710315358933,0:02:22.683799
