Rep.,Kfold,Num. Vars.,Precision-Background,Recall-Background,F1_score_Background,Num. Obs. Background,AUC_Background,Precision-DoS,Recall-DoS,F1_score_DoS,Num. Obs. Dos,AUC_DoS,Precision-Botnet,Recall-Botnet,F1_score_Botnet,Num. Obs. Botnet,AUC_Botnet,Precision-Scan,Recall-Scan,F1_score_Scan,Num. Obs. Scan,AUC_Scan,Precision-SSHscan,Recall-SSHscan,F1_score_SSHscan,Num. Obs. SSHscan,AUC_SSHscan,Precision-UDPscan,Recall-UDPscan,F1_score_UDPscan,Num. Obs. UDPscan,AUC_UDPscan,Precision-Spam,Recall-Spam,F1_score_Spam,Num. Obs. Spam,AUC_Spam,Precision-w,Recall-w,F1_score_w,Total Obs.,AUC_w,Time
9,2,79,0.7478626984637141,0.9666818993809979,0.8433088701639939,24071,0.697964449144846,1.0,0.4984984984984985,0.6653306613226452,333,0.7492492492492493,1.0,0.023157894736842106,0.04526748971193416,475,0.511578947368421,0.9481481481481482,0.9078014184397163,0.927536231884058,141,0.9538078094189292,0.0,0.0,0.0,21,0.5,1.0,0.5714285714285714,0.7272727272727273,7,0.7857142857142857,0.8833549643088904,0.42645676691729323,0.575216564546799,12768,0.6988759401497996,0.7993750816560415,0.7674793738100275,0.7410245291800084,37816,0.6972428908484848,0:02:22.683799
