Rep,Kfold,Num_Vars_,Precision_background,Recall_background,F1_score_background,Num_Obs_background,AUC_background,Accuracy_background,Precision_dos,Recall_dos,F1_score_dos,Num_Obs_dos,AUC_dos,Accuracy_dos,Precision_nerisbotnet,Recall_nerisbotnet,F1_score_nerisbotnet,Num_Obs_nerisbotnet,AUC_nerisbotnet,Accuracy_nerisbotnet,Precision_scan,Recall_scan,F1_score_scan,Num_Obs_scan,AUC_scan,Accuracy_scan,Precision_sshscan,Recall_sshscan,F1_score_sshscan,Num_Obs_sshscan,AUC_sshscan,Accuracy_sshscan,Precision_udpscan,Recall_udpscan,F1_score_udpscan,Num_Obs_udpscan,AUC_udpscan,Accuracy_udpscan,Precision_spam,Recall_spam,F1_score_spam,Num_Obs_spam,AUC_spam,Accuracy_spam,Precision_w,Recall_w,F1_score_w,Total_Obs,AUC_w,Accuracy_w,Hyper_time,Training_time,Testing_time,Total_time
15.0,1.0,79.0,0.9075524913820119,0.9622860940355541,0.9341182162728812,6019.0,0.8953123807390455,0.9135998307952623,0.9487179487179487,0.8809523809523809,0.9135802469135802,84.0,0.940262788854338,0.9985194585448393,0.9652173913043478,0.9327731092436975,0.9487179487179487,119.0,0.9661723530581774,0.998730964467005,0.9166666666666666,0.9428571428571428,0.9295774647887323,35.0,0.9712693526619861,0.9994712351945855,0.0,0.0,0.0,5.0,0.5,0.9994712351945855,0.0,0.0,0.0,2.0,0.5,0.9997884940778342,0.9222301136363636,0.8135964912280702,0.864513981358189,3192.0,0.8893174027021578,0.913917089678511,0.9129603932896002,0.9102157360406091,0.9099153511154392,9456.0,0.8945682509215798,0.9159141050651193,18437.331684589386,307.6578266620636,3.1611061096191406,18770.840840101242
