Rep,Kfold,Num_Vars_,Precision_background,Recall_background,F1_score_background,Num_Obs_background,AUC_background,Accuracy_background,Precision_dos,Recall_dos,F1_score_dos,Num_Obs_dos,AUC_dos,Accuracy_dos,Precision_nerisbotnet,Recall_nerisbotnet,F1_score_nerisbotnet,Num_Obs_nerisbotnet,AUC_nerisbotnet,Accuracy_nerisbotnet,Precision_scan,Recall_scan,F1_score_scan,Num_Obs_scan,AUC_scan,Accuracy_scan,Precision_sshscan,Recall_sshscan,F1_score_sshscan,Num_Obs_sshscan,AUC_sshscan,Accuracy_sshscan,Precision_udpscan,Recall_udpscan,F1_score_udpscan,Num_Obs_udpscan,AUC_udpscan,Accuracy_udpscan,Precision_spam,Recall_spam,F1_score_spam,Num_Obs_spam,AUC_spam,Accuracy_spam,Precision_w,Recall_w,F1_score_w,Total_Obs,AUC_w,Accuracy_w,Hyper_time,Training_time,Testing_time,Total_time
14.0,3.0,81.0,0.91380129931865,0.9582917912927883,0.9355178846621786,6018.0,0.899984079581202,0.9159086101121219,0.9367088607594937,0.891566265060241,0.9135802469135801,83.0,0.9455163520371102,0.9985191453353078,0.9736842105263158,0.9327731092436975,0.9527896995708156,119.0,0.9662258690299901,0.9988364713348847,0.918918918918919,0.9714285714285714,0.9444444444444445,35.0,0.9855550331397025,0.9995768986672308,0.0,0.0,0.0,5.0,0.5,0.9994711233340385,0.0,0.0,0.0,2.0,0.5,0.9997884493336154,0.9154194222067525,0.8239348370927319,0.8672712283594395,3192.0,0.8925646718200805,0.9148508567801988,0.9146448522997062,0.9113602707848529,0.9118406051532295,9454.0,0.898733211885224,0.9176922682057876,17835.355206012726,414.8773744106293,22.754191637039185,18369.251331090927
