Rep,Kfold,Num_Vars_,Precision_background,Recall_background,F1_score_background,Num_Obs_background,AUC_background,Accuracy_background,Precision_dos,Recall_dos,F1_score_dos,Num_Obs_dos,AUC_dos,Accuracy_dos,Precision_nerisbotnet,Recall_nerisbotnet,F1_score_nerisbotnet,Num_Obs_nerisbotnet,AUC_nerisbotnet,Accuracy_nerisbotnet,Precision_scan,Recall_scan,F1_score_scan,Num_Obs_scan,AUC_scan,Accuracy_scan,Precision_sshscan,Recall_sshscan,F1_score_sshscan,Num_Obs_sshscan,AUC_sshscan,Accuracy_sshscan,Precision_udpscan,Recall_udpscan,F1_score_udpscan,Num_Obs_udpscan,AUC_udpscan,Accuracy_udpscan,Precision_spam,Recall_spam,F1_score_spam,Num_Obs_spam,AUC_spam,Accuracy_spam,Precision_w,Recall_w,F1_score_w,Total_Obs,AUC_w,Accuracy_w,Hyper_time,Training_time,Testing_time,Total_time
16.0,1.0,87.0,0.9160184156215272,0.9587902957793287,0.9369164569294472,6018.0,0.9024832548975155,0.9178386380458919,0.9518072289156626,0.9404761904761905,0.9461077844311376,84.0,0.9700247163839396,0.9990483239928095,0.9572649572649573,0.9411764705882353,0.9491525423728814,119.0,0.9703205120129011,0.9987310986570794,1.0,0.8888888888888888,0.9411764705882353,36.0,0.9444444444444444,0.9995770328856931,0.0,0.0,0.0,6.0,0.5,0.9993655493285397,1.0,0.5,0.6666666666666666,2.0,0.75,0.9998942582214233,0.9164644714038128,0.8283208020050126,0.8701662004278427,3192.0,0.8949265622155949,0.9165697367029714,0.9167621608411514,0.9133974833456698,0.9139866387095469,9457.0,0.9012583305140335,0.9195298020797238,17898.407557725906,382.3053388595581,20.3141348361969,18400.383722543716
