Rep,Kfold,Num_Vars_,Precision_background,Recall_background,F1_score_background,Num_Obs_background,AUC_background,Accuracy_background,Precision_dos,Recall_dos,F1_score_dos,Num_Obs_dos,AUC_dos,Accuracy_dos,Precision_nerisbotnet,Recall_nerisbotnet,F1_score_nerisbotnet,Num_Obs_nerisbotnet,AUC_nerisbotnet,Accuracy_nerisbotnet,Precision_scan,Recall_scan,F1_score_scan,Num_Obs_scan,AUC_scan,Accuracy_scan,Precision_sshscan,Recall_sshscan,F1_score_sshscan,Num_Obs_sshscan,AUC_sshscan,Accuracy_sshscan,Precision_udpscan,Recall_udpscan,F1_score_udpscan,Num_Obs_udpscan,AUC_udpscan,Accuracy_udpscan,Precision_spam,Recall_spam,F1_score_spam,Num_Obs_spam,AUC_spam,Accuracy_spam,Precision_w,Recall_w,F1_score_w,Total_Obs,AUC_w,Accuracy_w,Hyper_time,Training_time,Testing_time,Total_time
17.0,1.0,85.0,0.9129124365482234,0.9562977733466268,0.9341016068819997,6018.0,0.8982594803869339,0.9141104294478528,0.9875,0.9404761904761905,0.9634146341463415,84.0,0.970184733445139,0.9993653480008462,0.9824561403508771,0.9491525423728814,0.9655172413793103,118.0,0.974469158932799,0.9991537973344616,0.9393939393939394,0.8857142857142857,0.9117647058823529,35.0,0.9427509744740873,0.9993653480008462,0.0,0.0,0.0,5.0,0.5,0.9994711233340385,1.0,0.5,0.6666666666666666,2.0,0.75,0.9998942246668077,0.9140976792518185,0.8267543859649122,0.8682349070570817,3192.0,0.8935752127844362,0.9152739581129681,0.9144769883392432,0.9114660461180453,0.9118819817360215,9454.0,0.8981909027550818,0.9167011642984285,17213.85782265663,526.2675619125366,17.939093351364136,17825.26341319084
