Rep,Kfold,Num_Vars_,Precision_background,Recall_background,F1_score_background,Num_Obs_background,AUC_background,Accuracy_background,Precision_dos,Recall_dos,F1_score_dos,Num_Obs_dos,AUC_dos,Accuracy_dos,Precision_nerisbotnet,Recall_nerisbotnet,F1_score_nerisbotnet,Num_Obs_nerisbotnet,AUC_nerisbotnet,Accuracy_nerisbotnet,Precision_scan,Recall_scan,F1_score_scan,Num_Obs_scan,AUC_scan,Accuracy_scan,Precision_sshscan,Recall_sshscan,F1_score_sshscan,Num_Obs_sshscan,AUC_sshscan,Accuracy_sshscan,Precision_udpscan,Recall_udpscan,F1_score_udpscan,Num_Obs_udpscan,AUC_udpscan,Accuracy_udpscan,Precision_spam,Recall_spam,F1_score_spam,Num_Obs_spam,AUC_spam,Accuracy_spam,Precision_w,Recall_w,F1_score_w,Total_Obs,AUC_w,Accuracy_w,Hyper_time,Training_time,Testing_time,Total_time
14.0,2.0,91.0,0.9083438685208597,0.9549759096195382,0.9310763748278934,6019.0,0.8931365877358889,0.910013746431215,1.0,0.9880952380952381,0.9940119760479043,84.0,0.9940476190476191,0.9998942582214233,0.9910714285714286,0.940677966101695,0.9652173913043479,118.0,0.9702854441280506,0.9991540657713863,0.9705882352941176,0.9166666666666666,0.9428571428571428,36.0,0.9582802604111382,0.9995770328856931,0.0,0.0,0.0,6.0,0.5,0.9993655493285397,1.0,0.5,0.6666666666666666,2.0,0.75,0.9998942582214233,0.9134107708553326,0.8129699248120301,0.8602685231228246,3192.0,0.8868520813206199,0.9108596806598287,0.9115804726910536,0.9063127841810299,0.9075599740441234,9457.0,0.8928426284170081,0.9126265087113863,18013.484948396683,566.4008853435516,16.623104333877563,18660.984424591064
