Rep,Kfold,Num_Vars_,Precision_background,Recall_background,F1_score_background,Num_Obs_background,AUC_background,Accuracy_background,Precision_dos,Recall_dos,F1_score_dos,Num_Obs_dos,AUC_dos,Accuracy_dos,Precision_nerisbotnet,Recall_nerisbotnet,F1_score_nerisbotnet,Num_Obs_nerisbotnet,AUC_nerisbotnet,Accuracy_nerisbotnet,Precision_scan,Recall_scan,F1_score_scan,Num_Obs_scan,AUC_scan,Accuracy_scan,Precision_sshscan,Recall_sshscan,F1_score_sshscan,Num_Obs_sshscan,AUC_sshscan,Accuracy_sshscan,Precision_udpscan,Recall_udpscan,F1_score_udpscan,Num_Obs_udpscan,AUC_udpscan,Accuracy_udpscan,Precision_spam,Recall_spam,F1_score_spam,Num_Obs_spam,AUC_spam,Accuracy_spam,Precision_w,Recall_w,F1_score_w,Total_Obs,AUC_w,Accuracy_w,Hyper_time,Training_time,Testing_time,Total_time
11.0,4.0,85.0,0.9204273640567693,0.958963282937365,0.9393002441008952,6019.0,0.9068681373941773,0.921099947117927,0.9605263157894737,0.8795180722891566,0.9182389937106917,83.0,0.939598984928189,0.9986250661025913,0.9739130434782609,0.9411764705882353,0.9572649572649573,119.0,0.9704275669136548,0.9989423585404548,0.9714285714285714,0.9714285714285714,0.9714285714285714,35.0,0.9856612071580225,0.9997884717080909,0.0,0.0,0.0,5.0,0.5,0.9994711792702274,1.0,0.5,0.6666666666666666,2.0,0.75,0.9998942358540455,0.9172366621067032,0.8402255639097744,0.8770438194898627,3192.0,0.9007929671696405,0.9204653622421999,0.920094242843652,0.9173982020095188,0.9178882856457726,9455.0,0.9059477745788832,0.9228953759926573,17362.049082279205,475.4461522102356,12.423445463180542,17897.54057431221
