Rep,Kfold,Num_Vars_,Precision_background,Recall_background,F1_score_background,Num_Obs_background,AUC_background,Accuracy_background,Precision_dos,Recall_dos,F1_score_dos,Num_Obs_dos,AUC_dos,Accuracy_dos,Precision_nerisbotnet,Recall_nerisbotnet,F1_score_nerisbotnet,Num_Obs_nerisbotnet,AUC_nerisbotnet,Accuracy_nerisbotnet,Precision_scan,Recall_scan,F1_score_scan,Num_Obs_scan,AUC_scan,Accuracy_scan,Precision_sshscan,Recall_sshscan,F1_score_sshscan,Num_Obs_sshscan,AUC_sshscan,Accuracy_sshscan,Precision_udpscan,Recall_udpscan,F1_score_udpscan,Num_Obs_udpscan,AUC_udpscan,Accuracy_udpscan,Precision_spam,Recall_spam,F1_score_spam,Num_Obs_spam,AUC_spam,Accuracy_spam,Precision_w,Recall_w,F1_score_w,Total_Obs,AUC_w,Accuracy_w,Hyper_time,Training_time,Testing_time,Total_time
13.0,5.0,83.0,0.90765625,0.9652708541043536,0.9355773876630697,6018.0,0.8966592850678883,0.9153886832363829,0.9647058823529412,0.9761904761904762,0.9704142011834319,84.0,0.9879351697994319,0.9994711792702274,0.9911504424778761,0.9411764705882353,0.9655172413793104,119.0,0.9705346791672967,0.9991538868323638,0.9696969696969697,0.9142857142857143,0.9411764705882354,35.0,0.9570897785865937,0.9995769434161819,0.0,0.0,0.0,5.0,0.5,0.9994711792702274,1.0,0.5,0.6666666666666666,2.0,0.75,0.9998942358540455,0.9251069900142653,0.8126566416040101,0.8652434956637759,3192.0,0.8895631922693529,0.9145425700687467,0.914874501886562,0.9127445795875199,0.9119881344836164,9455.0,0.895987267117601,0.9172782875045339,17777.51298236847,421.1305558681488,23.169276475906372,18297.98293542862
