Rep,Kfold,Num_Vars_,Precision_background,Recall_background,F1_score_background,Num_Obs_background,AUC_background,Accuracy_background,Precision_dos,Recall_dos,F1_score_dos,Num_Obs_dos,AUC_dos,Accuracy_dos,Precision_nerisbotnet,Recall_nerisbotnet,F1_score_nerisbotnet,Num_Obs_nerisbotnet,AUC_nerisbotnet,Accuracy_nerisbotnet,Precision_scan,Recall_scan,F1_score_scan,Num_Obs_scan,AUC_scan,Accuracy_scan,Precision_sshscan,Recall_sshscan,F1_score_sshscan,Num_Obs_sshscan,AUC_sshscan,Accuracy_sshscan,Precision_udpscan,Recall_udpscan,F1_score_udpscan,Num_Obs_udpscan,AUC_udpscan,Accuracy_udpscan,Precision_spam,Recall_spam,F1_score_spam,Num_Obs_spam,AUC_spam,Accuracy_spam,Precision_w,Recall_w,F1_score_w,Total_Obs,AUC_w,Accuracy_w,Hyper_time,Training_time,Testing_time,Total_time
17.0,3.0,78.0,0.9120913995556966,0.9551345962113659,0.9331168831168831,6018.0,0.8969971992109766,0.9128595600676819,0.9866666666666667,0.8809523809523809,0.930817610062893,84.0,0.9404228400707274,0.998836717428088,0.9908256880733946,0.907563025210084,0.9473684210526315,119.0,0.9537279622141241,0.998730964467005,0.9142857142857143,0.9142857142857143,0.9142857142857143,35.0,0.9569836383762718,0.9993654822335025,0.0,0.0,0.0,5.0,0.5,0.9994712351945855,0.0,0.0,0.0,2.0,0.5,0.9997884940778342,0.9133749133749134,0.8255559035389916,0.8672479026155618,3193.0,0.8928194654211005,0.9146573604060914,0.9135110403778569,0.9092639593908629,0.9102734218485022,9456.0,0.8966143476474008,0.9156954080310695,17200.95960021019,326.89192628860474,19.53420066833496,17632.94623184204
