Rep,Kfold,Num_Vars_,Precision_background,Recall_background,F1_score_background,Num_Obs_background,AUC_background,Accuracy_background,Precision_dos,Recall_dos,F1_score_dos,Num_Obs_dos,AUC_dos,Accuracy_dos,Precision_nerisbotnet,Recall_nerisbotnet,F1_score_nerisbotnet,Num_Obs_nerisbotnet,AUC_nerisbotnet,Accuracy_nerisbotnet,Precision_scan,Recall_scan,F1_score_scan,Num_Obs_scan,AUC_scan,Accuracy_scan,Precision_sshscan,Recall_sshscan,F1_score_sshscan,Num_Obs_sshscan,AUC_sshscan,Accuracy_sshscan,Precision_udpscan,Recall_udpscan,F1_score_udpscan,Num_Obs_udpscan,AUC_udpscan,Accuracy_udpscan,Precision_spam,Recall_spam,F1_score_spam,Num_Obs_spam,AUC_spam,Accuracy_spam,Precision_w,Recall_w,F1_score_w,Total_Obs,AUC_w,Accuracy_w,Hyper_time,Training_time,Testing_time,Total_time
12.0,4.0,83.0,0.9113943972300913,0.9622798271851113,0.936146136437116,6018.0,0.8992370913638676,0.9164463246959281,0.9743589743589743,0.9047619047619048,0.9382716049382716,84.0,0.9522742401837482,0.9989423585404548,0.9818181818181818,0.907563025210084,0.9432314410480349,119.0,0.9536744003514003,0.9986250661025913,0.9428571428571428,0.9428571428571428,0.9428571428571428,35.0,0.9713224143160449,0.9995769434161819,0.0,0.0,0.0,5.0,0.5,0.9994711792702274,1.0,1.0,1.0,1.0,1.0,1.0,0.9243816254416961,0.8192922016911995,0.8686700979578283,3193.0,0.8925589082553731,0.9163405605499736,0.9168698603964615,0.9122157588577472,0.9130037470288145,9455.0,0.8982045461877816,0.9185382846912412,17181.146861076355,423.714741230011,19.770538330078125,17710.481142282486
