Rep,Kfold,Num_Vars_,Precision_background,Recall_background,F1_score_background,Num_Obs_background,AUC_background,Accuracy_background,Precision_dos,Recall_dos,F1_score_dos,Num_Obs_dos,AUC_dos,Accuracy_dos,Precision_nerisbotnet,Recall_nerisbotnet,F1_score_nerisbotnet,Num_Obs_nerisbotnet,AUC_nerisbotnet,Accuracy_nerisbotnet,Precision_scan,Recall_scan,F1_score_scan,Num_Obs_scan,AUC_scan,Accuracy_scan,Precision_sshscan,Recall_sshscan,F1_score_sshscan,Num_Obs_sshscan,AUC_sshscan,Accuracy_sshscan,Precision_udpscan,Recall_udpscan,F1_score_udpscan,Num_Obs_udpscan,AUC_udpscan,Accuracy_udpscan,Precision_spam,Recall_spam,F1_score_spam,Num_Obs_spam,AUC_spam,Accuracy_spam,Precision_w,Recall_w,F1_score_w,Total_Obs,AUC_w,Accuracy_w,Hyper_time,Training_time,Testing_time,Total_time
14.0,4.0,86.0,0.9190871369294605,0.9569624459953473,0.9376424617388472,6018.0,0.9047035745692684,0.9189760947746985,0.9746835443037974,0.9166666666666666,0.9447852760736196,84.0,0.9582266097474208,0.9990480220012693,0.9826086956521739,0.9495798319327731,0.9658119658119659,119.0,0.9746827922384808,0.9991537973344616,0.9696969696969697,0.9142857142857143,0.9411764705882354,35.0,0.9570897729513292,0.9995768986672308,0.0,0.0,0.0,5.0,0.5,0.9994711233340385,0.0,0.0,0.0,1.0,0.5,0.9998942246668077,0.9175824175824175,0.8370927318295739,0.8754914809960681,3192.0,0.8993831592715421,0.9196107467738523,0.9194766991123431,0.9152739581129681,0.916494172379546,9454.0,0.9042007177597925,0.9212605689741772,18015.684129714966,553.5868608951569,16.35308074951172,18656.744891881943
