Rep,Kfold,Num_Vars_,Precision_background,Recall_background,F1_score_background,Num_Obs_background,AUC_background,Accuracy_background,Precision_dos,Recall_dos,F1_score_dos,Num_Obs_dos,AUC_dos,Accuracy_dos,Precision_nerisbotnet,Recall_nerisbotnet,F1_score_nerisbotnet,Num_Obs_nerisbotnet,AUC_nerisbotnet,Accuracy_nerisbotnet,Precision_scan,Recall_scan,F1_score_scan,Num_Obs_scan,AUC_scan,Accuracy_scan,Precision_sshscan,Recall_sshscan,F1_score_sshscan,Num_Obs_sshscan,AUC_sshscan,Accuracy_sshscan,Precision_udpscan,Recall_udpscan,F1_score_udpscan,Num_Obs_udpscan,AUC_udpscan,Accuracy_udpscan,Precision_spam,Recall_spam,F1_score_spam,Num_Obs_spam,AUC_spam,Accuracy_spam,Precision_w,Recall_w,F1_score_w,Total_Obs,AUC_w,Accuracy_w,Hyper_time,Training_time,Testing_time,Total_time
18.0,3.0,84.0,0.9163492063492064,0.959288800265869,0.9373274882286085,6018.0,0.902978703304305,0.9183500793231094,0.9753086419753086,0.9404761904761905,0.9575757575757574,84.0,0.9701313830408911,0.9992596509783184,0.9649122807017544,0.9322033898305084,0.9482758620689654,118.0,0.9658874933515829,0.9987308302485457,0.9705882352941176,0.9166666666666666,0.9428571428571428,36.0,0.9582802491418054,0.9995769434161819,0.0,0.0,0.0,5.0,0.5,0.9994711792702274,1.0,1.0,1.0,2.0,1.0,1.0,0.9204031977754605,0.8295739348370927,0.8726314055033778,3192.0,0.8965049939234163,0.918244315177155,0.9185873381944066,0.9143310417768377,0.9153413054500165,9455.0,0.9021928742939057,0.9204057965016172,17341.914358377457,499.3303234577179,11.760766744613647,17920.09110569954
