Rep,Kfold,Num_Vars_,Precision_background,Recall_background,F1_score_background,Num_Obs_background,AUC_background,Accuracy_background,Precision_dos,Recall_dos,F1_score_dos,Num_Obs_dos,AUC_dos,Accuracy_dos,Precision_nerisbotnet,Recall_nerisbotnet,F1_score_nerisbotnet,Num_Obs_nerisbotnet,AUC_nerisbotnet,Accuracy_nerisbotnet,Precision_scan,Recall_scan,F1_score_scan,Num_Obs_scan,AUC_scan,Accuracy_scan,Precision_sshscan,Recall_sshscan,F1_score_sshscan,Num_Obs_sshscan,AUC_sshscan,Accuracy_sshscan,Precision_udpscan,Recall_udpscan,F1_score_udpscan,Num_Obs_udpscan,AUC_udpscan,Accuracy_udpscan,Precision_spam,Recall_spam,F1_score_spam,Num_Obs_spam,AUC_spam,Accuracy_spam,Precision_w,Recall_w,F1_score_w,Total_Obs,AUC_w,Accuracy_w,Hyper_time,Training_time,Testing_time,Total_time
10.0,1.0,88.0,0.9105537150970184,0.959122632103689,0.9342073318766692,6018.0,0.8970285649601415,0.9139955569660425,0.9428571428571428,0.7951807228915663,0.8627450980392157,83.0,0.8973769142739582,0.997778483021263,0.9824561403508771,0.9491525423728814,0.9655172413793103,118.0,0.9744691474585351,0.999153707817624,0.9428571428571428,0.9428571428571428,0.9428571428571428,35.0,0.9713223917725935,0.999576853908812,0.0,0.0,0.0,5.0,0.5,0.999471067386015,1.0,0.5,0.6666666666666666,2.0,0.75,0.999894213477203,0.9206517888770811,0.8142230576441103,0.8641729010806317,3192.0,0.8892230126105873,0.9135724108748545,0.9148016222329468,0.9079657251666138,0.9098034311262582,9453.0,0.8953965605818273,0.9160315754361702,17510.082782268524,435.6888029575348,8.697951078414917,17992.225165128708
