Rep,Kfold,Num_Vars_,Precision_background,Recall_background,F1_score_background,Num_Obs_background,AUC_background,Accuracy_background,Precision_dos,Recall_dos,F1_score_dos,Num_Obs_dos,AUC_dos,Accuracy_dos,Precision_nerisbotnet,Recall_nerisbotnet,F1_score_nerisbotnet,Num_Obs_nerisbotnet,AUC_nerisbotnet,Accuracy_nerisbotnet,Precision_scan,Recall_scan,F1_score_scan,Num_Obs_scan,AUC_scan,Accuracy_scan,Precision_sshscan,Recall_sshscan,F1_score_sshscan,Num_Obs_sshscan,AUC_sshscan,Accuracy_sshscan,Precision_udpscan,Recall_udpscan,F1_score_udpscan,Num_Obs_udpscan,AUC_udpscan,Accuracy_udpscan,Precision_spam,Recall_spam,F1_score_spam,Num_Obs_spam,AUC_spam,Accuracy_spam,Precision_w,Recall_w,F1_score_w,Total_Obs,AUC_w,Accuracy_w,Hyper_time,Training_time,Testing_time,Total_time
18.0,2.0,75.0,0.9151679134171574,0.9554669325357261,0.9348833428176571,6018.0,0.9001949152058903,0.9152829190904284,0.9743589743589743,0.9156626506024096,0.9440993788819876,83.0,0.9577246244902785,0.9990481226864093,0.9727272727272728,0.8991596638655462,0.9344978165938865,119.0,0.9494191635523103,0.9984135378106822,1.0,0.8857142857142857,0.9393939393939393,35.0,0.9428571428571428,0.9995769434161819,0.0,0.0,0.0,6.0,0.5,0.9993654151242729,1.0,0.5,0.6666666666666666,2.0,0.75,0.9998942358540455,0.914324880054832,0.8358395989974937,0.8733224222585926,3192.0,0.8979613131503515,0.9181385510312005,0.9158785679963848,0.9130618720253834,0.913543177023806,9455.0,0.9004376029170162,0.9184118710885513,17349.93987607956,517.6364734172821,13.909225463867188,17944.650814533234
