Rep,Kfold,Num_Vars_,Precision_background,Recall_background,F1_score_background,Num_Obs_background,AUC_background,Accuracy_background,Precision_dos,Recall_dos,F1_score_dos,Num_Obs_dos,AUC_dos,Accuracy_dos,Precision_nerisbotnet,Recall_nerisbotnet,F1_score_nerisbotnet,Num_Obs_nerisbotnet,AUC_nerisbotnet,Accuracy_nerisbotnet,Precision_scan,Recall_scan,F1_score_scan,Num_Obs_scan,AUC_scan,Accuracy_scan,Precision_sshscan,Recall_sshscan,F1_score_sshscan,Num_Obs_sshscan,AUC_sshscan,Accuracy_sshscan,Precision_udpscan,Recall_udpscan,F1_score_udpscan,Num_Obs_udpscan,AUC_udpscan,Accuracy_udpscan,Precision_spam,Recall_spam,F1_score_spam,Num_Obs_spam,AUC_spam,Accuracy_spam,Precision_w,Recall_w,F1_score_w,Total_Obs,AUC_w,Accuracy_w,Hyper_time,Training_time,Testing_time,Total_time
19.0,4.0,82.0,0.9095058231035568,0.9602858092389498,0.9342062722276108,6018.0,0.8965187045031282,0.913917089678511,0.9733333333333334,0.8795180722891566,0.9240506329113923,83.0,0.9396523467175005,0.998730964467005,0.9912280701754386,0.9495798319327731,0.9699570815450643,119.0,0.9747363655754686,0.9992597292724196,0.8292682926829268,0.9444444444444444,0.883116883116883,36.0,0.9718506723283793,0.9990482233502538,0.0,0.0,0.0,6.0,0.5,0.9993654822335025,1.0,1.0,1.0,1.0,1.0,1.0,0.9174569722514928,0.8180394613216411,0.8649006622516557,3193.0,0.890258753493329,0.9137055837563451,0.91290636859035,0.9107445008460237,0.9103843553154625,9456.0,0.8958139974713281,0.9160515526001985,11664.280388832092,263.32214975357056,4.053894281387329,11952.270909547806
