Rep,Kfold,Num_Vars_,Precision_background,Recall_background,F1_score_background,Num_Obs_background,AUC_background,Accuracy_background,Precision_dos,Recall_dos,F1_score_dos,Num_Obs_dos,AUC_dos,Accuracy_dos,Precision_nerisbotnet,Recall_nerisbotnet,F1_score_nerisbotnet,Num_Obs_nerisbotnet,AUC_nerisbotnet,Accuracy_nerisbotnet,Precision_scan,Recall_scan,F1_score_scan,Num_Obs_scan,AUC_scan,Accuracy_scan,Precision_sshscan,Recall_sshscan,F1_score_sshscan,Num_Obs_sshscan,AUC_sshscan,Accuracy_sshscan,Precision_udpscan,Recall_udpscan,F1_score_udpscan,Num_Obs_udpscan,AUC_udpscan,Accuracy_udpscan,Precision_spam,Recall_spam,F1_score_spam,Num_Obs_spam,AUC_spam,Accuracy_spam,Precision_w,Recall_w,F1_score_w,Total_Obs,AUC_w,Accuracy_w,Hyper_time,Training_time,Testing_time,Total_time
15.0,2.0,77.0,0.9165999679846326,0.9514788966434031,0.9337138198124745,6018.0,0.8999466057264149,0.9140137493389741,0.9753086419753086,0.9518072289156626,0.9634146341463414,83.0,0.9757969136469051,0.9993654151242729,0.9642857142857143,0.907563025210084,0.935064935064935,119.0,0.9535672880977583,0.9984135378106822,1.0,0.8888888888888888,0.9411764705882353,36.0,0.9444444444444444,0.9995769434161819,0.0,0.0,0.0,6.0,0.5,0.9993654151242729,1.0,1.0,1.0,1.0,1.0,1.0,0.9094326725905674,0.8336466165413534,0.8698921216083688,3192.0,0.8956673127413777,0.9158117398202009,0.9150405410390862,0.9103120042305658,0.9118883040352653,9455.0,0.899768840470478,0.9168212924311517,18155.157942056656,516.2363312244415,6.615191459655762,18720.40562105179
