Rep,Kfold,Num_Vars_,Precision_background,Recall_background,F1_score_background,Num_Obs_background,AUC_background,Accuracy_background,Precision_dos,Recall_dos,F1_score_dos,Num_Obs_dos,AUC_dos,Accuracy_dos,Precision_nerisbotnet,Recall_nerisbotnet,F1_score_nerisbotnet,Num_Obs_nerisbotnet,AUC_nerisbotnet,Accuracy_nerisbotnet,Precision_scan,Recall_scan,F1_score_scan,Num_Obs_scan,AUC_scan,Accuracy_scan,Precision_sshscan,Recall_sshscan,F1_score_sshscan,Num_Obs_sshscan,AUC_sshscan,Accuracy_sshscan,Precision_udpscan,Recall_udpscan,F1_score_udpscan,Num_Obs_udpscan,AUC_udpscan,Accuracy_udpscan,Precision_spam,Recall_spam,F1_score_spam,Num_Obs_spam,AUC_spam,Accuracy_spam,Precision_w,Recall_w,F1_score_w,Total_Obs,AUC_w,Accuracy_w,Hyper_time,Training_time,Testing_time,Total_time
14.0,5.0,78.0,0.9140178003814368,0.9556331006979063,0.9343623070674248,6018.0,0.8991370855438339,0.9145516074450084,0.9649122807017544,0.6626506024096386,0.7857142857142856,83.0,0.8312186117777416,0.9968274111675127,0.981651376146789,0.8991596638655462,0.9385964912280701,119.0,0.9494727311509373,0.9985194585448393,0.8648648648648649,0.9142857142857143,0.888888888888889,35.0,0.9568774925318816,0.9991539763113367,0.0,0.0,0.0,6.0,0.5,0.9993654822335025,1.0,0.5,0.6666666666666666,2.0,0.75,0.999894247038917,0.9137753349364479,0.833072345756342,0.871559633027523,3193.0,0.8964978525843821,0.9170896785109983,0.9144900878254598,0.9101099830795262,0.9110865043150924,9456.0,0.8982121125346715,0.9175725230902912,18181.264295578003,527.7951557636261,5.5435631275177,18743.6320040226
