Rep,Kfold,Num_Vars_,Precision_background,Recall_background,F1_score_background,Num_Obs_background,AUC_background,Accuracy_background,Precision_dos,Recall_dos,F1_score_dos,Num_Obs_dos,AUC_dos,Accuracy_dos,Precision_nerisbotnet,Recall_nerisbotnet,F1_score_nerisbotnet,Num_Obs_nerisbotnet,AUC_nerisbotnet,Accuracy_nerisbotnet,Precision_scan,Recall_scan,F1_score_scan,Num_Obs_scan,AUC_scan,Accuracy_scan,Precision_sshscan,Recall_sshscan,F1_score_sshscan,Num_Obs_sshscan,AUC_sshscan,Accuracy_sshscan,Precision_udpscan,Recall_udpscan,F1_score_udpscan,Num_Obs_udpscan,AUC_udpscan,Accuracy_udpscan,Precision_spam,Recall_spam,F1_score_spam,Num_Obs_spam,AUC_spam,Accuracy_spam,Precision_w,Recall_w,F1_score_w,Total_Obs,AUC_w,Accuracy_w,Hyper_time,Training_time,Testing_time,Total_time
19.0,5.0,82.0,0.9031446540880503,0.9544699235626454,0.9280982388107935,6018.0,0.887621927158105,0.9058699101004759,0.9625,0.927710843373494,0.9447852760736196,83.0,0.9636953704703577,0.9990481226864093,0.9661016949152542,0.957983193277311,0.9620253164556962,119.0,0.9787773721313718,0.9990481226864093,0.9166666666666666,0.9428571428571428,0.9295774647887323,35.0,0.9712693357597816,0.9994711792702274,0.0,0.0,0.0,6.0,0.5,0.9993654151242729,0.0,0.0,0.0,2.0,0.49989421347720303,0.9995769434161819,0.9099258212645708,0.8070175438596491,0.8553876805578615,3192.0,0.8831511158544613,0.9078794288736118,0.9060332823698196,0.903648863035431,0.9033449052717075,9455.0,0.8879093133427959,0.9089646551437255,11655.56154870987,303.06616973876953,3.642075777053833,11975.652271986008
