Rep,Kfold,Num_Vars_,Precision_background,Recall_background,F1_score_background,Num_Obs_background,AUC_background,Accuracy_background,Precision_dos,Recall_dos,F1_score_dos,Num_Obs_dos,AUC_dos,Accuracy_dos,Precision_nerisbotnet,Recall_nerisbotnet,F1_score_nerisbotnet,Num_Obs_nerisbotnet,AUC_nerisbotnet,Accuracy_nerisbotnet,Precision_scan,Recall_scan,F1_score_scan,Num_Obs_scan,AUC_scan,Accuracy_scan,Precision_sshscan,Recall_sshscan,F1_score_sshscan,Num_Obs_sshscan,AUC_sshscan,Accuracy_sshscan,Precision_udpscan,Recall_udpscan,F1_score_udpscan,Num_Obs_udpscan,AUC_udpscan,Accuracy_udpscan,Precision_spam,Recall_spam,F1_score_spam,Num_Obs_spam,AUC_spam,Accuracy_spam,Precision_w,Recall_w,F1_score_w,Total_Obs,AUC_w,Accuracy_w,Hyper_time,Training_time,Testing_time,Total_time
18.0,5.0,82.0,0.9032661353336459,0.96045197740113,0.930981718611581,6018.0,0.8901765269606755,0.9093601269169751,0.9620253164556962,0.9047619047619048,0.9325153374233128,84.0,0.952220884085146,0.9988365943945002,1.0,0.9327731092436975,0.9652173913043478,119.0,0.9663865546218487,0.9991538868323638,0.9722222222222222,1.0,0.9859154929577464,35.0,0.9999469214437366,0.9998942358540455,0.0,0.0,0.0,6.0,0.5,0.9993654151242729,0.0,0.0,0.0,1.0,0.5,0.9998942358540455,0.916577919772808,0.8088972431077694,0.8593776002662674,3192.0,0.8856876443863931,0.9106292966684294,0.9090862217570322,0.9078794288736118,0.9067668411228679,9455.0,0.890288947291845,0.9121154870645862,17158.788189888,453.3419270515442,17.859445810317993,17707.144080638885
