Rep,Kfold,Num_Vars_,Precision_background,Recall_background,F1_score_background,Num_Obs_background,AUC_background,Accuracy_background,Precision_dos,Recall_dos,F1_score_dos,Num_Obs_dos,AUC_dos,Accuracy_dos,Precision_nerisbotnet,Recall_nerisbotnet,F1_score_nerisbotnet,Num_Obs_nerisbotnet,AUC_nerisbotnet,Accuracy_nerisbotnet,Precision_scan,Recall_scan,F1_score_scan,Num_Obs_scan,AUC_scan,Accuracy_scan,Precision_sshscan,Recall_sshscan,F1_score_sshscan,Num_Obs_sshscan,AUC_sshscan,Accuracy_sshscan,Precision_udpscan,Recall_udpscan,F1_score_udpscan,Num_Obs_udpscan,AUC_udpscan,Accuracy_udpscan,Precision_spam,Recall_spam,F1_score_spam,Num_Obs_spam,AUC_spam,Accuracy_spam,Precision_w,Recall_w,F1_score_w,Total_Obs,AUC_w,Accuracy_w,Hyper_time,Training_time,Testing_time,Total_time
20.0,3.0,83.0,0.9175108538350217,0.9481555333998006,0.9325815150772248,6018.0,0.8994270100060703,0.9127353501163529,0.9629629629629629,0.9397590361445783,0.9512195121951219,83.0,0.969719449776483,0.9991537973344616,0.9819819819819819,0.9159663865546218,0.9478260869565216,119.0,0.9578760695494051,0.9987306960016924,0.868421052631579,0.9428571428571428,0.904109589041096,35.0,0.9711631504709326,0.9992595726676539,0.0,0.0,0.0,6.0,0.5,0.9993653480008462,1.0,1.0,1.0,1.0,1.0,1.0,0.9012890094979648,0.8323934837092731,0.865472312703583,3192.0,0.8929613537997021,0.9126295747831605,0.9124890369494978,0.9079754601226994,0.909588485229642,9454.0,0.8986195329405002,0.9149253157226989,11808.899818181992,163.34710931777954,2.533036947250366,11989.238799333572
