Rep,Kfold,Num_Vars_,Precision_background,Recall_background,F1_score_background,Num_Obs_background,AUC_background,Accuracy_background,Precision_dos,Recall_dos,F1_score_dos,Num_Obs_dos,AUC_dos,Accuracy_dos,Precision_nerisbotnet,Recall_nerisbotnet,F1_score_nerisbotnet,Num_Obs_nerisbotnet,AUC_nerisbotnet,Accuracy_nerisbotnet,Precision_scan,Recall_scan,F1_score_scan,Num_Obs_scan,AUC_scan,Accuracy_scan,Precision_sshscan,Recall_sshscan,F1_score_sshscan,Num_Obs_sshscan,AUC_sshscan,Accuracy_sshscan,Precision_udpscan,Recall_udpscan,F1_score_udpscan,Num_Obs_udpscan,AUC_udpscan,Accuracy_udpscan,Precision_spam,Recall_spam,F1_score_spam,Num_Obs_spam,AUC_spam,Accuracy_spam,Precision_w,Recall_w,F1_score_w,Total_Obs,AUC_w,Accuracy_w,Hyper_time,Training_time,Testing_time,Total_time
3.0,3.0,83.0,0.9072472881622387,0.9589564639415088,0.9323854915582842,6018.0,0.8936725309818074,0.9114847715736041,0.9605263157894737,0.8690476190476191,0.9125000000000001,84.0,0.9343637583074202,0.9985194585448393,1.0,0.9243697478991597,0.9606986899563319,119.0,0.9621848739495799,0.9990482233502538,0.918918918918919,0.9714285714285714,0.9444444444444445,35.0,0.9855550669477005,0.9995769881556683,0.0,0.0,0.0,6.0,0.5,0.9993654822335025,0.0,0.0,0.0,2.0,0.5,0.9997884940778342,0.9108459108459108,0.8129699248120301,0.859129283231253,3192.0,0.8862103774762576,0.9100042301184433,0.9093782466443505,0.9076776649746193,0.9070923498236328,9456.0,0.8923842850458675,0.9132605959635649,16979.934091091156,1105.9869391918182,15.823371410369873,18191.99787592888
