Rep,Kfold,Num_Vars_,Precision_background,Recall_background,F1_score_background,Num_Obs_background,AUC_background,Accuracy_background,Precision_dos,Recall_dos,F1_score_dos,Num_Obs_dos,AUC_dos,Accuracy_dos,Precision_nerisbotnet,Recall_nerisbotnet,F1_score_nerisbotnet,Num_Obs_nerisbotnet,AUC_nerisbotnet,Accuracy_nerisbotnet,Precision_scan,Recall_scan,F1_score_scan,Num_Obs_scan,AUC_scan,Accuracy_scan,Precision_sshscan,Recall_sshscan,F1_score_sshscan,Num_Obs_sshscan,AUC_sshscan,Accuracy_sshscan,Precision_udpscan,Recall_udpscan,F1_score_udpscan,Num_Obs_udpscan,AUC_udpscan,Accuracy_udpscan,Precision_spam,Recall_spam,F1_score_spam,Num_Obs_spam,AUC_spam,Accuracy_spam,Precision_w,Recall_w,F1_score_w,Total_Obs,AUC_w,Accuracy_w,Hyper_time,Training_time,Testing_time,Total_time
4.0,5.0,86.0,0.9168517930815614,0.9601196410767697,0.9379870129870129,6018.0,0.9037861669721549,0.9191790965830953,0.9397590361445783,0.9397590361445783,0.9397590361445783,83.0,0.9696127091075081,0.9989421347720301,0.990990990990991,0.9322033898305084,0.9606986899563319,118.0,0.9660481330513013,0.999047921294827,0.9705882352941176,0.9428571428571428,0.9565217391304348,35.0,0.9713754816005825,0.999682640431609,0.0,0.0,0.0,5.0,0.5,0.999471067386015,0.0,0.0,0.0,2.0,0.5,0.9997884269544061,0.9239357990230286,0.8295739348370927,0.8742159128425223,3192.0,0.8973776078913144,0.9193906696286893,0.9198904777762165,0.9147360626256215,0.9161264936246258,9453.0,0.9029286103501006,0.9213054582880205,13598.379983186722,412.925665140152,5.716116189956665,14045.507355451584
