Rep,Kfold,Num_Vars_,Precision_background,Recall_background,F1_score_background,Num_Obs_background,AUC_background,Accuracy_background,Precision_dos,Recall_dos,F1_score_dos,Num_Obs_dos,AUC_dos,Accuracy_dos,Precision_nerisbotnet,Recall_nerisbotnet,F1_score_nerisbotnet,Num_Obs_nerisbotnet,AUC_nerisbotnet,Accuracy_nerisbotnet,Precision_scan,Recall_scan,F1_score_scan,Num_Obs_scan,AUC_scan,Accuracy_scan,Precision_sshscan,Recall_sshscan,F1_score_sshscan,Num_Obs_sshscan,AUC_sshscan,Accuracy_sshscan,Precision_udpscan,Recall_udpscan,F1_score_udpscan,Num_Obs_udpscan,AUC_udpscan,Accuracy_udpscan,Precision_spam,Recall_spam,F1_score_spam,Num_Obs_spam,AUC_spam,Accuracy_spam,Precision_w,Recall_w,F1_score_w,Total_Obs,AUC_w,Accuracy_w,Hyper_time,Training_time,Testing_time,Total_time
4.0,4.0,82.0,0.9136038186157518,0.9541375872382851,0.9334308705193856,6018.0,0.8981214251980899,0.9133974833456698,0.9726027397260274,0.8452380952380952,0.9044585987261147,84.0,0.92251235819197,0.9984138733213492,0.9652173913043478,0.9327731092436975,0.9487179487179487,119.0,0.9661723759968756,0.9987310986570794,0.8888888888888888,0.9142857142857143,0.9014084507042254,35.0,0.9569305879855656,0.999259807549963,0.0,0.0,0.0,6.0,0.5,0.9993655493285397,1.0,0.5,0.6666666666666666,2.0,0.75,0.9998942582214233,0.9098756906077348,0.8252427184466019,0.8654951551978979,3193.0,0.8917880258899676,0.9133974833456698,0.9128657577829551,0.908533361531141,0.9096613721720376,9457.0,0.8969897456825654,0.9156170096513497,13843.316694021225,239.57314682006836,3.139265537261963,14095.83476638794
