Rep,Kfold,Num_Vars_,Precision_background,Recall_background,F1_score_background,Num_Obs_background,AUC_background,Accuracy_background,Precision_dos,Recall_dos,F1_score_dos,Num_Obs_dos,AUC_dos,Accuracy_dos,Precision_nerisbotnet,Recall_nerisbotnet,F1_score_nerisbotnet,Num_Obs_nerisbotnet,AUC_nerisbotnet,Accuracy_nerisbotnet,Precision_scan,Recall_scan,F1_score_scan,Num_Obs_scan,AUC_scan,Accuracy_scan,Precision_sshscan,Recall_sshscan,F1_score_sshscan,Num_Obs_sshscan,AUC_sshscan,Accuracy_sshscan,Precision_udpscan,Recall_udpscan,F1_score_udpscan,Num_Obs_udpscan,AUC_udpscan,Accuracy_udpscan,Precision_spam,Recall_spam,F1_score_spam,Num_Obs_spam,AUC_spam,Accuracy_spam,Precision_w,Recall_w,F1_score_w,Total_Obs,AUC_w,Accuracy_w,Hyper_time,Training_time,Testing_time,Total_time
4.0,3.0,84.0,0.9098671726755219,0.9559727529489949,0.9323503200194442,6019.0,0.8950410912591307,0.9116869381279746,0.9875,0.9518072289156626,0.9693251533742331,83.0,0.9758502640523682,0.9994711792702274,0.9739130434782609,0.9411764705882353,0.9572649572649573,119.0,0.9704275669136548,0.9989423585404548,0.9166666666666666,0.9428571428571428,0.9295774647887323,35.0,0.9712693357597816,0.9994711792702274,0.0,0.0,0.0,6.0,0.5,0.9993654151242729,0.0,0.0,0.0,1.0,0.49994711233340383,0.9997884717080909,0.9160814606741573,0.8173558897243107,0.863907284768212,3192.0,0.8895976319130895,0.9130618720253834,0.9128042327142383,0.9081967213114754,0.9091816349116197,9455.0,0.8948512739924153,0.9144098251591705,13430.627950668335,356.1932213306427,12.720423698425293,13848.659936189651
