Rep,Kfold,Num_Vars_,Precision_background,Recall_background,F1_score_background,Num_Obs_background,AUC_background,Accuracy_background,Precision_dos,Recall_dos,F1_score_dos,Num_Obs_dos,AUC_dos,Accuracy_dos,Precision_nerisbotnet,Recall_nerisbotnet,F1_score_nerisbotnet,Num_Obs_nerisbotnet,AUC_nerisbotnet,Accuracy_nerisbotnet,Precision_scan,Recall_scan,F1_score_scan,Num_Obs_scan,AUC_scan,Accuracy_scan,Precision_sshscan,Recall_sshscan,F1_score_sshscan,Num_Obs_sshscan,AUC_sshscan,Accuracy_sshscan,Precision_udpscan,Recall_udpscan,F1_score_udpscan,Num_Obs_udpscan,AUC_udpscan,Accuracy_udpscan,Precision_spam,Recall_spam,F1_score_spam,Num_Obs_spam,AUC_spam,Accuracy_spam,Precision_w,Recall_w,F1_score_w,Total_Obs,AUC_w,Accuracy_w,Hyper_time,Training_time,Testing_time,Total_time
5.0,3.0,83.0,0.9117134252654937,0.9557992688600864,0.9332359860468888,6018.0,0.8968460837897638,0.9129469007827374,1.0,0.8809523809523809,0.9367088607594937,84.0,0.9404761904761905,0.998942246668077,0.9572649572649573,0.9491525423728814,0.9531914893617022,118.0,0.9743084905523363,0.9988364713348847,0.9444444444444444,0.9714285714285714,0.9577464788732395,35.0,0.9856081173312302,0.9996826740004231,0.0,0.0,0.0,6.0,0.5,0.9993653480008462,1.0,1.0,1.0,1.0,1.0,1.0,0.9098503306648102,0.818922305764411,0.86199505358615,3192.0,0.8887808590463703,0.9114660461180453,0.9119892605503105,0.9082927861222763,0.9089680179697703,9454.0,0.8955651491764947,0.914668183428704,13836.124599695206,228.84765887260437,2.8319242000579834,14085.376505613327
