Rep,Kfold,Num_Vars_,Precision_background,Recall_background,F1_score_background,Num_Obs_background,AUC_background,Accuracy_background,Precision_dos,Recall_dos,F1_score_dos,Num_Obs_dos,AUC_dos,Accuracy_dos,Precision_nerisbotnet,Recall_nerisbotnet,F1_score_nerisbotnet,Num_Obs_nerisbotnet,AUC_nerisbotnet,Accuracy_nerisbotnet,Precision_scan,Recall_scan,F1_score_scan,Num_Obs_scan,AUC_scan,Accuracy_scan,Precision_sshscan,Recall_sshscan,F1_score_sshscan,Num_Obs_sshscan,AUC_sshscan,Accuracy_sshscan,Precision_udpscan,Recall_udpscan,F1_score_udpscan,Num_Obs_udpscan,AUC_udpscan,Accuracy_udpscan,Precision_spam,Recall_spam,F1_score_spam,Num_Obs_spam,AUC_spam,Accuracy_spam,Precision_w,Recall_w,F1_score_w,Total_Obs,AUC_w,Accuracy_w,Hyper_time,Training_time,Testing_time,Total_time
5.0,2.0,88.0,0.921994884910486,0.9584579594549685,0.9398729020694151,6018.0,0.9082574846722196,0.9219543147208121,1.0,0.7857142857142857,0.88,84.0,0.8928571428571428,0.9980964467005076,0.9813084112149533,0.8823529411764706,0.9292035398230087,119.0,0.9410693698063995,0.9983079526226735,0.9142857142857143,0.9142857142857143,0.9142857142857143,35.0,0.9569836383762718,0.9993654822335025,0.0,0.0,0.0,5.0,0.5,0.9994712351945855,0.0,0.0,0.0,2.0,0.5,0.9997884940778342,0.9190751445086706,0.8465393047290949,0.8813172481252038,3193.0,0.904269173360875,0.9230118443316413,0.9217372942832138,0.9173011844331641,0.9186438577788127,9456.0,0.9070650058850277,0.9242926562889192,13572.706970453262,425.7229540348053,5.627904415130615,14040.442051887512
