Rep,Kfold,Num_Vars_,Precision_background,Recall_background,F1_score_background,Num_Obs_background,AUC_background,Accuracy_background,Precision_dos,Recall_dos,F1_score_dos,Num_Obs_dos,AUC_dos,Accuracy_dos,Precision_nerisbotnet,Recall_nerisbotnet,F1_score_nerisbotnet,Num_Obs_nerisbotnet,AUC_nerisbotnet,Accuracy_nerisbotnet,Precision_scan,Recall_scan,F1_score_scan,Num_Obs_scan,AUC_scan,Accuracy_scan,Precision_sshscan,Recall_sshscan,F1_score_sshscan,Num_Obs_sshscan,AUC_sshscan,Accuracy_sshscan,Precision_udpscan,Recall_udpscan,F1_score_udpscan,Num_Obs_udpscan,AUC_udpscan,Accuracy_udpscan,Precision_spam,Recall_spam,F1_score_spam,Num_Obs_spam,AUC_spam,Accuracy_spam,Precision_w,Recall_w,F1_score_w,Total_Obs,AUC_w,Accuracy_w,Hyper_time,Training_time,Testing_time,Total_time
6.0,5.0,87.0,0.9141035856573705,0.9531405782652044,0.9332140242414382,6018.0,0.8981360632885975,0.9131584514491221,0.927710843373494,0.927710843373494,0.927710843373494,83.0,0.9635352850951346,0.9987306960016924,1.0,0.907563025210084,0.9515418502202644,119.0,0.953781512605042,0.9988364713348847,0.9428571428571428,0.9428571428571428,0.9428571428571428,35.0,0.9713224030455159,0.9995768986672308,0.0,0.0,0.0,5.0,0.5,0.9994711233340385,0.0,0.0,0.0,2.0,0.4998942022852306,0.9995768986672308,0.9076498966230186,0.825187969924812,0.864456842796193,3192.0,0.8911950708774492,0.9126295747831605,0.9125548813736759,0.9083985614554686,0.909526308469075,9454.0,0.8970432617183898,0.9151934686114888,19019.032190561295,447.1832706928253,3.070152997970581,19478.736587762833
