Rep,Kfold,Num_Vars_,Precision_background,Recall_background,F1_score_background,Num_Obs_background,AUC_background,Accuracy_background,Precision_dos,Recall_dos,F1_score_dos,Num_Obs_dos,AUC_dos,Accuracy_dos,Precision_nerisbotnet,Recall_nerisbotnet,F1_score_nerisbotnet,Num_Obs_nerisbotnet,AUC_nerisbotnet,Accuracy_nerisbotnet,Precision_scan,Recall_scan,F1_score_scan,Num_Obs_scan,AUC_scan,Accuracy_scan,Precision_sshscan,Recall_sshscan,F1_score_sshscan,Num_Obs_sshscan,AUC_sshscan,Accuracy_sshscan,Precision_udpscan,Recall_udpscan,F1_score_udpscan,Num_Obs_udpscan,AUC_udpscan,Accuracy_udpscan,Precision_spam,Recall_spam,F1_score_spam,Num_Obs_spam,AUC_spam,Accuracy_spam,Precision_w,Recall_w,F1_score_w,Total_Obs,AUC_w,Accuracy_w,Hyper_time,Training_time,Testing_time,Total_time
6.0,3.0,84.0,0.9002175940317065,0.9622860940355541,0.9302176182445997,6019.0,0.8877476440500727,0.9081006768189509,1.0,0.7976190476190477,0.8874172185430463,84.0,0.8988095238095238,0.9982021996615905,0.9646017699115044,0.923728813559322,0.9437229437229437,118.0,0.9616502281546878,0.9986252115059222,0.8947368421052632,0.9714285714285714,0.9315068493150684,35.0,0.9855019940255053,0.9994712351945855,0.0,0.0,0.0,6.0,0.5,0.9993654822335025,1.0,0.5,0.6666666666666666,2.0,0.75,0.999894247038917,0.9185878962536023,0.7988721804511278,0.8545576407506702,3192.0,0.8813964989101105,0.9082064297800339,0.9075381833377308,0.9045050761421319,0.9038246891144954,9456.0,0.8867108704284693,0.9104819302008982,13357.18971824646,277.740353345871,17.048787593841553,13736.650578022003
