Rep,Kfold,Num_Vars_,Precision_background,Recall_background,F1_score_background,Num_Obs_background,AUC_background,Accuracy_background,Precision_dos,Recall_dos,F1_score_dos,Num_Obs_dos,AUC_dos,Accuracy_dos,Precision_nerisbotnet,Recall_nerisbotnet,F1_score_nerisbotnet,Num_Obs_nerisbotnet,AUC_nerisbotnet,Accuracy_nerisbotnet,Precision_scan,Recall_scan,F1_score_scan,Num_Obs_scan,AUC_scan,Accuracy_scan,Precision_sshscan,Recall_sshscan,F1_score_sshscan,Num_Obs_sshscan,AUC_sshscan,Accuracy_sshscan,Precision_udpscan,Recall_udpscan,F1_score_udpscan,Num_Obs_udpscan,AUC_udpscan,Accuracy_udpscan,Precision_spam,Recall_spam,F1_score_spam,Num_Obs_spam,AUC_spam,Accuracy_spam,Precision_w,Recall_w,F1_score_w,Total_Obs,AUC_w,Accuracy_w,Hyper_time,Training_time,Testing_time,Total_time
8.0,2.0,89.0,0.9173961483367818,0.9577932868062479,0.9371595805219087,6018.0,0.9033947522189516,0.918244315177155,0.9733333333333334,0.8795180722891566,0.9240506329113923,83.0,0.939652335333652,0.9987308302485457,0.9823008849557522,0.9327731092436975,0.9568965517241379,119.0,0.966279442368207,0.9989423585404548,0.8571428571428571,0.8571428571428571,0.8571428571428571,35.0,0.9283060357901122,0.9989423585404548,0.0,0.0,0.0,6.0,0.5,0.9993654151242729,0.0,0.0,0.0,2.0,0.5,0.9997884717080909,0.9212435233160622,0.8355263157894737,0.8762937407589946,3192.0,0.8995610183450004,0.9203595980962453,0.919003682611531,0.9143310417768377,0.9156555122443548,9455.0,0.9029611314794348,0.9210480885689427,19001.855235099792,416.7502694129944,3.108281135559082,19445.394062757492
