Rep,Kfold,Num_Vars_,Precision_background,Recall_background,F1_score_background,Num_Obs_background,AUC_background,Accuracy_background,Precision_dos,Recall_dos,F1_score_dos,Num_Obs_dos,AUC_dos,Accuracy_dos,Precision_nerisbotnet,Recall_nerisbotnet,F1_score_nerisbotnet,Num_Obs_nerisbotnet,AUC_nerisbotnet,Accuracy_nerisbotnet,Precision_scan,Recall_scan,F1_score_scan,Num_Obs_scan,AUC_scan,Accuracy_scan,Precision_sshscan,Recall_sshscan,F1_score_sshscan,Num_Obs_sshscan,AUC_sshscan,Accuracy_sshscan,Precision_udpscan,Recall_udpscan,F1_score_udpscan,Num_Obs_udpscan,AUC_udpscan,Accuracy_udpscan,Precision_spam,Recall_spam,F1_score_spam,Num_Obs_spam,AUC_spam,Accuracy_spam,Precision_w,Recall_w,F1_score_w,Total_Obs,AUC_w,Accuracy_w,Hyper_time,Training_time,Testing_time,Total_time
8.0,1.0,90.0,0.9112724976318283,0.959122632103689,0.9345854922279793,6018.0,0.8978277500250847,0.9145516074450084,0.9382716049382716,0.9047619047619048,0.9212121212121211,84.0,0.9521142003536369,0.9986252115059222,0.9553571428571429,0.8991596638655462,0.9264069264069265,119.0,0.9493120799781838,0.9982021996615905,0.918918918918919,0.9714285714285714,0.9444444444444445,35.0,0.9855550669477005,0.9995769881556683,0.0,0.0,0.0,6.0,0.5,0.9993654822335025,1.0,0.5,0.6666666666666666,2.0,0.75,0.999894247038917,0.9210803226937917,0.8226817042606517,0.8691047492967069,3192.0,0.8933810820153834,0.9163494077834179,0.9148467383422064,0.9111675126903553,0.9116466775905454,9456.0,0.8974978818881496,0.917344610696688,18571.65446138382,598.0836172103882,17.79895329475403,19283.636245012283
