Rep,Kfold,Num_Vars_,Precision_background,Recall_background,F1_score_background,Num_Obs_background,AUC_background,Accuracy_background,Precision_dos,Recall_dos,F1_score_dos,Num_Obs_dos,AUC_dos,Accuracy_dos,Precision_nerisbotnet,Recall_nerisbotnet,F1_score_nerisbotnet,Num_Obs_nerisbotnet,AUC_nerisbotnet,Accuracy_nerisbotnet,Precision_scan,Recall_scan,F1_score_scan,Num_Obs_scan,AUC_scan,Accuracy_scan,Precision_sshscan,Recall_sshscan,F1_score_sshscan,Num_Obs_sshscan,AUC_sshscan,Accuracy_sshscan,Precision_udpscan,Recall_udpscan,F1_score_udpscan,Num_Obs_udpscan,AUC_udpscan,Accuracy_udpscan,Precision_spam,Recall_spam,F1_score_spam,Num_Obs_spam,AUC_spam,Accuracy_spam,Precision_w,Recall_w,F1_score_w,Total_Obs,AUC_w,Accuracy_w,Hyper_time,Training_time,Testing_time,Total_time
9.0,3.0,81.0,0.9154213036565978,0.9567962778331671,0.9356516087097824,6018.0,0.9009825393822413,0.9162259361116988,0.9634146341463414,0.9518072289156626,0.9575757575757576,83.0,0.975743546162025,0.9992595726676539,1.0,0.957983193277311,0.9785407725321889,119.0,0.9789915966386555,0.9994711233340385,0.9428571428571428,0.9428571428571428,0.9428571428571428,35.0,0.9713224030455159,0.9995768986672308,0.0,0.0,0.0,5.0,0.5,0.9994711233340385,0.5,0.5,0.5,2.0,0.7499471011426153,0.9997884493336154,0.9145122371596002,0.831140350877193,0.8708353848678811,3192.0,0.8957681952405767,0.9167548127776602,0.916129879527501,0.9136873281150836,0.9139393980879907,9454.0,0.9008766547335068,0.9185515948892905,18802.675869464874,567.6092112064362,6.156451463699341,19418.203847408295
