Rep,Kfold,Num_Vars_,Precision_background,Recall_background,F1_score_background,Num_Obs_background,AUC_background,Accuracy_background,Precision_dos,Recall_dos,F1_score_dos,Num_Obs_dos,AUC_dos,Accuracy_dos,Precision_nerisbotnet,Recall_nerisbotnet,F1_score_nerisbotnet,Num_Obs_nerisbotnet,AUC_nerisbotnet,Accuracy_nerisbotnet,Precision_scan,Recall_scan,F1_score_scan,Num_Obs_scan,AUC_scan,Accuracy_scan,Precision_sshscan,Recall_sshscan,F1_score_sshscan,Num_Obs_sshscan,AUC_sshscan,Accuracy_sshscan,Precision_udpscan,Recall_udpscan,F1_score_udpscan,Num_Obs_udpscan,AUC_udpscan,Accuracy_udpscan,Precision_spam,Recall_spam,F1_score_spam,Num_Obs_spam,AUC_spam,Accuracy_spam,Precision_w,Recall_w,F1_score_w,Total_Obs,AUC_w,Accuracy_w,Hyper_time,Training_time,Testing_time,Total_time
9.0,1.0,79.0,0.9072148708254568,0.9569624459953473,0.9314248746563157,6018.0,0.8928209554002332,0.9103214890016921,0.9726027397260274,0.8554216867469879,0.9102564102564102,83.0,0.9276041539464162,0.9985194585448393,0.9652173913043478,0.9327731092436975,0.9487179487179487,119.0,0.9661723530581774,0.998730964467005,0.9117647058823529,0.8857142857142857,0.8985507246376812,35.0,0.9426979240905574,0.9992597292724196,0.0,0.0,0.0,6.0,0.5,0.9993654822335025,1.0,0.5,0.6666666666666666,2.0,0.75,0.999894247038917,0.915266106442577,0.8186658315064202,0.8642750867912051,3193.0,0.8900131009679635,0.9131768189509306,0.9106982267520207,0.9081006768189509,0.9080135971288491,9456.0,0.8930063899242763,0.913577038437533,18680.085025548935,652.0172703266144,9.92836856842041,19397.590955018997
