Rep,Kfold,Num_Vars_,Precision_background,Recall_background,F1_score_background,Num_Obs_background,AUC_background,Accuracy_background,Precision_dos,Recall_dos,F1_score_dos,Num_Obs_dos,AUC_dos,Accuracy_dos,Precision_nerisbotnet,Recall_nerisbotnet,F1_score_nerisbotnet,Num_Obs_nerisbotnet,AUC_nerisbotnet,Accuracy_nerisbotnet,Precision_scan,Recall_scan,F1_score_scan,Num_Obs_scan,AUC_scan,Accuracy_scan,Precision_sshscan,Recall_sshscan,F1_score_sshscan,Num_Obs_sshscan,AUC_sshscan,Accuracy_sshscan,Precision_udpscan,Recall_udpscan,F1_score_udpscan,Num_Obs_udpscan,AUC_udpscan,Accuracy_udpscan,Precision_spam,Recall_spam,F1_score_spam,Num_Obs_spam,AUC_spam,Accuracy_spam,Precision_w,Recall_w,F1_score_w,Total_Obs,AUC_w,Accuracy_w,Hyper_time,Training_time,Testing_time,Total_time
9.0,2.0,79.0,0.9233994517013385,0.9514788966434031,0.9372289058024388,6018.0,0.9066585873560239,0.9188874788494078,0.948051948051948,0.8690476190476191,0.906832298136646,84.0,0.9343104079019572,0.9984137055837563,0.972972972972973,0.907563025210084,0.9391304347826087,119.0,0.9536208614322884,0.9985194585448393,0.9714285714285714,0.9714285714285714,0.9714285714285714,35.0,0.9856612127920906,0.9997884940778342,0.0,0.0,0.0,6.0,0.5,0.9993654822335025,0.0,0.0,0.0,2.0,0.5,0.9997884940778342,0.9062918340026773,0.8483709273182958,0.8763754045307443,3192.0,0.9018355275161083,0.9192047377326565,0.9178639574762426,0.9146573604060914,0.9157745644208778,9456.0,0.9058155120306577,0.9210707809399881,18647.29168844223,557.5550770759583,15.019770383834839,19297.333567619324
