{"C": 6.844763648536843, "gamma": 0.12514811489071984}