{"C": 9.700302832606727, "gamma": 0.1274693930525123}