{"C": 9.902578710815824, "gamma": 0.13041617279306555}