{"C": 6.308249604516987, "gamma": 0.12543742554733506}