{"C": 4.5167196521648805, "gamma": 0.1258414429976277}