{"C": 9.842945610202387, "gamma": 0.12577436394172645}