{"C": 5.19327095256199, "gamma": 0.12535635376509405}