{"C": 9.71862396485085, "gamma": 0.12580535121286116}