{"C": 9.868499592912993, "gamma": 0.12640877607726114}