{"C": 9.948384038657476, "gamma": 0.128690916960194}