{"C": 9.29388033850558, "gamma": 0.12509576718530419}