{"C": 8.301396815304328, "gamma": 0.12507460291719047}