{"C": 5.539738594077568, "gamma": 0.12533769608434628}