{"C": 9.843512220759393, "gamma": 0.12576832947574115}