{"C": 7.111330677244752, "gamma": 0.12549963245212706}