Rep.,Kfold,Num. Vars.,Precision-Background,Recall-Background,F1_score_Background,Num. Obs. Background,AUC_Background,Precision-DoS,Recall-DoS,F1_score_DoS,Num. Obs. Dos,AUC_DoS,Precision-Botnet,Recall-Botnet,F1_score_Botnet,Num. Obs. Botnet,AUC_Botnet,Precision-Scan,Recall-Scan,F1_score_Scan,Num. Obs. Scan,AUC_Scan,Precision-SSHscan,Recall-SSHscan,F1_score_SSHscan,Num. Obs. SSHscan,AUC_SSHscan,Precision-UDPscan,Recall-UDPscan,F1_score_UDPscan,Num. Obs. UDPscan,AUC_UDPscan,Precision-Spam,Recall-Spam,F1_score_Spam,Num. Obs. Spam,AUC_Spam,Precision-w,Recall-w,F1_score_w,Total Obs.,AUC_w,Time
16,4,84,0.8228814803935968,0.9310402126952476,0.8736259452716926,6018,0.7898719851708105,0.9857142857142858,0.8313253012048193,0.9019607843137254,83,0.915609277417098,0.970873786407767,0.847457627118644,0.9049773755656108,118,0.9235680935336068,0.9166666666666666,0.9428571428571428,0.9295774647887323,35,0.9712692681150625,0.0,0.0,0.0,6,0.5,1.0,1.0,1.0,1,1.0,0.8458480565371025,0.6003134796238244,0.7022368903557024,3190,0.7722857926788664,0.8337548169723583,0.8169505872394456,0.8160831558101918,9451,0.7872195868003528,103374.88092899323
