Rep.,Kfold,Num. Vars.,Precision-Background,Recall-Background,F1_score_Background,Num. Obs. Background,AUC_Background,Precision-DoS,Recall-DoS,F1_score_DoS,Num. Obs. Dos,AUC_DoS,Precision-Botnet,Recall-Botnet,F1_score_Botnet,Num. Obs. Botnet,AUC_Botnet,Precision-Scan,Recall-Scan,F1_score_Scan,Num. Obs. Scan,AUC_Scan,Precision-SSHscan,Recall-SSHscan,F1_score_SSHscan,Num. Obs. SSHscan,AUC_SSHscan,Precision-UDPscan,Recall-UDPscan,F1_score_UDPscan,Num. Obs. UDPscan,AUC_UDPscan,Precision-Spam,Recall-Spam,F1_score_Spam,Num. Obs. Spam,AUC_Spam,Precision-w,Recall-w,F1_score_w,Total Obs.,AUC_w,Time
11,5,89,0.8211782742006132,0.9345324637560752,0.8741961180516428,24073,0.7890948614968912,0.9839228295819936,0.9161676646706587,0.9488372093023256,334,0.958017142549537,0.9712389380530974,0.9222689075630253,0.9461206896551725,476,0.9609604010301402,1.0,0.9432624113475178,0.9708029197080292,141,0.9716312056737588,0.0,0.0,0.0,21,0.5,1.0,0.5714285714285714,0.7272727272727273,7,0.7857142857142857,0.8417618270799347,0.6061555329313181,0.7047896558004006,12769,0.7740381688287438,0.831697240274152,0.8227968588879194,0.8184136184057823,37821,0.7881856337772872,149847.88800549507
