Rep.,Kfold,Num. Vars.,Precision-Background,Recall-Background,F1_score_Background,Num. Obs. Background,AUC_Background,Precision-DoS,Recall-DoS,F1_score_DoS,Num. Obs. Dos,AUC_DoS,Precision-Botnet,Recall-Botnet,F1_score_Botnet,Num. Obs. Botnet,AUC_Botnet,Precision-Scan,Recall-Scan,F1_score_Scan,Num. Obs. Scan,AUC_Scan,Precision-SSHscan,Recall-SSHscan,F1_score_SSHscan,Num. Obs. SSHscan,AUC_SSHscan,Precision-UDPscan,Recall-UDPscan,F1_score_UDPscan,Num. Obs. UDPscan,AUC_UDPscan,Precision-Spam,Recall-Spam,F1_score_Spam,Num. Obs. Spam,AUC_Spam,Precision-w,Recall-w,F1_score_w,Total Obs.,AUC_w,Time
9,4,87,0.8182875417938654,0.9352051835853131,0.8728485036439758,6019,0.7857050364957997,0.9166666666666666,0.927710843373494,0.9221556886227544,83,0.9634819688485053,0.9642857142857143,0.9152542372881356,0.9391304347826087,118,0.9574129170803963,0.9166666666666666,0.9166666666666666,0.9166666666666666,36,0.95817408075875,0.0,0.0,0.0,5,0.5,0.0,0.0,0.0,2,0.5,0.8346219931271478,0.6087092731829574,0.7039855072463769,3192,0.7736185676149498,0.8262564953715684,0.8239026969857218,0.8166211735614556,9455,0.785773355582482,133905.5350203514
