Rep.,Kfold,Num. Vars.,Precision-Background,Recall-Background,F1_score_Background,Num. Obs. Background,AUC_Background,Precision-DoS,Recall-DoS,F1_score_DoS,Num. Obs. Dos,AUC_DoS,Precision-Botnet,Recall-Botnet,F1_score_Botnet,Num. Obs. Botnet,AUC_Botnet,Precision-Scan,Recall-Scan,F1_score_Scan,Num. Obs. Scan,AUC_Scan,Precision-SSHscan,Recall-SSHscan,F1_score_SSHscan,Num. Obs. SSHscan,AUC_SSHscan,Precision-UDPscan,Recall-UDPscan,F1_score_UDPscan,Num. Obs. UDPscan,AUC_UDPscan,Precision-Spam,Recall-Spam,F1_score_Spam,Num. Obs. Spam,AUC_Spam,Precision-w,Recall-w,F1_score_w,Total Obs.,AUC_w,Time
18,3,84,0.8230476747587013,0.9355053191489362,0.8756807219542555,6016,0.7917270558502899,0.9294117647058824,0.9404761904761905,0.9349112426035503,84,0.9699178903069393,0.9553571428571429,0.9067796610169492,0.9304347826086956,118,0.9531220211887103,0.9696969696969697,0.8888888888888888,0.927536231884058,36,0.9443913489787972,0.0,0.0,0.0,5,0.5,1.0,1.0,1.0,2,1.0,0.8397300716997048,0.6237468671679198,0.7158008268919649,3192,0.7815268435823627,0.831438170127508,0.829260552205649,0.8226644045054801,9453,0.7923519774208752,129529.5601837635
