Rep.,Kfold,Num. Vars.,Precision-Background,Recall-Background,F1_score_Background,Num. Obs. Background,AUC_Background,Precision-DoS,Recall-DoS,F1_score_DoS,Num. Obs. Dos,AUC_DoS,Precision-Botnet,Recall-Botnet,F1_score_Botnet,Num. Obs. Botnet,AUC_Botnet,Precision-Scan,Recall-Scan,F1_score_Scan,Num. Obs. Scan,AUC_Scan,Precision-SSHscan,Recall-SSHscan,F1_score_SSHscan,Num. Obs. SSHscan,AUC_SSHscan,Precision-UDPscan,Recall-UDPscan,F1_score_UDPscan,Num. Obs. UDPscan,AUC_UDPscan,Precision-Spam,Recall-Spam,F1_score_Spam,Num. Obs. Spam,AUC_Spam,Precision-w,Recall-w,F1_score_w,Total Obs.,AUC_w,Time
19,2,86,0.8222255061327028,0.924713312281868,0.8704630788485608,6017,0.7872474858352572,0.9186046511627907,0.9518072289156626,0.9349112426035502,83,0.9755300420381493,0.9797979797979798,0.8220338983050848,0.8940092165898619,118,0.9109098139479141,0.9354838709677419,0.8285714285714286,0.8787878787878788,35,0.9141795233544199,0.0,0.0,0.0,5,0.5,0.5,0.5,0.5,2,0.74994708994709,0.8130081300813008,0.6265664160401002,0.707714083510262,3192,0.7765419939625421,0.8218424782867678,0.8220482437579348,0.8158535755869467,9452,0.7871395150266078,142652.23980498314
