Rep.,Kfold,Num. Vars.,Precision-Background,Recall-Background,F1_score_Background,Num. Obs. Background,AUC_Background,Precision-DoS,Recall-DoS,F1_score_DoS,Num. Obs. Dos,AUC_DoS,Precision-Botnet,Recall-Botnet,F1_score_Botnet,Num. Obs. Botnet,AUC_Botnet,Precision-Scan,Recall-Scan,F1_score_Scan,Num. Obs. Scan,AUC_Scan,Precision-SSHscan,Recall-SSHscan,F1_score_SSHscan,Num. Obs. SSHscan,AUC_SSHscan,Precision-UDPscan,Recall-UDPscan,F1_score_UDPscan,Num. Obs. UDPscan,AUC_UDPscan,Precision-Spam,Recall-Spam,F1_score_Spam,Num. Obs. Spam,AUC_Spam,Precision-w,Recall-w,F1_score_w,Total Obs.,AUC_w,Time
1,5,88,0.8202852153667055,0.9366899302093719,0.8746314972847169,6018,0.7886301804713916,0.961038961038961,0.891566265060241,0.9249999999999999,83,0.9456230642343143,0.9719626168224299,0.8739495798319328,0.9203539823008848,119,0.9368141043241078,0.9090909090909091,0.8571428571428571,0.8823529411764706,35,0.9284121759968453,0.0,0.0,0.0,5,0.5,1.0,0.5,0.6666666666666666,2,0.75,0.841400172860847,0.6099624060150376,0.7072284780239738,3192,0.7756774661822233,0.830492251410508,0.8243071715675905,0.8186501441379591,9454,0.7878570887493545,164378.6599597931
