Rep.,Kfold,Num. Vars.,Precision-Background,Recall-Background,F1_score_Background,Num. Obs. Background,AUC_Background,Precision-DoS,Recall-DoS,F1_score_DoS,Num. Obs. Dos,AUC_DoS,Precision-Botnet,Recall-Botnet,F1_score_Botnet,Num. Obs. Botnet,AUC_Botnet,Precision-Scan,Recall-Scan,F1_score_Scan,Num. Obs. Scan,AUC_Scan,Precision-SSHscan,Recall-SSHscan,F1_score_SSHscan,Num. Obs. SSHscan,AUC_SSHscan,Precision-UDPscan,Recall-UDPscan,F1_score_UDPscan,Num. Obs. UDPscan,AUC_UDPscan,Precision-Spam,Recall-Spam,F1_score_Spam,Num. Obs. Spam,AUC_Spam,Precision-w,Recall-w,F1_score_w,Total Obs.,AUC_w,Time
2,1,85,0.8205866278010566,0.9356071621453201,0.8743303051479151,24071,0.7886839011890661,0.9935897435897436,0.9309309309309309,0.9612403100775193,333,0.9654387867044272,0.9750566893424036,0.9033613445378151,0.9378407851690294,476,0.9515333771430372,0.9926470588235294,0.9574468085106383,0.9747292418772563,141,0.9787101328551865,0.0,0.0,0.0,21,0.5,1.0,0.42857142857142855,0.6,7,0.7142857142857143,0.845442536327609,0.6015508733453435,0.7029426570866323,12767,0.7727503658115595,0.8326650408062806,0.8218478950708695,0.8178711587249171,37816,0.7874453468918827,137844.37475681305
