Rep.,Kfold,Num. Vars.,Precision-Background,Recall-Background,F1_score_Background,Num. Obs. Background,AUC_Background,Precision-DoS,Recall-DoS,F1_score_DoS,Num. Obs. Dos,AUC_DoS,Precision-Botnet,Recall-Botnet,F1_score_Botnet,Num. Obs. Botnet,AUC_Botnet,Precision-Scan,Recall-Scan,F1_score_Scan,Num. Obs. Scan,AUC_Scan,Precision-SSHscan,Recall-SSHscan,F1_score_SSHscan,Num. Obs. SSHscan,AUC_SSHscan,Precision-UDPscan,Recall-UDPscan,F1_score_UDPscan,Num. Obs. UDPscan,AUC_UDPscan,Precision-Spam,Recall-Spam,F1_score_Spam,Num. Obs. Spam,AUC_Spam,Precision-w,Recall-w,F1_score_w,Total Obs.,AUC_w,Time
20,1,82,0.8188329394655517,0.9356098371552011,0.8733350136688836,24072,0.7865653754045447,0.9839228295819936,0.9161676646706587,0.9488372093023256,334,0.9580171389913251,0.9770642201834863,0.8968421052631579,0.9352360043907794,475,0.9482871623145268,1.0,0.9574468085106383,0.9782608695652174,141,0.9787234042553192,0.0,0.0,0.0,22,0.5,1.0,0.5714285714285714,0.7272727272727273,7,0.7857142857142857,0.8445475638051044,0.5986842105263158,0.7006737247353224,12768,0.7712593939941468,0.8311924044302037,0.8206721489198551,0.8163435571577822,37819,0.7854928947295795,105549.09856700897
