Rep.,Kfold,Num. Vars.,Precision-Background,Recall-Background,F1_score_Background,Num. Obs. Background,AUC_Background,Precision-DoS,Recall-DoS,F1_score_DoS,Num. Obs. Dos,AUC_DoS,Precision-Botnet,Recall-Botnet,F1_score_Botnet,Num. Obs. Botnet,AUC_Botnet,Precision-Scan,Recall-Scan,F1_score_Scan,Num. Obs. Scan,AUC_Scan,Precision-SSHscan,Recall-SSHscan,F1_score_SSHscan,Num. Obs. SSHscan,AUC_SSHscan,Precision-UDPscan,Recall-UDPscan,F1_score_UDPscan,Num. Obs. UDPscan,AUC_UDPscan,Precision-Spam,Recall-Spam,F1_score_Spam,Num. Obs. Spam,AUC_Spam,Precision-w,Recall-w,F1_score_w,Total Obs.,AUC_w,Time
10,1,88,0.8184345281638624,0.9296991856406848,0.870525988173047,6017,0.7842091270270382,0.9866666666666667,0.891566265060241,0.9367088607594936,83,0.9457297650415945,0.9727272727272728,0.9067796610169492,0.9385964912280702,118,0.9532291277015322,1.0,0.9428571428571428,0.9705882352941176,35,0.9714285714285714,0.0,0.0,0.0,5,0.5,1.0,0.5,0.6666666666666666,2,0.75,0.8413053196244971,0.5895989974937343,0.6933136857616503,3192,0.7664448661590078,0.8298394295089406,0.8136902242911553,0.8119781314816958,9452,0.7822741152844344,153735.05279254913
