Rep.,Kfold,Num. Vars.,Precision-Background,Recall-Background,F1_score_Background,Num. Obs. Background,AUC_Background,Precision-DoS,Recall-DoS,F1_score_DoS,Num. Obs. Dos,AUC_DoS,Precision-Botnet,Recall-Botnet,F1_score_Botnet,Num. Obs. Botnet,AUC_Botnet,Precision-Scan,Recall-Scan,F1_score_Scan,Num. Obs. Scan,AUC_Scan,Precision-SSHscan,Recall-SSHscan,F1_score_SSHscan,Num. Obs. SSHscan,AUC_SSHscan,Precision-UDPscan,Recall-UDPscan,F1_score_UDPscan,Num. Obs. UDPscan,AUC_UDPscan,Precision-Spam,Recall-Spam,F1_score_Spam,Num. Obs. Spam,AUC_Spam,Precision-w,Recall-w,F1_score_w,Total Obs.,AUC_w,Time
5,2,88,0.8166975073473386,0.9350309475345823,0.8718673742107913,24073,0.7837529246620968,0.9868421052631579,0.9009009009009009,0.9419152276295133,333,0.9503970971985698,0.9775784753363229,0.9178947368421052,0.9467969598262758,475,0.9588134781040003,0.9926470588235294,0.9574468085106383,0.9747292418772563,141,0.9787101339118827,0.0,0.0,0.0,22,0.5,1.0,0.5714285714285714,0.7272727272727273,7,0.7857142857142857,0.841227779617975,0.5967261904761905,0.6981901489117983,12768,0.7696616461941449,0.8287127321363942,0.8197731299082471,0.8146399740764148,37819,0.7832237980471615,116098.31319332123
