Rep.,Kfold,Num. Vars.,Precision-Background,Recall-Background,F1_score_Background,Num. Obs. Background,AUC_Background,Precision-DoS,Recall-DoS,F1_score_DoS,Num. Obs. Dos,AUC_DoS,Precision-Botnet,Recall-Botnet,F1_score_Botnet,Num. Obs. Botnet,AUC_Botnet,Precision-Scan,Recall-Scan,F1_score_Scan,Num. Obs. Scan,AUC_Scan,Precision-SSHscan,Recall-SSHscan,F1_score_SSHscan,Num. Obs. SSHscan,AUC_SSHscan,Precision-UDPscan,Recall-UDPscan,F1_score_UDPscan,Num. Obs. UDPscan,AUC_UDPscan,Precision-Spam,Recall-Spam,F1_score_Spam,Num. Obs. Spam,AUC_Spam,Precision-w,Recall-w,F1_score_w,Total Obs.,AUC_w,Time
8,5,88,0.8250221304219534,0.9290579830536634,0.8739548331640229,6019,0.7919948047360258,0.9722222222222222,0.8333333333333334,0.8974358974358975,84,0.9165599658557405,0.9487179487179487,0.9327731092436975,0.9406779661016949,119,0.9660652522763415,0.9696969696969697,0.9142857142857143,0.9411764705882354,35,0.957089784220662,0.0,0.0,0.0,5,0.5,1.0,0.5,0.6666666666666666,2,0.75,0.8407310704960835,0.6052631578947368,0.703825136612022,3192,0.7734170195603951,0.8333254311058305,0.81831641285956,0.8173163895975535,9456,0.789468570298584,158006.24565553665
