Rep.,Kfold,Num. Vars.,Precision-Background,Recall-Background,F1_score_Background,Num. Obs. Background,AUC_Background,Precision-DoS,Recall-DoS,F1_score_DoS,Num. Obs. Dos,AUC_DoS,Precision-Botnet,Recall-Botnet,F1_score_Botnet,Num. Obs. Botnet,AUC_Botnet,Precision-Scan,Recall-Scan,F1_score_Scan,Num. Obs. Scan,AUC_Scan,Precision-SSHscan,Recall-SSHscan,F1_score_SSHscan,Num. Obs. SSHscan,AUC_SSHscan,Precision-UDPscan,Recall-UDPscan,F1_score_UDPscan,Num. Obs. UDPscan,AUC_UDPscan,Precision-Spam,Recall-Spam,F1_score_Spam,Num. Obs. Spam,AUC_Spam,Precision-w,Recall-w,F1_score_w,Total Obs.,AUC_w,Time
11,2,86,0.8169858207864348,0.9290226063829787,0.8694096601073346,6016,0.7823757198339101,0.9743589743589743,0.9047619047619048,0.9382716049382716,84,0.9522742174039003,0.9557522123893806,0.907563025210084,0.9310344827586208,119,0.9535136745934714,0.9411764705882353,0.9142857142857143,0.9275362318840579,35,0.9570366774868792,0.0,0.0,0.0,5,0.5,0.0,0.0,0.0,1,0.5,0.8313458262350937,0.6113373003445036,0.7045659628225953,3193,0.7740392572010059,0.8249228567238892,0.8205860573362953,0.8147804211231678,9453,0.7836914338320328,113378.7753264904
