Rep.,Kfold,Num. Vars.,Precision-Background,Recall-Background,F1_score_Background,Num. Obs. Background,AUC_Background,Precision-DoS,Recall-DoS,F1_score_DoS,Num. Obs. Dos,AUC_DoS,Precision-Botnet,Recall-Botnet,F1_score_Botnet,Num. Obs. Botnet,AUC_Botnet,Precision-Scan,Recall-Scan,F1_score_Scan,Num. Obs. Scan,AUC_Scan,Precision-SSHscan,Recall-SSHscan,F1_score_SSHscan,Num. Obs. SSHscan,AUC_SSHscan,Precision-UDPscan,Recall-UDPscan,F1_score_UDPscan,Num. Obs. UDPscan,AUC_UDPscan,Precision-Spam,Recall-Spam,F1_score_Spam,Num. Obs. Spam,AUC_Spam,Precision-w,Recall-w,F1_score_w,Total Obs.,AUC_w,Time
2,4,87,0.8196357012750456,0.9346543702226653,0.8733744808043166,24072,0.7872515322416156,0.9901639344262295,0.9041916167664671,0.945226917057903,334,0.952055792376831,0.9773242630385488,0.9073684210526316,0.9410480349344978,475,0.9535503202092636,1.0,0.9219858156028369,0.959409594095941,141,0.9609929078014184,0.0,0.0,0.0,22,0.5,1.0,0.5714285714285714,0.7272727272727273,7,0.7857142857142857,0.8427548209366391,0.5989974937343359,0.7002701094172047,12768,0.7710168499369057,0.8311565068842003,0.820063989000238,0.8162032451336639,37819,0.7857951046000118,103185.75337338448
