Rep.,Kfold,Num. Vars.,Precision-Background,Recall-Background,F1_score_Background,Num. Obs. Background,AUC_Background,Precision-DoS,Recall-DoS,F1_score_DoS,Num. Obs. Dos,AUC_DoS,Precision-Botnet,Recall-Botnet,F1_score_Botnet,Num. Obs. Botnet,AUC_Botnet,Precision-Scan,Recall-Scan,F1_score_Scan,Num. Obs. Scan,AUC_Scan,Precision-SSHscan,Recall-SSHscan,F1_score_SSHscan,Num. Obs. SSHscan,AUC_SSHscan,Precision-UDPscan,Recall-UDPscan,F1_score_UDPscan,Num. Obs. UDPscan,AUC_UDPscan,Precision-Spam,Recall-Spam,F1_score_Spam,Num. Obs. Spam,AUC_Spam,Precision-w,Recall-w,F1_score_w,Total Obs.,AUC_w,Time
15,3,82,0.8204548768041988,0.9351113326686606,0.8740389842354586,24072,0.7883893027640968,0.9805825242718447,0.907185628742515,0.942457231726283,334,0.9535127823584525,0.975929978118162,0.9389473684210526,0.9570815450643777,475,0.9693264048617687,0.9927007299270073,0.9645390070921985,0.9784172661870503,141,0.9822562332026628,0.0,0.0,0.0,21,0.5,1.0,0.42857142857142855,0.6,7,0.7142857142857143,0.8411387591002933,0.6062338475996554,0.7046240669943564,12769,0.7739352870732807,0.8310252178802969,0.8233692059546789,0.8183389942568927,37819,0.7877889002161533,115596.59081244469
