Rep.,Kfold,Num. Vars.,Precision-Background,Recall-Background,F1_score_Background,Num. Obs. Background,AUC_Background,Precision-DoS,Recall-DoS,F1_score_DoS,Num. Obs. Dos,AUC_DoS,Precision-Botnet,Recall-Botnet,F1_score_Botnet,Num. Obs. Botnet,AUC_Botnet,Precision-Scan,Recall-Scan,F1_score_Scan,Num. Obs. Scan,AUC_Scan,Precision-SSHscan,Recall-SSHscan,F1_score_SSHscan,Num. Obs. SSHscan,AUC_SSHscan,Precision-UDPscan,Recall-UDPscan,F1_score_UDPscan,Num. Obs. UDPscan,AUC_UDPscan,Precision-Spam,Recall-Spam,F1_score_Spam,Num. Obs. Spam,AUC_Spam,Precision-w,Recall-w,F1_score_w,Total Obs.,AUC_w,Time
7,5,83,0.8187641021908436,0.9345740040709508,0.8728443677135264,24073,0.7861302177502807,0.9839228295819936,0.918918918918919,0.9503105590062112,333,0.9593927661154552,0.9773242630385488,0.9073684210526316,0.9410480349344978,475,0.953550316623844,0.9848484848484849,0.9285714285714286,0.9558823529411765,140,0.9642591735988414,0.0,0.0,0.0,22,0.5,1.0,0.5,0.6666666666666666,8,0.75,0.8438665788896204,0.6024124696483121,0.7029843242996207,12767,0.772804175026144,0.8308611497116944,0.8213020254905071,0.816796007927152,37818,0.785745256498966,129160.65683150291
