Rep.,Kfold,Num. Vars.,Precision-Background,Recall-Background,F1_score_Background,Num. Obs. Background,AUC_Background,Precision-DoS,Recall-DoS,F1_score_DoS,Num. Obs. Dos,AUC_DoS,Precision-Botnet,Recall-Botnet,F1_score_Botnet,Num. Obs. Botnet,AUC_Botnet,Precision-Scan,Recall-Scan,F1_score_Scan,Num. Obs. Scan,AUC_Scan,Precision-SSHscan,Recall-SSHscan,F1_score_SSHscan,Num. Obs. SSHscan,AUC_SSHscan,Precision-UDPscan,Recall-UDPscan,F1_score_UDPscan,Num. Obs. UDPscan,AUC_UDPscan,Precision-Spam,Recall-Spam,F1_score_Spam,Num. Obs. Spam,AUC_Spam,Precision-w,Recall-w,F1_score_w,Total Obs.,AUC_w,Time
11,3,79,0.8200663047834165,0.9351113326686606,0.8738184429650045,24072,0.7879164723283654,0.9806451612903225,0.9101796407185628,0.9440993788819875,334,0.9550097883464764,0.977116704805492,0.8989473684210526,0.9364035087719298,475,0.949339793893474,1.0,0.9148936170212766,0.9555555555555556,141,0.9574468085106382,0.0,0.0,0.0,22,0.5,1.0,0.5714285714285714,0.7272727272727273,7,0.7857142857142857,0.8442524335557257,0.6045582706766918,0.7045776094199261,12768,0.7738571162572712,0.8318495221724392,0.8221528861154446,0.8178574149968191,37819,0.787137223450339,122096.06655836105
