Rep.,Kfold,Num. Vars.,Precision-Background,Recall-Background,F1_score_Background,Num. Obs. Background,AUC_Background,Precision-DoS,Recall-DoS,F1_score_DoS,Num. Obs. Dos,AUC_DoS,Precision-Botnet,Recall-Botnet,F1_score_Botnet,Num. Obs. Botnet,AUC_Botnet,Precision-Scan,Recall-Scan,F1_score_Scan,Num. Obs. Scan,AUC_Scan,Precision-SSHscan,Recall-SSHscan,F1_score_SSHscan,Num. Obs. SSHscan,AUC_SSHscan,Precision-UDPscan,Recall-UDPscan,F1_score_UDPscan,Num. Obs. UDPscan,AUC_UDPscan,Precision-Spam,Recall-Spam,F1_score_Spam,Num. Obs. Spam,AUC_Spam,Precision-w,Recall-w,F1_score_w,Total Obs.,AUC_w,Time
7,1,84,0.8223847841989759,0.9340312396144899,0.8746596125418191,6018,0.7903567141029376,0.9382716049382716,0.9156626506024096,0.9268292682926829,83,0.9575645448081943,0.9629629629629629,0.8739495798319328,0.9162995594713657,119,0.9367605424601549,0.8717948717948718,0.9714285714285714,0.9189189189189189,35,0.985448864756647,0.0,0.0,0.0,5,0.5,0.5,0.5,0.5,2,0.7499471011426153,0.8414322250639387,0.618421052631579,0.7128927410617552,3192,0.7795075560187598,0.8312825523618381,0.8261053522318595,0.8206456332508291,9454,0.7905646065711832,141033.55841565132
