Rep.,Kfold,Num. Vars.,Precision-Background,Recall-Background,F1_score_Background,Num. Obs. Background,AUC_Background,Precision-DoS,Recall-DoS,F1_score_DoS,Num. Obs. Dos,AUC_DoS,Precision-Botnet,Recall-Botnet,F1_score_Botnet,Num. Obs. Botnet,AUC_Botnet,Precision-Scan,Recall-Scan,F1_score_Scan,Num. Obs. Scan,AUC_Scan,Precision-SSHscan,Recall-SSHscan,F1_score_SSHscan,Num. Obs. SSHscan,AUC_SSHscan,Precision-UDPscan,Recall-UDPscan,F1_score_UDPscan,Num. Obs. UDPscan,AUC_UDPscan,Precision-Spam,Recall-Spam,F1_score_Spam,Num. Obs. Spam,AUC_Spam,Precision-w,Recall-w,F1_score_w,Total Obs.,AUC_w,Time
3,1,86,0.8233904311872415,0.9265536723163842,0.871931196247068,6018,0.7893890780889858,0.9240506329113924,0.8690476190476191,0.8957055214723927,84,0.9342037412425762,0.954954954954955,0.8907563025210085,0.9217391304347827,119,0.9451104279792876,0.9696969696969697,0.8888888888888888,0.927536231884058,36,0.9443913715222494,0.0,0.0,0.0,5,0.5,1.0,0.5,0.6666666666666666,2,0.75,0.8214726450020567,0.6254306295020357,0.7101706970128022,3193,0.7780729137293064,0.8254514913915272,0.8231997462197315,0.8178606146328975,9457,0.7892428497457867,134075.9341158867
