Rep.,Kfold,Num. Vars.,Precision-Background,Recall-Background,F1_score_Background,Num. Obs. Background,AUC_Background,Precision-DoS,Recall-DoS,F1_score_DoS,Num. Obs. Dos,AUC_DoS,Precision-Botnet,Recall-Botnet,F1_score_Botnet,Num. Obs. Botnet,AUC_Botnet,Precision-Scan,Recall-Scan,F1_score_Scan,Num. Obs. Scan,AUC_Scan,Precision-SSHscan,Recall-SSHscan,F1_score_SSHscan,Num. Obs. SSHscan,AUC_SSHscan,Precision-UDPscan,Recall-UDPscan,F1_score_UDPscan,Num. Obs. UDPscan,AUC_UDPscan,Precision-Spam,Recall-Spam,F1_score_Spam,Num. Obs. Spam,AUC_Spam,Precision-w,Recall-w,F1_score_w,Total Obs.,AUC_w,Time
4,4,82,0.8204576141298398,0.9339896975739448,0.8735502671199611,24072,0.7880076543748653,0.9838709677419355,0.9159159159159159,0.9486780715396579,333,0.9578912610553622,0.9776785714285714,0.9221052631578948,0.9490790899241603,475,0.9609187305050607,1.0,0.950354609929078,0.9745454545454546,141,0.975177304964539,0.0,0.0,0.0,21,0.5,1.0,0.42857142857142855,0.6,7,0.7142857142857143,0.839756150664054,0.6042139891908828,0.7027741083223249,12767,0.7727245841199734,0.8306338273891505,0.8217950074042734,0.8173458944809185,37816,0.7870401208084619,121170.9004945755
