Rep.,Kfold,Num. Vars.,Precision-Background,Recall-Background,F1_score_Background,Num. Obs. Background,AUC_Background,Precision-DoS,Recall-DoS,F1_score_DoS,Num. Obs. Dos,AUC_DoS,Precision-Botnet,Recall-Botnet,F1_score_Botnet,Num. Obs. Botnet,AUC_Botnet,Precision-Scan,Recall-Scan,F1_score_Scan,Num. Obs. Scan,AUC_Scan,Precision-SSHscan,Recall-SSHscan,F1_score_SSHscan,Num. Obs. SSHscan,AUC_SSHscan,Precision-UDPscan,Recall-UDPscan,F1_score_UDPscan,Num. Obs. UDPscan,AUC_UDPscan,Precision-Spam,Recall-Spam,F1_score_Spam,Num. Obs. Spam,AUC_Spam,Precision-w,Recall-w,F1_score_w,Total Obs.,AUC_w,Time
6,2,85,0.8197150334399534,0.936856098371552,0.8743796526054591,6018,0.787985674331294,0.9629629629629629,0.9397590361445783,0.9512195121951219,83,0.969719449776483,0.9722222222222222,0.8823529411764706,0.9251101321585902,119,0.9410157849963766,0.9142857142857143,0.9142857142857143,0.9142857142857143,35,0.9569836045682738,0.0,0.0,0.0,5,0.5,0.5,0.5,0.5,2,0.7499471011426153,0.8332624415142492,0.6137218045112782,0.706837452642973,3192,0.7755609980716723,0.8273153326555419,0.8264226782314364,0.8187308254130623,9454,0.7877777033085145,130938.94943928719
