Rep.,Kfold,Num. Vars.,Precision-Background,Recall-Background,F1_score_Background,Num. Obs. Background,AUC_Background,Precision-DoS,Recall-DoS,F1_score_DoS,Num. Obs. Dos,AUC_DoS,Precision-Botnet,Recall-Botnet,F1_score_Botnet,Num. Obs. Botnet,AUC_Botnet,Precision-Scan,Recall-Scan,F1_score_Scan,Num. Obs. Scan,AUC_Scan,Precision-SSHscan,Recall-SSHscan,F1_score_SSHscan,Num. Obs. SSHscan,AUC_SSHscan,Precision-UDPscan,Recall-UDPscan,F1_score_UDPscan,Num. Obs. UDPscan,AUC_UDPscan,Precision-Spam,Recall-Spam,F1_score_Spam,Num. Obs. Spam,AUC_Spam,Precision-w,Recall-w,F1_score_w,Total Obs.,AUC_w,Time
15,4,83,0.819806023481368,0.9340312396144899,0.8731989591828808,24072,0.787267311085342,0.9871794871794872,0.9221556886227545,0.953560371517028,334,0.9610244896361739,0.9839816933638444,0.9052631578947369,0.9429824561403509,475,0.952537855725432,1.0,0.9148936170212766,0.9555555555555556,141,0.9574468085106382,0.0,0.0,0.0,22,0.5,1.0,0.5714285714285714,0.7272727272727273,7,0.7857142857142857,0.8393583122733765,0.5982926065162907,0.6986144771137226,12768,0.7699658314206937,0.8301754880196658,0.8195351542875274,0.8156160940906929,37819,0.7855035857382224,113390.42473697662
