Rep.,Kfold,Num. Vars.,Precision-Background,Recall-Background,F1_score_Background,Num. Obs. Background,AUC_Background,Precision-DoS,Recall-DoS,F1_score_DoS,Num. Obs. Dos,AUC_DoS,Precision-Botnet,Recall-Botnet,F1_score_Botnet,Num. Obs. Botnet,AUC_Botnet,Precision-Scan,Recall-Scan,F1_score_Scan,Num. Obs. Scan,AUC_Scan,Precision-SSHscan,Recall-SSHscan,F1_score_SSHscan,Num. Obs. SSHscan,AUC_SSHscan,Precision-UDPscan,Recall-UDPscan,F1_score_UDPscan,Num. Obs. UDPscan,AUC_UDPscan,Precision-Spam,Recall-Spam,F1_score_Spam,Num. Obs. Spam,AUC_Spam,Precision-w,Recall-w,F1_score_w,Total Obs.,AUC_w,Time
10,3,84,0.8230194319880418,0.9147698953314504,0.8664725784876859,6019,0.7851417122860337,0.9866666666666667,0.8809523809523809,0.930817610062893,84,0.9404228400707274,0.9732142857142857,0.9159663865546218,0.9437229437229437,119,0.9578225421045573,1.0,0.7777777777777778,0.8750000000000001,36,0.8888888888888888,0.0,0.0,0.0,6,0.5,1.0,1.0,1.0,1,1.0,0.8032984714400644,0.6258226261360075,0.7035406024308614,3191,0.7738849762763038,0.819878583280591,0.8158840947546532,0.8125304803111858,9456,0.7851323314957387,114254.72736811638
