Rep.,Kfold,Num. Vars.,Precision-Background,Recall-Background,F1_score_Background,Num. Obs. Background,AUC_Background,Precision-DoS,Recall-DoS,F1_score_DoS,Num. Obs. Dos,AUC_DoS,Precision-Botnet,Recall-Botnet,F1_score_Botnet,Num. Obs. Botnet,AUC_Botnet,Precision-Scan,Recall-Scan,F1_score_Scan,Num. Obs. Scan,AUC_Scan,Precision-SSHscan,Recall-SSHscan,F1_score_SSHscan,Num. Obs. SSHscan,AUC_SSHscan,Precision-UDPscan,Recall-UDPscan,F1_score_UDPscan,Num. Obs. UDPscan,AUC_UDPscan,Precision-Spam,Recall-Spam,F1_score_Spam,Num. Obs. Spam,AUC_Spam,Precision-w,Recall-w,F1_score_w,Total Obs.,AUC_w,Time
19,3,89,0.8200842900741171,0.9376869391824526,0.8749515466315217,6018,0.7887445461114474,0.9861111111111112,0.8452380952380952,0.9102564102564102,84,0.9225656915204455,0.9821428571428571,0.9243697478991597,0.9523809523809523,119,0.9620777616959381,0.9444444444444444,0.9714285714285714,0.9577464788732395,35,0.9856081286017592,0.0,0.0,0.0,5,0.5,0.3333333333333333,0.5,0.4,2,0.749894213477203,0.8602498843128181,0.5823934837092731,0.6945637960022417,3192,0.767086890345775,0.8370825429876371,0.8162876784769963,0.8150842985746259,9455,0.7853712191581126,134654.89022564888
