Rep.,Kfold,Num. Vars.,Precision-Background,Recall-Background,F1_score_Background,Num. Obs. Background,AUC_Background,Precision-DoS,Recall-DoS,F1_score_DoS,Num. Obs. Dos,AUC_DoS,Precision-Botnet,Recall-Botnet,F1_score_Botnet,Num. Obs. Botnet,AUC_Botnet,Precision-Scan,Recall-Scan,F1_score_Scan,Num. Obs. Scan,AUC_Scan,Precision-SSHscan,Recall-SSHscan,F1_score_SSHscan,Num. Obs. SSHscan,AUC_SSHscan,Precision-UDPscan,Recall-UDPscan,F1_score_UDPscan,Num. Obs. UDPscan,AUC_UDPscan,Precision-Spam,Recall-Spam,F1_score_Spam,Num. Obs. Spam,AUC_Spam,Precision-w,Recall-w,F1_score_w,Total Obs.,AUC_w,Time
1,1,84,0.8161252900232019,0.9351944167497508,0.8716122038098189,6018,0.7831876679443925,0.9615384615384616,0.8928571428571429,0.9259259259259259,84,0.9462685202121821,0.9565217391304348,0.9243697478991597,0.9401709401709402,119,0.9619171219949905,0.96875,0.8611111111111112,0.911764705882353,36,0.9305024769992922,0.0,0.0,0.0,5,0.5,0.0,0.0,0.0,2,0.49994711233340383,0.8289136013686912,0.6071428571428571,0.7009041591320072,3192,0.7716429483670865,0.8234776362790021,0.8229695431472082,0.8148403095967366,9456,0.7833397158935028,138697.08329033852
