Rep.,Kfold,Num. Vars.,Precision-Background,Recall-Background,F1_score_Background,Num. Obs. Background,AUC_Background,Precision-DoS,Recall-DoS,F1_score_DoS,Num. Obs. Dos,AUC_DoS,Precision-Botnet,Recall-Botnet,F1_score_Botnet,Num. Obs. Botnet,AUC_Botnet,Precision-Scan,Recall-Scan,F1_score_Scan,Num. Obs. Scan,AUC_Scan,Precision-SSHscan,Recall-SSHscan,F1_score_SSHscan,Num. Obs. SSHscan,AUC_SSHscan,Precision-UDPscan,Recall-UDPscan,F1_score_UDPscan,Num. Obs. UDPscan,AUC_UDPscan,Precision-Spam,Recall-Spam,F1_score_Spam,Num. Obs. Spam,AUC_Spam,Precision-w,Recall-w,F1_score_w,Total Obs.,AUC_w,Time
5,3,83,0.8218128224023581,0.9265536723163842,0.8710458486292274,6018,0.7873455206750721,0.972972972972973,0.8571428571428571,0.9113924050632912,84,0.9284647049855161,0.956140350877193,0.923728813559322,0.939655172413793,118,0.9615966261455565,0.9705882352941176,0.9428571428571428,0.9565217391304348,35,0.9713754872370437,0.0,0.0,0.0,6,0.5,0.5,1.0,0.6666666666666666,1,0.9999471067386014,0.8269230769230769,0.6196741854636592,0.7084527220630372,3192,0.776780561272232,0.8265530892875381,0.8217685635709753,0.8171055855492153,9454,0.7877286250547434,125523.44307923317
