Rep.,Kfold,Num. Vars.,Precision-Background,Recall-Background,F1_score_Background,Num. Obs. Background,AUC_Background,Precision-DoS,Recall-DoS,F1_score_DoS,Num. Obs. Dos,AUC_DoS,Precision-Botnet,Recall-Botnet,F1_score_Botnet,Num. Obs. Botnet,AUC_Botnet,Precision-Scan,Recall-Scan,F1_score_Scan,Num. Obs. Scan,AUC_Scan,Precision-SSHscan,Recall-SSHscan,F1_score_SSHscan,Num. Obs. SSHscan,AUC_SSHscan,Precision-UDPscan,Recall-UDPscan,F1_score_UDPscan,Num. Obs. UDPscan,AUC_UDPscan,Precision-Spam,Recall-Spam,F1_score_Spam,Num. Obs. Spam,AUC_Spam,Precision-w,Recall-w,F1_score_w,Total Obs.,AUC_w,Time
6,3,84,0.8191048034934498,0.935147486497715,0.8732880698351115,24070,0.7867706589395537,0.9808306709265175,0.9219219219219219,0.9504643962848297,333,0.9608809268130579,0.9772727272727273,0.9033613445378151,0.9388646288209607,476,0.951546771195021,0.9851851851851852,0.9432624113475178,0.9637681159420289,141,0.971604663577995,0.0,0.0,0.0,21,0.5,1.0,0.42857142857142855,0.6,7,0.7142857142857143,0.8418233493659817,0.6031012608661602,0.7027421636172834,12769,0.7726660887531057,0.8303885689201422,0.8219319353729804,0.8170096527960885,37817,0.7861318697211714,115331.75233602524
