Rep.,Kfold,Num. Vars.,Precision-Background,Recall-Background,F1_score_Background,Num. Obs. Background,AUC_Background,Precision-DoS,Recall-DoS,F1_score_DoS,Num. Obs. Dos,AUC_DoS,Precision-Botnet,Recall-Botnet,F1_score_Botnet,Num. Obs. Botnet,AUC_Botnet,Precision-Scan,Recall-Scan,F1_score_Scan,Num. Obs. Scan,AUC_Scan,Precision-SSHscan,Recall-SSHscan,F1_score_SSHscan,Num. Obs. SSHscan,AUC_SSHscan,Precision-UDPscan,Recall-UDPscan,F1_score_UDPscan,Num. Obs. UDPscan,AUC_UDPscan,Precision-Spam,Recall-Spam,F1_score_Spam,Num. Obs. Spam,AUC_Spam,Precision-w,Recall-w,F1_score_w,Total Obs.,AUC_w,Time
9,3,81,0.8201702877275396,0.9283815221003656,0.8709275136399066,6018,0.7858792617779848,0.9518072289156626,0.9518072289156626,0.9518072289156626,83,0.9756901672860062,1.0,0.9243697478991597,0.9606986899563319,119,0.9621848739495799,0.9705882352941176,0.9428571428571428,0.9565217391304348,35,0.9713754816005825,0.0,0.0,0.0,5,0.5,0.5,0.5,0.5,2,0.7499470955454448,0.8191621733720448,0.6189282356628016,0.7051053195287398,3191,0.7746509590961723,0.8233049693229475,0.8235480799746112,0.816569793364597,9453,0.7865030072768061,113718.38951778412
