Rep.,Kfold,Num. Vars.,Precision-Background,Recall-Background,F1_score_Background,Num. Obs. Background,AUC_Background,Precision-DoS,Recall-DoS,F1_score_DoS,Num. Obs. Dos,AUC_DoS,Precision-Botnet,Recall-Botnet,F1_score_Botnet,Num. Obs. Botnet,AUC_Botnet,Precision-Scan,Recall-Scan,F1_score_Scan,Num. Obs. Scan,AUC_Scan,Precision-SSHscan,Recall-SSHscan,F1_score_SSHscan,Num. Obs. SSHscan,AUC_SSHscan,Precision-UDPscan,Recall-UDPscan,F1_score_UDPscan,Num. Obs. UDPscan,AUC_UDPscan,Precision-Spam,Recall-Spam,F1_score_Spam,Num. Obs. Spam,AUC_Spam,Precision-w,Recall-w,F1_score_w,Total Obs.,AUC_w,Time
6,1,87,0.8195968359275325,0.9340312396144899,0.8730802834676245,24072,0.7870127100814865,0.9935275080906149,0.9191616766467066,0.9548989113530327,334,0.9595541609857516,0.9820627802690582,0.9221052631578948,0.9511400651465798,475,0.9609455193253056,0.9925373134328358,0.95,0.9708029197080291,140,0.9749867300087581,0.0,0.0,0.0,21,0.5,1.0,0.625,0.7692307692307693,8,0.8125,0.8421684118673648,0.6046675542329079,0.7039248757806446,12769,0.7734515415875118,0.8310176556173512,0.822020677437267,0.8175255650526247,37819,0.7866842339898589,134816.21228313446
