Rep.,Kfold,Num. Vars.,Precision-Background,Recall-Background,F1_score_Background,Num. Obs. Background,AUC_Background,Precision-DoS,Recall-DoS,F1_score_DoS,Num. Obs. Dos,AUC_DoS,Precision-Botnet,Recall-Botnet,F1_score_Botnet,Num. Obs. Botnet,AUC_Botnet,Precision-Scan,Recall-Scan,F1_score_Scan,Num. Obs. Scan,AUC_Scan,Precision-SSHscan,Recall-SSHscan,F1_score_SSHscan,Num. Obs. SSHscan,AUC_SSHscan,Precision-UDPscan,Recall-UDPscan,F1_score_UDPscan,Num. Obs. UDPscan,AUC_UDPscan,Precision-Spam,Recall-Spam,F1_score_Spam,Num. Obs. Spam,AUC_Spam,Precision-w,Recall-w,F1_score_w,Total Obs.,AUC_w,Time
20,3,83,0.8210038666374845,0.9349478669048311,0.8742789441995066,24073,0.789011611660155,0.9901639344262295,0.9041916167664671,0.945226917057903,334,0.9520557945117581,0.9683972911963883,0.9031578947368422,0.934640522875817,475,0.9513915109629157,1.0,0.9361702127659575,0.967032967032967,141,0.9680851063829787,0.0,0.0,0.0,21,0.5,1.0,0.5,0.6666666666666666,8,0.75,0.8415312465917767,0.6042759808912209,0.703436958701796,12769,0.7731383097813921,0.8315285697551944,0.8220300891039369,0.8178009193232936,37821,0.7876306075505095,67405.75834083557
