Rep.,Kfold,Num. Vars.,Precision-Background,Recall-Background,F1_score_Background,Num. Obs. Background,AUC_Background,Precision-DoS,Recall-DoS,F1_score_DoS,Num. Obs. Dos,AUC_DoS,Precision-Botnet,Recall-Botnet,F1_score_Botnet,Num. Obs. Botnet,AUC_Botnet,Precision-Scan,Recall-Scan,F1_score_Scan,Num. Obs. Scan,AUC_Scan,Precision-SSHscan,Recall-SSHscan,F1_score_SSHscan,Num. Obs. SSHscan,AUC_SSHscan,Precision-UDPscan,Recall-UDPscan,F1_score_UDPscan,Num. Obs. UDPscan,AUC_UDPscan,Precision-Spam,Recall-Spam,F1_score_Spam,Num. Obs. Spam,AUC_Spam,Precision-w,Recall-w,F1_score_w,Total Obs.,AUC_w,Time
12,2,85,0.8205391151479636,0.9308625560910753,0.8722261153935996,6017,0.7871197787733396,1.0,0.927710843373494,0.9625,83,0.963855421686747,0.9469026548672567,0.9067796610169492,0.9264069264069263,118,0.9530684248945899,0.9705882352941176,0.9428571428571428,0.9565217391304348,35,0.9713754759629242,0.0,0.0,0.0,6,0.5,1.0,1.0,1.0,2,1.0,0.847427293064877,0.5935443434659982,0.6981201621820864,3191,0.7695401001789344,0.8328427263568504,0.8161235717308506,0.8147024705916113,9452,0.785353616625733,136676.84086441994
