Rep.,Kfold,Num. Vars.,Precision-Background,Recall-Background,F1_score_Background,Num. Obs. Background,AUC_Background,Precision-DoS,Recall-DoS,F1_score_DoS,Num. Obs. Dos,AUC_DoS,Precision-Botnet,Recall-Botnet,F1_score_Botnet,Num. Obs. Botnet,AUC_Botnet,Precision-Scan,Recall-Scan,F1_score_Scan,Num. Obs. Scan,AUC_Scan,Precision-SSHscan,Recall-SSHscan,F1_score_SSHscan,Num. Obs. SSHscan,AUC_SSHscan,Precision-UDPscan,Recall-UDPscan,F1_score_UDPscan,Num. Obs. UDPscan,AUC_UDPscan,Precision-Spam,Recall-Spam,F1_score_Spam,Num. Obs. Spam,AUC_Spam,Precision-w,Recall-w,F1_score_w,Total Obs.,AUC_w,Time
9,5,82,0.8125361062969382,0.9348620804253905,0.8694174007108638,6018,0.7785486187924391,0.9605263157894737,0.8690476190476191,0.9125000000000001,84,0.9343637241449407,0.9722222222222222,0.8823529411764706,0.9251101321585902,119,0.9410157849963766,0.9428571428571428,0.9428571428571428,0.9428571428571428,35,0.9713224030455159,0.0,0.0,0.0,5,0.5,0.5,1.0,0.6666666666666666,1,0.9999471067386014,0.8352941176470589,0.5783208020050126,0.6834505738615329,3192,0.7600962042602514,0.8235646039977941,0.8127776602496298,0.807502953420513,9454,0.7763376702292887,113005.74373960495
