Rep.,Kfold,Num. Vars.,Precision-Background,Recall-Background,F1_score_Background,Num. Obs. Background,AUC_Background,Precision-DoS,Recall-DoS,F1_score_DoS,Num. Obs. Dos,AUC_DoS,Precision-Botnet,Recall-Botnet,F1_score_Botnet,Num. Obs. Botnet,AUC_Botnet,Precision-Scan,Recall-Scan,F1_score_Scan,Num. Obs. Scan,AUC_Scan,Precision-SSHscan,Recall-SSHscan,F1_score_SSHscan,Num. Obs. SSHscan,AUC_SSHscan,Precision-UDPscan,Recall-UDPscan,F1_score_UDPscan,Num. Obs. UDPscan,AUC_UDPscan,Precision-Spam,Recall-Spam,F1_score_Spam,Num. Obs. Spam,AUC_Spam,Precision-w,Recall-w,F1_score_w,Total Obs.,AUC_w,Time
1,4,85,0.8180745982603568,0.9222203756024597,0.8670312499999999,6017,0.7815409212121728,0.974025974025974,0.8928571428571429,0.9316770186335404,84,0.9463218364515193,0.963963963963964,0.9067796610169492,0.9344978165938864,118,0.9531755830526631,0.9393939393939394,0.8857142857142857,0.9117647058823529,35,0.9427509632011649,0.0,0.0,0.0,5,0.5,1.0,1.0,1.0,2,1.0,0.8240942819729375,0.5914786967418546,0.6886740835309137,3192,0.7635559910797598,0.8233691445292395,0.8094784724426108,0.8079570594001749,9453,0.7795688652527684,128701.40043115616
