Rep.,Kfold,Num. Vars.,Precision-Background,Recall-Background,F1_score_Background,Num. Obs. Background,AUC_Background,Precision-DoS,Recall-DoS,F1_score_DoS,Num. Obs. Dos,AUC_DoS,Precision-Botnet,Recall-Botnet,F1_score_Botnet,Num. Obs. Botnet,AUC_Botnet,Precision-Scan,Recall-Scan,F1_score_Scan,Num. Obs. Scan,AUC_Scan,Precision-SSHscan,Recall-SSHscan,F1_score_SSHscan,Num. Obs. SSHscan,AUC_SSHscan,Precision-UDPscan,Recall-UDPscan,F1_score_UDPscan,Num. Obs. UDPscan,AUC_UDPscan,Precision-Spam,Recall-Spam,F1_score_Spam,Num. Obs. Spam,AUC_Spam,Precision-w,Recall-w,F1_score_w,Total Obs.,AUC_w,Time
9,1,79,0.8196457326892109,0.9306848404255319,0.8716431851794193,6016,0.786168481876524,0.958904109589041,0.8433734939759037,0.8974358974358975,83,0.9215266786921457,0.9396551724137931,0.9159663865546218,0.9276595744680851,119,0.9576082602296409,0.8857142857142857,0.8857142857142857,0.8857142857142857,35,0.9426448060910319,0.0,0.0,0.0,6,0.5,0.5,0.5,0.5,2,0.7499471011426153,0.8305156382079459,0.6154087065455685,0.7069616837560713,3193,0.7756807148763619,0.8257069142447001,0.8224032155701291,0.816375367793675,9454,0.786362668635883,135243.45714592934
