Rep.,Kfold,Num. Vars.,Precision-Background,Recall-Background,F1_score_Background,Num. Obs. Background,AUC_Background,Precision-DoS,Recall-DoS,F1_score_DoS,Num. Obs. Dos,AUC_DoS,Precision-Botnet,Recall-Botnet,F1_score_Botnet,Num. Obs. Botnet,AUC_Botnet,Precision-Scan,Recall-Scan,F1_score_Scan,Num. Obs. Scan,AUC_Scan,Precision-SSHscan,Recall-SSHscan,F1_score_SSHscan,Num. Obs. SSHscan,AUC_SSHscan,Precision-UDPscan,Recall-UDPscan,F1_score_UDPscan,Num. Obs. UDPscan,AUC_UDPscan,Precision-Spam,Recall-Spam,F1_score_Spam,Num. Obs. Spam,AUC_Spam,Precision-w,Recall-w,F1_score_w,Total Obs.,AUC_w,Time
11,3,79,0.8714999243226881,0.9567962778331671,0.9121584158415842,6018,0.8547813654745334,1.0,0.40963855421686746,0.5811965811965811,83,0.7048192771084337,1.0,0.04201680672268908,0.08064516129032258,119,0.5210084033613446,0.8857142857142857,0.8857142857142857,0.8857142857142857,35,0.9426447609945539,0.0,0.0,0.0,5,0.5,0.0,0.0,0.0,2,0.5,0.9118110236220472,0.7260188087774294,0.8083769633507853,3190,0.8451237448550193,0.8872581157351108,0.8616165890816758,0.8629843366543084,9452,0.8460655491058043,7194.349990367889
