Rep.,Kfold,Num. Vars.,Precision-Background,Recall-Background,F1_score_Background,Num. Obs. Background,AUC_Background,Precision-DoS,Recall-DoS,F1_score_DoS,Num. Obs. Dos,AUC_DoS,Precision-Botnet,Recall-Botnet,F1_score_Botnet,Num. Obs. Botnet,AUC_Botnet,Precision-Scan,Recall-Scan,F1_score_Scan,Num. Obs. Scan,AUC_Scan,Precision-SSHscan,Recall-SSHscan,F1_score_SSHscan,Num. Obs. SSHscan,AUC_SSHscan,Precision-UDPscan,Recall-UDPscan,F1_score_UDPscan,Num. Obs. UDPscan,AUC_UDPscan,Precision-Spam,Recall-Spam,F1_score_Spam,Num. Obs. Spam,AUC_Spam,Precision-w,Recall-w,F1_score_w,Total Obs.,AUC_w,Time
16,2,82,0.8738041002277904,0.9562905102210404,0.9131883827963815,6017,0.8572901067684608,0.9772727272727273,0.5119047619047619,0.6718749999999999,84,0.7558990248537789,1.0,0.01680672268907563,0.03305785123966942,119,0.5084033613445378,0.9411764705882353,0.9142857142857143,0.9275362318840579,35,0.9570367000303306,0.0,0.0,0.0,5,0.5,0.0,0.0,0.0,2,0.5,0.9122308004876066,0.7031005324146571,0.7941280509373895,3193,0.834303380228408,0.8888909891685923,0.854151242728715,0.8591370193910496,9455,0.8443402504583729,4081.997524499893
