Rep.,Kfold,Num. Vars.,Precision-Background,Recall-Background,F1_score_Background,Num. Obs. Background,AUC_Background,Precision-DoS,Recall-DoS,F1_score_DoS,Num. Obs. Dos,AUC_DoS,Precision-Botnet,Recall-Botnet,F1_score_Botnet,Num. Obs. Botnet,AUC_Botnet,Precision-Scan,Recall-Scan,F1_score_Scan,Num. Obs. Scan,AUC_Scan,Precision-SSHscan,Recall-SSHscan,F1_score_SSHscan,Num. Obs. SSHscan,AUC_SSHscan,Precision-UDPscan,Recall-UDPscan,F1_score_UDPscan,Num. Obs. UDPscan,AUC_UDPscan,Precision-Spam,Recall-Spam,F1_score_Spam,Num. Obs. Spam,AUC_Spam,Precision-w,Recall-w,F1_score_w,Total Obs.,AUC_w,Time
17,1,85,0.8681318681318682,0.9586103723404256,0.9111304210443163,6016,0.8517942691396451,0.9787234042553191,0.5476190476190477,0.7022900763358778,84,0.7737561449262101,1.0,0.01694915254237288,0.03333333333333333,118,0.5084745762711864,0.9666666666666667,0.8285714285714286,0.8923076923076922,35,0.9142326131812115,0.0,0.0,0.0,5,0.5,0.0,0.0,0.0,2,0.5,0.914519427402863,0.7007207771858351,0.7934705464868702,3191,0.8336670978580933,0.8861452661956021,0.8549359856099884,0.8578437832841526,9451,0.8406644471531505,4617.8041071891785
