Rep.,Kfold,Num. Vars.,Precision-Background,Recall-Background,F1_score_Background,Num. Obs. Background,AUC_Background,Precision-DoS,Recall-DoS,F1_score_DoS,Num. Obs. Dos,AUC_DoS,Precision-Botnet,Recall-Botnet,F1_score_Botnet,Num. Obs. Botnet,AUC_Botnet,Precision-Scan,Recall-Scan,F1_score_Scan,Num. Obs. Scan,AUC_Scan,Precision-SSHscan,Recall-SSHscan,F1_score_SSHscan,Num. Obs. SSHscan,AUC_SSHscan,Precision-UDPscan,Recall-UDPscan,F1_score_UDPscan,Num. Obs. UDPscan,AUC_UDPscan,Precision-Spam,Recall-Spam,F1_score_Spam,Num. Obs. Spam,AUC_Spam,Precision-w,Recall-w,F1_score_w,Total Obs.,AUC_w,Time
20,4,84,0.8783108823974572,0.9642738451312729,0.9192871287128713,6018,0.8651404149986982,1.0,0.3614457831325301,0.5309734513274336,83,0.6807228915662651,1.0,0.025210084033613446,0.049180327868852465,119,0.5126050420168067,0.90625,0.8285714285714286,0.8656716417910447,35,0.9141264617111311,0.0,0.0,0.0,5,0.5,0.0,0.0,0.0,2,0.5,0.9276289484206317,0.7268170426065163,0.8150360091340242,3192,0.8489562696264774,0.8970155747436591,0.8657711021789719,0.8688477517124097,9454,0.8535305538681798,4109.4325404167175
