Rep.,Kfold,Num. Vars.,Precision-Background,Recall-Background,F1_score_Background,Num. Obs. Background,AUC_Background,Precision-DoS,Recall-DoS,F1_score_DoS,Num. Obs. Dos,AUC_DoS,Precision-Botnet,Recall-Botnet,F1_score_Botnet,Num. Obs. Botnet,AUC_Botnet,Precision-Scan,Recall-Scan,F1_score_Scan,Num. Obs. Scan,AUC_Scan,Precision-SSHscan,Recall-SSHscan,F1_score_SSHscan,Num. Obs. SSHscan,AUC_SSHscan,Precision-UDPscan,Recall-UDPscan,F1_score_UDPscan,Num. Obs. UDPscan,AUC_UDPscan,Precision-Spam,Recall-Spam,F1_score_Spam,Num. Obs. Spam,AUC_Spam,Precision-w,Recall-w,F1_score_w,Total Obs.,AUC_w,Time
5,3,83,0.8731751824817519,0.9541375872382851,0.9118627918056216,6018,0.8557067447250797,1.0,0.47619047619047616,0.6451612903225806,84,0.7380952380952381,1.0,0.0423728813559322,0.0813008130081301,118,0.521186440677966,0.9411764705882353,0.9142857142857143,0.9275362318840579,35,0.9570366887598015,0.0,0.0,0.0,6,0.5,0.0,0.0,0.0,1,0.5,0.9135200974421437,0.7048872180451128,0.7957559681697612,3192,0.8354362631266765,0.8891120769707102,0.8535011635286651,0.859307609892332,9454,0.8437541808506953,4691.2127866744995
