Rep.,Kfold,Num. Vars.,Precision-Background,Recall-Background,F1_score_Background,Num. Obs. Background,AUC_Background,Precision-DoS,Recall-DoS,F1_score_DoS,Num. Obs. Dos,AUC_DoS,Precision-Botnet,Recall-Botnet,F1_score_Botnet,Num. Obs. Botnet,AUC_Botnet,Precision-Scan,Recall-Scan,F1_score_Scan,Num. Obs. Scan,AUC_Scan,Precision-SSHscan,Recall-SSHscan,F1_score_SSHscan,Num. Obs. SSHscan,AUC_SSHscan,Precision-UDPscan,Recall-UDPscan,F1_score_UDPscan,Num. Obs. UDPscan,AUC_UDPscan,Precision-Spam,Recall-Spam,F1_score_Spam,Num. Obs. Spam,AUC_Spam,Precision-w,Recall-w,F1_score_w,Total Obs.,AUC_w,Time
7,4,88,0.8602406059705926,0.9626059498088748,0.9085490196078431,6017,0.8444501534966422,1.0,0.5833333333333334,0.7368421052631579,84,0.7916666666666667,1.0,0.025210084033613446,0.049180327868852465,119,0.5126050420168067,0.9117647058823529,0.8857142857142857,0.8985507246376812,35,0.942697907188353,0.0,0.0,0.0,6,0.5,0.0,0.0,0.0,2,0.5,0.9186384391863844,0.693295739348371,0.7902160328512766,3192,0.8310004163770436,0.882419184422409,0.8554204124801692,0.8554527233276028,9455,0.8353362590604348,4236.9196038246155
