Rep.,Kfold,Num. Vars.,Precision-Background,Recall-Background,F1_score_Background,Num. Obs. Background,AUC_Background,Precision-DoS,Recall-DoS,F1_score_DoS,Num. Obs. Dos,AUC_DoS,Precision-Botnet,Recall-Botnet,F1_score_Botnet,Num. Obs. Botnet,AUC_Botnet,Precision-Scan,Recall-Scan,F1_score_Scan,Num. Obs. Scan,AUC_Scan,Precision-SSHscan,Recall-SSHscan,F1_score_SSHscan,Num. Obs. SSHscan,AUC_SSHscan,Precision-UDPscan,Recall-UDPscan,F1_score_UDPscan,Num. Obs. UDPscan,AUC_UDPscan,Precision-Spam,Recall-Spam,F1_score_Spam,Num. Obs. Spam,AUC_Spam,Precision-w,Recall-w,F1_score_w,Total Obs.,AUC_w,Time
8,4,84,0.8663883089770354,0.9655974738241648,0.9133066100762398,6017,0.8524525047328564,1.0,0.5662650602409639,0.7230769230769232,83,0.7831325301204819,1.0,0.01680672268907563,0.03305785123966942,119,0.5084033613445378,0.9696969696969697,0.9142857142857143,0.9411764705882354,35,0.9570897729513292,0.0,0.0,0.0,5,0.5,0.0,0.0,0.0,2,0.5,0.9283655825442569,0.7062323833385531,0.8022056207755248,3193,0.83922064782644,0.8899163480133307,0.8616458641844722,0.8624602142319101,9454,0.8431707628031222,4437.546437740326
