Rep.,Kfold,Num. Vars.,Precision-Background,Recall-Background,F1_score_Background,Num. Obs. Background,AUC_Background,Precision-DoS,Recall-DoS,F1_score_DoS,Num. Obs. Dos,AUC_DoS,Precision-Botnet,Recall-Botnet,F1_score_Botnet,Num. Obs. Botnet,AUC_Botnet,Precision-Scan,Recall-Scan,F1_score_Scan,Num. Obs. Scan,AUC_Scan,Precision-SSHscan,Recall-SSHscan,F1_score_SSHscan,Num. Obs. SSHscan,AUC_SSHscan,Precision-UDPscan,Recall-UDPscan,F1_score_UDPscan,Num. Obs. UDPscan,AUC_UDPscan,Precision-Spam,Recall-Spam,F1_score_Spam,Num. Obs. Spam,AUC_Spam,Precision-w,Recall-w,F1_score_w,Total Obs.,AUC_w,Time
14,3,81,0.8729248415333535,0.9611166500498505,0.9149003479911421,6018,0.8580321317769625,1.0,0.46987951807228917,0.639344262295082,83,0.7349397590361446,1.0,0.03361344537815126,0.06504065040650406,119,0.5168067226890757,0.9117647058823529,0.8857142857142857,0.8985507246376812,35,0.9426978902825596,0.0,0.0,0.0,5,0.5,0.0,0.0,0.0,2,0.5,0.9208316673330668,0.7214912280701754,0.8090637625153697,3192,0.8449359685544107,0.8913124754792418,0.8632324941823567,0.8653116681500886,9454,0.8482829920477395,0:24:47.702736
