Rep.,Kfold,Num. Vars.,Precision-Background,Recall-Background,F1_score_Background,Num. Obs. Background,AUC_Background,Precision-DoS,Recall-DoS,F1_score_DoS,Num. Obs. Dos,AUC_DoS,Precision-Botnet,Recall-Botnet,F1_score_Botnet,Num. Obs. Botnet,AUC_Botnet,Precision-Scan,Recall-Scan,F1_score_Scan,Num. Obs. Scan,AUC_Scan,Precision-SSHscan,Recall-SSHscan,F1_score_SSHscan,Num. Obs. SSHscan,AUC_SSHscan,Precision-UDPscan,Recall-UDPscan,F1_score_UDPscan,Num. Obs. UDPscan,AUC_UDPscan,Precision-Spam,Recall-Spam,F1_score_Spam,Num. Obs. Spam,AUC_Spam,Precision-w,Recall-w,F1_score_w,Total Obs.,AUC_w,Time
14,1,80,0.870783990406236,0.9652708541043536,0.9155961856726298,6018,0.8571988729194643,1.0,0.4457831325301205,0.6166666666666667,83,0.7228915662650602,1.0,0.01680672268907563,0.03305785123966942,119,0.5084033613445378,0.9393939393939394,0.8857142857142857,0.9117647058823529,35,0.9427509744740873,0.0,0.0,0.0,5,0.5,0.0,0.0,0.0,2,0.5,0.9299595141700405,0.7196115288220551,0.8113740727658072,3192,0.8459922862890219,0.893133870464807,0.8648191241802412,0.8659818984538903,9454,0.8478978717125542,0:25:06.520331
