Rep.,Kfold,Num. Vars.,Precision-Background,Recall-Background,F1_score_Background,Num. Obs. Background,AUC_Background,Precision-DoS,Recall-DoS,F1_score_DoS,Num. Obs. Dos,AUC_DoS,Precision-Botnet,Recall-Botnet,F1_score_Botnet,Num. Obs. Botnet,AUC_Botnet,Precision-Scan,Recall-Scan,F1_score_Scan,Num. Obs. Scan,AUC_Scan,Precision-SSHscan,Recall-SSHscan,F1_score_SSHscan,Num. Obs. SSHscan,AUC_SSHscan,Precision-UDPscan,Recall-UDPscan,F1_score_UDPscan,Num. Obs. UDPscan,AUC_UDPscan,Precision-Spam,Recall-Spam,F1_score_Spam,Num. Obs. Spam,AUC_Spam,Precision-w,Recall-w,F1_score_w,Total Obs.,AUC_w,Time
11,2,86,0.8634592326139089,0.9576130319148937,0.9081021437578816,6016,0.8462781481948631,0.9761904761904762,0.4880952380952381,0.6507936507936508,84,0.743994251559093,1.0,0.04201680672268908,0.08064516129032258,119,0.5210084033613446,0.9354838709677419,0.8285714285714286,0.8787878787878788,35,0.9141795346297364,0.0,0.0,0.0,5,0.5,0.0,0.0,0.0,1,0.5,0.9090909090909091,0.7015346069527091,0.7919391903835955,3193,0.8328759296744376,0.8813117477643521,0.854331958108537,0.8554771340696105,9453,0.8367792218167545,0:25:25.340734
