Rep.,Kfold,Num. Vars.,Precision-Background,Recall-Background,F1_score_Background,Num. Obs. Background,AUC_Background,Precision-DoS,Recall-DoS,F1_score_DoS,Num. Obs. Dos,AUC_DoS,Precision-Botnet,Recall-Botnet,F1_score_Botnet,Num. Obs. Botnet,AUC_Botnet,Precision-Scan,Recall-Scan,F1_score_Scan,Num. Obs. Scan,AUC_Scan,Precision-SSHscan,Recall-SSHscan,F1_score_SSHscan,Num. Obs. SSHscan,AUC_SSHscan,Precision-UDPscan,Recall-UDPscan,F1_score_UDPscan,Num. Obs. UDPscan,AUC_UDPscan,Precision-Spam,Recall-Spam,F1_score_Spam,Num. Obs. Spam,AUC_Spam,Precision-w,Recall-w,F1_score_w,Total Obs.,AUC_w,Time
12,4,83,0.8780450900287486,0.9642738451312729,0.9191415221351072,6018,0.8648835038865559,1.0,0.5357142857142857,0.6976744186046512,84,0.7678571428571428,1.0,0.03361344537815126,0.06504065040650406,119,0.5168067226890757,0.9428571428571428,0.9428571428571428,0.9428571428571428,35,0.9713224143160449,0.0,0.0,0.0,5,0.5,0.0,0.0,0.0,1,0.5,0.9312424607961399,0.7253366739743188,0.8154929577464789,3193,0.8490145522538474,0.8983112140788032,0.8673717609730301,0.8709261959656001,9455,0.8544440694063341,0:25:08.680865
