{"C": 21.069005632172733, "gamma": 0.12512456098405855}