{"C": 15.830583783194003, "gamma": 0.12541810105823348}