{"C": 12.680960200110329, "gamma": 0.12504889978644906}