{"C": 96.21482448779169, "gamma": 0.1255127232240754}