{"C": 88.09302737312132, "gamma": 0.12503644971462127}