{"C": 92.97771175433425, "gamma": 0.12578791227107683}