{"C": 11.67922424174807, "gamma": 0.12539430631866716}