{"C": 18.245142587582784, "gamma": 0.12501210491553477}