{"C": 91.74410558978482, "gamma": 0.12501129325156146}