{"C": 16.653753534049706, "gamma": 0.12517326255657227}