{"C": 91.74432341727558, "gamma": 0.12500406664095334}