{"C": 94.77724548676986, "gamma": 0.12500575333301137}