{"C": 2.3649262422396418, "gamma": 0.1250201795874381}