{"C": 97.57178121845882, "gamma": 0.12531985872761367}