{"C": 10.197994386329006, "gamma": 0.12526198463225593}