{"C": 2.898188358720707, "gamma": 0.12578450500856278}