{"C": 2.642645524659136, "gamma": 0.1252218438491865}