{"C": 1.3031684156057142, "gamma": 0.12568143721432937}