{"C": 7.015227356884016, "gamma": 0.1254208467854435}