{"C": 2.3475828264602248, "gamma": 0.12578493668330196}