{"C": 19.899766132202615, "gamma": 0.12549165947388138}