{"C": 1.230528264878416, "gamma": 0.12533082564669684}