{"C": 2.030611652921644, "gamma": 0.125407984523931}