{"C": 2.642654182284961, "gamma": 0.12522647130722364}