{"C": 2.3475861196592835, "gamma": 0.1257804705509425}