{"C": 3.6793140562006172, "gamma": 0.12528606841276646}