{"C": 1.6640618956542375, "gamma": 0.12511152346426074}