{"C": 1.537038131436418, "gamma": 0.0020000000000000005}