{"C": 0.9156559496488114, "gamma": 0.0020000000000000005}