{"C": 1.8823943131840977, "gamma": 0.0020000000000000005}