{"C": 1.742599045454733, "gamma": 0.0020000000000000005}