{"C": 0.9304756599370966, "gamma": 0.0020000000000000005}