{"C": 1.6695841114982393, "gamma": 0.0020000000000000005}