{"C": 1.6393226127438123, "gamma": 0.002013539804651563}