{"C": 1.9451024760993387, "gamma": 0.0020000000000000005}