{"C": 1.1473483138659057, "gamma": 0.0020000000000000005}