{"C": 1.6996489737798999, "gamma": 0.0020000000000000005}