{"C": 0.65439639353442, "gamma": 0.003167267518695698}