{"C": 1.403241442444133, "gamma": 0.0020000000000000005}