{"C": 1.2907344497802768, "gamma": 0.0020109671631947665}