{"C": 1.320270428281696, "gamma": 0.0020000000000000005}