{"C": 3.032685420624261, "gamma": 0.0020000000000000005}