{"C": 1.968381685201322, "gamma": 0.0020000000000000005}