{"C": 0.8834225494686959, "gamma": 0.002009933688795144}