{"C": 2.919078722159728, "gamma": 0.0020000000000000005}