{"C": 2.4006610114246016, "gamma": 0.0020000000000000005}