{"C": 1.7686517275894362, "gamma": 0.0020000000000000005}