{"C": 1.0864642547517043, "gamma": 0.0020000000000000005}