{"C": 0.9927161470930599, "gamma": 0.0020000000000000005}