{"C": 1.0211320531297758, "gamma": 0.0020000000000000005}