{"C": 1.0683481897605356, "gamma": 0.0020000000000000005}