{"C": 1.3129383694450216, "gamma": 0.0020000000000000005}