{"C": 1.5243556145911206, "gamma": 0.0020000000000000005}