{"C": 2.379602411803376, "gamma": 0.0020295473930237963}