{"C": 1.227535705784765, "gamma": 0.0020000000000000005}