{"C": 1.0148355262319053, "gamma": 0.002022534570124054}