{"C": 3.9635276110327187, "gamma": 0.0020000000000000005}