{"C": 1.2004946020554454, "gamma": 0.0020000000000000005}