{"C": 0.7963740643120307, "gamma": 0.0020000000000000005}