{"C": 1.5957837581442056, "gamma": 0.0020000000000000005}