{"C": 1.5670422182025088, "gamma": 0.0020000000000000005}