{"C": 1.5765599734629687, "gamma": 0.0020000000000000005}