{"C": 1.766875287985283, "gamma": 0.0020000000000000005}