{"C": 1.0040279585803793, "gamma": 0.002755665598668088}