{"C": 1.428067838931498, "gamma": 0.0020000000000000005}