{"C": 1.0878214791458436, "gamma": 0.0020000000000000005}