{"C": 0.9706540937469534, "gamma": 0.0020000000000000005}