Rep.,Kfold,Num. Vars.,Precision-Background,Recall-Background,F1_score_Background,Num. Obs. Background,AUC_Background,Precision-DoS,Recall-DoS,F1_score_DoS,Num. Obs. Dos,AUC_DoS,Precision-Botnet,Recall-Botnet,F1_score_Botnet,Num. Obs. Botnet,AUC_Botnet,Precision-Scan,Recall-Scan,F1_score_Scan,Num. Obs. Scan,AUC_Scan,Precision-SSHscan,Recall-SSHscan,F1_score_SSHscan,Num. Obs. SSHscan,AUC_SSHscan,Precision-UDPscan,Recall-UDPscan,F1_score_UDPscan,Num. Obs. UDPscan,AUC_UDPscan,Precision-Spam,Recall-Spam,F1_score_Spam,Num. Obs. Spam,AUC_Spam,Precision-w,Recall-w,F1_score_w,Total Obs.,AUC_w,Time
17,5,92,0.7941637289463377,0.9043264942016057,0.845672575599583,4484,0.803127512557411,0.9479166666666666,0.6893939393939394,0.7982456140350878,132,0.8443796302707194,0.979381443298969,0.8482142857142857,0.9090909090909091,112,0.9239805285244003,1.0,1.0,1.0,63,1.0,0.0,0.0,0.0,19,0.5,1.0,0.42857142857142855,0.6,7,0.7142857142857143,0.8290866326930616,0.6623864704040088,0.7364206128133705,3193,0.7859368515607339,0.8131235331378038,0.8017478152309613,0.8012201558767086,8010,0.7993962626381176,5213.456370353699
