Rep.,Kfold,Num. Vars.,Precision-Background,Recall-Background,F1_score_Background,Num. Obs. Background,AUC_Background,Precision-DoS,Recall-DoS,F1_score_DoS,Num. Obs. Dos,AUC_DoS,Precision-Botnet,Recall-Botnet,F1_score_Botnet,Num. Obs. Botnet,AUC_Botnet,Precision-Scan,Recall-Scan,F1_score_Scan,Num. Obs. Scan,AUC_Scan,Precision-SSHscan,Recall-SSHscan,F1_score_SSHscan,Num. Obs. SSHscan,AUC_SSHscan,Precision-UDPscan,Recall-UDPscan,F1_score_UDPscan,Num. Obs. UDPscan,AUC_UDPscan,Precision-Spam,Recall-Spam,F1_score_Spam,Num. Obs. Spam,AUC_Spam,Precision-w,Recall-w,F1_score_w,Total Obs.,AUC_w,Time
5,3,89,0.8140603155582185,0.9090098126672613,0.8589189758718785,4484,0.8224856210244984,0.9385964912280702,0.8045112781954887,0.8663967611336033,133,0.9018113074994201,0.9803921568627451,0.8928571428571429,0.9345794392523364,112,0.9463019570958289,0.9803921568627451,0.7936507936507936,0.8771929824561403,63,0.8967624800014381,1.0,1.0,1.0,19,1.0,1.0,1.0,1.0,6,1.0,0.8466637207247018,0.600062637018478,0.7023460410557184,3193,0.7640130498773103,0.8333390357080322,0.783270911360799,0.7982709639478377,8010,0.803363539608533,5000.197832584381
