Rep.,Kfold,Num. Vars.,Precision-Background,Recall-Background,F1_score_Background,Num. Obs. Background,AUC_Background,Precision-DoS,Recall-DoS,F1_score_DoS,Num. Obs. Dos,AUC_DoS,Precision-Botnet,Recall-Botnet,F1_score_Botnet,Num. Obs. Botnet,AUC_Botnet,Precision-Scan,Recall-Scan,F1_score_Scan,Num. Obs. Scan,AUC_Scan,Precision-SSHscan,Recall-SSHscan,F1_score_SSHscan,Num. Obs. SSHscan,AUC_SSHscan,Precision-UDPscan,Recall-UDPscan,F1_score_UDPscan,Num. Obs. UDPscan,AUC_UDPscan,Precision-Spam,Recall-Spam,F1_score_Spam,Num. Obs. Spam,AUC_Spam,Precision-w,Recall-w,F1_score_w,Total Obs.,AUC_w,Time
7,3,93,0.8216039279869067,0.8956289027653881,0.8570209133589416,1121,0.8239508150190575,0.9166666666666666,0.6666666666666666,0.7719298245614035,33,0.8328252032520325,0.9565217391304348,0.7857142857142857,0.8627450980392156,28,0.8926037216711317,1.0,0.13333333333333333,0.23529411764705882,15,0.5666666666666667,0.0,0.0,0.0,4,0.5,0.0,0.0,0.0,1,0.5,0.8342939481268011,0.7246558197747184,0.7756195579370395,799,0.814490971451419,0.829411032744772,0.8140929535232384,0.8163920186843571,2001,0.8185423716842358,6180.174008131027
