Rep.,Kfold,Num. Vars.,Precision-Background,Recall-Background,F1_score_Background,Num. Obs. Background,AUC_Background,Precision-DoS,Recall-DoS,F1_score_DoS,Num. Obs. Dos,AUC_DoS,Precision-Botnet,Recall-Botnet,F1_score_Botnet,Num. Obs. Botnet,AUC_Botnet,Precision-Scan,Recall-Scan,F1_score_Scan,Num. Obs. Scan,AUC_Scan,Precision-SSHscan,Recall-SSHscan,F1_score_SSHscan,Num. Obs. SSHscan,AUC_SSHscan,Precision-UDPscan,Recall-UDPscan,F1_score_UDPscan,Num. Obs. UDPscan,AUC_UDPscan,Precision-Spam,Recall-Spam,F1_score_Spam,Num. Obs. Spam,AUC_Spam,Precision-w,Recall-w,F1_score_w,Total Obs.,AUC_w,Time
2,4,87,0.8015810276679842,0.9045495093666369,0.8499580888516345,4484,0.8099845052502119,0.9439252336448598,0.7651515151515151,0.8451882845188284,132,0.882195046915859,0.9906542056074766,0.9380530973451328,0.9636363636363636,113,0.9689632495207751,1.0,0.9841269841269841,0.9919999999999999,63,0.9920634920634921,0.0,0.0,0.0,20,0.5,1.0,1.0,1.0,7,1.0,0.8420611646418098,0.6295020357031005,0.7204301075268817,3193,0.775635018681598,0.8224578985071526,0.7915626560159761,0.7989886628047252,8012,0.8005511394883965,14586.570560455322
