Rep.,Kfold,Num. Vars.,Precision-Background,Recall-Background,F1_score_Background,Num. Obs. Background,AUC_Background,Precision-DoS,Recall-DoS,F1_score_DoS,Num. Obs. Dos,AUC_DoS,Precision-Botnet,Recall-Botnet,F1_score_Botnet,Num. Obs. Botnet,AUC_Botnet,Precision-Scan,Recall-Scan,F1_score_Scan,Num. Obs. Scan,AUC_Scan,Precision-SSHscan,Recall-SSHscan,F1_score_SSHscan,Num. Obs. SSHscan,AUC_SSHscan,Precision-UDPscan,Recall-UDPscan,F1_score_UDPscan,Num. Obs. UDPscan,AUC_UDPscan,Precision-Spam,Recall-Spam,F1_score_Spam,Num. Obs. Spam,AUC_Spam,Precision-w,Recall-w,F1_score_w,Total Obs.,AUC_w,Time
5,2,93,0.8254898000403958,0.9114629794826048,0.8663487016428192,4484,0.833351886341869,0.9553571428571429,0.8045112781954887,0.8734693877551021,133,0.9019384204706665,0.9900990099009901,0.8849557522123894,0.9345794392523366,113,0.9424145929774769,1.0,1.0,1.0,63,1.0,1.0,0.05,0.09523809523809523,20,0.525,1.0,1.0,1.0,7,1.0,0.839584996009577,0.6587351283656857,0.7382456140350878,3194,0.7876663193695648,0.8375436022903089,0.8072123783379087,0.8156161388203363,8014,0.8185059572438712,4955.2009081840515
