Rep.,Kfold,Num. Vars.,Precision-Background,Recall-Background,F1_score_Background,Num. Obs. Background,AUC_Background,Precision-DoS,Recall-DoS,F1_score_DoS,Num. Obs. Dos,AUC_DoS,Precision-Botnet,Recall-Botnet,F1_score_Botnet,Num. Obs. Botnet,AUC_Botnet,Precision-Scan,Recall-Scan,F1_score_Scan,Num. Obs. Scan,AUC_Scan,Precision-SSHscan,Recall-SSHscan,F1_score_SSHscan,Num. Obs. SSHscan,AUC_SSHscan,Precision-UDPscan,Recall-UDPscan,F1_score_UDPscan,Num. Obs. UDPscan,AUC_UDPscan,Precision-Spam,Recall-Spam,F1_score_Spam,Num. Obs. Spam,AUC_Spam,Precision-w,Recall-w,F1_score_w,Total Obs.,AUC_w,Time
8,3,95,0.8228617754357519,0.9054415700267618,0.8621788065406669,4484,0.8288194524361199,0.9361702127659575,0.6616541353383458,0.7753303964757708,133,0.8304462603576725,1.0,0.9285714285714286,0.962962962962963,112,0.9642857142857143,0.9655172413793104,0.4444444444444444,0.6086956521739131,63,0.7221593133143209,0.0,0.0,0.0,19,0.5,1.0,1.0,1.0,7,1.0,0.8480215827338129,0.5906670842467898,0.6963263799150821,3193,0.760256746772627,0.8365726300371671,0.7705654724753463,0.7921231457080631,8011,0.801943778121949,9623.700920820236
