Rep.,Kfold,Num. Vars.,Precision-Background,Recall-Background,F1_score_Background,Num. Obs. Background,AUC_Background,Precision-DoS,Recall-DoS,F1_score_DoS,Num. Obs. Dos,AUC_DoS,Precision-Botnet,Recall-Botnet,F1_score_Botnet,Num. Obs. Botnet,AUC_Botnet,Precision-Scan,Recall-Scan,F1_score_Scan,Num. Obs. Scan,AUC_Scan,Precision-SSHscan,Recall-SSHscan,F1_score_SSHscan,Num. Obs. SSHscan,AUC_SSHscan,Precision-UDPscan,Recall-UDPscan,F1_score_UDPscan,Num. Obs. UDPscan,AUC_UDPscan,Precision-Spam,Recall-Spam,F1_score_Spam,Num. Obs. Spam,AUC_Spam,Precision-w,Recall-w,F1_score_w,Total Obs.,AUC_w,Time
16,4,87,0.8306878306878307,0.9103479036574487,0.8686954671206639,4484,0.8372601196291778,0.9883720930232558,0.6439393939393939,0.7798165137614679,132,0.8219062451930472,0.9805825242718447,0.8938053097345132,0.9351851851851852,113,0.9467760565636738,0.9803921568627451,0.7936507936507936,0.8771929824561403,63,0.896762495831561,0.0,0.0,0.0,19,0.5,1.0,0.42857142857142855,0.6,7,0.7142857142857143,0.8374055975122168,0.5901690670006262,0.6923783287419653,3194,0.7571019681204875,0.8374330203023458,0.7745881178232651,0.795651737419879,8012,0.8061571915362751,8284.788700819016
