Rep.,Kfold,Num. Vars.,Precision-Background,Recall-Background,F1_score_Background,Num. Obs. Background,AUC_Background,Precision-DoS,Recall-DoS,F1_score_DoS,Num. Obs. Dos,AUC_DoS,Precision-Botnet,Recall-Botnet,F1_score_Botnet,Num. Obs. Botnet,AUC_Botnet,Precision-Scan,Recall-Scan,F1_score_Scan,Num. Obs. Scan,AUC_Scan,Precision-SSHscan,Recall-SSHscan,F1_score_SSHscan,Num. Obs. SSHscan,AUC_SSHscan,Precision-UDPscan,Recall-UDPscan,F1_score_UDPscan,Num. Obs. UDPscan,AUC_UDPscan,Precision-Spam,Recall-Spam,F1_score_Spam,Num. Obs. Spam,AUC_Spam,Precision-w,Recall-w,F1_score_w,Total Obs.,AUC_w,Time
20,5,95,0.784206411258796,0.8947368421052632,0.8358333333333334,1121,0.7910830303391547,0.9629629629629629,0.7878787878787878,0.8666666666666665,33,0.8936857156035238,0.9583333333333334,0.7931034482758621,0.8679245283018867,29,0.896298559580969,1.0,0.1875,0.3157894736842105,16,0.59375,0.0,0.0,0.0,5,0.5,0.0,0.0,0.0,1,0.5,0.8016129032258065,0.6220275344180225,0.700493305144468,799,0.7599764228106709,0.7959848009695479,0.7744510978043913,0.7761904991900193,2004,0.7794458710971472,3081.3353497982025
