Rep.,Kfold,Num. Vars.,Precision-Background,Recall-Background,F1_score_Background,Num. Obs. Background,AUC_Background,Precision-DoS,Recall-DoS,F1_score_DoS,Num. Obs. Dos,AUC_DoS,Precision-Botnet,Recall-Botnet,F1_score_Botnet,Num. Obs. Botnet,AUC_Botnet,Precision-Scan,Recall-Scan,F1_score_Scan,Num. Obs. Scan,AUC_Scan,Precision-SSHscan,Recall-SSHscan,F1_score_SSHscan,Num. Obs. SSHscan,AUC_SSHscan,Precision-UDPscan,Recall-UDPscan,F1_score_UDPscan,Num. Obs. UDPscan,AUC_UDPscan,Precision-Spam,Recall-Spam,F1_score_Spam,Num. Obs. Spam,AUC_Spam,Precision-w,Recall-w,F1_score_w,Total Obs.,AUC_w,Time
3,3,91,0.8157208742731101,0.9072256913470116,0.8590433956287615,4484,0.8234059882068013,0.9652173913043478,0.8345864661654135,0.8951612903225807,133,0.9170394259761079,0.9803921568627451,0.8849557522123894,0.9302325581395348,113,0.9423512938277138,1.0,0.8571428571428571,0.923076923076923,63,0.9285714285714286,1.0,1.0,1.0,19,1.0,1.0,1.0,1.0,7,1.0,0.8384279475982532,0.6612398246712586,0.7393663574304217,3194,0.7883912341866357,0.8316223002169494,0.8075627105952826,0.813904069445732,8013,0.814080368522247,3483.7002041339874
