Rep.,Kfold,Num. Vars.,Precision-Background,Recall-Background,F1_score_Background,Num. Obs. Background,AUC_Background,Precision-DoS,Recall-DoS,F1_score_DoS,Num. Obs. Dos,AUC_DoS,Precision-Botnet,Recall-Botnet,F1_score_Botnet,Num. Obs. Botnet,AUC_Botnet,Precision-Scan,Recall-Scan,F1_score_Scan,Num. Obs. Scan,AUC_Scan,Precision-SSHscan,Recall-SSHscan,F1_score_SSHscan,Num. Obs. SSHscan,AUC_SSHscan,Precision-UDPscan,Recall-UDPscan,F1_score_UDPscan,Num. Obs. UDPscan,AUC_UDPscan,Precision-Spam,Recall-Spam,F1_score_Spam,Num. Obs. Spam,AUC_Spam,Precision-w,Recall-w,F1_score_w,Total Obs.,AUC_w,Time
8,2,88,0.8061264822134387,0.909678858162355,0.8547778709136631,4484,0.8158088168362794,0.9615384615384616,0.7518796992481203,0.8438818565400844,133,0.8756860103043496,0.9807692307692307,0.9026548672566371,0.9400921658986174,113,0.9512008353247359,1.0,0.8888888888888888,0.9411764705882353,63,0.9444444444444444,0.0,0.0,0.0,19,0.5,1.0,1.0,1.0,6,1.0,0.8537808641975309,0.6928616155291171,0.7649498790183199,3194,0.8070991348712419,0.829924958181916,0.81827259111333,0.8187512114421883,8012,0.8156407021011979,6008.696247816086
