Rep.,Kfold,Num. Vars.,Precision-Background,Recall-Background,F1_score_Background,Num. Obs. Background,AUC_Background,Precision-DoS,Recall-DoS,F1_score_DoS,Num. Obs. Dos,AUC_DoS,Precision-Botnet,Recall-Botnet,F1_score_Botnet,Num. Obs. Botnet,AUC_Botnet,Precision-Scan,Recall-Scan,F1_score_Scan,Num. Obs. Scan,AUC_Scan,Precision-SSHscan,Recall-SSHscan,F1_score_SSHscan,Num. Obs. SSHscan,AUC_SSHscan,Precision-UDPscan,Recall-UDPscan,F1_score_UDPscan,Num. Obs. UDPscan,AUC_UDPscan,Precision-Spam,Recall-Spam,F1_score_Spam,Num. Obs. Spam,AUC_Spam,Precision-w,Recall-w,F1_score_w,Total Obs.,AUC_w,Time
18,4,95,0.8064257028112449,0.8956289027653881,0.8486897717666948,1121,0.8113478602162162,0.8695652173913043,0.6060606060606061,0.7142857142857143,33,0.8022692680226926,0.9230769230769231,0.8571428571428571,0.888888888888889,28,0.9280653556969346,0.875,0.4375,0.5833333333333334,16,0.7184984909456741,0.0,0.0,0.0,5,0.5,1.0,0.5,0.6666666666666666,2,0.75,0.811864406779661,0.5994993742177722,0.6897048236141109,799,0.753691595822579,0.8099923552337434,0.7659680638722555,0.7792327207310996,2004,0.7882620898323418,8162.115247249603
