Rep.,Kfold,Num. Vars.,Precision-Background,Recall-Background,F1_score_Background,Num. Obs. Background,AUC_Background,Precision-DoS,Recall-DoS,F1_score_DoS,Num. Obs. Dos,AUC_DoS,Precision-Botnet,Recall-Botnet,F1_score_Botnet,Num. Obs. Botnet,AUC_Botnet,Precision-Scan,Recall-Scan,F1_score_Scan,Num. Obs. Scan,AUC_Scan,Precision-SSHscan,Recall-SSHscan,F1_score_SSHscan,Num. Obs. SSHscan,AUC_SSHscan,Precision-UDPscan,Recall-UDPscan,F1_score_UDPscan,Num. Obs. UDPscan,AUC_UDPscan,Precision-Spam,Recall-Spam,F1_score_Spam,Num. Obs. Spam,AUC_Spam,Precision-w,Recall-w,F1_score_w,Total Obs.,AUC_w,Time
8,4,71,0.8359454508446977,0.9159232827832292,0.8741087581142919,4484,0.8437326164483039,0.9829059829059829,0.8646616541353384,0.9199999999999999,133,0.9322039074078138,0.9903846153846154,0.911504424778761,0.9493087557603687,113,0.9556889132375891,0.9615384615384616,0.7936507936507936,0.8695652173913043,63,0.8966995948377253,0.0,0.0,0.0,19,0.5,1.0,0.5,0.6666666666666666,6,0.75,0.8698605648909546,0.7617407639323732,0.8122183274912368,3194,0.8430953715884365,0.8532115484512248,0.8500998502246631,0.8489944467658598,8012,0.8460573777288473,7397.226695775986
