Rep.,Kfold,Num. Vars.,Precision-Background,Recall-Background,F1_score_Background,Num. Obs. Background,AUC_Background,Precision-DoS,Recall-DoS,F1_score_DoS,Num. Obs. Dos,AUC_DoS,Precision-Botnet,Recall-Botnet,F1_score_Botnet,Num. Obs. Botnet,AUC_Botnet,Precision-Scan,Recall-Scan,F1_score_Scan,Num. Obs. Scan,AUC_Scan,Precision-SSHscan,Recall-SSHscan,F1_score_SSHscan,Num. Obs. SSHscan,AUC_SSHscan,Precision-UDPscan,Recall-UDPscan,F1_score_UDPscan,Num. Obs. UDPscan,AUC_UDPscan,Precision-Spam,Recall-Spam,F1_score_Spam,Num. Obs. Spam,AUC_Spam,Precision-w,Recall-w,F1_score_w,Total Obs.,AUC_w,Time
1,3,91,0.8232923634898247,0.9112399643175736,0.8650365195300095,4484,0.8312933589662719,0.9907407407407407,0.8045112781954887,0.887966804979253,133,0.9021921712124942,0.9714285714285714,0.9026548672566371,0.9357798165137614,113,0.951137512129205,0.9814814814814815,0.8412698412698413,0.905982905982906,63,0.9205720117270193,0.0,0.0,0.0,19,0.5,1.0,1.0,1.0,6,1.0,0.8386155129274395,0.6298152207954901,0.7193704167411912,3193,0.7747457174961261,0.8336931183483921,0.7945325177880415,0.8067273900427419,8011,0.8116650395644185,2629.213002204895
