Rep.,Kfold,Num. Vars.,Precision-Background,Recall-Background,F1_score_Background,Num. Obs. Background,AUC_Background,Precision-DoS,Recall-DoS,F1_score_DoS,Num. Obs. Dos,AUC_DoS,Precision-Botnet,Recall-Botnet,F1_score_Botnet,Num. Obs. Botnet,AUC_Botnet,Precision-Scan,Recall-Scan,F1_score_Scan,Num. Obs. Scan,AUC_Scan,Precision-SSHscan,Recall-SSHscan,F1_score_SSHscan,Num. Obs. SSHscan,AUC_SSHscan,Precision-UDPscan,Recall-UDPscan,F1_score_UDPscan,Num. Obs. UDPscan,AUC_UDPscan,Precision-Spam,Recall-Spam,F1_score_Spam,Num. Obs. Spam,AUC_Spam,Precision-w,Recall-w,F1_score_w,Total Obs.,AUC_w,Time
3,2,90,0.7702290076335878,0.9000892060660125,0.8301110654051832,1121,0.7792159991737555,0.8571428571428571,0.5454545454545454,0.6666666666666665,33,0.7719654647028948,1.0,0.8571428571428571,0.923076923076923,28,0.9285714285714286,0.9166666666666666,0.7333333333333333,0.8148148148148148,15,0.8664150310350612,0.0,0.0,0.0,5,0.5,0.0,0.0,0.0,1,0.49975012493753124,0.8293577981651377,0.5657071339173968,0.6726190476190477,799,0.7442002003751573,0.797262393894561,0.7562437562437563,0.7632594902273753,2002,0.7670269386109838,3533.603356361389
