Rep.,Kfold,Num. Vars.,Precision-Background,Recall-Background,F1_score_Background,Num. Obs. Background,AUC_Background,Precision-DoS,Recall-DoS,F1_score_DoS,Num. Obs. Dos,AUC_DoS,Precision-Botnet,Recall-Botnet,F1_score_Botnet,Num. Obs. Botnet,AUC_Botnet,Precision-Scan,Recall-Scan,F1_score_Scan,Num. Obs. Scan,AUC_Scan,Precision-SSHscan,Recall-SSHscan,F1_score_SSHscan,Num. Obs. SSHscan,AUC_SSHscan,Precision-UDPscan,Recall-UDPscan,F1_score_UDPscan,Num. Obs. UDPscan,AUC_UDPscan,Precision-Spam,Recall-Spam,F1_score_Spam,Num. Obs. Spam,AUC_Spam,Precision-w,Recall-w,F1_score_w,Total Obs.,AUC_w,Time
13,3,89,0.8102434928631402,0.8608385370205174,0.8347750865051904,1121,0.8023013546780592,0.6304347826086957,0.8787878787878788,0.7341772151898734,33,0.9350792185817567,0.7666666666666667,0.8214285714285714,0.793103448275862,28,0.9089421338155514,0.8333333333333334,0.625,0.7142857142857143,16,0.8119967287367891,0.0,0.0,0.0,5,0.49424424424424424,0.0,0.0,0.0,2,0.5,0.7920656634746922,0.7255639097744361,0.7573577501635055,798,0.7997114154681308,0.7967826773731761,0.8017973040439341,0.7978121181649314,2003,0.8039544138685552,8.49924349784851
