Rep.,Kfold,Num. Vars.,Precision-Background,Recall-Background,F1_score_Background,Num. Obs. Background,AUC_Background,Precision-DoS,Recall-DoS,F1_score_DoS,Num. Obs. Dos,AUC_DoS,Precision-Botnet,Recall-Botnet,F1_score_Botnet,Num. Obs. Botnet,AUC_Botnet,Precision-Scan,Recall-Scan,F1_score_Scan,Num. Obs. Scan,AUC_Scan,Precision-SSHscan,Recall-SSHscan,F1_score_SSHscan,Num. Obs. SSHscan,AUC_SSHscan,Precision-UDPscan,Recall-UDPscan,F1_score_UDPscan,Num. Obs. UDPscan,AUC_UDPscan,Precision-Spam,Recall-Spam,F1_score_Spam,Num. Obs. Spam,AUC_Spam,Precision-w,Recall-w,F1_score_w,Total Obs.,AUC_w,Time
18,5,86,0.7941176470588235,0.8670829616413916,0.828997867803838,1121,0.7910075441691122,0.6829268292682927,0.8235294117647058,0.7466666666666667,34,0.9084668875160414,0.6136363636363636,0.9310344827586207,0.7397260273972602,29,0.9612156219461119,0.6818181818181818,0.9375,0.7894736842105263,16,0.9669903217697335,0.0,0.0,0.0,5,0.49725,0.5,1.0,0.6666666666666666,1,0.9997504990019961,0.8129496402877698,0.7071339173967459,0.7563587684069613,799,0.7996697779355205,0.7941030935623623,0.801995012468828,0.79489986675336,2005,0.7996890685503024,11.842938423156738
