Rep.,Kfold,Num. Vars.,Precision-Background,Recall-Background,F1_score_Background,Num. Obs. Background,AUC_Background,Precision-DoS,Recall-DoS,F1_score_DoS,Num. Obs. Dos,AUC_DoS,Precision-Botnet,Recall-Botnet,F1_score_Botnet,Num. Obs. Botnet,AUC_Botnet,Precision-Scan,Recall-Scan,F1_score_Scan,Num. Obs. Scan,AUC_Scan,Precision-SSHscan,Recall-SSHscan,F1_score_SSHscan,Num. Obs. SSHscan,AUC_SSHscan,Precision-UDPscan,Recall-UDPscan,F1_score_UDPscan,Num. Obs. UDPscan,AUC_UDPscan,Precision-Spam,Recall-Spam,F1_score_Spam,Num. Obs. Spam,AUC_Spam,Precision-w,Recall-w,F1_score_w,Total Obs.,AUC_w,Time
16,2,94,0.8120805369127517,0.863514719000892,0.8370082144401211,1121,0.804773232516319,0.56,0.8484848484848485,0.6746987951807228,33,0.9186586678972466,0.7714285714285715,0.9642857142857143,0.8571428571428572,28,0.9801175406871611,0.6521739130434783,0.9375,0.7692307692307693,16,0.9667369149471565,0.0,0.0,0.0,5,0.4994994994994995,0.3333333333333333,0.5,0.4,2,0.7495002498750625,0.8082758620689655,0.7343358395989975,0.7695338148391333,798,0.809491571251781,0.802060843277879,0.8112830753869196,0.8046664728795108,2003,0.8114570061537526,10.378394365310669
