Rep.,Kfold,Num. Vars.,Precision-Background,Recall-Background,F1_score_Background,Num. Obs. Background,AUC_Background,Precision-DoS,Recall-DoS,F1_score_DoS,Num. Obs. Dos,AUC_DoS,Precision-Botnet,Recall-Botnet,F1_score_Botnet,Num. Obs. Botnet,AUC_Botnet,Precision-Scan,Recall-Scan,F1_score_Scan,Num. Obs. Scan,AUC_Scan,Precision-SSHscan,Recall-SSHscan,F1_score_SSHscan,Num. Obs. SSHscan,AUC_SSHscan,Precision-UDPscan,Recall-UDPscan,F1_score_UDPscan,Num. Obs. UDPscan,AUC_UDPscan,Precision-Spam,Recall-Spam,F1_score_Spam,Num. Obs. Spam,AUC_Spam,Precision-w,Recall-w,F1_score_w,Total Obs.,AUC_w,Time
12,5,82,0.8122415219189413,0.8760035682426405,0.8429184549356223,1121,0.8093169768650843,0.6122448979591837,0.9090909090909091,0.7317073170731708,33,0.9497231195200739,0.8,0.8571428571428571,0.8275862068965518,28,0.9270524412296565,0.8571428571428571,0.75,0.7999999999999999,16,0.8744967287367891,0.0,0.0,0.0,4,0.49874937468734365,0.3333333333333333,0.5,0.4,2,0.7495002498750625,0.8240343347639485,0.72090112640801,0.7690253671562082,799,0.8093708289847359,0.8117379997808953,0.8112830753869196,0.8089274146765656,2003,0.8131382428264825,8.080806732177734
