Rep.,Kfold,Num. Vars.,Precision-Background,Recall-Background,F1_score_Background,Num. Obs. Background,AUC_Background,Precision-DoS,Recall-DoS,F1_score_DoS,Num. Obs. Dos,AUC_DoS,Precision-Botnet,Recall-Botnet,F1_score_Botnet,Num. Obs. Botnet,AUC_Botnet,Precision-Scan,Recall-Scan,F1_score_Scan,Num. Obs. Scan,AUC_Scan,Precision-SSHscan,Recall-SSHscan,F1_score_SSHscan,Num. Obs. SSHscan,AUC_SSHscan,Precision-UDPscan,Recall-UDPscan,F1_score_UDPscan,Num. Obs. UDPscan,AUC_UDPscan,Precision-Spam,Recall-Spam,F1_score_Spam,Num. Obs. Spam,AUC_Spam,Precision-w,Recall-w,F1_score_w,Total Obs.,AUC_w,Time
14,3,88,0.813463098134631,0.8947368421052632,0.8521665250637214,1121,0.816982933524287,0.65,0.7878787878787878,0.7123287671232875,33,0.890386094447008,0.7647058823529411,0.9285714285714286,0.8387096774193549,28,0.962260397830018,0.6666666666666666,0.875,0.7567567567567567,16,0.9357385505787619,0.0,0.0,0.0,4,0.4904952476238119,0.5,1.0,0.6666666666666666,2,0.9995002498750625,0.8415697674418605,0.7246558197747184,0.7787491593813046,799,0.8170621291564623,0.8181901191051009,0.8237643534697953,0.8177390986851453,2003,0.820733569761476,7.325287342071533
