Rep.,Kfold,Num. Vars.,Precision-Background,Recall-Background,F1_score_Background,Num. Obs. Background,AUC_Background,Precision-DoS,Recall-DoS,F1_score_DoS,Num. Obs. Dos,AUC_DoS,Precision-Botnet,Recall-Botnet,F1_score_Botnet,Num. Obs. Botnet,AUC_Botnet,Precision-Scan,Recall-Scan,F1_score_Scan,Num. Obs. Scan,AUC_Scan,Precision-SSHscan,Recall-SSHscan,F1_score_SSHscan,Num. Obs. SSHscan,AUC_SSHscan,Precision-UDPscan,Recall-UDPscan,F1_score_UDPscan,Num. Obs. UDPscan,AUC_UDPscan,Precision-Spam,Recall-Spam,F1_score_Spam,Num. Obs. Spam,AUC_Spam,Precision-w,Recall-w,F1_score_w,Total Obs.,AUC_w,Time
14,2,98,0.7978458989229494,0.8590544157002676,0.827319587628866,1121,0.7913618624367702,0.8333333333333334,0.8823529411764706,0.8571428571428571,34,0.9396536279486414,0.6756756756756757,0.8928571428571429,0.7692307692307693,28,0.9433921341816078,0.8235294117647058,0.875,0.8484848484848485,16,0.9367454728370221,0.0,0.0,0.0,5,0.49949974987493745,1.0,1.0,1.0,1,1.0,0.8076923076923077,0.7096370463078848,0.7554963357761494,799,0.798801925643569,0.7989821004886566,0.7984031936127745,0.7965688155060772,2004,0.7995049979056571,5.95954442024231
