Rep.,Kfold,Num. Vars.,Precision-Background,Recall-Background,F1_score_Background,Num. Obs. Background,AUC_Background,Precision-DoS,Recall-DoS,F1_score_DoS,Num. Obs. Dos,AUC_DoS,Precision-Botnet,Recall-Botnet,F1_score_Botnet,Num. Obs. Botnet,AUC_Botnet,Precision-Scan,Recall-Scan,F1_score_Scan,Num. Obs. Scan,AUC_Scan,Precision-SSHscan,Recall-SSHscan,F1_score_SSHscan,Num. Obs. SSHscan,AUC_SSHscan,Precision-UDPscan,Recall-UDPscan,F1_score_UDPscan,Num. Obs. UDPscan,AUC_UDPscan,Precision-Spam,Recall-Spam,F1_score_Spam,Num. Obs. Spam,AUC_Spam,Precision-w,Recall-w,F1_score_w,Total Obs.,AUC_w,Time
11,2,95,0.8125,0.8581623550401427,0.83470715835141,1121,0.8032308373840169,0.574468085106383,0.7941176470588235,0.6666666666666666,34,0.8919801033668926,0.6410256410256411,0.8620689655172413,0.7352941176470588,29,0.9274883834678406,0.875,0.9333333333333333,0.9032258064516129,15,0.9661636485580147,0.0,0.0,0.0,5,0.4954954954954955,0.25,1.0,0.4,1,0.9992507492507492,0.8257790368271954,0.7305764411027569,0.7752659574468085,798,0.8142508761530383,0.8094262755224476,0.8047928107838243,0.8049463513378379,2003,0.8114766038281316,10.484799861907959
