Rep.,Kfold,Num. Vars.,Precision-Background,Recall-Background,F1_score_Background,Num. Obs. Background,AUC_Background,Precision-DoS,Recall-DoS,F1_score_DoS,Num. Obs. Dos,AUC_DoS,Precision-Botnet,Recall-Botnet,F1_score_Botnet,Num. Obs. Botnet,AUC_Botnet,Precision-Scan,Recall-Scan,F1_score_Scan,Num. Obs. Scan,AUC_Scan,Precision-SSHscan,Recall-SSHscan,F1_score_SSHscan,Num. Obs. SSHscan,AUC_SSHscan,Precision-UDPscan,Recall-UDPscan,F1_score_UDPscan,Num. Obs. UDPscan,AUC_UDPscan,Precision-Spam,Recall-Spam,F1_score_Spam,Num. Obs. Spam,AUC_Spam,Precision-w,Recall-w,F1_score_w,Total Obs.,AUC_w,Time
19,4,86,0.8094017094017094,0.8447814451382694,0.8267132256656482,1121,0.7961166568839705,0.6382978723404256,0.8823529411764706,0.7407407407407407,34,0.9368617497760525,0.7878787878787878,0.9285714285714286,0.8524590163934426,28,0.9625144592249857,0.8333333333333334,0.9375,0.8823529411764706,16,0.9679954728370223,0.0,0.0,0.0,5,0.49799899949974985,0.5,0.5,0.5,2,0.7497502497502497,0.781292984869326,0.7117794486215538,0.7449180327868853,798,0.7899693263008266,0.7928678568954852,0.7919161676646707,0.7910987030130495,2004,0.7989637835169997,17.207035064697266
