Rep.,Kfold,Num. Vars.,Precision-Background,Recall-Background,F1_score_Background,Num. Obs. Background,AUC_Background,Precision-DoS,Recall-DoS,F1_score_DoS,Num. Obs. Dos,AUC_DoS,Precision-Botnet,Recall-Botnet,F1_score_Botnet,Num. Obs. Botnet,AUC_Botnet,Precision-Scan,Recall-Scan,F1_score_Scan,Num. Obs. Scan,AUC_Scan,Precision-SSHscan,Recall-SSHscan,F1_score_SSHscan,Num. Obs. SSHscan,AUC_SSHscan,Precision-UDPscan,Recall-UDPscan,F1_score_UDPscan,Num. Obs. UDPscan,AUC_UDPscan,Precision-Spam,Recall-Spam,F1_score_Spam,Num. Obs. Spam,AUC_Spam,Precision-w,Recall-w,F1_score_w,Total Obs.,AUC_w,Time
14,4,88,0.8135874067937034,0.8760035682426405,0.8436426116838488,1121,0.8105952156048989,0.7837837837837838,0.8787878787878788,0.8285714285714285,33,0.9373645127069785,0.8484848484848485,0.9655172413793104,0.9032258064516129,29,0.9814927979048451,0.875,0.875,0.875,16,0.9369969818913481,0.0,0.0,0.0,5,0.49899949974987495,0.0,0.0,0.0,2,0.5,0.8106995884773662,0.7406015037593985,0.7740667976424361,798,0.8130868215314405,0.8101001397662702,0.8203592814371258,0.8138548292146769,2004,0.8160697552608597,6.4239821434021
