Rep.,Kfold,Num. Vars.,Precision-Background,Recall-Background,F1_score_Background,Num. Obs. Background,AUC_Background,Precision-DoS,Recall-DoS,F1_score_DoS,Num. Obs. Dos,AUC_DoS,Precision-Botnet,Recall-Botnet,F1_score_Botnet,Num. Obs. Botnet,AUC_Botnet,Precision-Scan,Recall-Scan,F1_score_Scan,Num. Obs. Scan,AUC_Scan,Precision-SSHscan,Recall-SSHscan,F1_score_SSHscan,Num. Obs. SSHscan,AUC_SSHscan,Precision-UDPscan,Recall-UDPscan,F1_score_UDPscan,Num. Obs. UDPscan,AUC_UDPscan,Precision-Spam,Recall-Spam,F1_score_Spam,Num. Obs. Spam,AUC_Spam,Precision-w,Recall-w,F1_score_w,Total Obs.,AUC_w,Time
11,1,88,0.7972536348949919,0.8804638715432649,0.8367952522255192,1121,0.7979416863385258,0.8857142857142857,0.9393939393939394,0.9117647058823529,33,0.9686817412705737,0.7419354838709677,0.8214285714285714,0.7796610169491526,28,0.9086889692585894,0.9375,0.9375,0.9375,16,0.9684983643683944,0.0,0.0,0.0,5,0.49924924924924924,1.0,1.0,1.0,2,1.0,0.8088445078459344,0.7105263157894737,0.7565043362241494,798,0.7996614981436994,0.8018881712208188,0.8112830753869196,0.8041221576736756,2003,0.8038065474695305,10.1739981174469
