Rep.,Kfold,Num. Vars.,Precision-Background,Recall-Background,F1_score_Background,Num. Obs. Background,AUC_Background,Precision-DoS,Recall-DoS,F1_score_DoS,Num. Obs. Dos,AUC_DoS,Precision-Botnet,Recall-Botnet,F1_score_Botnet,Num. Obs. Botnet,AUC_Botnet,Precision-Scan,Recall-Scan,F1_score_Scan,Num. Obs. Scan,AUC_Scan,Precision-SSHscan,Recall-SSHscan,F1_score_SSHscan,Num. Obs. SSHscan,AUC_SSHscan,Precision-UDPscan,Recall-UDPscan,F1_score_UDPscan,Num. Obs. UDPscan,AUC_UDPscan,Precision-Spam,Recall-Spam,F1_score_Spam,Num. Obs. Spam,AUC_Spam,Precision-w,Recall-w,F1_score_w,Total Obs.,AUC_w,Time
12,4,88,0.8260120585701981,0.855486173059768,0.8404907975460122,1121,0.8133603005729191,0.7714285714285715,0.8181818181818182,0.7941176470588236,33,0.9070614824039482,0.8181818181818182,0.9310344827586207,0.8709677419354839,29,0.9639982540375381,0.7894736842105263,0.9375,0.8571428571428572,16,0.9677439637826961,0.0,0.0,0.0,5,0.49949974987493745,0.2,1.0,0.33333333333333337,1,0.9990014977533699,0.8113975576662144,0.7484355444305382,0.7786458333333333,799,0.8165414236675511,0.8165080642536335,0.81187624750499,0.8132932988019471,2004,0.8188936509015396,10.021385908126831
