Rep.,Kfold,Num. Vars.,Precision-Background,Recall-Background,F1_score_Background,Num. Obs. Background,AUC_Background,Precision-DoS,Recall-DoS,F1_score_DoS,Num. Obs. Dos,AUC_DoS,Precision-Botnet,Recall-Botnet,F1_score_Botnet,Num. Obs. Botnet,AUC_Botnet,Precision-Scan,Recall-Scan,F1_score_Scan,Num. Obs. Scan,AUC_Scan,Precision-SSHscan,Recall-SSHscan,F1_score_SSHscan,Num. Obs. SSHscan,AUC_SSHscan,Precision-UDPscan,Recall-UDPscan,F1_score_UDPscan,Num. Obs. UDPscan,AUC_UDPscan,Precision-Spam,Recall-Spam,F1_score_Spam,Num. Obs. Spam,AUC_Spam,Precision-w,Recall-w,F1_score_w,Total Obs.,AUC_w,Time
10,2,82,0.8056013179571664,0.872435325602141,0.8376873661670236,1121,0.8022789567851795,0.56,0.8484848484848485,0.6746987951807228,33,0.9186558320636534,0.6578947368421053,0.8928571428571429,0.7575757575757577,28,0.9431357649442755,0.9375,0.9375,0.9375,16,0.9684982376636455,0.0,0.0,0.0,5,0.4959939909864797,0.3333333333333333,1.0,0.5,1,0.9995002498750625,0.8060941828254847,0.7293233082706767,0.7657894736842106,798,0.8065221192516174,0.7984898208239923,0.8136863136863137,0.803758600862297,2002,0.8085206031982732,10.845321893692017
