Rep.,Kfold,Num. Vars.,Precision-Background,Recall-Background,F1_score_Background,Num. Obs. Background,AUC_Background,Precision-DoS,Recall-DoS,F1_score_DoS,Num. Obs. Dos,AUC_DoS,Precision-Botnet,Recall-Botnet,F1_score_Botnet,Num. Obs. Botnet,AUC_Botnet,Precision-Scan,Recall-Scan,F1_score_Scan,Num. Obs. Scan,AUC_Scan,Precision-SSHscan,Recall-SSHscan,F1_score_SSHscan,Num. Obs. SSHscan,AUC_SSHscan,Precision-UDPscan,Recall-UDPscan,F1_score_UDPscan,Num. Obs. UDPscan,AUC_UDPscan,Precision-Spam,Recall-Spam,F1_score_Spam,Num. Obs. Spam,AUC_Spam,Precision-w,Recall-w,F1_score_w,Total Obs.,AUC_w,Time
13,1,98,0.818105616093881,0.8706512042818911,0.843560933448574,1121,0.8121700970331135,0.6666666666666666,0.7878787878787878,0.7222222222222221,33,0.8906382258337566,0.7105263157894737,0.9642857142857143,0.8181818181818182,28,0.97935663627153,0.8,1.0,0.888888888888889,16,0.9989929506545822,0.14285714285714285,0.25,0.18181818181818182,4,0.6234984984984985,0.0,0.0,0.0,2,0.5,0.8005427408412483,0.7393483709273183,0.7687296416938111,798,0.8086276738357522,0.8047930410819633,0.8171828171828172,0.8095754144153006,2002,0.8151940514323849,9.822696447372437
