Rep.,Kfold,Num. Vars.,Precision-Background,Recall-Background,F1_score_Background,Num. Obs. Background,AUC_Background,Precision-DoS,Recall-DoS,F1_score_DoS,Num. Obs. Dos,AUC_DoS,Precision-Botnet,Recall-Botnet,F1_score_Botnet,Num. Obs. Botnet,AUC_Botnet,Precision-Scan,Recall-Scan,F1_score_Scan,Num. Obs. Scan,AUC_Scan,Precision-SSHscan,Recall-SSHscan,F1_score_SSHscan,Num. Obs. SSHscan,AUC_SSHscan,Precision-UDPscan,Recall-UDPscan,F1_score_UDPscan,Num. Obs. UDPscan,AUC_UDPscan,Precision-Spam,Recall-Spam,F1_score_Spam,Num. Obs. Spam,AUC_Spam,Precision-w,Recall-w,F1_score_w,Total Obs.,AUC_w,Time
20,1,68,0.8095623987034035,0.8911685994647636,0.8484076433121018,1121,0.8123643450838557,0.9333333333333333,0.8235294117647058,0.8749999999999999,34,0.911256833866101,0.8846153846153846,0.8214285714285714,0.8518518518518519,28,0.9099547920433996,0.8333333333333334,0.9375,0.8823529411764706,16,0.9679950931051836,0.0,0.0,0.0,4,0.49974987493746875,0.5,0.5,0.5,2,0.7497501249375313,0.8407079646017699,0.7142857142857143,0.7723577235772359,798,0.8123295791345584,0.8233850734571269,0.8167748377433849,0.8168377086760737,2003,0.8159497367730155,25.02880883216858
