Rep.,Kfold,Num. Vars.,Precision-Background,Recall-Background,F1_score_Background,Num. Obs. Background,AUC_Background,Precision-DoS,Recall-DoS,F1_score_DoS,Num. Obs. Dos,AUC_DoS,Precision-Botnet,Recall-Botnet,F1_score_Botnet,Num. Obs. Botnet,AUC_Botnet,Precision-Scan,Recall-Scan,F1_score_Scan,Num. Obs. Scan,AUC_Scan,Precision-SSHscan,Recall-SSHscan,F1_score_SSHscan,Num. Obs. SSHscan,AUC_SSHscan,Precision-UDPscan,Recall-UDPscan,F1_score_UDPscan,Num. Obs. UDPscan,AUC_UDPscan,Precision-Spam,Recall-Spam,F1_score_Spam,Num. Obs. Spam,AUC_Spam,Precision-w,Recall-w,F1_score_w,Total Obs.,AUC_w,Time
2,4,87,0.7931873479318735,0.872435325602141,0.8309260832625319,1121,0.7916598396718189,0.7142857142857143,0.8823529411764706,0.7894736842105262,34,0.9381292384907238,0.5625,0.9642857142857143,0.7105263157894737,28,0.9768264014466547,0.8666666666666667,0.8125,0.8387096774193549,16,0.9057467287367892,0.0,0.0,0.0,4,0.4984992496248124,0.0,0.0,0.0,1,0.49975024975024973,0.8168604651162791,0.7033792240300375,0.7558843308675185,799,0.79936403061967,0.7966734446390006,0.8037943085371942,0.7965930687191306,2003,0.7999879026432621,20.185503721237183
