Rep.,Kfold,Num. Vars.,Precision-Background,Recall-Background,F1_score_Background,Num. Obs. Background,AUC_Background,Precision-DoS,Recall-DoS,F1_score_DoS,Num. Obs. Dos,AUC_DoS,Precision-Botnet,Recall-Botnet,F1_score_Botnet,Num. Obs. Botnet,AUC_Botnet,Precision-Scan,Recall-Scan,F1_score_Scan,Num. Obs. Scan,AUC_Scan,Precision-SSHscan,Recall-SSHscan,F1_score_SSHscan,Num. Obs. SSHscan,AUC_SSHscan,Precision-UDPscan,Recall-UDPscan,F1_score_UDPscan,Num. Obs. UDPscan,AUC_UDPscan,Precision-Spam,Recall-Spam,F1_score_Spam,Num. Obs. Spam,AUC_Spam,Precision-w,Recall-w,F1_score_w,Total Obs.,AUC_w,Time
3,4,70,0.7988505747126436,0.8679750223015165,0.8319794784095768,1121,0.7950986222618694,0.6304347826086957,0.8787878787878788,0.7341772151898734,33,0.9350792185817567,0.7058823529411765,0.8571428571428571,0.7741935483870968,28,0.9260397830018083,1.0,0.8125,0.896551724137931,16,0.90625,0.0,0.0,0.0,5,0.49924924924924924,0.3333333333333333,1.0,0.5,2,0.999000499750125,0.8126760563380282,0.7230576441102757,0.7652519893899206,798,0.8063421000634365,0.7994322054846363,0.8077883175237144,0.8010834637406907,2003,0.804067661901734,16.56615376472473
