Rep.,Kfold,Num. Vars.,Precision-Background,Recall-Background,F1_score_Background,Num. Obs. Background,AUC_Background,Precision-DoS,Recall-DoS,F1_score_DoS,Num. Obs. Dos,AUC_DoS,Precision-Botnet,Recall-Botnet,F1_score_Botnet,Num. Obs. Botnet,AUC_Botnet,Precision-Scan,Recall-Scan,F1_score_Scan,Num. Obs. Scan,AUC_Scan,Precision-SSHscan,Recall-SSHscan,F1_score_SSHscan,Num. Obs. SSHscan,AUC_SSHscan,Precision-UDPscan,Recall-UDPscan,F1_score_UDPscan,Num. Obs. UDPscan,AUC_UDPscan,Precision-Spam,Recall-Spam,F1_score_Spam,Num. Obs. Spam,AUC_Spam,Precision-w,Recall-w,F1_score_w,Total Obs.,AUC_w,Time
4,2,86,0.8072190319934373,0.8777876895628903,0.841025641025641,1121,0.8056738901329191,0.6521739130434783,0.9090909090909091,0.759493670886076,33,0.9504845408398708,0.875,0.75,0.8076923076923077,28,0.8742405063291139,0.9375,0.9375,0.9375,16,0.9684983643683944,0.125,0.2,0.15384615384615385,5,0.5982482482482483,0.4,1.0,0.5714285714285715,2,0.9992503748125937,0.8119777158774373,0.7305764411027569,0.7691292875989446,798,0.809271623041005,0.8064390870021332,0.8167748377433849,0.8093588011784395,2003,0.8114276714285651,15.131001710891724
