Rep.,Kfold,Num. Vars.,Precision-Background,Recall-Background,F1_score_Background,Num. Obs. Background,AUC_Background,Precision-DoS,Recall-DoS,F1_score_DoS,Num. Obs. Dos,AUC_DoS,Precision-Botnet,Recall-Botnet,F1_score_Botnet,Num. Obs. Botnet,AUC_Botnet,Precision-Scan,Recall-Scan,F1_score_Scan,Num. Obs. Scan,AUC_Scan,Precision-SSHscan,Recall-SSHscan,F1_score_SSHscan,Num. Obs. SSHscan,AUC_SSHscan,Precision-UDPscan,Recall-UDPscan,F1_score_UDPscan,Num. Obs. UDPscan,AUC_UDPscan,Precision-Spam,Recall-Spam,F1_score_Spam,Num. Obs. Spam,AUC_Spam,Precision-w,Recall-w,F1_score_w,Total Obs.,AUC_w,Time
4,1,81,0.80067283431455,0.8492417484388939,0.8242424242424242,1121,0.790114631313658,1.0,0.8181818181818182,0.9,33,0.9090909090909092,0.7297297297297297,0.9310344827586207,0.8181818181818181,29,0.9629830295191989,0.7777777777777778,0.9333333333333333,0.8484848484848485,15,0.9656601241402449,0.0,0.0,0.0,5,0.499749624436655,0.3333333333333333,1.0,0.5,1,0.9995002498750625,0.7940761636107193,0.7055137844611529,0.7471798274717983,798,0.7921256629946961,0.7978966972977656,0.7912087912087912,0.7926472554209781,2002,0.7960761432880105,13.485909461975098
