Rep.,Kfold,Num. Vars.,Precision-Background,Recall-Background,F1_score_Background,Num. Obs. Background,AUC_Background,Precision-DoS,Recall-DoS,F1_score_DoS,Num. Obs. Dos,AUC_DoS,Precision-Botnet,Recall-Botnet,F1_score_Botnet,Num. Obs. Botnet,AUC_Botnet,Precision-Scan,Recall-Scan,F1_score_Scan,Num. Obs. Scan,AUC_Scan,Precision-SSHscan,Recall-SSHscan,F1_score_SSHscan,Num. Obs. SSHscan,AUC_SSHscan,Precision-UDPscan,Recall-UDPscan,F1_score_UDPscan,Num. Obs. UDPscan,AUC_UDPscan,Precision-Spam,Recall-Spam,F1_score_Spam,Num. Obs. Spam,AUC_Spam,Precision-w,Recall-w,F1_score_w,Total Obs.,AUC_w,Time
5,1,88,0.830820770519263,0.8849241748438894,0.8570194384449243,1121,0.8278196356625803,0.5957446808510638,0.8484848484848485,0.7,33,0.9194176400880312,0.7272727272727273,0.8571428571428571,0.7868852459016394,28,0.9262917933130699,0.9230769230769231,0.8,0.8571428571428571,15,0.8997483643683946,0.0,0.0,0.0,5,0.4989984977466199,0.0,0.0,0.0,1,0.5,0.8258503401360544,0.7596996245306633,0.7913950456323338,799,0.8266494797632535,0.8217152198794588,0.8306693306693307,0.8246919888608311,2002,0.8297936644348263,15.525837421417236
