Rep.,Kfold,Num. Vars.,Precision-Background,Recall-Background,F1_score_Background,Num. Obs. Background,AUC_Background,Precision-DoS,Recall-DoS,F1_score_DoS,Num. Obs. Dos,AUC_DoS,Precision-Botnet,Recall-Botnet,F1_score_Botnet,Num. Obs. Botnet,AUC_Botnet,Precision-Scan,Recall-Scan,F1_score_Scan,Num. Obs. Scan,AUC_Scan,Precision-SSHscan,Recall-SSHscan,F1_score_SSHscan,Num. Obs. SSHscan,AUC_SSHscan,Precision-UDPscan,Recall-UDPscan,F1_score_UDPscan,Num. Obs. UDPscan,AUC_UDPscan,Precision-Spam,Recall-Spam,F1_score_Spam,Num. Obs. Spam,AUC_Spam,Precision-w,Recall-w,F1_score_w,Total Obs.,AUC_w,Time
7,2,82,0.799837925445705,0.8804638715432649,0.838216560509554,1121,0.8005260534186913,0.9375,0.8823529411764706,0.9090909090909091,34,0.940669113916495,0.7575757575757576,0.8620689655172413,0.8064516129032258,29,0.9290101912606449,1.0,0.875,0.9333333333333333,16,0.9375,0.0,0.0,0.0,5,0.4995,0.2857142857142857,1.0,0.4444444444444445,2,0.9987518721917124,0.8062234794908062,0.7142857142857143,0.7574750830564785,798,0.8003905787667182,0.8031924072815083,0.8119700748129676,0.8050993967659782,2005,0.8052471006993999,25.859474897384644
