Rep.,Kfold,Num. Vars.,Precision-Background,Recall-Background,F1_score_Background,Num. Obs. Background,AUC_Background,Precision-DoS,Recall-DoS,F1_score_DoS,Num. Obs. Dos,AUC_DoS,Precision-Botnet,Recall-Botnet,F1_score_Botnet,Num. Obs. Botnet,AUC_Botnet,Precision-Scan,Recall-Scan,F1_score_Scan,Num. Obs. Scan,AUC_Scan,Precision-SSHscan,Recall-SSHscan,F1_score_SSHscan,Num. Obs. SSHscan,AUC_SSHscan,Precision-UDPscan,Recall-UDPscan,F1_score_UDPscan,Num. Obs. UDPscan,AUC_UDPscan,Precision-Spam,Recall-Spam,F1_score_Spam,Num. Obs. Spam,AUC_Spam,Precision-w,Recall-w,F1_score_w,Total Obs.,AUC_w,Time
8,3,95,0.8011317704122878,0.8840321141837645,0.8405428329092451,1121,0.8027182088472616,0.453125,0.8787878787878788,0.5979381443298969,33,0.9305151976384852,0.7105263157894737,0.9310344827586207,0.8059701492537312,29,0.962732431252728,1.0,0.875,0.9333333333333333,16,0.9375,0.0,0.0,0.0,5,0.49449724862431216,0.0,0.0,0.0,1,0.49975037443834247,0.829971181556196,0.72090112640801,0.7716008037508373,799,0.8114879076023452,0.8047774834598154,0.8168662674650699,0.806784423309761,2004,0.8107906332026014,23.47635316848755
