Rep.,Kfold,Num. Vars.,Precision-Background,Recall-Background,F1_score_Background,Num. Obs. Background,AUC_Background,Precision-DoS,Recall-DoS,F1_score_DoS,Num. Obs. Dos,AUC_DoS,Precision-Botnet,Recall-Botnet,F1_score_Botnet,Num. Obs. Botnet,AUC_Botnet,Precision-Scan,Recall-Scan,F1_score_Scan,Num. Obs. Scan,AUC_Scan,Precision-SSHscan,Recall-SSHscan,F1_score_SSHscan,Num. Obs. SSHscan,AUC_SSHscan,Precision-UDPscan,Recall-UDPscan,F1_score_UDPscan,Num. Obs. UDPscan,AUC_UDPscan,Precision-Spam,Recall-Spam,F1_score_Spam,Num. Obs. Spam,AUC_Spam,Precision-w,Recall-w,F1_score_w,Total Obs.,AUC_w,Time
14,5,89,0.8185654008438819,0.8652988403211418,0.8412836079791847,1121,0.8106289888325346,0.6122448979591837,0.9090909090909091,0.7317073170731708,33,0.9497206703910615,0.509090909090909,1.0,0.6746987951807228,28,0.9931610942249239,0.6363636363636364,0.9333333333333333,0.7567567567567568,15,0.9646535816138232,0.0,0.0,0.0,5,0.49624436654982473,0.16666666666666666,0.5,0.25,2,0.74875,0.8166666666666667,0.7368421052631579,0.774703557312253,798,0.8136037768840707,0.8060185960599289,0.8146853146853147,0.8072835276521829,2002,0.8169673969794801,7.840478181838989
