Rep.,Kfold,Num. Vars.,Precision-Background,Recall-Background,F1_score_Background,Num. Obs. Background,AUC_Background,Precision-DoS,Recall-DoS,F1_score_DoS,Num. Obs. Dos,AUC_DoS,Precision-Botnet,Recall-Botnet,F1_score_Botnet,Num. Obs. Botnet,AUC_Botnet,Precision-Scan,Recall-Scan,F1_score_Scan,Num. Obs. Scan,AUC_Scan,Precision-SSHscan,Recall-SSHscan,F1_score_SSHscan,Num. Obs. SSHscan,AUC_SSHscan,Precision-UDPscan,Recall-UDPscan,F1_score_UDPscan,Num. Obs. UDPscan,AUC_UDPscan,Precision-Spam,Recall-Spam,F1_score_Spam,Num. Obs. Spam,AUC_Spam,Precision-w,Recall-w,F1_score_w,Total Obs.,AUC_w,Time
13,4,94,0.8128559804719284,0.8911685994647636,0.8502127659574469,1121,0.8153464741378178,0.775,0.9117647058823529,0.8378378378378379,34,0.9535980889817856,0.5434782608695652,0.8620689655172413,0.6666666666666666,29,0.9257180270624181,0.8125,0.8125,0.8125,16,0.9054954728370221,0.0,0.0,0.0,5,0.5,0.5,1.0,0.6666666666666666,1,0.9997503744383425,0.8150782361308677,0.7180451127819549,0.7634910059960027,798,0.8051253756281251,0.8070134012508391,0.8193612774451098,0.8102998103341291,2004,0.8152441531984826,8.559807300567627
