Rep.,Kfold,Num. Vars.,Precision-Background,Recall-Background,F1_score_Background,Num. Obs. Background,AUC_Background,Precision-DoS,Recall-DoS,F1_score_DoS,Num. Obs. Dos,AUC_DoS,Precision-Botnet,Recall-Botnet,F1_score_Botnet,Num. Obs. Botnet,AUC_Botnet,Precision-Scan,Recall-Scan,F1_score_Scan,Num. Obs. Scan,AUC_Scan,Precision-SSHscan,Recall-SSHscan,F1_score_SSHscan,Num. Obs. SSHscan,AUC_SSHscan,Precision-UDPscan,Recall-UDPscan,F1_score_UDPscan,Num. Obs. UDPscan,AUC_UDPscan,Precision-Spam,Recall-Spam,F1_score_Spam,Num. Obs. Spam,AUC_Spam,Precision-w,Recall-w,F1_score_w,Total Obs.,AUC_w,Time
12,1,89,0.7940705128205128,0.8840321141837645,0.8366399324609539,1121,0.7963244471145581,0.5416666666666666,0.7878787878787878,0.6419753086419753,33,0.8883556375942163,0.52,0.9285714285714286,0.6666666666666666,28,0.9582097649186258,0.8,0.75,0.7741935483870969,16,0.8742450931051836,0.125,0.2,0.15384615384615385,5,0.5982482482482483,0.5,1.0,0.6666666666666666,2,0.9995002498750625,0.8176470588235294,0.6967418546365914,0.7523680649526387,798,0.7969186451606194,0.7935573628621923,0.8057913130304544,0.7951096319768071,2003,0.8006712714641033,8.721310138702393
