Rep.,Kfold,Num. Vars.,Precision-Background,Recall-Background,F1_score_Background,Num. Obs. Background,AUC_Background,Precision-DoS,Recall-DoS,F1_score_DoS,Num. Obs. Dos,AUC_DoS,Precision-Botnet,Recall-Botnet,F1_score_Botnet,Num. Obs. Botnet,AUC_Botnet,Precision-Scan,Recall-Scan,F1_score_Scan,Num. Obs. Scan,AUC_Scan,Precision-SSHscan,Recall-SSHscan,F1_score_SSHscan,Num. Obs. SSHscan,AUC_SSHscan,Precision-UDPscan,Recall-UDPscan,F1_score_UDPscan,Num. Obs. UDPscan,AUC_UDPscan,Precision-Spam,Recall-Spam,F1_score_Spam,Num. Obs. Spam,AUC_Spam,Precision-w,Recall-w,F1_score_w,Total Obs.,AUC_w,Time
1,3,91,0.8076285240464345,0.8688670829616414,0.8371293510958315,1121,0.8030632130549995,0.7560975609756098,0.9393939393939394,0.8378378378378378,33,0.9671601863382686,0.6756756756756757,0.8928571428571429,0.7692307692307693,28,0.9433921341816078,0.7647058823529411,0.8125,0.787878787878788,16,0.9052439637826961,0.0,0.0,0.0,5,0.49799899949974985,0.0,0.0,0.0,2,0.4995004995004995,0.8161244695898161,0.7221526908635795,0.7662682602921648,799,0.8071344367180967,0.8051599097839707,0.8083832335329342,0.8046225116492204,2004,0.8091010190098226,17.648521184921265
