Rep.,Kfold,Num. Vars.,Precision-Background,Recall-Background,F1_score_Background,Num. Obs. Background,AUC_Background,Precision-DoS,Recall-DoS,F1_score_DoS,Num. Obs. Dos,AUC_DoS,Precision-Botnet,Recall-Botnet,F1_score_Botnet,Num. Obs. Botnet,AUC_Botnet,Precision-Scan,Recall-Scan,F1_score_Scan,Num. Obs. Scan,AUC_Scan,Precision-SSHscan,Recall-SSHscan,F1_score_SSHscan,Num. Obs. SSHscan,AUC_SSHscan,Precision-UDPscan,Recall-UDPscan,F1_score_UDPscan,Num. Obs. UDPscan,AUC_UDPscan,Precision-Spam,Recall-Spam,F1_score_Spam,Num. Obs. Spam,AUC_Spam,Precision-w,Recall-w,F1_score_w,Total Obs.,AUC_w,Time
18,2,92,0.8193384223918575,0.8617305976806423,0.8400000000000001,1121,0.8101169995205934,0.4411764705882353,0.9090909090909091,0.5940594059405941,33,0.9449007844946932,0.7407407407407407,0.7142857142857143,0.7272727272727273,28,0.855370705244123,0.8888888888888888,1.0,0.9411764705882353,16,0.9994967287367892,0.0,0.0,0.0,5,0.49024024024024027,0.3333333333333333,0.5,0.4,2,0.7495002498750625,0.8086838534599728,0.7468671679197995,0.7765472312703582,798,0.8149273598935096,0.8057895854824623,0.8132800798801797,0.8073645086584291,2003,0.8155404117091892,11.8680899143219
