Rep.,Kfold,Num. Vars.,Precision-Background,Recall-Background,F1_score_Background,Num. Obs. Background,AUC_Background,Precision-DoS,Recall-DoS,F1_score_DoS,Num. Obs. Dos,AUC_DoS,Precision-Botnet,Recall-Botnet,F1_score_Botnet,Num. Obs. Botnet,AUC_Botnet,Precision-Scan,Recall-Scan,F1_score_Scan,Num. Obs. Scan,AUC_Scan,Precision-SSHscan,Recall-SSHscan,F1_score_SSHscan,Num. Obs. SSHscan,AUC_SSHscan,Precision-UDPscan,Recall-UDPscan,F1_score_UDPscan,Num. Obs. UDPscan,AUC_UDPscan,Precision-Spam,Recall-Spam,F1_score_Spam,Num. Obs. Spam,AUC_Spam,Precision-w,Recall-w,F1_score_w,Total Obs.,AUC_w,Time
1,1,98,0.8081967213114755,0.8795718108831401,0.8423750533959845,1121,0.8071328442170802,0.5957446808510638,0.8484848484848485,0.7,33,0.9194200892170435,0.6,0.9642857142857143,0.7397260273972602,28,0.9775858951175407,0.9230769230769231,0.8,0.8571428571428571,15,0.899748490945674,0.0,0.0,0.0,5,0.49624624624624625,0.6666666666666666,1.0,0.8,2,0.9997501249375312,0.8167613636363636,0.7196495619524406,0.7651363938789089,799,0.8062533524047918,0.803904101738987,0.8137793310034948,0.8057493186172806,2003,0.8111245999957666,15.213715076446533
