Rep.,Kfold,Num. Vars.,Precision-Background,Recall-Background,F1_score_Background,Num. Obs. Background,AUC_Background,Precision-DoS,Recall-DoS,F1_score_DoS,Num. Obs. Dos,AUC_DoS,Precision-Botnet,Recall-Botnet,F1_score_Botnet,Num. Obs. Botnet,AUC_Botnet,Precision-Scan,Recall-Scan,F1_score_Scan,Num. Obs. Scan,AUC_Scan,Precision-SSHscan,Recall-SSHscan,F1_score_SSHscan,Num. Obs. SSHscan,AUC_SSHscan,Precision-UDPscan,Recall-UDPscan,F1_score_UDPscan,Num. Obs. UDPscan,AUC_UDPscan,Precision-Spam,Recall-Spam,F1_score_Spam,Num. Obs. Spam,AUC_Spam,Precision-w,Recall-w,F1_score_w,Total Obs.,AUC_w,Time
13,5,83,0.799506984387839,0.8679750223015165,0.8323353293413174,1121,0.7956655156859057,0.6086956521739131,0.8484848484848485,0.7088607594936709,33,0.9196738963236426,0.5681818181818182,0.8928571428571429,0.6944444444444445,28,0.9416184448462929,0.7894736842105263,0.9375,0.8571428571428572,16,0.9677434574735783,0.0,0.0,0.0,5,0.4972472472472472,0.3333333333333333,1.0,0.5,1,0.9995004995004996,0.8235294117647058,0.7008760951188986,0.7572684246112238,799,0.8006041605162599,0.8004035392962054,0.799800299550674,0.796383679819274,2003,0.8024503017604007,8.431002855300903
