Rep.,Kfold,Num. Vars.,Precision-Background,Recall-Background,F1_score_Background,Num. Obs. Background,AUC_Background,Precision-DoS,Recall-DoS,F1_score_DoS,Num. Obs. Dos,AUC_DoS,Precision-Botnet,Recall-Botnet,F1_score_Botnet,Num. Obs. Botnet,AUC_Botnet,Precision-Scan,Recall-Scan,F1_score_Scan,Num. Obs. Scan,AUC_Scan,Precision-SSHscan,Recall-SSHscan,F1_score_SSHscan,Num. Obs. SSHscan,AUC_SSHscan,Precision-UDPscan,Recall-UDPscan,F1_score_UDPscan,Num. Obs. UDPscan,AUC_UDPscan,Precision-Spam,Recall-Spam,F1_score_Spam,Num. Obs. Spam,AUC_Spam,Precision-w,Recall-w,F1_score_w,Total Obs.,AUC_w,Time
10,3,87,0.7956026058631922,0.8715432649420161,0.8318433375904641,1121,0.7934813830379015,0.6521739130434783,0.9090909090909091,0.759493670886076,33,0.9504845408398708,0.49056603773584906,0.9285714285714286,0.6419753086419753,28,0.9574502712477396,0.9375,0.9375,0.9375,16,0.9684983643683944,0.0,0.0,0.0,5,0.49874874874874875,0.3333333333333333,0.5,0.4,2,0.7495002498750625,0.8042553191489362,0.7105263157894737,0.7544910179640718,798,0.7980017471063551,0.7911085974574112,0.8067898152770844,0.7955161325788593,2003,0.8007795007950073,10.74759578704834
