Rep.,Kfold,Num. Vars.,Precision-Background,Recall-Background,F1_score_Background,Num. Obs. Background,AUC_Background,Precision-DoS,Recall-DoS,F1_score_DoS,Num. Obs. Dos,AUC_DoS,Precision-Botnet,Recall-Botnet,F1_score_Botnet,Num. Obs. Botnet,AUC_Botnet,Precision-Scan,Recall-Scan,F1_score_Scan,Num. Obs. Scan,AUC_Scan,Precision-SSHscan,Recall-SSHscan,F1_score_SSHscan,Num. Obs. SSHscan,AUC_SSHscan,Precision-UDPscan,Recall-UDPscan,F1_score_UDPscan,Num. Obs. UDPscan,AUC_UDPscan,Precision-Spam,Recall-Spam,F1_score_Spam,Num. Obs. Spam,AUC_Spam,Precision-w,Recall-w,F1_score_w,Total Obs.,AUC_w,Time
16,3,88,0.7894736842105263,0.8697591436217663,0.8276740237691,1121,0.78748728156145,0.4827586206896552,0.8484848484848485,0.6153846153846154,33,0.9166282110444547,0.7142857142857143,0.8928571428571429,0.7936507936507937,28,0.9438969258589511,0.7619047619047619,1.0,0.8648648648648648,16,0.9987418218419728,0.0,0.0,0.0,5,0.498998998998999,1.0,1.0,1.0,2,1.0,0.8,0.6917293233082706,0.7419354838709677,798,0.7886032508657536,0.7855823817639714,0.7978032950574139,0.7879455063115056,2003,0.7934255346251826,19.45079779624939
