Rep.,Kfold,Num. Vars.,Precision-Background,Recall-Background,F1_score_Background,Num. Obs. Background,AUC_Background,Precision-DoS,Recall-DoS,F1_score_DoS,Num. Obs. Dos,AUC_DoS,Precision-Botnet,Recall-Botnet,F1_score_Botnet,Num. Obs. Botnet,AUC_Botnet,Precision-Scan,Recall-Scan,F1_score_Scan,Num. Obs. Scan,AUC_Scan,Precision-SSHscan,Recall-SSHscan,F1_score_SSHscan,Num. Obs. SSHscan,AUC_SSHscan,Precision-UDPscan,Recall-UDPscan,F1_score_UDPscan,Num. Obs. UDPscan,AUC_UDPscan,Precision-Spam,Recall-Spam,F1_score_Spam,Num. Obs. Spam,AUC_Spam,Precision-w,Recall-w,F1_score_w,Total Obs.,AUC_w,Time
1,2,91,0.7832,0.8733273862622658,0.8258118937157317,1121,0.7832095594957987,0.6410256410256411,0.7575757575757576,0.6944444444444444,33,0.8752363820856971,0.6428571428571429,0.9310344827586207,0.7605633802816901,29,0.9617197730248799,0.9333333333333333,0.875,0.9032258064516129,16,0.9372484909456741,0.1111111111111111,0.2,0.14285714285714285,5,0.5979989994997499,0.4,1.0,0.5714285714285715,2,0.9992507492507492,0.7982954545454546,0.7042606516290727,0.7483355525965381,798,0.7932580206735744,0.7839783258048227,0.8033932135728543,0.7905133055302279,2004,0.7922928957435047,13.566456079483032
