Rep.,Kfold,Num. Vars.,Precision-Background,Recall-Background,F1_score_Background,Num. Obs. Background,AUC_Background,Precision-DoS,Recall-DoS,F1_score_DoS,Num. Obs. Dos,AUC_DoS,Precision-Botnet,Recall-Botnet,F1_score_Botnet,Num. Obs. Botnet,AUC_Botnet,Precision-Scan,Recall-Scan,F1_score_Scan,Num. Obs. Scan,AUC_Scan,Precision-SSHscan,Recall-SSHscan,F1_score_SSHscan,Num. Obs. SSHscan,AUC_SSHscan,Precision-UDPscan,Recall-UDPscan,F1_score_UDPscan,Num. Obs. UDPscan,AUC_UDPscan,Precision-Spam,Recall-Spam,F1_score_Spam,Num. Obs. Spam,AUC_Spam,Precision-w,Recall-w,F1_score_w,Total Obs.,AUC_w,Time
1,5,80,0.8309012875536481,0.863514719000892,0.846894138232721,1121,0.8198255413186278,0.6976744186046512,0.9090909090909091,0.7894736842105263,33,0.9512426090169993,0.5365853658536586,0.7857142857142857,0.6376811594202899,28,0.8880421403229309,0.7894736842105263,0.9375,0.8571428571428572,16,0.967742443324937,0.0,0.0,0.0,4,0.499749624436655,1.0,1.0,1.0,1,1.0,0.8106666666666666,0.7619047619047619,0.7855297157622738,798,0.8219332620828879,0.8146084799364637,0.8215892053973014,0.8170130094423668,2001,0.8244209088345202,20.683951139450073
