Rep.,Kfold,Num. Vars.,Precision-Background,Recall-Background,F1_score_Background,Num. Obs. Background,AUC_Background,Precision-DoS,Recall-DoS,F1_score_DoS,Num. Obs. Dos,AUC_DoS,Precision-Botnet,Recall-Botnet,F1_score_Botnet,Num. Obs. Botnet,AUC_Botnet,Precision-Scan,Recall-Scan,F1_score_Scan,Num. Obs. Scan,AUC_Scan,Precision-SSHscan,Recall-SSHscan,F1_score_SSHscan,Num. Obs. SSHscan,AUC_SSHscan,Precision-UDPscan,Recall-UDPscan,F1_score_UDPscan,Num. Obs. UDPscan,AUC_UDPscan,Precision-Spam,Recall-Spam,F1_score_Spam,Num. Obs. Spam,AUC_Spam,Precision-w,Recall-w,F1_score_w,Total Obs.,AUC_w,Time
16,1,91,0.8121827411167513,0.856378233719893,0.8336951801997395,1121,0.802338776723892,0.6666666666666666,0.9090909090909091,0.7692307692307692,33,0.9507383479464698,0.5217391304347826,0.8571428571428571,0.6486486486486486,28,0.9230018083182641,0.7894736842105263,0.9375,0.8571428571428572,16,0.9677434574735783,0.06666666666666667,0.25,0.10526315789473685,4,0.6214982491245623,0.5,0.5,0.5,2,0.7497501249375313,0.8047419804741981,0.7221526908635795,0.7612137203166227,799,0.8029368105480689,0.8007751554952429,0.8027958062905641,0.7995327885319679,2003,0.80761661758187,8.769160032272339
