Rep.,Kfold,Num. Vars.,Precision-Background,Recall-Background,F1_score_Background,Num. Obs. Background,AUC_Background,Precision-DoS,Recall-DoS,F1_score_DoS,Num. Obs. Dos,AUC_DoS,Precision-Botnet,Recall-Botnet,F1_score_Botnet,Num. Obs. Botnet,AUC_Botnet,Precision-Scan,Recall-Scan,F1_score_Scan,Num. Obs. Scan,AUC_Scan,Precision-SSHscan,Recall-SSHscan,F1_score_SSHscan,Num. Obs. SSHscan,AUC_SSHscan,Precision-UDPscan,Recall-UDPscan,F1_score_UDPscan,Num. Obs. UDPscan,AUC_UDPscan,Precision-Spam,Recall-Spam,F1_score_Spam,Num. Obs. Spam,AUC_Spam,Precision-w,Recall-w,F1_score_w,Total Obs.,AUC_w,Time
19,3,87,0.8196994991652755,0.8760035682426405,0.8469167744717551,1121,0.8155528045294834,0.7368421052631579,0.8484848484848485,0.7887323943661972,33,0.9217043531764344,0.8846153846153846,0.8214285714285714,0.8518518518518519,28,0.9099547920433996,0.9230769230769231,0.75,0.8275862068965517,16,0.8747483643683945,0.0,0.0,0.0,5,0.498998998998999,1.0,0.5,0.6666666666666666,2,0.75,0.8265162200282088,0.7343358395989975,0.7777040477770405,798,0.8161305754011585,0.8209172906434998,0.8147778332501248,0.8160041277176886,2003,0.8184687167771354,22.04005241394043
