Rep.,Kfold,Num. Vars.,Precision-Background,Recall-Background,F1_score_Background,Num. Obs. Background,AUC_Background,Precision-DoS,Recall-DoS,F1_score_DoS,Num. Obs. Dos,AUC_DoS,Precision-Botnet,Recall-Botnet,F1_score_Botnet,Num. Obs. Botnet,AUC_Botnet,Precision-Scan,Recall-Scan,F1_score_Scan,Num. Obs. Scan,AUC_Scan,Precision-SSHscan,Recall-SSHscan,F1_score_SSHscan,Num. Obs. SSHscan,AUC_SSHscan,Precision-UDPscan,Recall-UDPscan,F1_score_UDPscan,Num. Obs. UDPscan,AUC_UDPscan,Precision-Spam,Recall-Spam,F1_score_Spam,Num. Obs. Spam,AUC_Spam,Precision-w,Recall-w,F1_score_w,Total Obs.,AUC_w,Time
2,1,80,0.8064250411861614,0.8733273862622658,0.8385438972162741,1121,0.8032925240051396,0.90625,0.8787878787878788,0.8923076923076922,33,0.9386321313695616,0.6764705882352942,0.8214285714285714,0.7419354838709677,28,0.9079280648429585,0.8333333333333334,0.9375,0.8823529411764706,16,0.9679947129909365,0.0,0.0,0.0,5,0.49674511767651475,0.3333333333333333,1.0,0.5,1,0.9995002498750625,0.836764705882353,0.7130325814536341,0.769959404600812,798,0.8104199452118669,0.816311088711818,0.8071928071928072,0.8088278262259019,2002,0.8104765350078633,26.29170298576355
