Rep.,Kfold,Num. Vars.,Precision-Background,Recall-Background,F1_score_Background,Num. Obs. Background,AUC_Background,Precision-DoS,Recall-DoS,F1_score_DoS,Num. Obs. Dos,AUC_DoS,Precision-Botnet,Recall-Botnet,F1_score_Botnet,Num. Obs. Botnet,AUC_Botnet,Precision-Scan,Recall-Scan,F1_score_Scan,Num. Obs. Scan,AUC_Scan,Precision-SSHscan,Recall-SSHscan,F1_score_SSHscan,Num. Obs. SSHscan,AUC_SSHscan,Precision-UDPscan,Recall-UDPscan,F1_score_UDPscan,Num. Obs. UDPscan,AUC_UDPscan,Precision-Spam,Recall-Spam,F1_score_Spam,Num. Obs. Spam,AUC_Spam,Precision-w,Recall-w,F1_score_w,Total Obs.,AUC_w,Time
20,2,94,0.8076285240464345,0.8688670829616414,0.8371293510958315,1121,0.8027649830245209,0.5625,0.8181818181818182,0.6666666666666666,33,0.9037582529202641,0.6222222222222222,1.0,0.7671232876712328,28,0.9956940222897669,0.7894736842105263,1.0,0.8823529411764706,15,0.9989934574735783,0.0,0.0,0.0,5,0.49774661992989483,1.0,0.5,0.6666666666666666,2,0.75,0.7905405405405406,0.7330827067669173,0.7607282184655397,798,0.8021725826193391,0.7922226544919004,0.8141858141858141,0.8009646355742771,2002,0.8075476307856921,22.035449028015137
