Rep.,Kfold,Num. Vars.,Precision-Background,Recall-Background,F1_score_Background,Num. Obs. Background,AUC_Background,Precision-DoS,Recall-DoS,F1_score_DoS,Num. Obs. Dos,AUC_DoS,Precision-Botnet,Recall-Botnet,F1_score_Botnet,Num. Obs. Botnet,AUC_Botnet,Precision-Scan,Recall-Scan,F1_score_Scan,Num. Obs. Scan,AUC_Scan,Precision-SSHscan,Recall-SSHscan,F1_score_SSHscan,Num. Obs. SSHscan,AUC_SSHscan,Precision-UDPscan,Recall-UDPscan,F1_score_UDPscan,Num. Obs. UDPscan,AUC_UDPscan,Precision-Spam,Recall-Spam,F1_score_Spam,Num. Obs. Spam,AUC_Spam,Precision-w,Recall-w,F1_score_w,Total Obs.,AUC_w,Time
2,2,89,0.7976973684210527,0.8652988403211418,0.8301240907145914,1121,0.7935091486673582,0.7435897435897436,0.8787878787878788,0.8055555555555556,33,0.9368584424365358,0.6923076923076923,0.9310344827586207,0.7941176470588235,29,0.9624808041323467,0.7777777777777778,0.875,0.823529411764706,16,0.9364944695827049,0.3333333333333333,0.2,0.25,5,0.5994999999999999,0.5,0.5,0.5,2,0.7497503744383425,0.7991573033707865,0.7121401752190237,0.7531436135009927,799,0.7967831887703742,0.7942503397106006,0.8034912718204489,0.7966933010297379,2005,0.8002307768908137,25.86947011947632
