Rep.,Kfold,Num. Vars.,Precision-Background,Recall-Background,F1_score_Background,Num. Obs. Background,AUC_Background,Precision-DoS,Recall-DoS,F1_score_DoS,Num. Obs. Dos,AUC_DoS,Precision-Botnet,Recall-Botnet,F1_score_Botnet,Num. Obs. Botnet,AUC_Botnet,Precision-Scan,Recall-Scan,F1_score_Scan,Num. Obs. Scan,AUC_Scan,Precision-SSHscan,Recall-SSHscan,F1_score_SSHscan,Num. Obs. SSHscan,AUC_SSHscan,Precision-UDPscan,Recall-UDPscan,F1_score_UDPscan,Num. Obs. UDPscan,AUC_UDPscan,Precision-Spam,Recall-Spam,F1_score_Spam,Num. Obs. Spam,AUC_Spam,Precision-w,Recall-w,F1_score_w,Total Obs.,AUC_w,Time
3,1,85,0.8131313131313131,0.8617305976806423,0.8367258553486357,1121,0.8051574845707855,0.56,0.8484848484848485,0.6746987951807228,33,0.9186615008532817,0.6585365853658537,0.9310344827586207,0.7714285714285715,29,0.9619729375818419,0.7222222222222222,0.8125,0.7647058823529411,16,0.9049924547283702,0.0,0.0,0.0,5,0.496248124062031,0.5,0.5,0.5,2,0.7497502497502497,0.8158995815899581,0.7330827067669173,0.7722772277227723,798,0.8118149852242548,0.8047610701896976,0.8083832335329342,0.804450446356603,2004,0.8119179458714082,25.952032327651978
