Rep.,Kfold,Num. Vars.,Precision-Background,Recall-Background,F1_score_Background,Num. Obs. Background,AUC_Background,Precision-DoS,Recall-DoS,F1_score_DoS,Num. Obs. Dos,AUC_DoS,Precision-Botnet,Recall-Botnet,F1_score_Botnet,Num. Obs. Botnet,AUC_Botnet,Precision-Scan,Recall-Scan,F1_score_Scan,Num. Obs. Scan,AUC_Scan,Precision-SSHscan,Recall-SSHscan,F1_score_SSHscan,Num. Obs. SSHscan,AUC_SSHscan,Precision-UDPscan,Recall-UDPscan,F1_score_UDPscan,Num. Obs. UDPscan,AUC_UDPscan,Precision-Spam,Recall-Spam,F1_score_Spam,Num. Obs. Spam,AUC_Spam,Precision-w,Recall-w,F1_score_w,Total Obs.,AUC_w,Time
4,5,87,0.8113673805601318,0.8786797502230151,0.8436830835117773,1121,0.8096683009325721,0.775,0.9117647058823529,0.8378378378378379,34,0.9535980889817856,0.54,0.9642857142857143,0.6923076923076923,28,0.976323019086177,0.7368421052631579,0.875,0.7999999999999999,16,0.9362424547283701,0.0,0.0,0.0,5,0.49949974987493745,0.0,0.0,0.0,1,0.499500748876685,0.8224687933425797,0.7421777221526908,0.7802631578947368,799,0.8179768278813248,0.8083607151561076,0.8233532934131736,0.8133084339549396,2004,0.8178332880021411,19.99457621574402
