Rep.,Kfold,Num. Vars.,Precision-Background,Recall-Background,F1_score_Background,Num. Obs. Background,AUC_Background,Precision-DoS,Recall-DoS,F1_score_DoS,Num. Obs. Dos,AUC_DoS,Precision-Botnet,Recall-Botnet,F1_score_Botnet,Num. Obs. Botnet,AUC_Botnet,Precision-Scan,Recall-Scan,F1_score_Scan,Num. Obs. Scan,AUC_Scan,Precision-SSHscan,Recall-SSHscan,F1_score_SSHscan,Num. Obs. SSHscan,AUC_SSHscan,Precision-UDPscan,Recall-UDPscan,F1_score_UDPscan,Num. Obs. UDPscan,AUC_UDPscan,Precision-Spam,Recall-Spam,F1_score_Spam,Num. Obs. Spam,AUC_Spam,Precision-w,Recall-w,F1_score_w,Total Obs.,AUC_w,Time
5,2,93,0.8145025295109612,0.8617305976806423,0.8374512353706113,1121,0.8058652988403212,0.48148148148148145,0.7878787878787878,0.5977011494252873,33,0.8868255728011825,0.6097560975609756,0.8928571428571429,0.7246376811594203,28,0.942373832452393,0.7894736842105263,0.9375,0.8571428571428572,16,0.967742443324937,0.1111111111111111,0.25,0.15384615384615383,4,0.6229969954932398,0.2,1.0,0.33333333333333337,1,0.999,0.8104395604395604,0.7393483709273183,0.7732634338138925,798,0.8123175769848562,0.8026117880184739,0.8115942028985508,0.8048595960521957,2001,0.8127091477862036,21.413580656051636
