Rep.,Kfold,Num. Vars.,Precision-Background,Recall-Background,F1_score_Background,Num. Obs. Background,AUC_Background,Precision-DoS,Recall-DoS,F1_score_DoS,Num. Obs. Dos,AUC_DoS,Precision-Botnet,Recall-Botnet,F1_score_Botnet,Num. Obs. Botnet,AUC_Botnet,Precision-Scan,Recall-Scan,F1_score_Scan,Num. Obs. Scan,AUC_Scan,Precision-SSHscan,Recall-SSHscan,F1_score_SSHscan,Num. Obs. SSHscan,AUC_SSHscan,Precision-UDPscan,Recall-UDPscan,F1_score_UDPscan,Num. Obs. UDPscan,AUC_UDPscan,Precision-Spam,Recall-Spam,F1_score_Spam,Num. Obs. Spam,AUC_Spam,Precision-w,Recall-w,F1_score_w,Total Obs.,AUC_w,Time
5,4,88,0.8142974527526705,0.8840321141837645,0.8477331052181352,1121,0.8138981432596828,0.725,0.8787878787878788,0.7945205479452054,33,0.9366020612213505,0.75,0.9642857142857143,0.8437499999999999,28,0.9798643761301989,0.7222222222222222,0.8125,0.7647058823529411,16,0.9049918218419727,0.0,0.0,0.0,5,0.498998998998999,0.4,1.0,0.5714285714285715,2,0.9992503748125937,0.8235294117647058,0.7192982456140351,0.7678929765886288,798,0.8086117784086774,0.8124235999398575,0.8167748377433849,0.8119369623614334,2003,0.8162603361009839,25.913949966430664
