Rep.,Kfold,Num. Vars.,Precision-Background,Recall-Background,F1_score_Background,Num. Obs. Background,AUC_Background,Precision-DoS,Recall-DoS,F1_score_DoS,Num. Obs. Dos,AUC_DoS,Precision-Botnet,Recall-Botnet,F1_score_Botnet,Num. Obs. Botnet,AUC_Botnet,Precision-Scan,Recall-Scan,F1_score_Scan,Num. Obs. Scan,AUC_Scan,Precision-SSHscan,Recall-SSHscan,F1_score_SSHscan,Num. Obs. SSHscan,AUC_SSHscan,Precision-UDPscan,Recall-UDPscan,F1_score_UDPscan,Num. Obs. UDPscan,AUC_UDPscan,Precision-Spam,Recall-Spam,F1_score_Spam,Num. Obs. Spam,AUC_Spam,Precision-w,Recall-w,F1_score_w,Total Obs.,AUC_w,Time
6,1,85,0.8239258635214828,0.872435325602141,0.8474870017331022,1121,0.8177369371774879,0.6153846153846154,0.9696969696969697,0.7529411764705882,33,0.9797723427165052,0.5625,0.9642857142857143,0.7105263157894737,28,0.9768264014466547,0.8571428571428571,0.75,0.7999999999999999,16,0.8744967287367891,0.0,0.0,0.0,5,0.49524524524524527,1.0,0.5,0.6666666666666666,2,0.75,0.8102288021534321,0.7543859649122807,0.781310837118754,798,0.8186867583897504,0.8097630829495751,0.8247628557164254,0.8149745910946287,2003,0.8225895857249877,15.214579105377197
