Rep.,Kfold,Num. Vars.,Precision-Background,Recall-Background,F1_score_Background,Num. Obs. Background,AUC_Background,Precision-DoS,Recall-DoS,F1_score_DoS,Num. Obs. Dos,AUC_DoS,Precision-Botnet,Recall-Botnet,F1_score_Botnet,Num. Obs. Botnet,AUC_Botnet,Precision-Scan,Recall-Scan,F1_score_Scan,Num. Obs. Scan,AUC_Scan,Precision-SSHscan,Recall-SSHscan,F1_score_SSHscan,Num. Obs. SSHscan,AUC_SSHscan,Precision-UDPscan,Recall-UDPscan,F1_score_UDPscan,Num. Obs. UDPscan,AUC_UDPscan,Precision-Spam,Recall-Spam,F1_score_Spam,Num. Obs. Spam,AUC_Spam,Precision-w,Recall-w,F1_score_w,Total Obs.,AUC_w,Time
6,5,81,0.787758346581876,0.8840321141837645,0.8331231609920136,1121,0.7906555128741952,0.8857142857142857,0.9117647058823529,0.8985507246376812,34,0.9548666089086726,0.7352941176470589,0.8928571428571429,0.806451612903226,28,0.9441500904159131,0.8421052631578947,1.0,0.9142857142857143,16,0.9992450931051836,0.0,0.0,0.0,5,0.5,0.3333333333333333,1.0,0.5,1,0.9995004995004996,0.8187221396731055,0.6904761904761905,0.7491502379333786,798,0.794615688599091,0.7992645594257036,0.8062905641537693,0.7988082349328138,2003,0.7982113023753228,15.159008026123047
