Rep.,Kfold,Num. Vars.,Precision-Background,Recall-Background,F1_score_Background,Num. Obs. Background,AUC_Background,Precision-DoS,Recall-DoS,F1_score_DoS,Num. Obs. Dos,AUC_DoS,Precision-Botnet,Recall-Botnet,F1_score_Botnet,Num. Obs. Botnet,AUC_Botnet,Precision-Scan,Recall-Scan,F1_score_Scan,Num. Obs. Scan,AUC_Scan,Precision-SSHscan,Recall-SSHscan,F1_score_SSHscan,Num. Obs. SSHscan,AUC_SSHscan,Precision-UDPscan,Recall-UDPscan,F1_score_UDPscan,Num. Obs. UDPscan,AUC_UDPscan,Precision-Spam,Recall-Spam,F1_score_Spam,Num. Obs. Spam,AUC_Spam,Precision-w,Recall-w,F1_score_w,Total Obs.,AUC_w,Time
7,3,93,0.821551724137931,0.8501338090990187,0.8355984217448487,1121,0.8074532681858729,0.40625,0.7878787878787878,0.5360824742268041,33,0.8842849223946785,0.7586206896551724,0.7857142857142857,0.7719298245614034,28,0.8910831945550648,0.8235294117647058,0.9333333333333333,0.8749999999999999,15,0.9659113796576032,0.0,0.0,0.0,4,0.4982473710565849,0.0,0.0,0.0,1,0.49975,0.7960526315789473,0.7571964956195244,0.7761385503527902,799,0.814122374265669,0.8016022518126013,0.8095952023988006,0.8042330281084751,2001,0.8129695316043426,14.07056713104248
