Rep.,Kfold,Num. Vars.,Precision-Background,Recall-Background,F1_score_Background,Num. Obs. Background,AUC_Background,Precision-DoS,Recall-DoS,F1_score_DoS,Num. Obs. Dos,AUC_DoS,Precision-Botnet,Recall-Botnet,F1_score_Botnet,Num. Obs. Botnet,AUC_Botnet,Precision-Scan,Recall-Scan,F1_score_Scan,Num. Obs. Scan,AUC_Scan,Precision-SSHscan,Recall-SSHscan,F1_score_SSHscan,Num. Obs. SSHscan,AUC_SSHscan,Precision-UDPscan,Recall-UDPscan,F1_score_UDPscan,Num. Obs. UDPscan,AUC_UDPscan,Precision-Spam,Recall-Spam,F1_score_Spam,Num. Obs. Spam,AUC_Spam,Precision-w,Recall-w,F1_score_w,Total Obs.,AUC_w,Time
8,2,88,0.8069883527454242,0.8652988403211418,0.8351269909599655,1121,0.8011301457841538,0.7631578947368421,0.8787878787878788,0.8169014084507042,33,0.9371096754345486,0.625,0.8928571428571429,0.7352941176470589,28,0.942631103074141,0.75,0.9375,0.8333333333333334,16,0.9674918218419728,0.0,0.0,0.0,5,0.49924924924924924,0.6666666666666666,1.0,0.8,2,0.9997501249375312,0.8131101813110181,0.7305764411027569,0.7696369636963696,798,0.8096865608003411,0.8035513789183535,0.8107838242636046,0.8052056759870936,2003,0.8095310408206278,14.315228462219238
