Rep.,Kfold,Num. Vars.,Precision-Background,Recall-Background,F1_score_Background,Num. Obs. Background,AUC_Background,Precision-DoS,Recall-DoS,F1_score_DoS,Num. Obs. Dos,AUC_DoS,Precision-Botnet,Recall-Botnet,F1_score_Botnet,Num. Obs. Botnet,AUC_Botnet,Precision-Scan,Recall-Scan,F1_score_Scan,Num. Obs. Scan,AUC_Scan,Precision-SSHscan,Recall-SSHscan,F1_score_SSHscan,Num. Obs. SSHscan,AUC_SSHscan,Precision-UDPscan,Recall-UDPscan,F1_score_UDPscan,Num. Obs. UDPscan,AUC_UDPscan,Precision-Spam,Recall-Spam,F1_score_Spam,Num. Obs. Spam,AUC_Spam,Precision-w,Recall-w,F1_score_w,Total Obs.,AUC_w,Time
8,4,71,0.7940226171243941,0.8768956289027654,0.8334039847392964,1121,0.793889991322131,0.5192307692307693,0.8181818181818182,0.6352941176470589,33,0.9027457314259346,0.7272727272727273,0.8571428571428571,0.7868852459016394,28,0.9262929475587705,0.75,0.9375,0.8333333333333334,16,0.9674918218419728,0.0,0.0,0.0,5,0.49874874874874875,0.5,0.5,0.5,2,0.7497501249375313,0.8205499276410999,0.7105263157894737,0.7615849563465412,798,0.8038108757370604,0.7965034686981005,0.8072890664003994,0.7984630495048545,2003,0.8020927029066774,10.34580659866333
