Rep.,Kfold,Num. Vars.,Precision-Background,Recall-Background,F1_score_Background,Num. Obs. Background,AUC_Background,Precision-DoS,Recall-DoS,F1_score_DoS,Num. Obs. Dos,AUC_DoS,Precision-Botnet,Recall-Botnet,F1_score_Botnet,Num. Obs. Botnet,AUC_Botnet,Precision-Scan,Recall-Scan,F1_score_Scan,Num. Obs. Scan,AUC_Scan,Precision-SSHscan,Recall-SSHscan,F1_score_SSHscan,Num. Obs. SSHscan,AUC_SSHscan,Precision-UDPscan,Recall-UDPscan,F1_score_UDPscan,Num. Obs. UDPscan,AUC_UDPscan,Precision-Spam,Recall-Spam,F1_score_Spam,Num. Obs. Spam,AUC_Spam,Precision-w,Recall-w,F1_score_w,Total Obs.,AUC_w,Time
9,1,97,0.805352798053528,0.8858162355040142,0.8436703483432456,1121,0.8066992641765247,0.6590909090909091,0.8787878787878788,0.7532467532467532,33,0.9355848992720501,0.7878787878787878,0.9285714285714286,0.8524590163934426,28,0.9625126646403243,0.9333333333333333,0.875,0.9032258064516129,16,0.9372482376636455,0.0,0.0,0.0,4,0.49674674674674674,0.2,1.0,0.33333333333333337,1,0.999000499750125,0.8117977528089888,0.723404255319149,0.7650562541363337,799,0.8060080295714614,0.8043810342189442,0.8196803196803197,0.8094632113388748,2002,0.8112472059664055,10.249359846115112
