Rep.,Kfold,Num. Vars.,Precision-Background,Recall-Background,F1_score_Background,Num. Obs. Background,AUC_Background,Precision-DoS,Recall-DoS,F1_score_DoS,Num. Obs. Dos,AUC_DoS,Precision-Botnet,Recall-Botnet,F1_score_Botnet,Num. Obs. Botnet,AUC_Botnet,Precision-Scan,Recall-Scan,F1_score_Scan,Num. Obs. Scan,AUC_Scan,Precision-SSHscan,Recall-SSHscan,F1_score_SSHscan,Num. Obs. SSHscan,AUC_SSHscan,Precision-UDPscan,Recall-UDPscan,F1_score_UDPscan,Num. Obs. UDPscan,AUC_UDPscan,Precision-Spam,Recall-Spam,F1_score_Spam,Num. Obs. Spam,AUC_Spam,Precision-w,Recall-w,F1_score_w,Total Obs.,AUC_w,Time
17,1,85,0.8133308917780626,0.9225656364240612,0.8645113572221033,24072,0.7758834292988923,0.9873417721518988,0.9369369369369369,0.9614791987673343,333,0.9684151137932652,0.9790697674418605,0.884453781512605,0.9293598233995585,476,0.9421063830170278,1.0,0.9858156028368794,0.9928571428571429,141,0.9929078014184397,0.0,0.0,0.0,22,0.4999867710868875,1.0,1.0,1.0,7,1.0,0.8090773492435542,0.5948147567948617,0.6855956303886607,12767,0.761640343149337,0.8157706320826825,0.8112803426939552,0.805781836968985,37818,0.7755527196373075,0:00:53.126269
