Rep.,Kfold,Num. Vars.,Precision-Background,Recall-Background,F1_score_Background,Num. Obs. Background,AUC_Background,Precision-DoS,Recall-DoS,F1_score_DoS,Num. Obs. Dos,AUC_DoS,Precision-Botnet,Recall-Botnet,F1_score_Botnet,Num. Obs. Botnet,AUC_Botnet,Precision-Scan,Recall-Scan,F1_score_Scan,Num. Obs. Scan,AUC_Scan,Precision-SSHscan,Recall-SSHscan,F1_score_SSHscan,Num. Obs. SSHscan,AUC_SSHscan,Precision-UDPscan,Recall-UDPscan,F1_score_UDPscan,Num. Obs. UDPscan,AUC_UDPscan,Precision-Spam,Recall-Spam,F1_score_Spam,Num. Obs. Spam,AUC_Spam,Precision-w,Recall-w,F1_score_w,Total Obs.,AUC_w,Time
18,5,82,0.8168531880429981,0.9217763376537056,0.8661488016238583,24072,0.7799264345041407,0.9968152866242038,0.93993993993994,0.9675425038639878,333,0.9699566313011692,0.9767981438515081,0.8863157894736842,0.9293598233995584,475,0.9430240008343704,1.0,0.9787234042553191,0.989247311827957,141,0.9893617021276595,1.0,0.047619047619047616,0.0909090909090909,21,0.5238095238095238,1.0,1.0,1.0,8,1.0,0.8106490233144298,0.6045582706766918,0.6925975773889637,12768,0.7662911113862501,0.8191754001011426,0.8141361256544503,0.8092984915270541,37818,0.7797299169755919,0:00:37.174254
