Rep.,Kfold,Num. Vars.,Precision-Background,Recall-Background,F1_score_Background,Num. Obs. Background,AUC_Background,Precision-DoS,Recall-DoS,F1_score_DoS,Num. Obs. Dos,AUC_DoS,Precision-Botnet,Recall-Botnet,F1_score_Botnet,Num. Obs. Botnet,AUC_Botnet,Precision-Scan,Recall-Scan,F1_score_Scan,Num. Obs. Scan,AUC_Scan,Precision-SSHscan,Recall-SSHscan,F1_score_SSHscan,Num. Obs. SSHscan,AUC_SSHscan,Precision-UDPscan,Recall-UDPscan,F1_score_UDPscan,Num. Obs. UDPscan,AUC_UDPscan,Precision-Spam,Recall-Spam,F1_score_Spam,Num. Obs. Spam,AUC_Spam,Precision-w,Recall-w,F1_score_w,Total Obs.,AUC_w,Time
14,4,86,0.8155336243900649,0.9234380192755068,0.8661380506146623,24072,0.7788427457256271,0.9968454258675079,0.948948948948949,0.9723076923076923,333,0.9744611361615042,0.9814385150812065,0.8905263157894737,0.9337748344370861,475,0.945156045641095,1.0,0.9858156028368794,0.9928571428571429,141,0.9929078014184397,0.0,0.0,0.0,22,0.4999867714368865,1.0,1.0,1.0,8,1.0,0.8118570368013576,0.599545739348371,0.6897328467810966,12768,0.7643651015212176,0.8182249365047948,0.8136122055051693,0.8083634815076054,37819,0.7784489431323703,0:00:36.283715
