Rep.,Kfold,Num. Vars.,Precision-Background,Recall-Background,F1_score_Background,Num. Obs. Background,AUC_Background,Precision-DoS,Recall-DoS,F1_score_DoS,Num. Obs. Dos,AUC_DoS,Precision-Botnet,Recall-Botnet,F1_score_Botnet,Num. Obs. Botnet,AUC_Botnet,Precision-Scan,Recall-Scan,F1_score_Scan,Num. Obs. Scan,AUC_Scan,Precision-SSHscan,Recall-SSHscan,F1_score_SSHscan,Num. Obs. SSHscan,AUC_SSHscan,Precision-UDPscan,Recall-UDPscan,F1_score_UDPscan,Num. Obs. UDPscan,AUC_UDPscan,Precision-Spam,Recall-Spam,F1_score_Spam,Num. Obs. Spam,AUC_Spam,Precision-w,Recall-w,F1_score_w,Total Obs.,AUC_w,Time
15,5,81,0.8129146395400265,0.9162512462612163,0.861495195687837,6018,0.7734094659253681,0.96,0.8571428571428571,0.9056603773584904,84,0.9284113261058506,0.9487179487179487,0.940677966101695,0.9446808510638298,118,0.9700176118671304,0.7948717948717948,0.8857142857142857,0.8378378378378378,35,0.9424324242332313,0.0,0.0,0.0,5,0.4999470787468247,0.3333333333333333,0.5,0.4,2,0.7498941910908898,0.802245250431779,0.5822626136007522,0.6747775558380243,3191,0.7545615207895169,0.8117169990813059,0.8026023484608061,0.7992558346320223,9453,0.7713548362419872,0:00:44.287829
