Rep.,Kfold,Num. Vars.,Precision-Background,Recall-Background,F1_score_Background,Num. Obs. Background,AUC_Background,Precision-DoS,Recall-DoS,F1_score_DoS,Num. Obs. Dos,AUC_DoS,Precision-Botnet,Recall-Botnet,F1_score_Botnet,Num. Obs. Botnet,AUC_Botnet,Precision-Scan,Recall-Scan,F1_score_Scan,Num. Obs. Scan,AUC_Scan,Precision-SSHscan,Recall-SSHscan,F1_score_SSHscan,Num. Obs. SSHscan,AUC_SSHscan,Precision-UDPscan,Recall-UDPscan,F1_score_UDPscan,Num. Obs. UDPscan,AUC_UDPscan,Precision-Spam,Recall-Spam,F1_score_Spam,Num. Obs. Spam,AUC_Spam,Precision-w,Recall-w,F1_score_w,Total Obs.,AUC_w,Time
17,5,85,0.8149763589048126,0.9237256449669727,0.8659500720489154,24071,0.7782858350662198,0.9873417721518988,0.9341317365269461,0.96,334,0.9670125150115924,0.9843400447427293,0.9263157894736842,0.9544468546637744,475,0.9630641740245647,1.0,0.9645390070921985,0.9819494584837545,141,0.9822695035460993,0.0,0.0,0.0,22,0.5,1.0,1.0,1.0,8,1.0,0.813151734411577,0.5984806954342549,0.689493391076826,12769,0.7641918466592854,0.8182645189066817,0.8136700158646218,0.8082729356044669,37820,0.7781602773280522,0:00:47.376450
