Rep.,Kfold,Num. Vars.,Precision-Background,Recall-Background,F1_score_Background,Num. Obs. Background,AUC_Background,Precision-DoS,Recall-DoS,F1_score_DoS,Num. Obs. Dos,AUC_DoS,Precision-Botnet,Recall-Botnet,F1_score_Botnet,Num. Obs. Botnet,AUC_Botnet,Precision-Scan,Recall-Scan,F1_score_Scan,Num. Obs. Scan,AUC_Scan,Precision-SSHscan,Recall-SSHscan,F1_score_SSHscan,Num. Obs. SSHscan,AUC_SSHscan,Precision-UDPscan,Recall-UDPscan,F1_score_UDPscan,Num. Obs. UDPscan,AUC_UDPscan,Precision-Spam,Recall-Spam,F1_score_Spam,Num. Obs. Spam,AUC_Spam,Precision-w,Recall-w,F1_score_w,Total Obs.,AUC_w,Time
16,3,80,0.8148080237632477,0.9229842562206622,0.8655291963694441,24073,0.7778156896146593,0.9968253968253968,0.9401197604790419,0.9676425269645608,334,0.9700465419265508,0.9772727272727273,0.9052631578947369,0.9398907103825138,475,0.9524976922155436,1.0,0.9574468085106383,0.9782608695652174,141,0.9787234042553192,1.0,0.045454545454545456,0.08695652173913045,22,0.5227272727272727,1.0,1.0,1.0,7,1.0,0.8073705390236153,0.5971177944862155,0.6865066858763675,12768,0.7622544105753766,0.816777494085151,0.8125330512956108,0.8069193608407166,37820,0.7770955409604959,0:00:46.331725
