Rep.,Kfold,Num. Vars.,Precision-Background,Recall-Background,F1_score_Background,Num. Obs. Background,AUC_Background,Precision-DoS,Recall-DoS,F1_score_DoS,Num. Obs. Dos,AUC_DoS,Precision-Botnet,Recall-Botnet,F1_score_Botnet,Num. Obs. Botnet,AUC_Botnet,Precision-Scan,Recall-Scan,F1_score_Scan,Num. Obs. Scan,AUC_Scan,Precision-SSHscan,Recall-SSHscan,F1_score_SSHscan,Num. Obs. SSHscan,AUC_SSHscan,Precision-UDPscan,Recall-UDPscan,F1_score_UDPscan,Num. Obs. UDPscan,AUC_UDPscan,Precision-Spam,Recall-Spam,F1_score_Spam,Num. Obs. Spam,AUC_Spam,Precision-w,Recall-w,F1_score_w,Total Obs.,AUC_w,Time
10,4,90,0.8139927358109843,0.9216549661446434,0.8644847067991428,24073,0.7763833620013089,0.9904761904761905,0.9369369369369369,0.962962962962963,333,0.9684284513945169,0.9770642201834863,0.8968421052631579,0.9352360043907794,475,0.9482871551434958,1.0,0.9645390070921985,0.9819494584837545,141,0.9822695035460993,0.0,0.0,0.0,21,0.4999867710868875,1.0,1.0,1.0,7,1.0,0.8074034902168165,0.597947834260202,0.6870668706687065,12767,0.7626266117408795,0.815646443789609,0.8118571013036465,0.8063273587804859,37817,0.7762449009903926,0:01:02.826733
