Rep.,Kfold,Num. Vars.,Precision-Background,Recall-Background,F1_score_Background,Num. Obs. Background,AUC_Background,Precision-DoS,Recall-DoS,F1_score_DoS,Num. Obs. Dos,AUC_DoS,Precision-Botnet,Recall-Botnet,F1_score_Botnet,Num. Obs. Botnet,AUC_Botnet,Precision-Scan,Recall-Scan,F1_score_Scan,Num. Obs. Scan,AUC_Scan,Precision-SSHscan,Recall-SSHscan,F1_score_SSHscan,Num. Obs. SSHscan,AUC_SSHscan,Precision-UDPscan,Recall-UDPscan,F1_score_UDPscan,Num. Obs. UDPscan,AUC_UDPscan,Precision-Spam,Recall-Spam,F1_score_Spam,Num. Obs. Spam,AUC_Spam,Precision-w,Recall-w,F1_score_w,Total Obs.,AUC_w,Time
15,4,83,0.8117732558139535,0.9282034236330398,0.8660928898193379,6017,0.7757106731199821,0.963855421686747,0.963855421686747,0.963855421686747,83,0.9817676425475672,0.9545454545454546,0.8823529411764706,0.9170305676855895,119,0.940908661268471,0.918918918918919,0.9714285714285714,0.9444444444444445,35,0.9855550331397025,0.0,0.0,0.0,5,0.49973542173775004,0.5,0.5,0.5,2,0.7499471011426153,0.8094841930116472,0.609458189790166,0.6953725209933892,3193,0.7681534679984211,0.8140338248119123,0.8198646075735139,0.8096877058054779,9454,0.7776722007589538,0:00:42.933534
