Rep.,Kfold,Num. Vars.,Precision-Background,Recall-Background,F1_score_Background,Num. Obs. Background,AUC_Background,Precision-DoS,Recall-DoS,F1_score_DoS,Num. Obs. Dos,AUC_DoS,Precision-Botnet,Recall-Botnet,F1_score_Botnet,Num. Obs. Botnet,AUC_Botnet,Precision-Scan,Recall-Scan,F1_score_Scan,Num. Obs. Scan,AUC_Scan,Precision-SSHscan,Recall-SSHscan,F1_score_SSHscan,Num. Obs. SSHscan,AUC_SSHscan,Precision-UDPscan,Recall-UDPscan,F1_score_UDPscan,Num. Obs. UDPscan,AUC_UDPscan,Precision-Spam,Recall-Spam,F1_score_Spam,Num. Obs. Spam,AUC_Spam,Precision-w,Recall-w,F1_score_w,Total Obs.,AUC_w,Time
19,1,86,0.8118287479770487,0.9167635819903639,0.8611111111111112,6019,0.772318363587559,0.9390243902439024,0.9166666666666666,0.9277108433734941,84,0.9580665813060179,0.9112903225806451,0.9495798319327731,0.9300411522633745,119,0.9742008616662902,0.7560975609756098,0.8857142857142857,0.8157894736842105,35,0.9423264136351919,0.0,0.0,0.0,5,0.5,0.0,0.0,0.0,2,0.49984133700021155,0.7833537331701347,0.6015037593984962,0.6804891015417331,3192,0.7583668222279838,0.8037909646948664,0.8099619289340102,0.8007935944839947,9456,0.7722271287547027,0:00:35.825556
