Rep.,Kfold,Num. Vars.,Precision-Background,Recall-Background,F1_score_Background,Num. Obs. Background,AUC_Background,Precision-DoS,Recall-DoS,F1_score_DoS,Num. Obs. Dos,AUC_DoS,Precision-Botnet,Recall-Botnet,F1_score_Botnet,Num. Obs. Botnet,AUC_Botnet,Precision-Scan,Recall-Scan,F1_score_Scan,Num. Obs. Scan,AUC_Scan,Precision-SSHscan,Recall-SSHscan,F1_score_SSHscan,Num. Obs. SSHscan,AUC_SSHscan,Precision-UDPscan,Recall-UDPscan,F1_score_UDPscan,Num. Obs. UDPscan,AUC_UDPscan,Precision-Spam,Recall-Spam,F1_score_Spam,Num. Obs. Spam,AUC_Spam,Precision-w,Recall-w,F1_score_w,Total Obs.,AUC_w,Time
12,1,84,0.8066964285714285,0.9009473159381751,0.8512208526340582,6017,0.7613906885367732,0.9605263157894737,0.8795180722891566,0.9182389937106917,83,0.9395989336790003,0.9732142857142857,0.9159663865546218,0.9437229437229437,119,0.9578224732515956,0.8157894736842105,0.8857142857142857,0.8493150684931505,35,0.9424854745976122,0.0,0.0,0.0,5,0.4998941462898275,0.14285714285714285,0.5,0.22222222222222224,2,0.7496825396825396,0.7631154156577885,0.592604199310561,0.66713706121009,3191,0.7494246040475501,0.7948971891825516,0.7962336013542107,0.7902367299241693,9452,0.7619186518911896,0:00:34.781782
