Rep.,Kfold,Num. Vars.,Precision-Background,Recall-Background,F1_score_Background,Num. Obs. Background,AUC_Background,Precision-DoS,Recall-DoS,F1_score_DoS,Num. Obs. Dos,AUC_DoS,Precision-Botnet,Recall-Botnet,F1_score_Botnet,Num. Obs. Botnet,AUC_Botnet,Precision-Scan,Recall-Scan,F1_score_Scan,Num. Obs. Scan,AUC_Scan,Precision-SSHscan,Recall-SSHscan,F1_score_SSHscan,Num. Obs. SSHscan,AUC_SSHscan,Precision-UDPscan,Recall-UDPscan,F1_score_UDPscan,Num. Obs. UDPscan,AUC_UDPscan,Precision-Spam,Recall-Spam,F1_score_Spam,Num. Obs. Spam,AUC_Spam,Precision-w,Recall-w,F1_score_w,Total Obs.,AUC_w,Time
10,1,88,0.8142982971227246,0.9218879840452052,0.8647595291916751,6017,0.776810076447639,0.987012987012987,0.9156626506024096,0.95,83,0.9577779578126787,0.9629629629629629,0.8813559322033898,0.9203539823008849,118,0.9404636956924384,0.7555555555555555,0.9714285714285714,0.85,35,0.9851302355921662,0.0,0.0,0.0,5,0.4999470731449137,0.5,0.5,0.5,2,0.74994708994709,0.8068481123792801,0.5758145363408521,0.6720292504570384,3192,0.7527634982023749,0.8144401375897427,0.8040626322471435,0.8005265789797589,9452,0.772940836926463,0:01:03.498483
