Rep.,Kfold,Num. Vars.,Precision-Background,Recall-Background,F1_score_Background,Num. Obs. Background,AUC_Background,Precision-DoS,Recall-DoS,F1_score_DoS,Num. Obs. Dos,AUC_DoS,Precision-Botnet,Recall-Botnet,F1_score_Botnet,Num. Obs. Botnet,AUC_Botnet,Precision-Scan,Recall-Scan,F1_score_Scan,Num. Obs. Scan,AUC_Scan,Precision-SSHscan,Recall-SSHscan,F1_score_SSHscan,Num. Obs. SSHscan,AUC_SSHscan,Precision-UDPscan,Recall-UDPscan,F1_score_UDPscan,Num. Obs. UDPscan,AUC_UDPscan,Precision-Spam,Recall-Spam,F1_score_Spam,Num. Obs. Spam,AUC_Spam,Precision-w,Recall-w,F1_score_w,Total Obs.,AUC_w,Time
11,5,89,0.8162993639994084,0.917082087072117,0.8637608576570937,6018,0.7778076325931016,0.9452054794520548,0.8313253012048193,0.8846153846153847,83,0.9154492262080014,0.9711538461538461,0.8559322033898306,0.9099099099099099,118,0.9278054333144524,0.8421052631578947,0.9142857142857143,0.8767123287671234,35,0.9568243519936904,0.0,0.0,0.0,6,0.49989415749364946,0.25,0.5,0.3333333333333333,2,0.7498413034278459,0.8082835183603757,0.5930451127819549,0.6841344416335381,3192,0.76067139062924,0.8161151317966956,0.8054791622593611,0.8032593636070031,9454,0.7755828896352639,0:00:36.681267
