Rep.,Kfold,Num. Vars.,Precision-Background,Recall-Background,F1_score_Background,Num. Obs. Background,AUC_Background,Precision-DoS,Recall-DoS,F1_score_DoS,Num. Obs. Dos,AUC_DoS,Precision-Botnet,Recall-Botnet,F1_score_Botnet,Num. Obs. Botnet,AUC_Botnet,Precision-Scan,Recall-Scan,F1_score_Scan,Num. Obs. Scan,AUC_Scan,Precision-SSHscan,Recall-SSHscan,F1_score_SSHscan,Num. Obs. SSHscan,AUC_SSHscan,Precision-UDPscan,Recall-UDPscan,F1_score_UDPscan,Num. Obs. UDPscan,AUC_UDPscan,Precision-Spam,Recall-Spam,F1_score_Spam,Num. Obs. Spam,AUC_Spam,Precision-w,Recall-w,F1_score_w,Total Obs.,AUC_w,Time
10,5,87,0.8220566318926975,0.9165835825855766,0.8667504714016342,6018,0.7844926646552337,0.9404761904761905,0.9518072289156626,0.9461077844311376,83,0.9756368054930501,0.9722222222222222,0.8823529411764706,0.9251101321585902,119,0.9410157677812929,0.6976744186046512,0.8571428571428571,0.7692307692307693,35,0.9278812608075722,0.0,0.0,0.0,5,0.4997883149872989,0.0,0.0,0.0,2,0.4999470955454449,0.7917647058823529,0.6327170166092134,0.7033617836613831,3191,0.7739599136064271,0.8136920088972784,0.8197397651539194,0.8120247452995073,9453,0.7849059929471591,0:01:03.731740
