Rep.,Kfold,Num. Vars.,Precision-Background,Recall-Background,F1_score_Background,Num. Obs. Background,AUC_Background,Precision-DoS,Recall-DoS,F1_score_DoS,Num. Obs. Dos,AUC_DoS,Precision-Botnet,Recall-Botnet,F1_score_Botnet,Num. Obs. Botnet,AUC_Botnet,Precision-Scan,Recall-Scan,F1_score_Scan,Num. Obs. Scan,AUC_Scan,Precision-SSHscan,Recall-SSHscan,F1_score_SSHscan,Num. Obs. SSHscan,AUC_SSHscan,Precision-UDPscan,Recall-UDPscan,F1_score_UDPscan,Num. Obs. UDPscan,AUC_UDPscan,Precision-Spam,Recall-Spam,F1_score_Spam,Num. Obs. Spam,AUC_Spam,Precision-w,Recall-w,F1_score_w,Total Obs.,AUC_w,Time
12,3,82,0.8200502735472424,0.9214155175278286,0.8677828195900484,6019,0.7837667875513525,0.9367088607594937,0.8809523809523809,0.9079754601226993,84,0.9402094953620449,0.9727272727272728,0.8991596638655462,0.9344978165938865,119,0.9494192151643824,0.8108108108108109,0.8333333333333334,0.8219178082191781,36,0.9162951956414067,0.0,0.0,0.0,6,0.5,0.0,0.0,0.0,2,0.4998942470389171,0.793076623881758,0.6387844611528822,0.7076175602984557,3192,0.7769409059674401,0.8131751383864405,0.824275745400719,0.8140160989116135,9458,0.7852011594281879,0:00:40.259595
