Rep.,Kfold,Num. Vars.,Precision-Background,Recall-Background,F1_score_Background,Num. Obs. Background,AUC_Background,Precision-DoS,Recall-DoS,F1_score_DoS,Num. Obs. Dos,AUC_DoS,Precision-Botnet,Recall-Botnet,F1_score_Botnet,Num. Obs. Botnet,AUC_Botnet,Precision-Scan,Recall-Scan,F1_score_Scan,Num. Obs. Scan,AUC_Scan,Precision-SSHscan,Recall-SSHscan,F1_score_SSHscan,Num. Obs. SSHscan,AUC_SSHscan,Precision-UDPscan,Recall-UDPscan,F1_score_UDPscan,Num. Obs. UDPscan,AUC_UDPscan,Precision-Spam,Recall-Spam,F1_score_Spam,Num. Obs. Spam,AUC_Spam,Precision-w,Recall-w,F1_score_w,Total Obs.,AUC_w,Time
10,2,88,0.8082810905379793,0.9212362911266201,0.8610701250291216,6018,0.7692619173910167,0.9058823529411765,0.927710843373494,0.9166666666666667,83,0.9634285728979305,0.9545454545454546,0.8823529411764706,0.9170305676855895,119,0.940908661268471,0.8918918918918919,0.9428571428571428,0.9166666666666667,35,0.9712162346624603,0.0,0.0,0.0,5,0.49994708434755003,0.25,0.5,0.3333333333333333,2,0.7498413034278459,0.7949461474730737,0.6011904761904762,0.6846236175526221,3192,0.7610711243935454,0.8062406458845836,0.8122487835836683,0.8023269061287437,9454,0.7709627603561022,0:01:05.360804
