Rep.,Kfold,Num. Vars.,Precision-Background,Recall-Background,F1_score_Background,Num. Obs. Background,AUC_Background,Precision-DoS,Recall-DoS,F1_score_DoS,Num. Obs. Dos,AUC_DoS,Precision-Botnet,Recall-Botnet,F1_score_Botnet,Num. Obs. Botnet,AUC_Botnet,Precision-Scan,Recall-Scan,F1_score_Scan,Num. Obs. Scan,AUC_Scan,Precision-SSHscan,Recall-SSHscan,F1_score_SSHscan,Num. Obs. SSHscan,AUC_SSHscan,Precision-UDPscan,Recall-UDPscan,F1_score_UDPscan,Num. Obs. UDPscan,AUC_UDPscan,Precision-Spam,Recall-Spam,F1_score_Spam,Num. Obs. Spam,AUC_Spam,Precision-w,Recall-w,F1_score_w,Total Obs.,AUC_w,Time
2,4,87,0.8181010220708044,0.9177467597208375,0.865063826454695,6018,0.7800731468959459,0.8735632183908046,0.9156626506024096,0.8941176470588235,83,0.9572442829274188,0.8793103448275862,0.8571428571428571,0.8680851063829788,119,0.9278214017847577,0.66,0.9428571428571428,0.7764705882352942,35,0.9705259485125685,0.0,0.0,0.0,5,0.4998941462898275,0.3333333333333333,0.5,0.4,2,0.74989417989418,0.7946537059538274,0.6150470219435736,0.6934087294575014,3190,0.7670412369379318,0.8103245469363518,0.8143250105797715,0.8065402367252937,9452,0.7796414974012214,0:00:40.292624
