Rep.,Kfold,Num. Vars.,Precision-Background,Recall-Background,F1_score_Background,Num. Obs. Background,AUC_Background,Precision-DoS,Recall-DoS,F1_score_DoS,Num. Obs. Dos,AUC_DoS,Precision-Botnet,Recall-Botnet,F1_score_Botnet,Num. Obs. Botnet,AUC_Botnet,Precision-Scan,Recall-Scan,F1_score_Scan,Num. Obs. Scan,AUC_Scan,Precision-SSHscan,Recall-SSHscan,F1_score_SSHscan,Num. Obs. SSHscan,AUC_SSHscan,Precision-UDPscan,Recall-UDPscan,F1_score_UDPscan,Num. Obs. UDPscan,AUC_UDPscan,Precision-Spam,Recall-Spam,F1_score_Spam,Num. Obs. Spam,AUC_Spam,Precision-w,Recall-w,F1_score_w,Total Obs.,AUC_w,Time
2,1,85,0.8117456579334708,0.9165697191291341,0.8609788463039575,6017,0.7722755518275106,0.9375,0.8928571428571429,0.9146341463414636,84,0.946161790935561,0.9611650485436893,0.8389830508474576,0.8959276018099547,118,0.9192773238600573,0.8157894736842105,0.8857142857142857,0.8493150684931505,35,0.9424855929632999,0.0,0.0,0.0,6,0.49994708434755003,0.0,0.0,0.0,2,0.4998413202158045,0.8050884001724882,0.5847165674913875,0.6774310595065313,3193,0.7562675779009157,0.8118076142616131,0.802432575356954,0.7991350443065874,9455,0.7706486564926558,0:00:43.401400
