Rep.,Kfold,Num. Vars.,Precision-Background,Recall-Background,F1_score_Background,Num. Obs. Background,AUC_Background,Precision-DoS,Recall-DoS,F1_score_DoS,Num. Obs. Dos,AUC_DoS,Precision-Botnet,Recall-Botnet,F1_score_Botnet,Num. Obs. Botnet,AUC_Botnet,Precision-Scan,Recall-Scan,F1_score_Scan,Num. Obs. Scan,AUC_Scan,Precision-SSHscan,Recall-SSHscan,F1_score_SSHscan,Num. Obs. SSHscan,AUC_SSHscan,Precision-UDPscan,Recall-UDPscan,F1_score_UDPscan,Num. Obs. UDPscan,AUC_UDPscan,Precision-Spam,Recall-Spam,F1_score_Spam,Num. Obs. Spam,AUC_Spam,Precision-w,Recall-w,F1_score_w,Total Obs.,AUC_w,Time
4,1,89,0.8141866981271199,0.917719414893617,0.8628584824568258,6016,0.7755069717075769,0.9753086419753086,0.9518072289156626,0.9634146341463414,83,0.9757968794807792,0.9809523809523809,0.865546218487395,0.9196428571428571,119,0.9326659625598874,0.8095238095238095,0.9714285714285714,0.8831168831168832,35,0.9852895219891079,0.0,0.0,0.0,5,0.4999470731449137,0.0,0.0,0.0,2,0.4996825396825397,0.7942880794701986,0.6011904761904762,0.6843794579172611,3192,0.7608987524722349,0.8103609828133987,0.8099873042742277,0.8036189024201649,9452,0.7748837689314851,0:00:37.819031
