Rep.,Kfold,Num. Vars.,Precision-Background,Recall-Background,F1_score_Background,Num. Obs. Background,AUC_Background,Precision-DoS,Recall-DoS,F1_score_DoS,Num. Obs. Dos,AUC_DoS,Precision-Botnet,Recall-Botnet,F1_score_Botnet,Num. Obs. Botnet,AUC_Botnet,Precision-Scan,Recall-Scan,F1_score_Scan,Num. Obs. Scan,AUC_Scan,Precision-SSHscan,Recall-SSHscan,F1_score_SSHscan,Num. Obs. SSHscan,AUC_SSHscan,Precision-UDPscan,Recall-UDPscan,F1_score_UDPscan,Num. Obs. UDPscan,AUC_UDPscan,Precision-Spam,Recall-Spam,F1_score_Spam,Num. Obs. Spam,AUC_Spam,Precision-w,Recall-w,F1_score_w,Total Obs.,AUC_w,Time
4,5,86,0.8191614998523767,0.9220671319375208,0.867573483427142,6018,0.7826701413910084,0.9629629629629629,0.9397590361445783,0.9512195121951219,83,0.9697194156067113,0.9906542056074766,0.8983050847457628,0.9422222222222222,118,0.9490989747705673,0.8461538461538461,0.9428571428571428,0.8918918918918919,35,0.9711099986346879,0.0,0.0,0.0,5,0.4998941462898275,0.16666666666666666,0.5,0.25,2,0.7497354497354497,0.7983838383838384,0.6192416170479473,0.6974938228026827,3191,0.7697709442850342,0.8150791974746887,0.8191917054591621,0.811321378520793,9452,0.78257682778312,0:00:38.336956
