{"C": 0.10712325027899776, "gamma": 0.006594092878446678}