{"C": 0.15921852245225282, "gamma": 0.018931115643716724}