{"C": 0.10043298138338141, "gamma": 0.0023274632361157547}