{"C": 0.10753204052977666, "gamma": 0.002003034487053612}