{"C": 0.10269514733642673, "gamma": 1.9196173351716017}