{"C": 0.10052386606305545, "gamma": 0.0027923361048638735}