{"C": 0.10136652760374142, "gamma": 0.002171826076384041}