{"C": 0.10504267796205168, "gamma": 1.9728631005784283}