{"C": 0.10380617011631538, "gamma": 0.0025365236823099405}