{"C": 0.10361539152324775, "gamma": 1.9736323490240961}