{"C": 0.10228908325309437, "gamma": 0.0020601071439774648}