{"C": 0.12472402507477115, "gamma": 0.03062975144735351}