{"C": 0.1062174036568892, "gamma": 0.002292122033076593}