{"C": 0.1053814092523693, "gamma": 0.0020715349511916535}