{"C": 0.7366425541749825, "gamma": 0.008621892993509604}