{"C": 0.10056426480710494, "gamma": 0.0020483325846798236}