{"C": 0.10007452720418777, "gamma": 1.4807565517331136}