{"C": 0.10147270552126596, "gamma": 1.9894294874461644}