{"C": 0.10376776074754868, "gamma": 1.578510799514323}