{"C": 0.10291303957031722, "gamma": 0.0025321844448957997}