{"C": 0.10100289967942254, "gamma": 1.3545451223185339}