{"C": 0.10138424047954796, "gamma": 0.002181899094645766}