{"C": 0.21512928477767712, "gamma": 0.2056551102615506}