{"C": 0.1003937155524023, "gamma": 0.0020355104029252382}