{"C": 0.10050565710836482, "gamma": 0.0022413871455480294}