{"C": 0.1032783928907169, "gamma": 0.002138105481650641}