{"C": 0.1063714921205225, "gamma": 0.0020389998744542296}