{"C": 0.16763418491129511, "gamma": 0.8111703707610094}