{"C": 0.1028301480471359, "gamma": 0.002388168395397258}