{"C": 0.10334279661721388, "gamma": 0.002154356945113715}