{"C": 0.10416415349303727, "gamma": 0.0020347527033072015}