{"C": 0.10080740757819309, "gamma": 0.0027405135209919917}