{"C": 0.10046950159074562, "gamma": 0.002395668439895059}