{"C": 0.10039247185452081, "gamma": 1.9754415136152017}