{"C": 0.10175934822105098, "gamma": 0.002180954106220289}