{"C": 0.10233174503999105, "gamma": 1.871763093749292}