{"C": 0.10452620177493395, "gamma": 1.8493733122237277}