{"C": 1.121072567396098, "gamma": 1.111711759672499}