{"C": 0.10011534048443546, "gamma": 0.002245871753564761}