{"C": 0.10371023854313463, "gamma": 0.002099821542691014}