{"C": 0.10449524388086101, "gamma": 0.00209855950773497}