{"C": 0.10449158774647903, "gamma": 0.002607712996172264}