{"C": 0.10476406155815675, "gamma": 1.8325590979894741}