{"C": 0.11094452629039508, "gamma": 0.04194215233531343}