{"C": 0.14341363842342802, "gamma": 0.031771548231831995}