{"C": 0.10141208030036206, "gamma": 1.97277279486531}