Rep.,Kfold,Num. Vars.,Precision-Background,Recall-Background,F1_score_Background,Num. Obs. Background,AUC_Background,Precision-DoS,Recall-DoS,F1_score_DoS,Num. Obs. Dos,AUC_DoS,Precision-Botnet,Recall-Botnet,F1_score_Botnet,Num. Obs. Botnet,AUC_Botnet,Precision-Scan,Recall-Scan,F1_score_Scan,Num. Obs. Scan,AUC_Scan,Precision-SSHscan,Recall-SSHscan,F1_score_SSHscan,Num. Obs. SSHscan,AUC_SSHscan,Precision-UDPscan,Recall-UDPscan,F1_score_UDPscan,Num. Obs. UDPscan,AUC_UDPscan,Precision-Spam,Recall-Spam,F1_score_Spam,Num. Obs. Spam,AUC_Spam,Precision-w,Recall-w,F1_score_w,Total Obs.,AUC_w,Time
12,2,87,0.8125478194338179,0.9096359743040685,0.8583552232774299,2335,0.8079354931472381,0.9148936170212766,0.8269230769230769,0.8686868686868686,52,0.9129553374997565,0.9591836734693877,0.8703703703703703,0.912621359223301,54,0.9349319565197002,0.92,0.92,0.92,25,0.9597486173956762,0.0,0.0,0.0,5,0.5,1.0,0.5,0.6666666666666666,2,0.75,0.8370429252782194,0.6882352941176471,0.7553802008608321,1530,0.8026700126067411,0.824967579441942,0.8221333999500374,0.8190801292962729,4003,0.8095349024291927,272268.9311954975
