Rep.,Kfold,Num. Vars.,Precision-Background,Recall-Background,F1_score_Background,Num. Obs. Background,AUC_Background,Precision-DoS,Recall-DoS,F1_score_DoS,Num. Obs. Dos,AUC_DoS,Precision-Botnet,Recall-Botnet,F1_score_Botnet,Num. Obs. Botnet,AUC_Botnet,Precision-Scan,Recall-Scan,F1_score_Scan,Num. Obs. Scan,AUC_Scan,Precision-SSHscan,Recall-SSHscan,F1_score_SSHscan,Num. Obs. SSHscan,AUC_SSHscan,Precision-UDPscan,Recall-UDPscan,F1_score_UDPscan,Num. Obs. UDPscan,AUC_UDPscan,Precision-Spam,Recall-Spam,F1_score_Spam,Num. Obs. Spam,AUC_Spam,Precision-w,Recall-w,F1_score_w,Total Obs.,AUC_w,Time
13,2,90,0.8215253581107239,0.9088767533997216,0.8629962889532814,9339,0.8162903395407358,0.9893048128342246,0.8851674641148325,0.9343434343434343,209,0.9425204569371934,0.9669811320754716,0.9490740740740741,0.9579439252336448,216,0.9743154759811402,1.0,0.9090909090909091,0.9523809523809523,99,0.9545454545454546,0.0,0.0,0.0,20,0.5,1.0,0.6666666666666666,0.8,9,0.8333333333333333,0.8482428115015974,0.694004247671949,0.7634109084374158,6121,0.8085872431242883,0.8360677074257156,0.8257041154062325,0.8265808963338587,16013,0.8175942618151814,130217.33450198174
