Rep.,Kfold,Num. Vars.,Precision-Background,Recall-Background,F1_score_Background,Num. Obs. Background,AUC_Background,Precision-DoS,Recall-DoS,F1_score_DoS,Num. Obs. Dos,AUC_DoS,Precision-Botnet,Recall-Botnet,F1_score_Botnet,Num. Obs. Botnet,AUC_Botnet,Precision-Scan,Recall-Scan,F1_score_Scan,Num. Obs. Scan,AUC_Scan,Precision-SSHscan,Recall-SSHscan,F1_score_SSHscan,Num. Obs. SSHscan,AUC_SSHscan,Precision-UDPscan,Recall-UDPscan,F1_score_UDPscan,Num. Obs. UDPscan,AUC_UDPscan,Precision-Spam,Recall-Spam,F1_score_Spam,Num. Obs. Spam,AUC_Spam,Precision-w,Recall-w,F1_score_w,Total Obs.,AUC_w,Time
1,4,82,0.8192957067052581,0.9092077087794432,0.8619132199949251,9340,0.8142411445575873,0.9776536312849162,0.8413461538461539,0.9043927648578811,208,0.9205465266826314,0.9701492537313433,0.9069767441860465,0.9375,215,0.9532984626165403,1.0,0.8888888888888888,0.9411764705882353,99,0.9444444444444444,0.0,0.0,0.0,19,0.5,1.0,0.6666666666666666,0.8,9,0.8333333333333333,0.8420948616600791,0.6960143743874551,0.762117689143266,6122,0.8076128494788641,0.8323420365082198,0.8254434174369223,0.8247568469501844,16012,0.8153978891887345,210738.61908888817
