Rep.,Kfold,Num. Vars.,Precision-Background,Recall-Background,F1_score_Background,Num. Obs. Background,AUC_Background,Precision-DoS,Recall-DoS,F1_score_DoS,Num. Obs. Dos,AUC_DoS,Precision-Botnet,Recall-Botnet,F1_score_Botnet,Num. Obs. Botnet,AUC_Botnet,Precision-Scan,Recall-Scan,F1_score_Scan,Num. Obs. Scan,AUC_Scan,Precision-SSHscan,Recall-SSHscan,F1_score_SSHscan,Num. Obs. SSHscan,AUC_SSHscan,Precision-UDPscan,Recall-UDPscan,F1_score_UDPscan,Num. Obs. UDPscan,AUC_UDPscan,Precision-Spam,Recall-Spam,F1_score_Spam,Num. Obs. Spam,AUC_Spam,Precision-w,Recall-w,F1_score_w,Total Obs.,AUC_w,Time
3,3,86,0.8208251473477407,0.8946466809421841,0.8561475409836066,2335,0.8105506950001863,0.9038461538461539,0.9038461538461539,0.9038461538461539,52,0.9512901655306718,0.94,0.8703703703703703,0.9038461538461539,54,0.9348052459754587,1.0,0.9166666666666666,0.9565217391304348,24,0.9583333333333333,0.0,0.0,0.0,5,0.5,1.0,0.5,0.6666666666666666,2,0.75,0.8288084464555053,0.7183006535947712,0.7696078431372549,1530,0.8132360873151852,0.8267025592538474,0.8258370814592704,0.8237636320781804,4002,0.8155506392573557,215525.49784851074
