Rep.,Kfold,Num. Vars.,Precision-Background,Recall-Background,F1_score_Background,Num. Obs. Background,AUC_Background,Precision-DoS,Recall-DoS,F1_score_DoS,Num. Obs. Dos,AUC_DoS,Precision-Botnet,Recall-Botnet,F1_score_Botnet,Num. Obs. Botnet,AUC_Botnet,Precision-Scan,Recall-Scan,F1_score_Scan,Num. Obs. Scan,AUC_Scan,Precision-SSHscan,Recall-SSHscan,F1_score_SSHscan,Num. Obs. SSHscan,AUC_SSHscan,Precision-UDPscan,Recall-UDPscan,F1_score_UDPscan,Num. Obs. UDPscan,AUC_UDPscan,Precision-Spam,Recall-Spam,F1_score_Spam,Num. Obs. Spam,AUC_Spam,Precision-w,Recall-w,F1_score_w,Total Obs.,AUC_w,Time
19,5,102,0.8096139288417865,0.916452442159383,0.8597266881028938,2334,0.8074468445808906,0.9565217391304348,0.8461538461538461,0.8979591836734695,52,0.9228237585199612,0.9795918367346939,0.8888888888888888,0.9320388349514563,54,0.9443177980412023,0.8518518518518519,0.9583333333333334,0.9019607843137256,24,0.9786639014580192,0.0,0.0,0.0,5,0.5,1.0,0.5,0.6666666666666666,2,0.75,0.8450932684509327,0.6806009144350098,0.7539797395079595,1531,0.8016521366994959,0.8267261963963038,0.8238380809595203,0.8198274457806353,4002,0.8091899766894008,255847.99271559715
