Rep.,Kfold,Num. Vars.,Precision-Background,Recall-Background,F1_score_Background,Num. Obs. Background,AUC_Background,Precision-DoS,Recall-DoS,F1_score_DoS,Num. Obs. Dos,AUC_DoS,Precision-Botnet,Recall-Botnet,F1_score_Botnet,Num. Obs. Botnet,AUC_Botnet,Precision-Scan,Recall-Scan,F1_score_Scan,Num. Obs. Scan,AUC_Scan,Precision-SSHscan,Recall-SSHscan,F1_score_SSHscan,Num. Obs. SSHscan,AUC_SSHscan,Precision-UDPscan,Recall-UDPscan,F1_score_UDPscan,Num. Obs. UDPscan,AUC_UDPscan,Precision-Spam,Recall-Spam,F1_score_Spam,Num. Obs. Spam,AUC_Spam,Precision-w,Recall-w,F1_score_w,Total Obs.,AUC_w,Time
13,3,105,0.82583284628872,0.9077087794432548,0.8648372947057023,9340,0.8198414981011807,0.9777777777777777,0.8461538461538461,0.9072164948453608,208,0.9229503648284892,0.9655172413793104,0.9116279069767442,0.937799043062201,215,0.9555923784060728,1.0,0.9090909090909091,0.9523809523809523,99,0.9545454545454546,0.0,0.0,0.0,19,0.5,1.0,0.5,0.6666666666666666,8,0.75,0.8356771335002889,0.7085919634106501,0.7669053301511535,6122,0.8111672528146383,0.8336305152894724,0.8295546811567047,0.8283381198264865,16011,0.8201056493184606,129027.24215173721
