Rep.,Kfold,Num. Vars.,Precision-Background,Recall-Background,F1_score_Background,Num. Obs. Background,AUC_Background,Precision-DoS,Recall-DoS,F1_score_DoS,Num. Obs. Dos,AUC_DoS,Precision-Botnet,Recall-Botnet,F1_score_Botnet,Num. Obs. Botnet,AUC_Botnet,Precision-Scan,Recall-Scan,F1_score_Scan,Num. Obs. Scan,AUC_Scan,Precision-SSHscan,Recall-SSHscan,F1_score_SSHscan,Num. Obs. SSHscan,AUC_SSHscan,Precision-UDPscan,Recall-UDPscan,F1_score_UDPscan,Num. Obs. UDPscan,AUC_UDPscan,Precision-Spam,Recall-Spam,F1_score_Spam,Num. Obs. Spam,AUC_Spam,Precision-w,Recall-w,F1_score_w,Total Obs.,AUC_w,Time
18,2,84,0.820025225574852,0.9050219509583467,0.8604296039906343,9339,0.81351801878803,0.967741935483871,0.861244019138756,0.9113924050632912,209,0.9304321721967272,0.975,0.9027777777777778,0.9375,216,0.9512306209729607,1.0,0.8888888888888888,0.9411764705882353,99,0.9444444444444444,0.0,0.0,0.0,19,0.5,1.0,0.5555555555555556,0.7142857142857143,9,0.7777777777777778,0.8398980991573585,0.7002123835974514,0.763720598717035,6121,0.8088060199253054,0.8318817081627443,0.8247564326754934,0.8245610736379302,16012,0.8155178967988685,228916.78133511543
