Rep.,Kfold,Num. Vars.,Precision-Background,Recall-Background,F1_score_Background,Num. Obs. Background,AUC_Background,Precision-DoS,Recall-DoS,F1_score_DoS,Num. Obs. Dos,AUC_DoS,Precision-Botnet,Recall-Botnet,F1_score_Botnet,Num. Obs. Botnet,AUC_Botnet,Precision-Scan,Recall-Scan,F1_score_Scan,Num. Obs. Scan,AUC_Scan,Precision-SSHscan,Recall-SSHscan,F1_score_SSHscan,Num. Obs. SSHscan,AUC_SSHscan,Precision-UDPscan,Recall-UDPscan,F1_score_UDPscan,Num. Obs. UDPscan,AUC_UDPscan,Precision-Spam,Recall-Spam,F1_score_Spam,Num. Obs. Spam,AUC_Spam,Precision-w,Recall-w,F1_score_w,Total Obs.,AUC_w,Time
2,5,97,0.8170011806375442,0.8890792291220557,0.8515176374077111,2335,0.8051511253523947,0.9555555555555556,0.8269230769230769,0.88659793814433,52,0.9132084379806475,0.9245283018867925,0.9074074074074074,0.9158878504672898,54,0.9531972463727338,1.0,0.96,0.9795918367346939,25,0.98,0.0,0.0,0.0,5,0.5,1.0,0.5,0.6666666666666666,2,0.75,0.806047197640118,0.7143790849673203,0.7574497574497575,1530,0.8040152602353787,0.8162786376139949,0.8208843367474394,0.8165315958545027,4003,0.8088010781756414,202245.4000442028
