Rep.,Kfold,Num. Vars.,Precision-Background,Recall-Background,F1_score_Background,Num. Obs. Background,AUC_Background,Precision-DoS,Recall-DoS,F1_score_DoS,Num. Obs. Dos,AUC_DoS,Precision-Botnet,Recall-Botnet,F1_score_Botnet,Num. Obs. Botnet,AUC_Botnet,Precision-Scan,Recall-Scan,F1_score_Scan,Num. Obs. Scan,AUC_Scan,Precision-SSHscan,Recall-SSHscan,F1_score_SSHscan,Num. Obs. SSHscan,AUC_SSHscan,Precision-UDPscan,Recall-UDPscan,F1_score_UDPscan,Num. Obs. UDPscan,AUC_UDPscan,Precision-Spam,Recall-Spam,F1_score_Spam,Num. Obs. Spam,AUC_Spam,Precision-w,Recall-w,F1_score_w,Total Obs.,AUC_w,Time
19,1,101,0.8331337325349302,0.8937901498929336,0.862396694214876,2335,0.8215953147546203,0.9183673469387755,0.8490566037735849,0.8823529411764707,53,0.9240219727728685,0.96,0.8888888888888888,0.923076923076923,54,0.9441912157789595,0.8888888888888888,0.96,0.923076923076923,25,0.9796229260935143,0.0,0.0,0.0,4,0.5,1.0,1.0,1.0,2,1.0,0.8115523465703971,0.734640522875817,0.7711835334476844,1530,0.8145503463550133,0.8273240188188227,0.8318760929303023,0.828202565568854,4003,0.8226672878432608,275664.02405428886
