Rep.,Kfold,Num. Vars.,Precision-Background,Recall-Background,F1_score_Background,Num. Obs. Background,AUC_Background,Precision-DoS,Recall-DoS,F1_score_DoS,Num. Obs. Dos,AUC_DoS,Precision-Botnet,Recall-Botnet,F1_score_Botnet,Num. Obs. Botnet,AUC_Botnet,Precision-Scan,Recall-Scan,F1_score_Scan,Num. Obs. Scan,AUC_Scan,Precision-SSHscan,Recall-SSHscan,F1_score_SSHscan,Num. Obs. SSHscan,AUC_SSHscan,Precision-UDPscan,Recall-UDPscan,F1_score_UDPscan,Num. Obs. UDPscan,AUC_UDPscan,Precision-Spam,Recall-Spam,F1_score_Spam,Num. Obs. Spam,AUC_Spam,Precision-w,Recall-w,F1_score_w,Total Obs.,AUC_w,Time
15,5,105,0.8234490831057355,0.9039511725024093,0.8618243070797816,9339,0.8163544263531078,0.9731182795698925,0.8660287081339713,0.9164556962025316,209,0.9328561562564432,0.9705882352941176,0.9209302325581395,0.9451073985680192,215,0.9602752068025869,1.0,0.91,0.9528795811518325,100,0.9550000000000001,0.0,0.0,0.0,19,0.5,1.0,0.7777777777777778,0.8750000000000001,9,0.8888888888888888,0.8393722146870761,0.7077274955072701,0.7679489452224784,6121,0.8119569638086345,0.8336901389109668,0.827566824881339,0.8273228195627346,16012,0.818657798482668,260385.74518823624
