Rep.,Kfold,Num. Vars.,Precision-Background,Recall-Background,F1_score_Background,Num. Obs. Background,AUC_Background,Precision-DoS,Recall-DoS,F1_score_DoS,Num. Obs. Dos,AUC_DoS,Precision-Botnet,Recall-Botnet,F1_score_Botnet,Num. Obs. Botnet,AUC_Botnet,Precision-Scan,Recall-Scan,F1_score_Scan,Num. Obs. Scan,AUC_Scan,Precision-SSHscan,Recall-SSHscan,F1_score_SSHscan,Num. Obs. SSHscan,AUC_SSHscan,Precision-UDPscan,Recall-UDPscan,F1_score_UDPscan,Num. Obs. UDPscan,AUC_UDPscan,Precision-Spam,Recall-Spam,F1_score_Spam,Num. Obs. Spam,AUC_Spam,Precision-w,Recall-w,F1_score_w,Total Obs.,AUC_w,Time
9,1,86,0.8163975635695639,0.9041653281935967,0.8580428818209531,9339,0.8097715130176615,0.9781420765027322,0.8605769230769231,0.9156010230179028,208,0.9301619032900277,0.9605911330049262,0.9027777777777778,0.9307875894988068,216,0.9511356441911997,1.0,0.9191919191919192,0.9578947368421054,99,0.9595959595959596,0.0,0.0,0.0,19,0.5,1.0,0.7777777777777778,0.8750000000000001,9,0.8888888888888888,0.8380518709166501,0.691553667701356,0.7577873254564984,6121,0.8044219299073008,0.8289921669288992,0.821247892074199,0.8210530512467642,16011,0.81180074749011,241302.22650837898
