Rep.,Kfold,Num. Vars.,Precision-Background,Recall-Background,F1_score_Background,Num. Obs. Background,AUC_Background,Precision-DoS,Recall-DoS,F1_score_DoS,Num. Obs. Dos,AUC_DoS,Precision-Botnet,Recall-Botnet,F1_score_Botnet,Num. Obs. Botnet,AUC_Botnet,Precision-Scan,Recall-Scan,F1_score_Scan,Num. Obs. Scan,AUC_Scan,Precision-SSHscan,Recall-SSHscan,F1_score_SSHscan,Num. Obs. SSHscan,AUC_SSHscan,Precision-UDPscan,Recall-UDPscan,F1_score_UDPscan,Num. Obs. UDPscan,AUC_UDPscan,Precision-Spam,Recall-Spam,F1_score_Spam,Num. Obs. Spam,AUC_Spam,Precision-w,Recall-w,F1_score_w,Total Obs.,AUC_w,Time
14,1,93,0.8157997653500195,0.8937446443873179,0.8529952974851768,2334,0.8055157795766121,0.8809523809523809,0.7115384615384616,0.7872340425531914,52,0.85513599875302,0.9574468085106383,0.8490566037735849,0.9,53,0.9242749449068076,0.8888888888888888,0.96,0.923076923076923,25,0.979622641509434,0.0,0.0,0.0,4,0.5,0.25,0.5,0.3333333333333333,2,0.7496248124062032,0.8267776096822995,0.7143790849673203,0.7664796633941093,1530,0.8108332671800165,0.8220807055059184,0.8215,0.8189961673199364,4000,0.810523046998751,246239.14085125923
