Rep.,Kfold,Num. Vars.,Precision-Background,Recall-Background,F1_score_Background,Num. Obs. Background,AUC_Background,Precision-DoS,Recall-DoS,F1_score_DoS,Num. Obs. Dos,AUC_DoS,Precision-Botnet,Recall-Botnet,F1_score_Botnet,Num. Obs. Botnet,AUC_Botnet,Precision-Scan,Recall-Scan,F1_score_Scan,Num. Obs. Scan,AUC_Scan,Precision-SSHscan,Recall-SSHscan,F1_score_SSHscan,Num. Obs. SSHscan,AUC_SSHscan,Precision-UDPscan,Recall-UDPscan,F1_score_UDPscan,Num. Obs. UDPscan,AUC_UDPscan,Precision-Spam,Recall-Spam,F1_score_Spam,Num. Obs. Spam,AUC_Spam,Precision-w,Recall-w,F1_score_w,Total Obs.,AUC_w,Time
5,3,90,0.8145849495733126,0.8993576017130621,0.8548748219010788,2335,0.8063934291538932,0.9523809523809523,0.7692307692307693,0.8510638297872339,52,0.8843622841344937,0.9411764705882353,0.8888888888888888,0.9142857142857143,54,0.9440646014462171,0.9583333333333334,0.92,0.9387755102040817,25,0.9598743086978381,0.0,0.0,0.0,5,0.5,1.0,1.0,1.0,2,1.0,0.831399845320959,0.7026143790849673,0.7616011335458731,1530,0.807231168515391,0.8244824613698876,0.8213839620284786,0.8195050159729382,4003,0.8102561903256118,189787.0553600788
