Rep.,Kfold,Num. Vars.,Precision-Background,Recall-Background,F1_score_Background,Num. Obs. Background,AUC_Background,Precision-DoS,Recall-DoS,F1_score_DoS,Num. Obs. Dos,AUC_DoS,Precision-Botnet,Recall-Botnet,F1_score_Botnet,Num. Obs. Botnet,AUC_Botnet,Precision-Scan,Recall-Scan,F1_score_Scan,Num. Obs. Scan,AUC_Scan,Precision-SSHscan,Recall-SSHscan,F1_score_SSHscan,Num. Obs. SSHscan,AUC_SSHscan,Precision-UDPscan,Recall-UDPscan,F1_score_UDPscan,Num. Obs. UDPscan,AUC_UDPscan,Precision-Spam,Recall-Spam,F1_score_Spam,Num. Obs. Spam,AUC_Spam,Precision-w,Recall-w,F1_score_w,Total Obs.,AUC_w,Time
20,3,92,0.8138461538461539,0.9062098501070663,0.857548125633232,2335,0.8081079208594051,0.9574468085106383,0.8490566037735849,0.9,53,0.9242752014059017,0.96,0.8888888888888888,0.923076923076923,54,0.9441912798874824,0.92,0.9583333333333334,0.9387755102040817,24,0.9789154103852598,0.0,0.0,0.0,5,0.5,0.5,0.5,0.5,2,0.7498750624687657,0.8330733229329174,0.697583278902678,0.7593316743690012,1531,0.8055243527550189,0.8245331437293032,0.8244255744255744,0.8206764317941031,4004,0.8111030005088075,115603.06728553772
