Rep.,Kfold,Num. Vars.,Precision-Background,Recall-Background,F1_score_Background,Num. Obs. Background,AUC_Background,Precision-DoS,Recall-DoS,F1_score_DoS,Num. Obs. Dos,AUC_DoS,Precision-Botnet,Recall-Botnet,F1_score_Botnet,Num. Obs. Botnet,AUC_Botnet,Precision-Scan,Recall-Scan,F1_score_Scan,Num. Obs. Scan,AUC_Scan,Precision-SSHscan,Recall-SSHscan,F1_score_SSHscan,Num. Obs. SSHscan,AUC_SSHscan,Precision-UDPscan,Recall-UDPscan,F1_score_UDPscan,Num. Obs. UDPscan,AUC_UDPscan,Precision-Spam,Recall-Spam,F1_score_Spam,Num. Obs. Spam,AUC_Spam,Precision-w,Recall-w,F1_score_w,Total Obs.,AUC_w,Time
8,2,97,0.8222136521403779,0.9130620985010707,0.8652597402597403,2335,0.8185070971547269,0.9347826086956522,0.8113207547169812,0.8686868686868686,53,0.9052808227026202,0.9090909090909091,0.9259259259259259,0.9174311926605504,54,0.9623302117607357,0.9130434782608695,0.84,0.8749999999999999,25,0.9197487437185928,0.0,0.0,0.0,4,0.5,1.0,0.6666666666666666,0.8,3,0.8333333333333333,0.8422291993720565,0.7008491182233834,0.7650623885918003,1531,0.8098020853849334,0.832405057751486,0.8292134831460675,0.826853607711514,4005,0.8185918846971045,260439.72063851357
