Rep.,Kfold,Num. Vars.,Precision-Background,Recall-Background,F1_score_Background,Num. Obs. Background,AUC_Background,Precision-DoS,Recall-DoS,F1_score_DoS,Num. Obs. Dos,AUC_DoS,Precision-Botnet,Recall-Botnet,F1_score_Botnet,Num. Obs. Botnet,AUC_Botnet,Precision-Scan,Recall-Scan,F1_score_Scan,Num. Obs. Scan,AUC_Scan,Precision-SSHscan,Recall-SSHscan,F1_score_SSHscan,Num. Obs. SSHscan,AUC_SSHscan,Precision-UDPscan,Recall-UDPscan,F1_score_UDPscan,Num. Obs. UDPscan,AUC_UDPscan,Precision-Spam,Recall-Spam,F1_score_Spam,Num. Obs. Spam,AUC_Spam,Precision-w,Recall-w,F1_score_w,Total Obs.,AUC_w,Time
2,5,97,0.8274716686205549,0.9069493521790342,0.8653895274584931,9339,0.8211503841668436,0.9891304347826086,0.8708133971291866,0.9262086513994909,209,0.9353434194403762,0.9609756097560975,0.9162790697674419,0.9380952380952381,215,0.9578863222484104,1.0,0.8787878787878788,0.9354838709677419,99,0.9393939393939394,0.0,0.0,0.0,19,0.5,1.0,0.6666666666666666,0.8,9,0.8333333333333333,0.8431981370075684,0.709735380594577,0.7707317073170731,6122,0.8140183475268131,0.837569006056384,0.8298151386460155,0.8303380774849342,16012,0.8221069257581658,202245.4000442028
