Rep.,Kfold,Num. Vars.,Precision-Background,Recall-Background,F1_score_Background,Num. Obs. Background,AUC_Background,Precision-DoS,Recall-DoS,F1_score_DoS,Num. Obs. Dos,AUC_DoS,Precision-Botnet,Recall-Botnet,F1_score_Botnet,Num. Obs. Botnet,AUC_Botnet,Precision-Scan,Recall-Scan,F1_score_Scan,Num. Obs. Scan,AUC_Scan,Precision-SSHscan,Recall-SSHscan,F1_score_SSHscan,Num. Obs. SSHscan,AUC_SSHscan,Precision-UDPscan,Recall-UDPscan,F1_score_UDPscan,Num. Obs. UDPscan,AUC_UDPscan,Precision-Spam,Recall-Spam,F1_score_Spam,Num. Obs. Spam,AUC_Spam,Precision-w,Recall-w,F1_score_w,Total Obs.,AUC_w,Time
7,1,85,0.82270123312943,0.9072705857158154,0.862918830838171,9339,0.8168152718778388,0.9722222222222222,0.8373205741626795,0.8997429305912598,209,0.9185020892707975,0.9690721649484536,0.8744186046511628,0.9193154034229829,215,0.9370193928490985,1.0,0.9191919191919192,0.9578947368421054,99,0.9595959595959596,0.0,0.0,0.0,19,0.5,1.0,0.5555555555555556,0.7142857142857143,9,0.7777777777777778,0.84251968503937,0.6991179353152565,0.764149259060882,6122,0.8091140738254746,0.8344152690429135,0.8251311516362728,0.8258730926663661,16012,0.8172970453501651,229647.75565552711
