Rep.,Kfold,Num. Vars.,Precision-Background,Recall-Background,F1_score_Background,Num. Obs. Background,AUC_Background,Precision-DoS,Recall-DoS,F1_score_DoS,Num. Obs. Dos,AUC_DoS,Precision-Botnet,Recall-Botnet,F1_score_Botnet,Num. Obs. Botnet,AUC_Botnet,Precision-Scan,Recall-Scan,F1_score_Scan,Num. Obs. Scan,AUC_Scan,Precision-SSHscan,Recall-SSHscan,F1_score_SSHscan,Num. Obs. SSHscan,AUC_SSHscan,Precision-UDPscan,Recall-UDPscan,F1_score_UDPscan,Num. Obs. UDPscan,AUC_UDPscan,Precision-Spam,Recall-Spam,F1_score_Spam,Num. Obs. Spam,AUC_Spam,Precision-w,Recall-w,F1_score_w,Total Obs.,AUC_w,Time
9,2,94,0.8294876808760266,0.9084484420173466,0.867174324117136,9339,0.8235483630737116,0.9680851063829787,0.8708133971291866,0.9168765743073048,209,0.9352168611919425,0.9656862745098039,0.9162790697674419,0.9403341288782816,215,0.9579179738278242,1.0,0.8888888888888888,0.9411764705882353,99,0.9444444444444444,0.0,0.0,0.0,20,0.5,1.0,0.6666666666666666,0.8,9,0.8333333333333333,0.8452427184466019,0.7111583074661003,0.772424807026883,6121,0.8152900019789302,0.8392623324735519,0.8312515613290032,0.8319216068616524,16012,0.8240020580327581,204868.9638209343
