Rep.,Kfold,Num. Vars.,Precision-Background,Recall-Background,F1_score_Background,Num. Obs. Background,AUC_Background,Precision-DoS,Recall-DoS,F1_score_DoS,Num. Obs. Dos,AUC_DoS,Precision-Botnet,Recall-Botnet,F1_score_Botnet,Num. Obs. Botnet,AUC_Botnet,Precision-Scan,Recall-Scan,F1_score_Scan,Num. Obs. Scan,AUC_Scan,Precision-SSHscan,Recall-SSHscan,F1_score_SSHscan,Num. Obs. SSHscan,AUC_SSHscan,Precision-UDPscan,Recall-UDPscan,F1_score_UDPscan,Num. Obs. UDPscan,AUC_UDPscan,Precision-Spam,Recall-Spam,F1_score_Spam,Num. Obs. Spam,AUC_Spam,Precision-w,Recall-w,F1_score_w,Total Obs.,AUC_w,Time
1,1,100,0.8265912857003607,0.9080201306349717,0.8653944280028575,9339,0.82071169876571,0.9836065573770492,0.861244019138756,0.9183673469387755,209,0.9305270908830526,0.966183574879227,0.9259259259259259,0.9456264775413711,216,0.9627413878806637,1.0,0.9090909090909091,0.9523809523809523,99,0.9545454545454546,0.0,0.0,0.0,19,0.5,1.0,0.5555555555555556,0.7142857142857143,9,0.7777777777777778,0.8409661835748792,0.7109949354680608,0.7705382436260624,6121,0.81389398982482,0.8362078097353997,0.8310642018486135,0.8303329710671521,16012,0.8218775898243487,219485.21242141724
