Rep.,Kfold,Num. Vars.,Precision-Background,Recall-Background,F1_score_Background,Num. Obs. Background,AUC_Background,Precision-DoS,Recall-DoS,F1_score_DoS,Num. Obs. Dos,AUC_DoS,Precision-Botnet,Recall-Botnet,F1_score_Botnet,Num. Obs. Botnet,AUC_Botnet,Precision-Scan,Recall-Scan,F1_score_Scan,Num. Obs. Scan,AUC_Scan,Precision-SSHscan,Recall-SSHscan,F1_score_SSHscan,Num. Obs. SSHscan,AUC_SSHscan,Precision-UDPscan,Recall-UDPscan,F1_score_UDPscan,Num. Obs. UDPscan,AUC_UDPscan,Precision-Spam,Recall-Spam,F1_score_Spam,Num. Obs. Spam,AUC_Spam,Precision-w,Recall-w,F1_score_w,Total Obs.,AUC_w,Time
20,5,82,0.8082921262837581,0.9100642398286938,0.8561643835616438,2335,0.8040435039766597,0.9565217391304348,0.8461538461538461,0.8979591836734695,52,0.9228238866396763,0.9636363636363636,0.9814814814814815,0.9724770642201834,54,0.9904875761837787,1.0,0.84,0.9130434782608696,25,0.9199999999999999,0.0,0.0,0.0,5,0.5,1.0,1.0,1.0,2,1.0,0.8364831552999178,0.6649248856956238,0.7409024745269286,1531,0.7922279098918878,0.8233749549720019,0.814935064935065,0.8135612512718776,4004,0.8040248958664256,126388.05894112587
