Rep.,Kfold,Num. Vars.,Precision-Background,Recall-Background,F1_score_Background,Num. Obs. Background,AUC_Background,Precision-DoS,Recall-DoS,F1_score_DoS,Num. Obs. Dos,AUC_DoS,Precision-Botnet,Recall-Botnet,F1_score_Botnet,Num. Obs. Botnet,AUC_Botnet,Precision-Scan,Recall-Scan,F1_score_Scan,Num. Obs. Scan,AUC_Scan,Precision-SSHscan,Recall-SSHscan,F1_score_SSHscan,Num. Obs. SSHscan,AUC_SSHscan,Precision-UDPscan,Recall-UDPscan,F1_score_UDPscan,Num. Obs. UDPscan,AUC_UDPscan,Precision-Spam,Recall-Spam,F1_score_Spam,Num. Obs. Spam,AUC_Spam,Precision-w,Recall-w,F1_score_w,Total Obs.,AUC_w,Time
18,1,98,0.8211477987421384,0.8950299914310197,0.8564985649856499,2334,0.8111241084253419,1.0,0.8867924528301887,0.9400000000000001,53,0.9433962264150944,0.9591836734693877,0.8703703703703703,0.912621359223301,54,0.9349318923787009,0.9565217391304348,0.9166666666666666,0.9361702127659574,24,0.9582076420311714,0.0,0.0,0.0,5,0.5,1.0,0.5,0.6666666666666666,2,0.75,0.8229166666666666,0.722875816993464,0.7696590118302017,1530,0.8132987499206803,0.8259305103374883,0.8275862068965517,0.8244749901585433,4002,0.8158405952125405,259593.11336779594
