Rep.,Kfold,Num. Vars.,Precision-Background,Recall-Background,F1_score_Background,Num. Obs. Background,AUC_Background,Precision-DoS,Recall-DoS,F1_score_DoS,Num. Obs. Dos,AUC_DoS,Precision-Botnet,Recall-Botnet,F1_score_Botnet,Num. Obs. Botnet,AUC_Botnet,Precision-Scan,Recall-Scan,F1_score_Scan,Num. Obs. Scan,AUC_Scan,Precision-SSHscan,Recall-SSHscan,F1_score_SSHscan,Num. Obs. SSHscan,AUC_SSHscan,Precision-UDPscan,Recall-UDPscan,F1_score_UDPscan,Num. Obs. UDPscan,AUC_UDPscan,Precision-Spam,Recall-Spam,F1_score_Spam,Num. Obs. Spam,AUC_Spam,Precision-w,Recall-w,F1_score_w,Total Obs.,AUC_w,Time
11,1,78,0.8176453516494148,0.9050219509583467,0.859117706850986,9339,0.8112701542593322,0.9666666666666667,0.8325358851674641,0.8946015424164525,209,0.9160781052110814,0.9705882352941176,0.9209302325581395,0.9451073985680192,215,0.9602752068025869,1.0,0.8787878787878788,0.9354838709677419,99,0.9393939393939394,0.0,0.0,0.0,19,0.5,1.0,0.6666666666666666,0.8,9,0.8333333333333333,0.8400315208825847,0.6965044103234237,0.7615645651009108,6122,0.8072006379220759,0.8304629474031124,0.8231951036722458,0.8228566854928868,16012,0.8135182219234651,271554.4478223324
