Rep.,Kfold,Num. Vars.,Precision-Background,Recall-Background,F1_score_Background,Num. Obs. Background,AUC_Background,Precision-DoS,Recall-DoS,F1_score_DoS,Num. Obs. Dos,AUC_DoS,Precision-Botnet,Recall-Botnet,F1_score_Botnet,Num. Obs. Botnet,AUC_Botnet,Precision-Scan,Recall-Scan,F1_score_Scan,Num. Obs. Scan,AUC_Scan,Precision-SSHscan,Recall-SSHscan,F1_score_SSHscan,Num. Obs. SSHscan,AUC_SSHscan,Precision-UDPscan,Recall-UDPscan,F1_score_UDPscan,Num. Obs. UDPscan,AUC_UDPscan,Precision-Spam,Recall-Spam,F1_score_Spam,Num. Obs. Spam,AUC_Spam,Precision-w,Recall-w,F1_score_w,Total Obs.,AUC_w,Time
10,5,98,0.8204527712724434,0.9002141327623127,0.8584847866040434,2335,0.8122173781317558,0.8913043478260869,0.7884615384615384,0.836734693877551,52,0.8935980180285419,0.9622641509433962,0.9622641509433962,0.9622641509433962,53,0.9808789109147361,0.9166666666666666,0.88,0.8979591836734694,25,0.9397486173956762,0.0,0.0,0.0,5,0.5,1.0,1.0,1.0,2,1.0,0.8200149365197908,0.7171783148269105,0.765156794425087,1531,0.8098432027208986,0.8227490835589752,0.8283787159630277,0.8231267081335796,4003,0.8150999040605053,247021.61685991287
