Rep.,Kfold,Num. Vars.,Precision-Background,Recall-Background,F1_score_Background,Num. Obs. Background,AUC_Background,Precision-DoS,Recall-DoS,F1_score_DoS,Num. Obs. Dos,AUC_DoS,Precision-Botnet,Recall-Botnet,F1_score_Botnet,Num. Obs. Botnet,AUC_Botnet,Precision-Scan,Recall-Scan,F1_score_Scan,Num. Obs. Scan,AUC_Scan,Precision-SSHscan,Recall-SSHscan,F1_score_SSHscan,Num. Obs. SSHscan,AUC_SSHscan,Precision-UDPscan,Recall-UDPscan,F1_score_UDPscan,Num. Obs. UDPscan,AUC_UDPscan,Precision-Spam,Recall-Spam,F1_score_Spam,Num. Obs. Spam,AUC_Spam,Precision-w,Recall-w,F1_score_w,Total Obs.,AUC_w,Time
9,3,88,0.8200155159038014,0.9057412167952014,0.8607491856677525,2334,0.813781879380814,0.9795918367346939,0.9230769230769231,0.9504950495049506,52,0.9614118792599806,0.9795918367346939,0.8888888888888888,0.9320388349514563,54,0.9443177980412023,0.92,0.92,0.92,25,0.9597485541865728,0.0,0.0,0.0,5,0.5,1.0,0.5,0.6666666666666666,2,0.75,0.8305084745762712,0.7045751633986929,0.7623762376237624,1530,0.8077891998223238,0.827943756850336,0.8275862068965517,0.824466120916507,4002,0.8156583395485715,270043.3383319378
