Rep.,Kfold,Num. Vars.,Precision-Background,Recall-Background,F1_score_Background,Num. Obs. Background,AUC_Background,Precision-DoS,Recall-DoS,F1_score_DoS,Num. Obs. Dos,AUC_DoS,Precision-Botnet,Recall-Botnet,F1_score_Botnet,Num. Obs. Botnet,AUC_Botnet,Precision-Scan,Recall-Scan,F1_score_Scan,Num. Obs. Scan,AUC_Scan,Precision-SSHscan,Recall-SSHscan,F1_score_SSHscan,Num. Obs. SSHscan,AUC_SSHscan,Precision-UDPscan,Recall-UDPscan,F1_score_UDPscan,Num. Obs. UDPscan,AUC_UDPscan,Precision-Spam,Recall-Spam,F1_score_Spam,Num. Obs. Spam,AUC_Spam,Precision-w,Recall-w,F1_score_w,Total Obs.,AUC_w,Time
1,4,82,0.8160214641625144,0.9121679520137104,0.8614201901679143,2334,0.8122852941614387,0.9782608695652174,0.8490566037735849,0.9090909090909092,53,0.9244017196083114,0.9791666666666666,0.8703703703703703,0.9215686274509804,54,0.9350585708524426,0.88,0.88,0.88,25,0.9396229260935143,0.0,0.0,0.0,5,0.5,0.5,0.5,0.5,2,0.7498750312421895,0.8444625407166124,0.6777777777777778,0.7519941986947063,1530,0.8002718245945096,0.8304633052057662,0.8196352735448413,0.8198981693527315,4003,0.8112082301729933,210738.61908888817
