Rep.,Kfold,Num. Vars.,Precision-Background,Recall-Background,F1_score_Background,Num. Obs. Background,AUC_Background,Precision-DoS,Recall-DoS,F1_score_DoS,Num. Obs. Dos,AUC_DoS,Precision-Botnet,Recall-Botnet,F1_score_Botnet,Num. Obs. Botnet,AUC_Botnet,Precision-Scan,Recall-Scan,F1_score_Scan,Num. Obs. Scan,AUC_Scan,Precision-SSHscan,Recall-SSHscan,F1_score_SSHscan,Num. Obs. SSHscan,AUC_SSHscan,Precision-UDPscan,Recall-UDPscan,F1_score_UDPscan,Num. Obs. UDPscan,AUC_UDPscan,Precision-Spam,Recall-Spam,F1_score_Spam,Num. Obs. Spam,AUC_Spam,Precision-w,Recall-w,F1_score_w,Total Obs.,AUC_w,Time
15,4,95,0.8256844977102212,0.9073776635614091,0.8646056524844403,9339,0.8196210859773472,0.9783783783783784,0.8701923076923077,0.9211195928753181,208,0.9349695955977201,0.9751243781094527,0.9116279069767442,0.9423076923076924,215,0.955655685572444,0.9888888888888889,0.898989898989899,0.9417989417989419,99,0.949463526669409,0.0,0.0,0.0,19,0.5,1.0,0.5555555555555556,0.7142857142857143,9,0.7777777777777778,0.8418703919285991,0.7087553087226397,0.7695991486342675,6122,0.8131702521972992,0.8359910378801371,0.8296795952782462,0.8294231386123327,16011,0.8208797791091739,210209.67326688766
