Rep.,Kfold,Num. Vars.,Precision-Background,Recall-Background,F1_score_Background,Num. Obs. Background,AUC_Background,Precision-DoS,Recall-DoS,F1_score_DoS,Num. Obs. Dos,AUC_DoS,Precision-Botnet,Recall-Botnet,F1_score_Botnet,Num. Obs. Botnet,AUC_Botnet,Precision-Scan,Recall-Scan,F1_score_Scan,Num. Obs. Scan,AUC_Scan,Precision-SSHscan,Recall-SSHscan,F1_score_SSHscan,Num. Obs. SSHscan,AUC_SSHscan,Precision-UDPscan,Recall-UDPscan,F1_score_UDPscan,Num. Obs. UDPscan,AUC_UDPscan,Precision-Spam,Recall-Spam,F1_score_Spam,Num. Obs. Spam,AUC_Spam,Precision-w,Recall-w,F1_score_w,Total Obs.,AUC_w,Time
4,3,91,0.8162393162393162,0.8997858672376874,0.8559788144224894,2335,0.808191315883673,0.9523809523809523,0.7692307692307693,0.8510638297872339,52,0.8843623481781376,0.9607843137254902,0.9074074074074074,0.9333333333333333,54,0.9534505391467418,0.96,0.96,0.96,25,0.9798743402865041,0.0,0.0,0.0,5,0.5,1.0,0.5,0.6666666666666666,2,0.75,0.8345098039215686,0.6949706074461136,0.7583749109052031,1531,0.8048245677748158,0.8269129559659618,0.8189310689310689,0.819123669519143,4004,0.8105102811133789,209279.64330935478
