Rep.,Kfold,Num. Vars.,Precision-Background,Recall-Background,F1_score_Background,Num. Obs. Background,AUC_Background,Precision-DoS,Recall-DoS,F1_score_DoS,Num. Obs. Dos,AUC_DoS,Precision-Botnet,Recall-Botnet,F1_score_Botnet,Num. Obs. Botnet,AUC_Botnet,Precision-Scan,Recall-Scan,F1_score_Scan,Num. Obs. Scan,AUC_Scan,Precision-SSHscan,Recall-SSHscan,F1_score_SSHscan,Num. Obs. SSHscan,AUC_SSHscan,Precision-UDPscan,Recall-UDPscan,F1_score_UDPscan,Num. Obs. UDPscan,AUC_UDPscan,Precision-Spam,Recall-Spam,F1_score_Spam,Num. Obs. Spam,AUC_Spam,Precision-w,Recall-w,F1_score_w,Total Obs.,AUC_w,Time
2,1,92,0.822974418830853,0.9058886509635974,0.8624433005453341,9340,0.8165943104982805,0.9783783783783784,0.8660287081339713,0.9187817258883249,209,0.9328878118335152,0.975609756097561,0.9259259259259259,0.9501187648456056,216,0.9628047150834845,1.0,0.9292929292929293,0.9633507853403142,99,0.9646464646464646,0.0,0.0,0.0,19,0.5,1.0,0.5555555555555556,0.7142857142857143,9,0.7777777777777778,0.843645649184836,0.7015681149950996,0.7660750914117541,6122,0.8105495245416258,0.8351812491936984,0.8264018983389534,0.8270378087804889,16014,0.818291146523605,225845.85135030746
