Rep.,Kfold,Num. Vars.,Precision-Background,Recall-Background,F1_score_Background,Num. Obs. Background,AUC_Background,Precision-DoS,Recall-DoS,F1_score_DoS,Num. Obs. Dos,AUC_DoS,Precision-Botnet,Recall-Botnet,F1_score_Botnet,Num. Obs. Botnet,AUC_Botnet,Precision-Scan,Recall-Scan,F1_score_Scan,Num. Obs. Scan,AUC_Scan,Precision-SSHscan,Recall-SSHscan,F1_score_SSHscan,Num. Obs. SSHscan,AUC_SSHscan,Precision-UDPscan,Recall-UDPscan,F1_score_UDPscan,Num. Obs. UDPscan,AUC_UDPscan,Precision-Spam,Recall-Spam,F1_score_Spam,Num. Obs. Spam,AUC_Spam,Precision-w,Recall-w,F1_score_w,Total Obs.,AUC_w,Time
15,1,95,0.818608287724785,0.897172236503856,0.8560915780866721,2334,0.8094973892351414,0.9767441860465116,0.8076923076923077,0.8842105263157894,52,0.9037195715676728,0.92,0.8518518518518519,0.8846153846153846,54,0.9254193403129574,0.9166666666666666,0.88,0.8979591836734694,25,0.9397485541865727,0.0,0.0,0.0,5,0.5,0.5,1.0,0.6666666666666666,2,0.99975,0.8292682926829268,0.6888888888888889,0.7525883612995358,1530,0.8005528586839267,0.8255371303587237,0.8145927036481759,0.8163689223151934,4002,0.8093883198936308,268111.76877212524
