Rep.,Kfold,Num. Vars.,Precision-Background,Recall-Background,F1_score_Background,Num. Obs. Background,AUC_Background,Precision-DoS,Recall-DoS,F1_score_DoS,Num. Obs. Dos,AUC_DoS,Precision-Botnet,Recall-Botnet,F1_score_Botnet,Num. Obs. Botnet,AUC_Botnet,Precision-Scan,Recall-Scan,F1_score_Scan,Num. Obs. Scan,AUC_Scan,Precision-SSHscan,Recall-SSHscan,F1_score_SSHscan,Num. Obs. SSHscan,AUC_SSHscan,Precision-UDPscan,Recall-UDPscan,F1_score_UDPscan,Num. Obs. UDPscan,AUC_UDPscan,Precision-Spam,Recall-Spam,F1_score_Spam,Num. Obs. Spam,AUC_Spam,Precision-w,Recall-w,F1_score_w,Total Obs.,AUC_w,Time
8,4,90,0.8197341612496362,0.9047007174215654,0.8601241983100886,9339,0.8131534752825538,0.9891891891891892,0.8755980861244019,0.9289340101522843,209,0.9377357679419782,0.9653465346534653,0.9069767441860465,0.935251798561151,215,0.9532668250617533,1.0,0.91,0.9528795811518325,100,0.9550000000000001,0.0,0.0,0.0,19,0.5,1.0,0.5555555555555556,0.7142857142857143,9,0.7777777777777778,0.8384933938079274,0.6945442665795492,0.7597605646386135,6122,0.8058708594044243,0.8313272924682146,0.8227690001873478,0.8231372596697519,16013,0.8143708767767317,268371.45004057884
