Rep.,Kfold,Num. Vars.,Precision-Background,Recall-Background,F1_score_Background,Num. Obs. Background,AUC_Background,Precision-DoS,Recall-DoS,F1_score_DoS,Num. Obs. Dos,AUC_DoS,Precision-Botnet,Recall-Botnet,F1_score_Botnet,Num. Obs. Botnet,AUC_Botnet,Precision-Scan,Recall-Scan,F1_score_Scan,Num. Obs. Scan,AUC_Scan,Precision-SSHscan,Recall-SSHscan,F1_score_SSHscan,Num. Obs. SSHscan,AUC_SSHscan,Precision-UDPscan,Recall-UDPscan,F1_score_UDPscan,Num. Obs. UDPscan,AUC_UDPscan,Precision-Spam,Recall-Spam,F1_score_Spam,Num. Obs. Spam,AUC_Spam,Precision-w,Recall-w,F1_score_w,Total Obs.,AUC_w,Time
3,4,90,0.8208098111738369,0.9029874718920655,0.8599398358231785,9339,0.8135291076486706,0.9679144385026738,0.8660287081339713,0.9141414141414141,209,0.932824504680832,0.9696969696969697,0.8930232558139535,0.9297820823244553,215,0.9463217064078632,1.0,0.9090909090909091,0.9523809523809523,99,0.9545454545454546,0.0,0.0,0.0,20,0.5,1.0,0.625,0.7692307692307693,8,0.8125,0.836335160532498,0.6979251756248979,0.7608869890462195,6121,0.8066976737578483,0.8308368815379297,0.8227468615326963,0.8231694241708478,16011,0.8147376357353513,208052.06764435768
