Rep.,Kfold,Num. Vars.,Precision-Background,Recall-Background,F1_score_Background,Num. Obs. Background,AUC_Background,Precision-DoS,Recall-DoS,F1_score_DoS,Num. Obs. Dos,AUC_DoS,Precision-Botnet,Recall-Botnet,F1_score_Botnet,Num. Obs. Botnet,AUC_Botnet,Precision-Scan,Recall-Scan,F1_score_Scan,Num. Obs. Scan,AUC_Scan,Precision-SSHscan,Recall-SSHscan,F1_score_SSHscan,Num. Obs. SSHscan,AUC_SSHscan,Precision-UDPscan,Recall-UDPscan,F1_score_UDPscan,Num. Obs. UDPscan,AUC_UDPscan,Precision-Spam,Recall-Spam,F1_score_Spam,Num. Obs. Spam,AUC_Spam,Precision-w,Recall-w,F1_score_w,Total Obs.,AUC_w,Time
3,1,102,0.8240912191794172,0.9054502623407217,0.8628571428571429,9339,0.817498880046597,0.9731182795698925,0.8660287081339713,0.9164556962025316,209,0.9328561662664288,0.975609756097561,0.9259259259259259,0.9501187648456056,216,0.9628047050658939,0.9891304347826086,0.9191919191919192,0.9528795811518325,99,0.9595645407194986,0.0,0.0,0.0,19,0.5,1.0,0.6666666666666666,0.8,9,0.8333333333333333,0.8367032543808973,0.709735380594577,0.7680070702607159,6122,0.8120004372389527,0.8330433123104408,0.8292637232248797,0.8279686575611048,16013,0.819372907144644,265452.4832315445
