Rep.,Kfold,Num. Vars.,Precision-Background,Recall-Background,F1_score_Background,Num. Obs. Background,AUC_Background,Precision-DoS,Recall-DoS,F1_score_DoS,Num. Obs. Dos,AUC_DoS,Precision-Botnet,Recall-Botnet,F1_score_Botnet,Num. Obs. Botnet,AUC_Botnet,Precision-Scan,Recall-Scan,F1_score_Scan,Num. Obs. Scan,AUC_Scan,Precision-SSHscan,Recall-SSHscan,F1_score_SSHscan,Num. Obs. SSHscan,AUC_SSHscan,Precision-UDPscan,Recall-UDPscan,F1_score_UDPscan,Num. Obs. UDPscan,AUC_UDPscan,Precision-Spam,Recall-Spam,F1_score_Spam,Num. Obs. Spam,AUC_Spam,Precision-w,Recall-w,F1_score_w,Total Obs.,AUC_w,Time
8,5,80,0.8208317139525846,0.9044967880085653,0.8606356968215159,9340,0.8141003568451577,0.9728260869565217,0.8564593301435407,0.9109414758269719,209,0.9280714872799323,0.9704433497536946,0.9120370370370371,0.9403341288782817,216,0.9558286210631445,1.0,0.8888888888888888,0.9411764705882353,99,0.9444444444444444,0.0,0.0,0.0,19,0.5,1.0,0.6666666666666666,0.8,9,0.8333333333333333,0.8403774326715157,0.6983012087553088,0.7627799090016951,6122,0.8081073370909581,0.8325399816943219,0.8238416385662545,0.8244006133442687,16014,0.8156523275631173,217138.0803153515
