{"C": 0.10282616444586296, "gamma": 0.002208833314390936}