{"C": 0.10053439888994668, "gamma": 1.9627190717319614}