{"C": 0.23484006244346045, "gamma": 1.8620739985523485}