{"C": 0.10060434119877763, "gamma": 0.0027555728841018646}