{"C": 0.13993852880498373, "gamma": 0.023821201173523685}