{"C": 0.19189094187166508, "gamma": 0.14094734659728445}