{"C": 0.10114017350439537, "gamma": 0.002196704782180053}