{"C": 0.10124888694535744, "gamma": 0.00212105630399702}