{"C": 0.11243621716944835, "gamma": 1.7849337094378361}