{"C": 0.10017661534042341, "gamma": 0.0020784793779129547}