{"C": 0.10095125814153064, "gamma": 1.7929377992206348}