{"C": 0.13520667285162752, "gamma": 0.6190843662255385}