{"C": 0.10155991185304516, "gamma": 1.9213629559060719}