{"C": 0.100968354808819, "gamma": 1.8735614599743389}