{"C": 0.29868463499878956, "gamma": 1.9100344425359843}