{"C": 0.10060285738516248, "gamma": 0.002066139557258227}