{"C": 0.11412632339721498, "gamma": 0.0020588266941722953}