{"C": 0.11251929336068091, "gamma": 0.08471598477137426}