{"C": 0.1024936577086745, "gamma": 1.980494789455644}