{"C": 0.10269073879255011, "gamma": 1.9775605591296326}