{"C": 0.1018964501384963, "gamma": 1.7289514115183338}