{"C": 0.15738014125410318, "gamma": 0.009835883772516417}