{"C": 0.10045837438041466, "gamma": 0.0028102977233502085}