{"C": 0.10013280854422062, "gamma": 0.002093800783314528}