{"C": 0.17227681185306445, "gamma": 0.09975438167722718}