{"C": 0.10312427839635045, "gamma": 0.0023825145333502343}