{"C": 0.1018835380587503, "gamma": 0.0020070587523018327}