{"C": 0.10359381078850971, "gamma": 1.8903590797401073}