{"C": 0.1164898091052689, "gamma": 0.4719370124091512}