{"C": 0.10277735952310013, "gamma": 0.002139746674963961}