{"C": 0.10103788624693542, "gamma": 1.9718471482599547}