{"C": 0.10073488268117584, "gamma": 0.002021734750354714}