{"C": 0.10040816618898767, "gamma": 0.002234974541506461}