{"C": 0.10217955598765185, "gamma": 1.641944345580934}