{"C": 0.10112687922924685, "gamma": 0.002070680696551892}