{"C": 0.10272063957626099, "gamma": 1.9062108301404506}