{"C": 0.10060007542537505, "gamma": 1.5533554273387906}