{"C": 0.10170137518764116, "gamma": 1.9818762958324758}