{"C": 0.10082712694204388, "gamma": 0.002123181944867322}