{"C": 0.11158344699409953, "gamma": 1.5897066015998347}