{"C": 0.100359094325153, "gamma": 1.9548187947173172}