{"C": 0.10013658576853408, "gamma": 1.9936181078674668}