Rep.,Kfold,Num. Vars.,Precision-Background,Recall-Background,F1_score_Background,Num. Obs. Background,AUC_Background,Precision-DoS,Recall-DoS,F1_score_DoS,Num. Obs. Dos,AUC_DoS,Precision-Botnet,Recall-Botnet,F1_score_Botnet,Num. Obs. Botnet,AUC_Botnet,Precision-Scan,Recall-Scan,F1_score_Scan,Num. Obs. Scan,AUC_Scan,Precision-SSHscan,Recall-SSHscan,F1_score_SSHscan,Num. Obs. SSHscan,AUC_SSHscan,Precision-UDPscan,Recall-UDPscan,F1_score_UDPscan,Num. Obs. UDPscan,AUC_UDPscan,Precision-Spam,Recall-Spam,F1_score_Spam,Num. Obs. Spam,AUC_Spam,Precision-w,Recall-w,F1_score_w,Total Obs.,AUC_w,Time
3,3,91,0.8161106590724166,0.8947368421052632,0.8536170212765958,1121,0.819105083935719,0.9259259259259259,0.7575757575757576,0.8333333333333334,33,0.8782800067716269,0.9642857142857143,0.9642857142857143,0.9642857142857143,28,0.981889564336373,0.8235294117647058,0.875,0.8484848484848485,16,0.9367447129909365,0.0,0.0,0.0,5,0.5,0.0,0.0,0.0,1,0.5,0.8484398216939079,0.7155388471177945,0.7763426240652618,798,0.8154106195721863,0.8304930333045497,0.8191808191808192,0.8214294967187314,2002,0.8208684000715698,37072.84254670143
