Rep.,Kfold,Num. Vars.,Precision-Background,Recall-Background,F1_score_Background,Num. Obs. Background,AUC_Background,Precision-DoS,Recall-DoS,F1_score_DoS,Num. Obs. Dos,AUC_DoS,Precision-Botnet,Recall-Botnet,F1_score_Botnet,Num. Obs. Botnet,AUC_Botnet,Precision-Scan,Recall-Scan,F1_score_Scan,Num. Obs. Scan,AUC_Scan,Precision-SSHscan,Recall-SSHscan,F1_score_SSHscan,Num. Obs. SSHscan,AUC_SSHscan,Precision-UDPscan,Recall-UDPscan,F1_score_UDPscan,Num. Obs. UDPscan,AUC_UDPscan,Precision-Spam,Recall-Spam,F1_score_Spam,Num. Obs. Spam,AUC_Spam,Precision-w,Recall-w,F1_score_w,Total Obs.,AUC_w,Time
3,1,85,0.8150112176218641,0.8911685994647636,0.8513902205177372,4484,0.8170047703873293,0.9819819819819819,0.8195488721804511,0.8934426229508197,133,0.9096475003197255,0.9904761904761905,0.9285714285714286,0.9585253456221199,112,0.9642224151339229,1.0,0.873015873015873,0.9322033898305084,63,0.9365079365079365,0.0,0.0,0.0,19,0.5,1.0,0.6666666666666666,0.8,6,0.8333333333333333,0.8478976234003657,0.7260488415779587,0.7822567043346265,3194,0.8198440180486846,0.8330086438514721,0.8222444139308451,0.8246003225025327,8011,0.8219332433031838,37314.06504702568
