Rep.,Kfold,Num. Vars.,Precision-Background,Recall-Background,F1_score_Background,Num. Obs. Background,AUC_Background,Precision-DoS,Recall-DoS,F1_score_DoS,Num. Obs. Dos,AUC_DoS,Precision-Botnet,Recall-Botnet,F1_score_Botnet,Num. Obs. Botnet,AUC_Botnet,Precision-Scan,Recall-Scan,F1_score_Scan,Num. Obs. Scan,AUC_Scan,Precision-SSHscan,Recall-SSHscan,F1_score_SSHscan,Num. Obs. SSHscan,AUC_SSHscan,Precision-UDPscan,Recall-UDPscan,F1_score_UDPscan,Num. Obs. UDPscan,AUC_UDPscan,Precision-Spam,Recall-Spam,F1_score_Spam,Num. Obs. Spam,AUC_Spam,Precision-w,Recall-w,F1_score_w,Total Obs.,AUC_w,Time
12,4,88,0.8295165394402035,0.872435325602141,0.8504347826086955,1121,0.8224011282597341,0.9629629629629629,0.7878787878787878,0.8666666666666665,33,0.8936857156035238,0.9642857142857143,0.9310344827586207,0.9473684210526316,29,0.9652640768223483,0.9333333333333333,0.875,0.9032258064516129,16,0.9372484909456741,0.0,0.0,0.0,5,0.5,1.0,1.0,1.0,1,1.0,0.8227146814404432,0.7434292866082604,0.7810650887573963,799,0.8186026101091094,0.8297966407229437,0.8183632734530938,0.8228212047581136,2004,0.8243290483803571,38208.0239405632
