Rep.,Kfold,Num. Vars.,Precision-Background,Recall-Background,F1_score_Background,Num. Obs. Background,AUC_Background,Precision-DoS,Recall-DoS,F1_score_DoS,Num. Obs. Dos,AUC_DoS,Precision-Botnet,Recall-Botnet,F1_score_Botnet,Num. Obs. Botnet,AUC_Botnet,Precision-Scan,Recall-Scan,F1_score_Scan,Num. Obs. Scan,AUC_Scan,Precision-SSHscan,Recall-SSHscan,F1_score_SSHscan,Num. Obs. SSHscan,AUC_SSHscan,Precision-UDPscan,Recall-UDPscan,F1_score_UDPscan,Num. Obs. UDPscan,AUC_UDPscan,Precision-Spam,Recall-Spam,F1_score_Spam,Num. Obs. Spam,AUC_Spam,Precision-w,Recall-w,F1_score_w,Total Obs.,AUC_w,Time
16,2,94,0.815550041356493,0.8795718108831401,0.8463519313304722,1121,0.8133686718814793,0.875,0.8484848484848485,0.8615384615384615,33,0.9232271958160283,0.9642857142857143,0.9642857142857143,0.9642857142857143,28,0.9818896925858952,0.8333333333333334,0.9375,0.8823529411764706,16,0.9679950931051836,0.0,0.0,0.0,5,0.5,0.5,0.5,0.5,2,0.7497501249375313,0.8228730822873083,0.7393483709273183,0.778877887788779,798,0.8169770900279746,0.8193173486566322,0.8222666000998502,0.8191979459643024,2003,0.8193613727485541,38314.03651404381
