Rep.,Kfold,Num. Vars.,Precision-Background,Recall-Background,F1_score_Background,Num. Obs. Background,AUC_Background,Precision-DoS,Recall-DoS,F1_score_DoS,Num. Obs. Dos,AUC_DoS,Precision-Botnet,Recall-Botnet,F1_score_Botnet,Num. Obs. Botnet,AUC_Botnet,Precision-Scan,Recall-Scan,F1_score_Scan,Num. Obs. Scan,AUC_Scan,Precision-SSHscan,Recall-SSHscan,F1_score_SSHscan,Num. Obs. SSHscan,AUC_SSHscan,Precision-UDPscan,Recall-UDPscan,F1_score_UDPscan,Num. Obs. UDPscan,AUC_UDPscan,Precision-Spam,Recall-Spam,F1_score_Spam,Num. Obs. Spam,AUC_Spam,Precision-w,Recall-w,F1_score_w,Total Obs.,AUC_w,Time
20,1,68,0.808,0.9009812667261374,0.8519611978068325,1121,0.8144362115943612,0.9285714285714286,0.7647058823529411,0.8387096774193549,34,0.8818450691602187,0.9615384615384616,0.8928571428571429,0.9259259259259259,28,0.9461754068716094,1.0,0.75,0.8571428571428571,16,0.875,0.0,0.0,0.0,4,0.5,1.0,0.5,0.6666666666666666,2,0.75,0.8608562691131498,0.7055137844611529,0.7754820936639117,798,0.8149975561309913,0.833362859833649,0.8172740888666999,0.8204557601053739,2003,0.817437187585453,27785.003207445145
