Rep.,Kfold,Num. Vars.,Precision-Background,Recall-Background,F1_score_Background,Num. Obs. Background,AUC_Background,Precision-DoS,Recall-DoS,F1_score_DoS,Num. Obs. Dos,AUC_DoS,Precision-Botnet,Recall-Botnet,F1_score_Botnet,Num. Obs. Botnet,AUC_Botnet,Precision-Scan,Recall-Scan,F1_score_Scan,Num. Obs. Scan,AUC_Scan,Precision-SSHscan,Recall-SSHscan,F1_score_SSHscan,Num. Obs. SSHscan,AUC_SSHscan,Precision-UDPscan,Recall-UDPscan,F1_score_UDPscan,Num. Obs. UDPscan,AUC_UDPscan,Precision-Spam,Recall-Spam,F1_score_Spam,Num. Obs. Spam,AUC_Spam,Precision-w,Recall-w,F1_score_w,Total Obs.,AUC_w,Time
3,4,70,0.8189249948906602,0.893621766280107,0.854644342540258,4484,0.8212439897160172,0.9736842105263158,0.8345864661654135,0.8987854251012146,133,0.9171028535929239,0.963302752293578,0.9292035398230089,0.9459459459459459,113,0.9643485733043389,1.0,0.9365079365079365,0.9672131147540983,63,0.9682539682539683,0.0,0.0,0.0,19,0.5,1.0,0.5,0.6666666666666666,6,0.75,0.839447875045405,0.7235441452723858,0.7771985875231209,3194,0.8159024171774963,0.8313291813522113,0.8232651023464803,0.8245085247328041,8012,0.8230649573967541,20980.776346683502
