Rep.,Kfold,Num. Vars.,Precision-Background,Recall-Background,F1_score_Background,Num. Obs. Background,AUC_Background,Precision-DoS,Recall-DoS,F1_score_DoS,Num. Obs. Dos,AUC_DoS,Precision-Botnet,Recall-Botnet,F1_score_Botnet,Num. Obs. Botnet,AUC_Botnet,Precision-Scan,Recall-Scan,F1_score_Scan,Num. Obs. Scan,AUC_Scan,Precision-SSHscan,Recall-SSHscan,F1_score_SSHscan,Num. Obs. SSHscan,AUC_SSHscan,Precision-UDPscan,Recall-UDPscan,F1_score_UDPscan,Num. Obs. UDPscan,AUC_UDPscan,Precision-Spam,Recall-Spam,F1_score_Spam,Num. Obs. Spam,AUC_Spam,Precision-w,Recall-w,F1_score_w,Total Obs.,AUC_w,Time
3,2,90,0.8030546623794212,0.8911685994647636,0.8448202959830866,1121,0.8065377617074101,0.9,0.8181818181818182,0.8571428571428572,33,0.9083291010665313,0.9230769230769231,0.8571428571428571,0.888888888888889,28,0.92806484295846,0.9375,1.0,0.967741935483871,15,0.9997483643683945,0.0,0.0,0.0,5,0.5,0.0,0.0,0.0,1,0.49975012493753124,0.8293768545994066,0.6996245306633292,0.7589952477936185,799,0.8020150915993288,0.8154370815176878,0.8111888111888111,0.8097759675279732,2002,0.8086391311640191,37736.73172926903
