Rep.,Kfold,Num. Vars.,Precision-Background,Recall-Background,F1_score_Background,Num. Obs. Background,AUC_Background,Precision-DoS,Recall-DoS,F1_score_DoS,Num. Obs. Dos,AUC_DoS,Precision-Botnet,Recall-Botnet,F1_score_Botnet,Num. Obs. Botnet,AUC_Botnet,Precision-Scan,Recall-Scan,F1_score_Scan,Num. Obs. Scan,AUC_Scan,Precision-SSHscan,Recall-SSHscan,F1_score_SSHscan,Num. Obs. SSHscan,AUC_SSHscan,Precision-UDPscan,Recall-UDPscan,F1_score_UDPscan,Num. Obs. UDPscan,AUC_UDPscan,Precision-Spam,Recall-Spam,F1_score_Spam,Num. Obs. Spam,AUC_Spam,Precision-w,Recall-w,F1_score_w,Total Obs.,AUC_w,Time
13,3,89,0.8217720482913853,0.8956289027653881,0.8571123679436559,4484,0.8243734082987938,0.9823008849557522,0.8345864661654135,0.9024390243902438,133,0.9171663134228516,0.9813084112149533,0.9292035398230089,0.9545454545454545,113,0.9644751716079216,1.0,0.9047619047619048,0.9500000000000001,63,0.9523809523809523,0.0,0.0,0.0,19,0.5,1.0,0.8333333333333334,0.9090909090909091,6,0.9166666666666667,0.8440899202320522,0.7288666249217283,0.7822580645161291,3194,0.8198089870146208,0.8351701120726599,0.826510234648028,0.8281348836727351,8012,0.8263765703211963,33208.65265107155
