Rep.,Kfold,Num. Vars.,Precision-Background,Recall-Background,F1_score_Background,Num. Obs. Background,AUC_Background,Precision-DoS,Recall-DoS,F1_score_DoS,Num. Obs. Dos,AUC_DoS,Precision-Botnet,Recall-Botnet,F1_score_Botnet,Num. Obs. Botnet,AUC_Botnet,Precision-Scan,Recall-Scan,F1_score_Scan,Num. Obs. Scan,AUC_Scan,Precision-SSHscan,Recall-SSHscan,F1_score_SSHscan,Num. Obs. SSHscan,AUC_SSHscan,Precision-UDPscan,Recall-UDPscan,F1_score_UDPscan,Num. Obs. UDPscan,AUC_UDPscan,Precision-Spam,Recall-Spam,F1_score_Spam,Num. Obs. Spam,AUC_Spam,Precision-w,Recall-w,F1_score_w,Total Obs.,AUC_w,Time
6,3,84,0.818928351467871,0.889607493309545,0.8528059861036879,4484,0.8198037466547725,0.9747899159663865,0.8721804511278195,0.9206349206349207,133,0.9358998460741268,0.9818181818181818,0.9557522123893806,0.968609865470852,113,0.9777495078911076,1.0,0.8571428571428571,0.923076923076923,63,0.9285714285714286,0.0,0.0,0.0,19,0.5,1.0,0.7142857142857143,0.8333333333333333,7,0.8571428571428572,0.8413968715896689,0.7243971186971501,0.7785257489060922,3193,0.8169609581865083,0.8324073205612494,0.8218921617573639,0.8244756985366847,8012,0.8229551564414722,35373.269055366516
