Rep.,Kfold,Num. Vars.,Precision-Background,Recall-Background,F1_score_Background,Num. Obs. Background,AUC_Background,Precision-DoS,Recall-DoS,F1_score_DoS,Num. Obs. Dos,AUC_DoS,Precision-Botnet,Recall-Botnet,F1_score_Botnet,Num. Obs. Botnet,AUC_Botnet,Precision-Scan,Recall-Scan,F1_score_Scan,Num. Obs. Scan,AUC_Scan,Precision-SSHscan,Recall-SSHscan,F1_score_SSHscan,Num. Obs. SSHscan,AUC_SSHscan,Precision-UDPscan,Recall-UDPscan,F1_score_UDPscan,Num. Obs. UDPscan,AUC_UDPscan,Precision-Spam,Recall-Spam,F1_score_Spam,Num. Obs. Spam,AUC_Spam,Precision-w,Recall-w,F1_score_w,Total Obs.,AUC_w,Time
15,2,89,0.8130148270181219,0.8804638715432649,0.8453961456102783,1121,0.8118382706132614,0.8387096774193549,0.7878787878787878,0.8125,33,0.8926716454606921,0.9310344827586207,0.9310344827586207,0.9310344827586207,29,0.9650111685048163,0.9285714285714286,0.8125,0.8666666666666666,16,0.9059986173956762,0.0,0.0,0.0,5,0.5,0.0,0.0,0.0,2,0.5,0.8241912798874824,0.7334167709637046,0.776158940397351,799,0.8148841732098788,0.8176823022091743,0.8174563591022443,0.8157203188395371,2005,0.8162606592605149,38975.48657083511
