Rep.,Kfold,Num. Vars.,Precision-Background,Recall-Background,F1_score_Background,Num. Obs. Background,AUC_Background,Precision-DoS,Recall-DoS,F1_score_DoS,Num. Obs. Dos,AUC_DoS,Precision-Botnet,Recall-Botnet,F1_score_Botnet,Num. Obs. Botnet,AUC_Botnet,Precision-Scan,Recall-Scan,F1_score_Scan,Num. Obs. Scan,AUC_Scan,Precision-SSHscan,Recall-SSHscan,F1_score_SSHscan,Num. Obs. SSHscan,AUC_SSHscan,Precision-UDPscan,Recall-UDPscan,F1_score_UDPscan,Num. Obs. UDPscan,AUC_UDPscan,Precision-Spam,Recall-Spam,F1_score_Spam,Num. Obs. Spam,AUC_Spam,Precision-w,Recall-w,F1_score_w,Total Obs.,AUC_w,Time
5,5,92,0.7966507177033493,0.8911685994647636,0.8412631578947368,1121,0.8011901887471043,0.967741935483871,0.8823529411764706,0.923076923076923,34,0.9409226634816362,0.9285714285714286,0.9285714285714286,0.9285714285714286,28,0.9637796414112204,0.9333333333333333,0.875,0.9032258064516129,16,0.9372484909456741,0.0,0.0,0.0,5,0.5,0.3333333333333333,0.5,0.4,2,0.7495004995004996,0.8262150220913107,0.7030075187969925,0.7596479350033852,798,0.8025817030137532,0.8118105129644572,0.813872255489022,0.8093269862377956,2004,0.8066699490830841,34720.357382535934
