Rep.,Kfold,Num. Vars.,Precision-Background,Recall-Background,F1_score_Background,Num. Obs. Background,AUC_Background,Precision-DoS,Recall-DoS,F1_score_DoS,Num. Obs. Dos,AUC_DoS,Precision-Botnet,Recall-Botnet,F1_score_Botnet,Num. Obs. Botnet,AUC_Botnet,Precision-Scan,Recall-Scan,F1_score_Scan,Num. Obs. Scan,AUC_Scan,Precision-SSHscan,Recall-SSHscan,F1_score_SSHscan,Num. Obs. SSHscan,AUC_SSHscan,Precision-UDPscan,Recall-UDPscan,F1_score_UDPscan,Num. Obs. UDPscan,AUC_UDPscan,Precision-Spam,Recall-Spam,F1_score_Spam,Num. Obs. Spam,AUC_Spam,Precision-w,Recall-w,F1_score_w,Total Obs.,AUC_w,Time
14,4,88,0.8174002047082907,0.89049955396967,0.8523855267371117,4484,0.8187967007160513,0.9658119658119658,0.849624060150376,0.9040000000000001,133,0.9245581585341877,0.9809523809523809,0.9196428571428571,0.9493087557603686,112,0.9596948302678459,0.9655172413793104,0.8888888888888888,0.9256198347107438,63,0.9443186266286417,0.0,0.0,0.0,19,0.5,1.0,0.8333333333333334,0.9090909090909091,6,0.9166666666666667,0.8456449834619625,0.7204132748904195,0.7780219780219779,3194,0.8166110385247198,0.8327749144196778,0.8202471601547872,0.8235453845185233,8011,0.8219553354901235,37204.33989739418
