Rep.,Kfold,Num. Vars.,Precision-Background,Recall-Background,F1_score_Background,Num. Obs. Background,AUC_Background,Precision-DoS,Recall-DoS,F1_score_DoS,Num. Obs. Dos,AUC_DoS,Precision-Botnet,Recall-Botnet,F1_score_Botnet,Num. Obs. Botnet,AUC_Botnet,Precision-Scan,Recall-Scan,F1_score_Scan,Num. Obs. Scan,AUC_Scan,Precision-SSHscan,Recall-SSHscan,F1_score_SSHscan,Num. Obs. SSHscan,AUC_SSHscan,Precision-UDPscan,Recall-UDPscan,F1_score_UDPscan,Num. Obs. UDPscan,AUC_UDPscan,Precision-Spam,Recall-Spam,F1_score_Spam,Num. Obs. Spam,AUC_Spam,Precision-w,Recall-w,F1_score_w,Total Obs.,AUC_w,Time
1,3,91,0.8194842406876791,0.8929527207850134,0.8546424759871933,4484,0.8214409195079022,0.981651376146789,0.8045112781954887,0.884297520661157,133,0.9021287033272443,0.9814814814814815,0.9380530973451328,0.9592760180995475,113,0.9688999343398239,1.0,0.9206349206349206,0.9586776859504132,63,0.9603174603174602,0.0,0.0,0.0,19,0.5,1.0,0.8333333333333334,0.9090909090909091,6,0.9166666666666667,0.8369486623282719,0.7250234888819292,0.7769760026850143,3193,0.8157080914729282,0.8310337603910444,0.823243040818874,0.8244866107679977,8011,0.8229766357844733,36264.178250312805
