Rep.,Kfold,Num. Vars.,Precision-Background,Recall-Background,F1_score_Background,Num. Obs. Background,AUC_Background,Precision-DoS,Recall-DoS,F1_score_DoS,Num. Obs. Dos,AUC_DoS,Precision-Botnet,Recall-Botnet,F1_score_Botnet,Num. Obs. Botnet,AUC_Botnet,Precision-Scan,Recall-Scan,F1_score_Scan,Num. Obs. Scan,AUC_Scan,Precision-SSHscan,Recall-SSHscan,F1_score_SSHscan,Num. Obs. SSHscan,AUC_SSHscan,Precision-UDPscan,Recall-UDPscan,F1_score_UDPscan,Num. Obs. UDPscan,AUC_UDPscan,Precision-Spam,Recall-Spam,F1_score_Spam,Num. Obs. Spam,AUC_Spam,Precision-w,Recall-w,F1_score_w,Total Obs.,AUC_w,Time
2,4,87,0.8175302068400574,0.8902765388046388,0.8523540087541369,4484,0.8188627591982378,0.9823008849557522,0.8409090909090909,0.9061224489795919,132,0.9203276419012459,0.9811320754716981,0.9203539823008849,0.949771689497717,113,0.9600503928468598,0.9827586206896551,0.9047619047619048,0.9421487603305785,63,0.9523180513871166,0.0,0.0,0.0,20,0.5,1.0,0.7142857142857143,0.8333333333333333,7,0.8571428571428572,0.8495964783565664,0.7253366739743188,0.7825646224024327,3193,0.8201283909402617,0.8347494305178786,0.8218921617573639,0.825362616574791,8012,0.823316967658163,29841.426301717758
