Rep.,Kfold,Num. Vars.,Precision-Background,Recall-Background,F1_score_Background,Num. Obs. Background,AUC_Background,Precision-DoS,Recall-DoS,F1_score_DoS,Num. Obs. Dos,AUC_DoS,Precision-Botnet,Recall-Botnet,F1_score_Botnet,Num. Obs. Botnet,AUC_Botnet,Precision-Scan,Recall-Scan,F1_score_Scan,Num. Obs. Scan,AUC_Scan,Precision-SSHscan,Recall-SSHscan,F1_score_SSHscan,Num. Obs. SSHscan,AUC_SSHscan,Precision-UDPscan,Recall-UDPscan,F1_score_UDPscan,Num. Obs. UDPscan,AUC_UDPscan,Precision-Spam,Recall-Spam,F1_score_Spam,Num. Obs. Spam,AUC_Spam,Precision-w,Recall-w,F1_score_w,Total Obs.,AUC_w,Time
18,5,86,0.8038740920096852,0.8884924174843889,0.8440677966101694,1121,0.8068027698281672,0.8666666666666667,0.7647058823529411,0.8125,34,0.8813382278329901,0.9642857142857143,0.9310344827586207,0.9473684210526316,29,0.9652642049420633,0.8333333333333334,0.9375,0.8823529411764706,16,0.9679958521870287,0.0,0.0,0.0,5,0.5,1.0,1.0,1.0,1,1.0,0.8333333333333334,0.7008760951188986,0.761386811692726,799,0.8040035533637611,0.817326920793255,0.8104738154613467,0.8103563061405676,2005,0.8098607678003265,32395.969766378403
