Rep.,Kfold,Num. Vars.,Precision-Background,Recall-Background,F1_score_Background,Num. Obs. Background,AUC_Background,Precision-DoS,Recall-DoS,F1_score_DoS,Num. Obs. Dos,AUC_DoS,Precision-Botnet,Recall-Botnet,F1_score_Botnet,Num. Obs. Botnet,AUC_Botnet,Precision-Scan,Recall-Scan,F1_score_Scan,Num. Obs. Scan,AUC_Scan,Precision-SSHscan,Recall-SSHscan,F1_score_SSHscan,Num. Obs. SSHscan,AUC_SSHscan,Precision-UDPscan,Recall-UDPscan,F1_score_UDPscan,Num. Obs. UDPscan,AUC_UDPscan,Precision-Spam,Recall-Spam,F1_score_Spam,Num. Obs. Spam,AUC_Spam,Precision-w,Recall-w,F1_score_w,Total Obs.,AUC_w,Time
14,5,89,0.8294314381270903,0.8849241748438894,0.8562796719896418,1121,0.8266845618827847,0.9666666666666667,0.8787878787878788,0.9206349206349207,33,0.9391400033858135,0.9655172413793104,1.0,0.9824561403508771,28,0.9997467071935158,0.9375,1.0,0.967741935483871,15,0.9997483643683945,0.0,0.0,0.0,5,0.5,0.5,0.5,0.5,2,0.74975,0.836441893830703,0.7305764411027569,0.7799331103678929,798,0.8179460278603485,0.8348003277602347,0.8231768231768232,0.8270139798786225,2002,0.8278794093315864,38206.06024813652
