Rep.,Kfold,Num. Vars.,Precision-Background,Recall-Background,F1_score_Background,Num. Obs. Background,AUC_Background,Precision-DoS,Recall-DoS,F1_score_DoS,Num. Obs. Dos,AUC_DoS,Precision-Botnet,Recall-Botnet,F1_score_Botnet,Num. Obs. Botnet,AUC_Botnet,Precision-Scan,Recall-Scan,F1_score_Scan,Num. Obs. Scan,AUC_Scan,Precision-SSHscan,Recall-SSHscan,F1_score_SSHscan,Num. Obs. SSHscan,AUC_SSHscan,Precision-UDPscan,Recall-UDPscan,F1_score_UDPscan,Num. Obs. UDPscan,AUC_UDPscan,Precision-Spam,Recall-Spam,F1_score_Spam,Num. Obs. Spam,AUC_Spam,Precision-w,Recall-w,F1_score_w,Total Obs.,AUC_w,Time
8,4,71,0.8205180501733632,0.8971900089206066,0.8571428571428572,4484,0.8238784511723215,0.9830508474576272,0.8721804511278195,0.9243027888446216,133,0.9359633059040545,0.9814814814814815,0.9380530973451328,0.9592760180995475,113,0.9688999503689837,0.9818181818181818,0.8571428571428571,0.9152542372881356,63,0.9285085275775928,0.0,0.0,0.0,19,0.5,1.0,0.5,0.6666666666666666,6,0.75,0.843681519357195,0.7232310582341891,0.7788267026298045,3194,0.8171987586729269,0.8341774120541761,0.8252621068397404,0.8267589287991642,8012,0.8251209013445259,31649.37838792801
