Rep.,Kfold,Num. Vars.,Precision-Background,Recall-Background,F1_score_Background,Num. Obs. Background,AUC_Background,Precision-DoS,Recall-DoS,F1_score_DoS,Num. Obs. Dos,AUC_DoS,Precision-Botnet,Recall-Botnet,F1_score_Botnet,Num. Obs. Botnet,AUC_Botnet,Precision-Scan,Recall-Scan,F1_score_Scan,Num. Obs. Scan,AUC_Scan,Precision-SSHscan,Recall-SSHscan,F1_score_SSHscan,Num. Obs. SSHscan,AUC_SSHscan,Precision-UDPscan,Recall-UDPscan,F1_score_UDPscan,Num. Obs. UDPscan,AUC_UDPscan,Precision-Spam,Recall-Spam,F1_score_Spam,Num. Obs. Spam,AUC_Spam,Precision-w,Recall-w,F1_score_w,Total Obs.,AUC_w,Time
20,3,90,0.8186314921681781,0.8858162355040142,0.8508997429305912,1121,0.8180500019744815,0.9629629629629629,0.7878787878787878,0.8666666666666665,33,0.893685457931268,0.9615384615384616,0.8928571428571429,0.9259259259259259,28,0.9461752786220872,1.0,0.9375,0.967741935483871,16,0.96875,0.0,0.0,0.0,5,0.5,0.0,0.0,0.0,1,0.5,0.8347953216374269,0.7155388471177945,0.7705802968960864,798,0.810842513259894,0.8284482637802443,0.8141858141858141,0.8185771656553136,2002,0.8184669858681017,32686.906816244125
