Rep.,Kfold,Num. Vars.,Precision-Background,Recall-Background,F1_score_Background,Num. Obs. Background,AUC_Background,Precision-DoS,Recall-DoS,F1_score_DoS,Num. Obs. Dos,AUC_DoS,Precision-Botnet,Recall-Botnet,F1_score_Botnet,Num. Obs. Botnet,AUC_Botnet,Precision-Scan,Recall-Scan,F1_score_Scan,Num. Obs. Scan,AUC_Scan,Precision-SSHscan,Recall-SSHscan,F1_score_SSHscan,Num. Obs. SSHscan,AUC_SSHscan,Precision-UDPscan,Recall-UDPscan,F1_score_UDPscan,Num. Obs. UDPscan,AUC_UDPscan,Precision-Spam,Recall-Spam,F1_score_Spam,Num. Obs. Spam,AUC_Spam,Precision-w,Recall-w,F1_score_w,Total Obs.,AUC_w,Time
11,3,87,0.8203543469303667,0.8880463871543265,0.8528592846433926,4484,0.820440427137254,0.9830508474576272,0.8721804511278195,0.9243027888446216,133,0.9359633059040545,0.9904761904761905,0.9203539823008849,0.9541284403669724,113,0.9601136919986512,0.9836065573770492,0.9523809523809523,0.9677419354838709,63,0.9761275751966405,0.0,0.0,0.0,19,0.5,0.8333333333333334,0.7142857142857143,0.7692307692307692,7,0.8570803961809583,0.8441793203181489,0.7312871907297213,0.7836885383453599,3193,0.8209247740326341,0.8342989990134018,0.8240139790314528,0.8267148873284583,8012,0.8250173796382164,23690.881620168686
