Rep.,Kfold,Num. Vars.,Precision-Background,Recall-Background,F1_score_Background,Num. Obs. Background,AUC_Background,Precision-DoS,Recall-DoS,F1_score_DoS,Num. Obs. Dos,AUC_DoS,Precision-Botnet,Recall-Botnet,F1_score_Botnet,Num. Obs. Botnet,AUC_Botnet,Precision-Scan,Recall-Scan,F1_score_Scan,Num. Obs. Scan,AUC_Scan,Precision-SSHscan,Recall-SSHscan,F1_score_SSHscan,Num. Obs. SSHscan,AUC_SSHscan,Precision-UDPscan,Recall-UDPscan,F1_score_UDPscan,Num. Obs. UDPscan,AUC_UDPscan,Precision-Spam,Recall-Spam,F1_score_Spam,Num. Obs. Spam,AUC_Spam,Precision-w,Recall-w,F1_score_w,Total Obs.,AUC_w,Time
9,5,86,0.8075990299110751,0.8911685994647636,0.8473282442748091,1121,0.8108164628127895,0.9655172413793104,0.8484848484848485,0.9032258064516129,33,0.9239887459065542,0.9655172413793104,0.9655172413793104,0.9655172413793104,29,0.9825054561326932,0.75,0.9375,0.8333333333333334,16,0.9674924547283702,0.0,0.0,0.0,5,0.5,1.0,1.0,1.0,1,1.0,0.8338278931750742,0.7033792240300375,0.7630685675492191,799,0.8052165829693757,0.8205634072568447,0.814870259481038,0.8142148364521574,2004,0.8135017318982467,39078.06862306595
