Rep.,Kfold,Num. Vars.,Precision-Background,Recall-Background,F1_score_Background,Num. Obs. Background,AUC_Background,Precision-DoS,Recall-DoS,F1_score_DoS,Num. Obs. Dos,AUC_DoS,Precision-Botnet,Recall-Botnet,F1_score_Botnet,Num. Obs. Botnet,AUC_Botnet,Precision-Scan,Recall-Scan,F1_score_Scan,Num. Obs. Scan,AUC_Scan,Precision-SSHscan,Recall-SSHscan,F1_score_SSHscan,Num. Obs. SSHscan,AUC_SSHscan,Precision-UDPscan,Recall-UDPscan,F1_score_UDPscan,Num. Obs. UDPscan,AUC_UDPscan,Precision-Spam,Recall-Spam,F1_score_Spam,Num. Obs. Spam,AUC_Spam,Precision-w,Recall-w,F1_score_w,Total Obs.,AUC_w,Time
8,3,95,0.822860686233981,0.8878233719892953,0.8541085603947651,4484,0.822420333570491,0.9736842105263158,0.8345864661654135,0.8987854251012146,133,0.9171028294269566,0.9809523809523809,0.9196428571428571,0.9493087557603686,112,0.9596948302678459,0.9818181818181818,0.8571428571428571,0.9152542372881356,63,0.9285085196635273,0.0,0.0,0.0,19,0.5,1.0,0.7142857142857143,0.8333333333333333,7,0.8571428571428572,0.8410978692668833,0.7294080801753836,0.7812814491781283,3193,0.8190419396310707,0.8342970947152093,0.8217451004868306,0.8255910428787915,8011,0.8246648636892618,38804.506620168686
