Rep.,Kfold,Num. Vars.,Precision-Background,Recall-Background,F1_score_Background,Num. Obs. Background,AUC_Background,Precision-DoS,Recall-DoS,F1_score_DoS,Num. Obs. Dos,AUC_DoS,Precision-Botnet,Recall-Botnet,F1_score_Botnet,Num. Obs. Botnet,AUC_Botnet,Precision-Scan,Recall-Scan,F1_score_Scan,Num. Obs. Scan,AUC_Scan,Precision-SSHscan,Recall-SSHscan,F1_score_SSHscan,Num. Obs. SSHscan,AUC_SSHscan,Precision-UDPscan,Recall-UDPscan,F1_score_UDPscan,Num. Obs. UDPscan,AUC_UDPscan,Precision-Spam,Recall-Spam,F1_score_Spam,Num. Obs. Spam,AUC_Spam,Precision-w,Recall-w,F1_score_w,Total Obs.,AUC_w,Time
13,2,87,0.8157087338924115,0.8893844781445138,0.8509548703723461,4484,0.8169994953080846,0.9652173913043478,0.8345864661654135,0.8951612903225807,133,0.9170393937629961,0.9811320754716981,0.9203539823008849,0.949771689497717,113,0.9600503928468598,0.9666666666666667,0.90625,0.9354838709677419,64,0.9529991821841973,0.0,0.0,0.0,19,0.5,1.0,0.3333333333333333,0.5,6,0.6666666666666666,0.8462949376375642,0.7225180081428124,0.7795235681702991,3193,0.8177852543307962,0.8321225914738846,0.8200199700449327,0.8230094872922423,8012,0.8212129225488823,23828.544191360474
