Rep.,Kfold,Num. Vars.,Precision-Background,Recall-Background,F1_score_Background,Num. Obs. Background,AUC_Background,Precision-DoS,Recall-DoS,F1_score_DoS,Num. Obs. Dos,AUC_DoS,Precision-Botnet,Recall-Botnet,F1_score_Botnet,Num. Obs. Botnet,AUC_Botnet,Precision-Scan,Recall-Scan,F1_score_Scan,Num. Obs. Scan,AUC_Scan,Precision-SSHscan,Recall-SSHscan,F1_score_SSHscan,Num. Obs. SSHscan,AUC_SSHscan,Precision-UDPscan,Recall-UDPscan,F1_score_UDPscan,Num. Obs. UDPscan,AUC_UDPscan,Precision-Spam,Recall-Spam,F1_score_Spam,Num. Obs. Spam,AUC_Spam,Precision-w,Recall-w,F1_score_w,Total Obs.,AUC_w,Time
3,3,91,0.8112172322698639,0.8902765388046388,0.8489101541733121,4484,0.8135145799718858,0.9741379310344828,0.849624060150376,0.9076305220883534,133,0.9246216747452386,0.9719626168224299,0.9203539823008849,0.9454545454545454,113,0.9599871177327209,0.9818181818181818,0.8571428571428571,0.9152542372881356,63,0.9285085354896676,0.0,0.0,0.0,19,0.5,1.0,0.42857142857142855,0.6,7,0.7142857142857143,0.8474074074074074,0.7163431433938635,0.7763827621309807,3194,0.815424113718098,0.8301964301435661,0.81792087857232,0.8206279687486272,8013,0.8182594859091856,37072.84254670143
