,Rep,Kfold,Num_Vars_,Precision_background,Recall_background,F1_score_background,Num_Obs_background,AUC_background,Accuracy_background,Precision_dos,Recall_dos,F1_score_dos,Num_Obs_dos,AUC_dos,Accuracy_dos,Precision_scan,Recall_scan,F1_score_scan,Num_Obs_scan,AUC_scan,Accuracy_scan,Precision_w,Recall_w,F1_score_w,Total_Obs,AUC_w,Accuracy_w,Hyper_time,Training_time,Testing_time,Total_time
0,1.0,1.0,52.0,0.021496744269021498,0.9796747967479674,0.04207035000436414,246.0,0.7198398596095239,0.4662224599970818,0.9218616567036719,0.13095960208661894,0.2293392819205439,16486.0,0.5430258133132482,0.2942950245610622,0.13434782608695653,0.161399843301123,0.1466366116977103,3829.0,0.46170637634814704,0.6501629298185886,0.7644335050626853,0.14678274402995964,0.2116973052883465,20561.0,0.5299974650446577,0.3626240143158567,0.0,5.037507057189941,0.07723450660705566,7.262046098709106
