{"C": 0.10021453364608501, "gamma": 1.3976206293473887}