{"C": 0.1018094912257988, "gamma": 0.002310266807374064}