{"C": 0.10084826231504992, "gamma": 0.002045362361154095}