{"C": 0.10531427622271558, "gamma": 0.0020616692627092336}