{"C": 0.10209295265596156, "gamma": 0.0023334855880505503}