{"C": 0.10246973456511688, "gamma": 1.8316645367140467}