{"C": 0.10124011114891562, "gamma": 1.9982623551612848}