{"C": 0.10079149843335175, "gamma": 1.9774353953615225}