{"C": 0.10010055781610977, "gamma": 1.9123212739392044}