{"C": 0.19343963700251424, "gamma": 0.11918308312529786}