{"C": 0.10175114827722216, "gamma": 1.559849963044759}