{"C": 0.10110769694946325, "gamma": 0.0020915178708189298}