{"C": 0.10944656618319547, "gamma": 1.0117454975087004}