{"C": 0.10046351742740739, "gamma": 1.6195331489447569}