{"C": 0.10062423597565937, "gamma": 0.0021834858729293787}