{"C": 0.10047326984318526, "gamma": 1.9233891134807628}