{"C": 0.18308189147601717, "gamma": 0.002355727719581033}