{"C": 0.11820163898913576, "gamma": 1.9847756914776413}