{"C": 0.1484030311683008, "gamma": 0.9708572461475585}