{"C": 0.10244640381672787, "gamma": 0.0020538687480757332}