{"C": 0.10077249958922418, "gamma": 0.002420910263787432}