{"C": 0.10143419701961352, "gamma": 1.9896517823418938}