{"C": 0.10389280042349286, "gamma": 0.0022041758148979734}