{"C": 0.10259704947219317, "gamma": 1.8064710382286064}