{"C": 0.10799181986507339, "gamma": 0.002026016242752524}