{"C": 0.5687863510970955, "gamma": 0.02137525535692202}