{"C": 0.10020161760496978, "gamma": 1.4858385861489667}