{"C": 0.10017769110163613, "gamma": 1.6151434285950785}