{"C": 0.10939953296711429, "gamma": 1.8598452377050654}