{"C": 0.10078653084202474, "gamma": 1.7828681782059366}