{"C": 0.10152540007693603, "gamma": 1.6773912343743782}