{"C": 0.10192434684163924, "gamma": 1.8217268759981293}