{"C": 0.10076850211160848, "gamma": 1.978211195060749}