{"C": 0.10001355517403497, "gamma": 0.8916756939248246}