{"C": 0.1000247734394394, "gamma": 0.002485673770551245}