{"C": 0.1012825703943077, "gamma": 0.002045006355567369}