{"C": 0.10006770625077996, "gamma": 0.002137939082967861}