{"C": 0.181570540066079, "gamma": 0.006168341907537405}