{"C": 0.10010547108479566, "gamma": 1.9043643641099153}