{"C": 0.10197486154756051, "gamma": 1.8092726082561637}