Rep.,Kfold,Num. Vars.,Precision-Background,Recall-Background,F1_score_Background,Num. Obs. Background,AUC_Background,Precision-DoS,Recall-DoS,F1_score_DoS,Num. Obs. Dos,AUC_DoS,Precision-Botnet,Recall-Botnet,F1_score_Botnet,Num. Obs. Botnet,AUC_Botnet,Precision-Scan,Recall-Scan,F1_score_Scan,Num. Obs. Scan,AUC_Scan,Precision-SSHscan,Recall-SSHscan,F1_score_SSHscan,Num. Obs. SSHscan,AUC_SSHscan,Precision-UDPscan,Recall-UDPscan,F1_score_UDPscan,Num. Obs. UDPscan,AUC_UDPscan,Precision-Spam,Recall-Spam,F1_score_Spam,Num. Obs. Spam,AUC_Spam,Precision-w,Recall-w,F1_score_w,Total Obs.,AUC_w,Time
19,2,100,0.817208564631245,0.8826552462526767,0.8486720197652873,2335,0.803220972437303,0.9772727272727273,0.8269230769230769,0.8958333333333334,52,0.9133350202429149,0.9411764705882353,0.8888888888888888,0.9142857142857143,54,0.9440646976090014,1.0,0.88,0.9361702127659575,25,0.94,0.0,0.0,0.0,5,0.5,0.5,0.5,0.5,2,0.7498750624687657,0.8148148148148148,0.7041149575440888,0.7554309740714786,1531,0.8025225010122384,0.8200062914898564,0.8124375624375625,0.8138294217480745,4004,0.8067321639708529,236890.75996541977
