Rep.,Kfold,Num. Vars.,Precision-Background,Recall-Background,F1_score_Background,Num. Obs. Background,AUC_Background,Precision-DoS,Recall-DoS,F1_score_DoS,Num. Obs. Dos,AUC_DoS,Precision-Botnet,Recall-Botnet,F1_score_Botnet,Num. Obs. Botnet,AUC_Botnet,Precision-Scan,Recall-Scan,F1_score_Scan,Num. Obs. Scan,AUC_Scan,Precision-SSHscan,Recall-SSHscan,F1_score_SSHscan,Num. Obs. SSHscan,AUC_SSHscan,Precision-UDPscan,Recall-UDPscan,F1_score_UDPscan,Num. Obs. UDPscan,AUC_UDPscan,Precision-Spam,Recall-Spam,F1_score_Spam,Num. Obs. Spam,AUC_Spam,Precision-w,Recall-w,F1_score_w,Total Obs.,AUC_w,Time
1,3,98,0.8293745051464766,0.8972162740899358,0.8619625591442089,2335,0.8194114943591166,0.9166666666666666,0.8461538461538461,0.8799999999999999,52,0.9225707221151412,0.9272727272727272,0.9444444444444444,0.9357798165137615,54,0.9717157648912523,0.9090909090909091,0.8,0.8510638297872342,25,0.8997486173956762,0.0,0.0,0.0,4,0.5,0.5,0.5,0.5,2,0.7498750312421895,0.8260547742413027,0.72893533638145,0.7744621790423316,1531,0.8169353057311781,0.8300639509235883,0.8311266550087435,0.8286167568203753,4003,0.8220068915199756,208755.32656931877
