Rep.,Kfold,Num. Vars.,Precision-Background,Recall-Background,F1_score_Background,Num. Obs. Background,AUC_Background,Precision-DoS,Recall-DoS,F1_score_DoS,Num. Obs. Dos,AUC_DoS,Precision-Botnet,Recall-Botnet,F1_score_Botnet,Num. Obs. Botnet,AUC_Botnet,Precision-Scan,Recall-Scan,F1_score_Scan,Num. Obs. Scan,AUC_Scan,Precision-SSHscan,Recall-SSHscan,F1_score_SSHscan,Num. Obs. SSHscan,AUC_SSHscan,Precision-UDPscan,Recall-UDPscan,F1_score_UDPscan,Num. Obs. UDPscan,AUC_UDPscan,Precision-Spam,Recall-Spam,F1_score_Spam,Num. Obs. Spam,AUC_Spam,Precision-w,Recall-w,F1_score_w,Total Obs.,AUC_w,Time
2,2,99,0.8214909726266745,0.9061998072598779,0.8617687490453643,9339,0.8152851554285001,0.9833333333333333,0.84688995215311,0.910025706940874,209,0.9233500513834783,0.979381443298969,0.8837209302325582,0.9290953545232273,215,0.9417338507835367,1.0,0.9595959595959596,0.979381443298969,99,0.9797979797979798,0.0,0.0,0.0,19,0.5,1.0,0.6666666666666666,0.8,9,0.8333333333333333,0.8384705423332033,0.7021728475739258,0.7642927002756291,6121,0.8092259586706838,0.832444323275123,0.8262444569358566,0.8257075512198813,16011,0.8167305663748439,222926.75979304314
