Rep.,Kfold,Num. Vars.,Precision-Background,Recall-Background,F1_score_Background,Num. Obs. Background,AUC_Background,Precision-DoS,Recall-DoS,F1_score_DoS,Num. Obs. Dos,AUC_DoS,Precision-Botnet,Recall-Botnet,F1_score_Botnet,Num. Obs. Botnet,AUC_Botnet,Precision-Scan,Recall-Scan,F1_score_Scan,Num. Obs. Scan,AUC_Scan,Precision-SSHscan,Recall-SSHscan,F1_score_SSHscan,Num. Obs. SSHscan,AUC_SSHscan,Precision-UDPscan,Recall-UDPscan,F1_score_UDPscan,Num. Obs. UDPscan,AUC_UDPscan,Precision-Spam,Recall-Spam,F1_score_Spam,Num. Obs. Spam,AUC_Spam,Precision-w,Recall-w,F1_score_w,Total Obs.,AUC_w,Time
12,5,103,0.8131058549825514,0.8980728051391863,0.8534798534798536,2335,0.8045519900995692,0.9387755102040817,0.8679245283018868,0.9019607843137256,53,0.9335825173155003,0.94,0.8867924528301887,0.912621359223301,53,0.9430164795796513,1.0,0.92,0.9583333333333334,25,0.96,0.0,0.0,0.0,4,0.5,1.0,0.3333333333333333,0.5,3,0.6666666666666666,0.812781954887218,0.7065359477124183,0.7559440559440559,1530,0.802924261765631,0.8168208005002541,0.8231326505121159,0.8171623908095577,4003,0.8080346650560463,221362.51384592056
