Rep.,Kfold,Num. Vars.,Precision-Background,Recall-Background,F1_score_Background,Num. Obs. Background,AUC_Background,Precision-DoS,Recall-DoS,F1_score_DoS,Num. Obs. Dos,AUC_DoS,Precision-Botnet,Recall-Botnet,F1_score_Botnet,Num. Obs. Botnet,AUC_Botnet,Precision-Scan,Recall-Scan,F1_score_Scan,Num. Obs. Scan,AUC_Scan,Precision-SSHscan,Recall-SSHscan,F1_score_SSHscan,Num. Obs. SSHscan,AUC_SSHscan,Precision-UDPscan,Recall-UDPscan,F1_score_UDPscan,Num. Obs. UDPscan,AUC_UDPscan,Precision-Spam,Recall-Spam,F1_score_Spam,Num. Obs. Spam,AUC_Spam,Precision-w,Recall-w,F1_score_w,Total Obs.,AUC_w,Time
12,3,88,0.8216258879242304,0.8916488222698072,0.8552064078866297,2335,0.8103328044202754,0.9782608695652174,0.8653846153846154,0.9183673469387755,52,0.9325657574518623,1.0,0.9259259259259259,0.9615384615384615,54,0.962962962962963,0.8461538461538461,0.88,0.8627450980392156,25,0.9394972347913524,0.0,0.0,0.0,5,0.5,0.5,0.5,0.5,2,0.7498750312421895,0.8152818991097923,0.7183006535947712,0.7637248088950661,1530,0.8088066147068075,0.8226083350767669,0.8241319010741943,0.8212972087033739,4003,0.8137851159486693,259512.22363686562
