Rep.,Kfold,Num. Vars.,Precision-Background,Recall-Background,F1_score_Background,Num. Obs. Background,AUC_Background,Precision-DoS,Recall-DoS,F1_score_DoS,Num. Obs. Dos,AUC_DoS,Precision-Botnet,Recall-Botnet,F1_score_Botnet,Num. Obs. Botnet,AUC_Botnet,Precision-Scan,Recall-Scan,F1_score_Scan,Num. Obs. Scan,AUC_Scan,Precision-SSHscan,Recall-SSHscan,F1_score_SSHscan,Num. Obs. SSHscan,AUC_SSHscan,Precision-UDPscan,Recall-UDPscan,F1_score_UDPscan,Num. Obs. UDPscan,AUC_UDPscan,Precision-Spam,Recall-Spam,F1_score_Spam,Num. Obs. Spam,AUC_Spam,Precision-w,Recall-w,F1_score_w,Total Obs.,AUC_w,Time
17,3,92,0.817432273262662,0.8916488222698072,0.8529291274068005,2335,0.8063523055560193,0.9583333333333334,0.8846153846153846,0.9199999999999999,52,0.9420545277507303,0.9787234042553191,0.8679245283018868,0.9199999999999999,53,0.9338356498182009,0.9583333333333334,0.92,0.9387755102040817,25,0.9598742770932863,0.0,0.0,0.0,5,0.5,1.0,1.0,1.0,2,1.0,0.82398753894081,0.6915032679738562,0.751954513148543,1530,0.8000396598768957,0.8238553972363702,0.8138430784607696,0.81562951158602,4002,0.8080635419529462,222301.44857740402
