Rep.,Kfold,Num. Vars.,Precision-Background,Recall-Background,F1_score_Background,Num. Obs. Background,AUC_Background,Precision-DoS,Recall-DoS,F1_score_DoS,Num. Obs. Dos,AUC_DoS,Precision-Botnet,Recall-Botnet,F1_score_Botnet,Num. Obs. Botnet,AUC_Botnet,Precision-Scan,Recall-Scan,F1_score_Scan,Num. Obs. Scan,AUC_Scan,Precision-SSHscan,Recall-SSHscan,F1_score_SSHscan,Num. Obs. SSHscan,AUC_SSHscan,Precision-UDPscan,Recall-UDPscan,F1_score_UDPscan,Num. Obs. UDPscan,AUC_UDPscan,Precision-Spam,Recall-Spam,F1_score_Spam,Num. Obs. Spam,AUC_Spam,Precision-w,Recall-w,F1_score_w,Total Obs.,AUC_w,Time
5,3,90,0.821522309711286,0.904914873112753,0.8612045246102109,9339,0.814888127400075,0.9838709677419355,0.8755980861244019,0.9265822784810127,209,0.9377041243758756,0.9663461538461539,0.9348837209302325,0.950354609929078,215,0.9672202994092195,1.0,0.8888888888888888,0.9411764705882353,99,0.9444444444444444,0.0,0.0,0.0,19,0.5,1.0,0.5555555555555556,0.7142857142857143,9,0.7777777777777778,0.8390714145189848,0.6966677556354133,0.7612672913877733,6122,0.8069789738743295,0.8325247005629474,0.8239445415938046,0.824435073230377,16012,0.8159191872480318,189787.0553600788
