Rep.,Kfold,Num. Vars.,Precision-Background,Recall-Background,F1_score_Background,Num. Obs. Background,AUC_Background,Precision-DoS,Recall-DoS,F1_score_DoS,Num. Obs. Dos,AUC_DoS,Precision-Botnet,Recall-Botnet,F1_score_Botnet,Num. Obs. Botnet,AUC_Botnet,Precision-Scan,Recall-Scan,F1_score_Scan,Num. Obs. Scan,AUC_Scan,Precision-SSHscan,Recall-SSHscan,F1_score_SSHscan,Num. Obs. SSHscan,AUC_SSHscan,Precision-UDPscan,Recall-UDPscan,F1_score_UDPscan,Num. Obs. UDPscan,AUC_UDPscan,Precision-Spam,Recall-Spam,F1_score_Spam,Num. Obs. Spam,AUC_Spam,Precision-w,Recall-w,F1_score_w,Total Obs.,AUC_w,Time
11,2,95,0.82071400549235,0.89593147751606,0.8566748566748567,2335,0.8110574104177065,0.9361702127659575,0.8461538461538461,0.8888888888888888,52,0.9226973684210527,0.9215686274509803,0.8703703703703703,0.8952380952380952,54,0.934678856071261,0.9545454545454546,0.84,0.8936170212765958,25,0.919874340286504,0.0,0.0,0.0,5,0.5,1.0,1.0,1.0,2,1.0,0.8258258258258259,0.7184846505551927,0.768424729304925,1531,0.8123357340928006,0.8254285053630859,0.8256743256743256,0.8231017871624937,4004,0.8150486618667153,255918.7163040638
