Rep.,Kfold,Num. Vars.,Precision-Background,Recall-Background,F1_score_Background,Num. Obs. Background,AUC_Background,Precision-DoS,Recall-DoS,F1_score_DoS,Num. Obs. Dos,AUC_DoS,Precision-Botnet,Recall-Botnet,F1_score_Botnet,Num. Obs. Botnet,AUC_Botnet,Precision-Scan,Recall-Scan,F1_score_Scan,Num. Obs. Scan,AUC_Scan,Precision-SSHscan,Recall-SSHscan,F1_score_SSHscan,Num. Obs. SSHscan,AUC_SSHscan,Precision-UDPscan,Recall-UDPscan,F1_score_UDPscan,Num. Obs. UDPscan,AUC_UDPscan,Precision-Spam,Recall-Spam,F1_score_Spam,Num. Obs. Spam,AUC_Spam,Precision-w,Recall-w,F1_score_w,Total Obs.,AUC_w,Time
15,5,105,0.8254716981132075,0.8993576017130621,0.860832137733142,2335,0.8165852756766749,0.8823529411764706,0.8653846153846154,0.8737864077669903,52,0.9319330062496349,0.9803921568627451,0.9259259259259259,0.9523809523809523,54,0.9628363486302205,0.9565217391304348,0.9166666666666666,0.9361702127659574,24,0.9582076736198374,0.0,0.0,0.0,5,0.5,0.0,0.0,0.0,2,0.5,0.8292134831460675,0.7230568256041803,0.7725052337752966,1531,0.8154119079477212,0.8290737719065361,0.8303772170871846,0.8273999760818646,4003,0.8199033007971236,260385.74518823624
