Rep.,Kfold,Num. Vars.,Precision-Background,Recall-Background,F1_score_Background,Num. Obs. Background,AUC_Background,Precision-DoS,Recall-DoS,F1_score_DoS,Num. Obs. Dos,AUC_DoS,Precision-Botnet,Recall-Botnet,F1_score_Botnet,Num. Obs. Botnet,AUC_Botnet,Precision-Scan,Recall-Scan,F1_score_Scan,Num. Obs. Scan,AUC_Scan,Precision-SSHscan,Recall-SSHscan,F1_score_SSHscan,Num. Obs. SSHscan,AUC_SSHscan,Precision-UDPscan,Recall-UDPscan,F1_score_UDPscan,Num. Obs. UDPscan,AUC_UDPscan,Precision-Spam,Recall-Spam,F1_score_Spam,Num. Obs. Spam,AUC_Spam,Precision-w,Recall-w,F1_score_w,Total Obs.,AUC_w,Time
9,1,86,0.8297872340425532,0.9019271948608137,0.864354607018264,2335,0.8215447837695321,0.9767441860465116,0.7924528301886793,0.875,53,0.8960998648538943,0.9791666666666666,0.8867924528301887,0.9306930693069307,53,0.943269676174649,0.8461538461538461,0.88,0.8627450980392156,25,0.9394973611460165,0.0,0.0,0.0,5,0.5,0.0,0.0,0.0,2,0.5,0.8350983358547656,0.721097322011757,0.7739221871713986,1531,0.8164726399787859,0.8343920741834796,0.8294205794205795,0.8292740349828436,4004,0.82237779760553,241302.22650837898
