Rep.,Kfold,Num. Vars.,Precision-Background,Recall-Background,F1_score_Background,Num. Obs. Background,AUC_Background,Precision-DoS,Recall-DoS,F1_score_DoS,Num. Obs. Dos,AUC_DoS,Precision-Botnet,Recall-Botnet,F1_score_Botnet,Num. Obs. Botnet,AUC_Botnet,Precision-Scan,Recall-Scan,F1_score_Scan,Num. Obs. Scan,AUC_Scan,Precision-SSHscan,Recall-SSHscan,F1_score_SSHscan,Num. Obs. SSHscan,AUC_SSHscan,Precision-UDPscan,Recall-UDPscan,F1_score_UDPscan,Num. Obs. UDPscan,AUC_UDPscan,Precision-Spam,Recall-Spam,F1_score_Spam,Num. Obs. Spam,AUC_Spam,Precision-w,Recall-w,F1_score_w,Total Obs.,AUC_w,Time
16,5,88,0.820815970539781,0.9069493521790342,0.8617356801302269,9339,0.8149312923041132,0.978021978021978,0.8516746411483254,0.9104859335038363,209,0.9257107623257288,0.9695431472081218,0.8883720930232558,0.9271844660194175,215,0.943996137035145,0.9891304347826086,0.9191919191919192,0.9528795811518325,99,0.9595645387450829,0.0,0.0,0.0,20,0.5,1.0,0.5,0.6666666666666666,8,0.75,0.8409001956947162,0.7018948056190787,0.7651353276353275,6122,0.8098452794526132,0.8326488652269476,0.8263177616787409,0.8257065091608485,16012,0.8166341336348619,274416.8569147587
