Rep.,Kfold,Num. Vars.,Precision-Background,Recall-Background,F1_score_Background,Num. Obs. Background,AUC_Background,Precision-DoS,Recall-DoS,F1_score_DoS,Num. Obs. Dos,AUC_DoS,Precision-Botnet,Recall-Botnet,F1_score_Botnet,Num. Obs. Botnet,AUC_Botnet,Precision-Scan,Recall-Scan,F1_score_Scan,Num. Obs. Scan,AUC_Scan,Precision-SSHscan,Recall-SSHscan,F1_score_SSHscan,Num. Obs. SSHscan,AUC_SSHscan,Precision-UDPscan,Recall-UDPscan,F1_score_UDPscan,Num. Obs. UDPscan,AUC_UDPscan,Precision-Spam,Recall-Spam,F1_score_Spam,Num. Obs. Spam,AUC_Spam,Precision-w,Recall-w,F1_score_w,Total Obs.,AUC_w,Time
12,2,87,0.818823074693207,0.9073776635614091,0.8608289313287282,9339,0.813197298737096,0.9834254143646409,0.8516746411483254,0.9128205128205128,209,0.9257424018878373,0.9651741293532339,0.9023255813953488,0.9326923076923077,215,0.9509412296417776,1.0,0.898989898989899,0.9468085106382979,99,0.9494949494949495,0.0,0.0,0.0,19,0.5,1.0,0.6666666666666666,0.8,9,0.8333333333333333,0.8450118764845606,0.6973211368833715,0.7640952210488634,6122,0.8090751286034652,0.8332000844248998,0.825006245316013,0.8249634467166287,16012,0.8154221856472454,272268.9311954975
