Rep.,Kfold,Num. Vars.,Precision-Background,Recall-Background,F1_score_Background,Num. Obs. Background,AUC_Background,Precision-DoS,Recall-DoS,F1_score_DoS,Num. Obs. Dos,AUC_DoS,Precision-Botnet,Recall-Botnet,F1_score_Botnet,Num. Obs. Botnet,AUC_Botnet,Precision-Scan,Recall-Scan,F1_score_Scan,Num. Obs. Scan,AUC_Scan,Precision-SSHscan,Recall-SSHscan,F1_score_SSHscan,Num. Obs. SSHscan,AUC_SSHscan,Precision-UDPscan,Recall-UDPscan,F1_score_UDPscan,Num. Obs. UDPscan,AUC_UDPscan,Precision-Spam,Recall-Spam,F1_score_Spam,Num. Obs. Spam,AUC_Spam,Precision-w,Recall-w,F1_score_w,Total Obs.,AUC_w,Time
13,4,107,0.8238206173558532,0.9087696755541278,0.8642126164655568,9339,0.8184094107467971,0.9886363636363636,0.8325358851674641,0.9038961038961039,209,0.9162046674635094,0.9753694581280788,0.9209302325581395,0.9473684210526316,215,0.9603068683995913,1.0,0.91,0.9528795811518325,100,0.9550000000000001,0.0,0.0,0.0,19,0.5,1.0,0.5555555555555556,0.7142857142857143,9,0.7777777777777778,0.8437317784256559,0.7090819993466188,0.7705689180793468,6122,0.8138979908774343,0.8358406373887289,0.8303253606444764,0.829489762532814,16013,0.8203185998452368,102794.28223371506
