Rep.,Kfold,Num. Vars.,Precision-Background,Recall-Background,F1_score_Background,Num. Obs. Background,AUC_Background,Precision-DoS,Recall-DoS,F1_score_DoS,Num. Obs. Dos,AUC_DoS,Precision-Botnet,Recall-Botnet,F1_score_Botnet,Num. Obs. Botnet,AUC_Botnet,Precision-Scan,Recall-Scan,F1_score_Scan,Num. Obs. Scan,AUC_Scan,Precision-SSHscan,Recall-SSHscan,F1_score_SSHscan,Num. Obs. SSHscan,AUC_SSHscan,Precision-UDPscan,Recall-UDPscan,F1_score_UDPscan,Num. Obs. UDPscan,AUC_UDPscan,Precision-Spam,Recall-Spam,F1_score_Spam,Num. Obs. Spam,AUC_Spam,Precision-w,Recall-w,F1_score_w,Total Obs.,AUC_w,Time
3,2,97,0.8259223300970874,0.910813704496788,0.8662932790224032,9340,0.8210393462531902,0.9888268156424581,0.8509615384615384,0.9147286821705426,208,0.9254174941105464,0.9660194174757282,0.9255813953488372,0.9453681710213776,215,0.9625691366185218,1.0,0.898989898989899,0.9468085106382979,99,0.9494949494949495,0.0,0.0,0.0,19,0.5,1.0,0.5555555555555556,0.7142857142857143,9,0.7777777777777778,0.8492879746835443,0.70140476968311,0.7682948649132224,6122,0.8121786234664287,0.8390473205427408,0.828815888083937,0.8299001202667264,16012,0.8212967917820541,163174.4075908661
