Rep.,Kfold,Num. Vars.,Precision-Background,Recall-Background,F1_score_Background,Num. Obs. Background,AUC_Background,Precision-DoS,Recall-DoS,F1_score_DoS,Num. Obs. Dos,AUC_DoS,Precision-Botnet,Recall-Botnet,F1_score_Botnet,Num. Obs. Botnet,AUC_Botnet,Precision-Scan,Recall-Scan,F1_score_Scan,Num. Obs. Scan,AUC_Scan,Precision-SSHscan,Recall-SSHscan,F1_score_SSHscan,Num. Obs. SSHscan,AUC_SSHscan,Precision-UDPscan,Recall-UDPscan,F1_score_UDPscan,Num. Obs. UDPscan,AUC_UDPscan,Precision-Spam,Recall-Spam,F1_score_Spam,Num. Obs. Spam,AUC_Spam,Precision-w,Recall-w,F1_score_w,Total Obs.,AUC_w,Time
1,3,98,0.8246690031152648,0.9070564300246279,0.8639029116312273,9339,0.8185814144728265,0.9832402234636871,0.8421052631578947,0.9072164948453608,209,0.920957712892622,0.9705882352941176,0.9209302325581395,0.9451073985680192,215,0.9602752068025869,1.0,0.9090909090909091,0.9523809523809523,99,0.9545454545454546,0.0,0.0,0.0,20,0.5,1.0,0.6666666666666666,0.8,9,0.8333333333333333,0.8415226257525733,0.7078908675053096,0.768944099378882,6121,0.8126958128851997,0.8352933730712655,0.8290032475643268,0.8286902433439101,16012,0.8200213734629745,208755.32656931877
