Rep.,Kfold,Num. Vars.,Precision-Background,Recall-Background,F1_score_Background,Num. Obs. Background,AUC_Background,Precision-DoS,Recall-DoS,F1_score_DoS,Num. Obs. Dos,AUC_DoS,Precision-Botnet,Recall-Botnet,F1_score_Botnet,Num. Obs. Botnet,AUC_Botnet,Precision-Scan,Recall-Scan,F1_score_Scan,Num. Obs. Scan,AUC_Scan,Precision-SSHscan,Recall-SSHscan,F1_score_SSHscan,Num. Obs. SSHscan,AUC_SSHscan,Precision-UDPscan,Recall-UDPscan,F1_score_UDPscan,Num. Obs. UDPscan,AUC_UDPscan,Precision-Spam,Recall-Spam,F1_score_Spam,Num. Obs. Spam,AUC_Spam,Precision-w,Recall-w,F1_score_w,Total Obs.,AUC_w,Time
6,4,89,0.8244245025360906,0.9049250535331905,0.8628011433238056,2335,0.817489521367675,0.9772727272727273,0.8269230769230769,0.8958333333333334,52,0.9133349561830575,0.9423076923076923,0.9074074074074074,0.9245283018867925,54,0.9533237644939773,0.9090909090909091,0.8333333333333334,0.8695652173913043,24,0.916415284062343,0.0,0.0,0.0,5,0.5,1.0,0.5,0.6666666666666666,2,0.75,0.84399375975039,0.7071895424836602,0.7695590327169276,1530,0.813141696808173,0.8350481371466385,0.8265867066466767,0.8272805472023814,4002,0.8190683898879849,203814.40015983582
