Rep.,Kfold,Num. Vars.,Precision-Background,Recall-Background,F1_score_Background,Num. Obs. Background,AUC_Background,Precision-DoS,Recall-DoS,F1_score_DoS,Num. Obs. Dos,AUC_DoS,Precision-Botnet,Recall-Botnet,F1_score_Botnet,Num. Obs. Botnet,AUC_Botnet,Precision-Scan,Recall-Scan,F1_score_Scan,Num. Obs. Scan,AUC_Scan,Precision-SSHscan,Recall-SSHscan,F1_score_SSHscan,Num. Obs. SSHscan,AUC_SSHscan,Precision-UDPscan,Recall-UDPscan,F1_score_UDPscan,Num. Obs. UDPscan,AUC_UDPscan,Precision-Spam,Recall-Spam,F1_score_Spam,Num. Obs. Spam,AUC_Spam,Precision-w,Recall-w,F1_score_w,Total Obs.,AUC_w,Time
6,5,95,0.8156771439658518,0.9005998286203942,0.8560374669110162,2334,0.8079138231830988,0.9361702127659575,0.8301886792452831,0.88,53,0.9147144966244141,0.9795918367346939,0.8888888888888888,0.9320388349514563,54,0.9443177980412023,1.0,0.96,0.9795918367346939,25,0.98,0.0,0.0,0.0,4,0.5,0.6666666666666666,1.0,0.8,2,0.9998750000000001,0.8275862068965517,0.7058823529411765,0.7619047619047619,1530,0.8074314677327242,0.8242992664571775,0.8245877061469266,0.8212807662394661,4002,0.8118475233272713,252479.61075615883
