Rep.,Kfold,Num. Vars.,Precision-Background,Recall-Background,F1_score_Background,Num. Obs. Background,AUC_Background,Precision-DoS,Recall-DoS,F1_score_DoS,Num. Obs. Dos,AUC_DoS,Precision-Botnet,Recall-Botnet,F1_score_Botnet,Num. Obs. Botnet,AUC_Botnet,Precision-Scan,Recall-Scan,F1_score_Scan,Num. Obs. Scan,AUC_Scan,Precision-SSHscan,Recall-SSHscan,F1_score_SSHscan,Num. Obs. SSHscan,AUC_SSHscan,Precision-UDPscan,Recall-UDPscan,F1_score_UDPscan,Num. Obs. UDPscan,AUC_UDPscan,Precision-Spam,Recall-Spam,F1_score_Spam,Num. Obs. Spam,AUC_Spam,Precision-w,Recall-w,F1_score_w,Total Obs.,AUC_w,Time
1,2,87,0.8217348927875243,0.9027733162008781,0.8603500178580541,9339,0.8143623848010684,0.9675675675675676,0.8564593301435407,0.9086294416243655,209,0.9280398397111022,0.97,0.9023255813953488,0.9349397590361446,215,0.9509728932423003,1.0,0.88,0.9361702127659575,100,0.94,0.0,0.0,0.0,19,0.5,1.0,0.6666666666666666,0.8,9,0.8333333333333333,0.8387914230019493,0.702874877491016,0.764841805901173,6122,0.8096317568124375,0.8323883642654246,0.8243926809467308,0.824886215904091,16013,0.8162939752332252,224603.6685731411
