Rep.,Kfold,Num. Vars.,Precision-Background,Recall-Background,F1_score_Background,Num. Obs. Background,AUC_Background,Precision-DoS,Recall-DoS,F1_score_DoS,Num. Obs. Dos,AUC_DoS,Precision-Botnet,Recall-Botnet,F1_score_Botnet,Num. Obs. Botnet,AUC_Botnet,Precision-Scan,Recall-Scan,F1_score_Scan,Num. Obs. Scan,AUC_Scan,Precision-SSHscan,Recall-SSHscan,F1_score_SSHscan,Num. Obs. SSHscan,AUC_SSHscan,Precision-UDPscan,Recall-UDPscan,F1_score_UDPscan,Num. Obs. UDPscan,AUC_UDPscan,Precision-Spam,Recall-Spam,F1_score_Spam,Num. Obs. Spam,AUC_Spam,Precision-w,Recall-w,F1_score_w,Total Obs.,AUC_w,Time
17,3,92,0.819480644849889,0.9089838312453153,0.8619149152198193,9339,0.8143960211066253,0.9775280898876404,0.8325358851674641,0.8992248062015503,209,0.9161413923432866,0.9701492537313433,0.9027777777777778,0.9352517985611511,216,0.9511989794124059,1.0,0.898989898989899,0.9468085106382979,99,0.9494949494949495,0.0,0.0,0.0,19,0.5,1.0,0.5555555555555556,0.7142857142857143,9,0.7777777777777778,0.8444709626093875,0.6935641947076119,0.7616143497757848,6122,0.8072512106891614,0.8333751692337645,0.824205333166802,0.8244639623763406,16013,0.8152793907142101,222301.44857740402
