Rep.,Kfold,Num. Vars.,Precision-Background,Recall-Background,F1_score_Background,Num. Obs. Background,AUC_Background,Precision-DoS,Recall-DoS,F1_score_DoS,Num. Obs. Dos,AUC_DoS,Precision-Botnet,Recall-Botnet,F1_score_Botnet,Num. Obs. Botnet,AUC_Botnet,Precision-Scan,Recall-Scan,F1_score_Scan,Num. Obs. Scan,AUC_Scan,Precision-SSHscan,Recall-SSHscan,F1_score_SSHscan,Num. Obs. SSHscan,AUC_SSHscan,Precision-UDPscan,Recall-UDPscan,F1_score_UDPscan,Num. Obs. UDPscan,AUC_UDPscan,Precision-Spam,Recall-Spam,F1_score_Spam,Num. Obs. Spam,AUC_Spam,Precision-w,Recall-w,F1_score_w,Total Obs.,AUC_w,Time
19,4,96,0.8237410071942446,0.9072705857158154,0.8634904458598726,9339,0.8178097010089416,0.9831460674157303,0.8373205741626795,0.9043927648578811,209,0.9185653744010056,0.964824120603015,0.8888888888888888,0.925301204819277,216,0.9442228833885478,1.0,0.8686868686868687,0.9297297297297298,99,0.9343434343434344,0.0,0.0,0.0,19,0.5,1.0,0.6666666666666666,0.8,9,0.8333333333333333,0.8431450019755038,0.6971577915713819,0.763233190271817,6122,0.8084413970494662,0.835354431175996,0.8243302316867546,0.8258775529925008,16013,0.8176004082009038,249624.26182365417
