Rep.,Kfold,Num. Vars.,Precision-Background,Recall-Background,F1_score_Background,Num. Obs. Background,AUC_Background,Precision-DoS,Recall-DoS,F1_score_DoS,Num. Obs. Dos,AUC_DoS,Precision-Botnet,Recall-Botnet,F1_score_Botnet,Num. Obs. Botnet,AUC_Botnet,Precision-Scan,Recall-Scan,F1_score_Scan,Num. Obs. Scan,AUC_Scan,Precision-SSHscan,Recall-SSHscan,F1_score_SSHscan,Num. Obs. SSHscan,AUC_SSHscan,Precision-UDPscan,Recall-UDPscan,F1_score_UDPscan,Num. Obs. UDPscan,AUC_UDPscan,Precision-Spam,Recall-Spam,F1_score_Spam,Num. Obs. Spam,AUC_Spam,Precision-w,Recall-w,F1_score_w,Total Obs.,AUC_w,Time
3,1,102,0.8161849710982659,0.9070663811563169,0.8592292089249494,2335,0.810461804855303,0.88,0.8461538461538461,0.8627450980392156,52,0.9223174294060371,0.9777777777777777,0.8301886792452831,0.8979591836734695,53,0.9149677252898991,0.8518518518518519,0.92,0.8846153846153846,25,0.9594971083731455,0.0,0.0,0.0,5,0.5,0.5,0.5,0.5,2,0.749875,0.8366064414768264,0.696078431372549,0.759900107028184,1530,0.8059680182752713,0.8260065670895836,0.8233383308345827,0.8207189737733623,4002,0.8120940419233145,265452.4832315445
