Rep.,Kfold,Num. Vars.,Precision-Background,Recall-Background,F1_score_Background,Num. Obs. Background,AUC_Background,Precision-DoS,Recall-DoS,F1_score_DoS,Num. Obs. Dos,AUC_DoS,Precision-Botnet,Recall-Botnet,F1_score_Botnet,Num. Obs. Botnet,AUC_Botnet,Precision-Scan,Recall-Scan,F1_score_Scan,Num. Obs. Scan,AUC_Scan,Precision-SSHscan,Recall-SSHscan,F1_score_SSHscan,Num. Obs. SSHscan,AUC_SSHscan,Precision-UDPscan,Recall-UDPscan,F1_score_UDPscan,Num. Obs. UDPscan,AUC_UDPscan,Precision-Spam,Recall-Spam,F1_score_Spam,Num. Obs. Spam,AUC_Spam,Precision-w,Recall-w,F1_score_w,Total Obs.,AUC_w,Time
17,2,77,0.821034282393957,0.9077087794432548,0.8621987186006305,9340,0.8153859347538468,0.988950276243094,0.8605769230769231,0.9203084832904884,208,0.9302251904217264,0.9646464646464646,0.8883720930232558,0.9249394673123487,215,0.943964499480358,0.9896907216494846,0.96,0.9746192893401014,100,0.9799685791491233,0.0,0.0,0.0,19,0.5,1.0,0.6666666666666666,0.8,9,0.8333333333333333,0.8451459201905897,0.6953609931394968,0.7629715924365983,6122,0.8082507119170338,0.8345415125516049,0.8247673765065884,0.8255040404394761,16013,0.8165397835426165,208708.5678448677
