Rep.,Kfold,Num. Vars.,Precision-Background,Recall-Background,F1_score_Background,Num. Obs. Background,AUC_Background,Precision-DoS,Recall-DoS,F1_score_DoS,Num. Obs. Dos,AUC_DoS,Precision-Botnet,Recall-Botnet,F1_score_Botnet,Num. Obs. Botnet,AUC_Botnet,Precision-Scan,Recall-Scan,F1_score_Scan,Num. Obs. Scan,AUC_Scan,Precision-SSHscan,Recall-SSHscan,F1_score_SSHscan,Num. Obs. SSHscan,AUC_SSHscan,Precision-UDPscan,Recall-UDPscan,F1_score_UDPscan,Num. Obs. UDPscan,AUC_UDPscan,Precision-Spam,Recall-Spam,F1_score_Spam,Num. Obs. Spam,AUC_Spam,Precision-w,Recall-w,F1_score_w,Total Obs.,AUC_w,Time
11,4,96,0.8240101177157311,0.9069493521790342,0.863492710775818,9339,0.8179487546031521,0.9833333333333333,0.84688995215311,0.910025706940874,209,0.923350063396221,0.9751243781094527,0.9116279069767442,0.9423076923076924,215,0.9556557056088936,1.0,0.89,0.9417989417989417,100,0.9450000000000001,0.0,0.0,0.0,19,0.5,1.0,0.7777777777777778,0.8750000000000001,9,0.8888888888888888,0.8430414386239249,0.7045083306109114,0.767574301477131,6122,0.8116617075155458,0.8356147245714782,0.8275775932055205,0.8279582039814559,16013,0.8192257873355855,275379.58160853386
