Rep.,Kfold,Num. Vars.,Precision-Background,Recall-Background,F1_score_Background,Num. Obs. Background,AUC_Background,Precision-DoS,Recall-DoS,F1_score_DoS,Num. Obs. Dos,AUC_DoS,Precision-Botnet,Recall-Botnet,F1_score_Botnet,Num. Obs. Botnet,AUC_Botnet,Precision-Scan,Recall-Scan,F1_score_Scan,Num. Obs. Scan,AUC_Scan,Precision-SSHscan,Recall-SSHscan,F1_score_SSHscan,Num. Obs. SSHscan,AUC_SSHscan,Precision-UDPscan,Recall-UDPscan,F1_score_UDPscan,Num. Obs. UDPscan,AUC_UDPscan,Precision-Spam,Recall-Spam,F1_score_Spam,Num. Obs. Spam,AUC_Spam,Precision-w,Recall-w,F1_score_w,Total Obs.,AUC_w,Time
20,2,84,0.8182874854707478,0.9048843187660668,0.85940996948118,2334,0.8118546294070141,0.9361702127659575,0.8461538461538461,0.8888888888888888,52,0.9226971762414801,0.9230769230769231,0.8888888888888888,0.9056603773584906,54,0.9439378588314759,0.9130434782608695,0.84,0.8749999999999999,25,0.9197485541865728,0.0,0.0,0.0,5,0.5,1.0,1.0,1.0,2,1.0,0.8269230769230769,0.7026143790849673,0.7597173144876325,1530,0.8057974808046195,0.8241950001618037,0.8250874562718641,0.8213976118277692,4002,0.8131397956179811,125798.5728533268
