Rep.,Kfold,Num. Vars.,Precision-Background,Recall-Background,F1_score_Background,Num. Obs. Background,AUC_Background,Precision-DoS,Recall-DoS,F1_score_DoS,Num. Obs. Dos,AUC_DoS,Precision-Botnet,Recall-Botnet,F1_score_Botnet,Num. Obs. Botnet,AUC_Botnet,Precision-Scan,Recall-Scan,F1_score_Scan,Num. Obs. Scan,AUC_Scan,Precision-SSHscan,Recall-SSHscan,F1_score_SSHscan,Num. Obs. SSHscan,AUC_SSHscan,Precision-UDPscan,Recall-UDPscan,F1_score_UDPscan,Num. Obs. UDPscan,AUC_UDPscan,Precision-Spam,Recall-Spam,F1_score_Spam,Num. Obs. Spam,AUC_Spam,Precision-w,Recall-w,F1_score_w,Total Obs.,AUC_w,Time
17,4,95,0.822429906542056,0.9044967880085653,0.8615133591678564,2335,0.8155577465222681,0.9347826086956522,0.8269230769230769,0.8775510204081632,52,0.913081887740202,0.9183673469387755,0.8333333333333334,0.8737864077669903,54,0.9161602093356969,0.9565217391304348,0.88,0.9166666666666666,25,0.9398743086978381,0.0,0.0,0.0,4,0.5,0.0,0.0,0.0,2,0.5,0.8366111951588502,0.7224036577400392,0.7753242201191728,1531,0.8175125084816701,0.8302121277614363,0.8313764676492631,0.8279762329269815,4003,0.8192327643764669,270247.22470641136
