Rep.,Kfold,Num. Vars.,Precision-Background,Recall-Background,F1_score_Background,Num. Obs. Background,AUC_Background,Precision-DoS,Recall-DoS,F1_score_DoS,Num. Obs. Dos,AUC_DoS,Precision-Botnet,Recall-Botnet,F1_score_Botnet,Num. Obs. Botnet,AUC_Botnet,Precision-Scan,Recall-Scan,F1_score_Scan,Num. Obs. Scan,AUC_Scan,Precision-SSHscan,Recall-SSHscan,F1_score_SSHscan,Num. Obs. SSHscan,AUC_SSHscan,Precision-UDPscan,Recall-UDPscan,F1_score_UDPscan,Num. Obs. UDPscan,AUC_UDPscan,Precision-Spam,Recall-Spam,F1_score_Spam,Num. Obs. Spam,AUC_Spam,Precision-w,Recall-w,F1_score_w,Total Obs.,AUC_w,Time
8,5,80,0.8183953033268102,0.8958868894601543,0.855389650235222,2334,0.8087712791631906,0.9512195121951219,0.75,0.8387096774193549,52,0.8747467713345151,0.94,0.8867924528301887,0.912621359223301,53,0.9430162872053679,0.9166666666666666,0.88,0.8979591836734694,25,0.9397484909456739,0.0,0.0,0.0,5,0.5,0.5,0.5,0.5,2,0.7498749687421856,0.8229007633587786,0.7045751633986929,0.7591549295774648,1530,0.8053430248397755,0.8228874999261483,0.8192951762059485,0.8181497877428161,4001,0.8104991629877902,217138.0803153515
