Rep.,Kfold,Num. Vars.,Precision-Background,Recall-Background,F1_score_Background,Num. Obs. Background,AUC_Background,Precision-DoS,Recall-DoS,F1_score_DoS,Num. Obs. Dos,AUC_DoS,Precision-Botnet,Recall-Botnet,F1_score_Botnet,Num. Obs. Botnet,AUC_Botnet,Precision-Scan,Recall-Scan,F1_score_Scan,Num. Obs. Scan,AUC_Scan,Precision-SSHscan,Recall-SSHscan,F1_score_SSHscan,Num. Obs. SSHscan,AUC_SSHscan,Precision-UDPscan,Recall-UDPscan,F1_score_UDPscan,Num. Obs. UDPscan,AUC_UDPscan,Precision-Spam,Recall-Spam,F1_score_Spam,Num. Obs. Spam,AUC_Spam,Precision-w,Recall-w,F1_score_w,Total Obs.,AUC_w,Time
14,5,79,0.8148148148148148,0.9044967880085653,0.8573168256545565,2335,0.8084497121588661,1.0,0.8076923076923077,0.8936170212765957,52,0.9038461538461539,0.9433962264150944,0.9259259259259259,0.9345794392523364,54,0.96258321612752,0.9130434782608695,0.84,0.8749999999999999,25,0.9197486805730082,0.0,0.0,0.0,5,0.5,1.0,0.5,0.6666666666666666,2,0.75,0.8404605263157895,0.6675375571521881,0.7440844557699309,1531,0.7945451635336356,0.8284483370541966,0.8111888111888111,0.8144784709906333,4004,0.8067312522343056,261302.04089856148
