Rep.,Kfold,Num. Vars.,Precision-Background,Recall-Background,F1_score_Background,Num. Obs. Background,AUC_Background,Precision-DoS,Recall-DoS,F1_score_DoS,Num. Obs. Dos,AUC_DoS,Precision-Botnet,Recall-Botnet,F1_score_Botnet,Num. Obs. Botnet,AUC_Botnet,Precision-Scan,Recall-Scan,F1_score_Scan,Num. Obs. Scan,AUC_Scan,Precision-SSHscan,Recall-SSHscan,F1_score_SSHscan,Num. Obs. SSHscan,AUC_SSHscan,Precision-UDPscan,Recall-UDPscan,F1_score_UDPscan,Num. Obs. UDPscan,AUC_UDPscan,Precision-Spam,Recall-Spam,F1_score_Spam,Num. Obs. Spam,AUC_Spam,Precision-w,Recall-w,F1_score_w,Total Obs.,AUC_w,Time
8,1,88,0.818076923076923,0.9109207708779443,0.8620060790273555,2335,0.8137587677038014,0.9411764705882353,0.9230769230769231,0.9320388349514563,52,0.9611589068825912,0.9807692307692307,0.9444444444444444,0.9622641509433962,54,0.9720956399437413,0.875,0.84,0.8571428571428572,25,0.9196230208595123,0.0,0.0,0.0,5,0.5,1.0,0.5,0.6666666666666666,2,0.75,0.8364197530864198,0.7080339647289353,0.7668906968517865,1531,0.8111540628335336,0.8283081848881246,0.8321678321678322,0.826694315619202,4004,0.8170498491565585,235262.52103471756
