Rep.,Kfold,Num. Vars.,Precision-Background,Recall-Background,F1_score_Background,Num. Obs. Background,AUC_Background,Precision-DoS,Recall-DoS,F1_score_DoS,Num. Obs. Dos,AUC_DoS,Precision-Botnet,Recall-Botnet,F1_score_Botnet,Num. Obs. Botnet,AUC_Botnet,Precision-Scan,Recall-Scan,F1_score_Scan,Num. Obs. Scan,AUC_Scan,Precision-SSHscan,Recall-SSHscan,F1_score_SSHscan,Num. Obs. SSHscan,AUC_SSHscan,Precision-UDPscan,Recall-UDPscan,F1_score_UDPscan,Num. Obs. UDPscan,AUC_UDPscan,Precision-Spam,Recall-Spam,F1_score_Spam,Num. Obs. Spam,AUC_Spam,Precision-w,Recall-w,F1_score_w,Total Obs.,AUC_w,Time
4,4,94,0.8270301964233363,0.9061998072598779,0.8648068669527897,9339,0.8204758964367725,0.9726775956284153,0.8516746411483254,0.9081632653061223,209,0.9256791227636203,0.9651741293532339,0.9023255813953488,0.9326923076923077,215,0.9509412296417776,0.9891304347826086,0.91,0.9479166666666667,100,0.9549685771744596,0.0,0.0,0.0,19,0.5,1.0,0.625,0.7692307692307693,8,0.8125,0.8405599844448766,0.7061417837308069,0.7675099866844208,6122,0.811614875687446,0.8360765880554969,0.8277541843617287,0.8285291000735364,16012,0.820668675026829,210269.45728564262
