Rep.,Kfold,Num. Vars.,Precision-Background,Recall-Background,F1_score_Background,Num. Obs. Background,AUC_Background,Precision-DoS,Recall-DoS,F1_score_DoS,Num. Obs. Dos,AUC_DoS,Precision-Botnet,Recall-Botnet,F1_score_Botnet,Num. Obs. Botnet,AUC_Botnet,Precision-Scan,Recall-Scan,F1_score_Scan,Num. Obs. Scan,AUC_Scan,Precision-SSHscan,Recall-SSHscan,F1_score_SSHscan,Num. Obs. SSHscan,AUC_SSHscan,Precision-UDPscan,Recall-UDPscan,F1_score_UDPscan,Num. Obs. UDPscan,AUC_UDPscan,Precision-Spam,Recall-Spam,F1_score_Spam,Num. Obs. Spam,AUC_Spam,Precision-w,Recall-w,F1_score_w,Total Obs.,AUC_w,Time
5,5,88,0.8237812591223119,0.906423982869379,0.8631289187949227,9340,0.8174955645761763,0.9779005524861878,0.8509615384615384,0.9100257069408739,208,0.9253542189903237,0.9748743718592965,0.9023255813953488,0.9371980676328503,215,0.9510045328006054,1.0,0.9090909090909091,0.9523809523809523,99,0.9545454545454546,0.0,0.0,0.0,19,0.5,1.0,0.7777777777777778,0.8750000000000001,9,0.8888888888888888,0.8397953158827003,0.6969944462593923,0.7617602427921092,6122,0.8073445436554797,0.8341459648328229,0.8244441668748439,0.8255098647132368,16012,0.8173189808582596,226855.3618900776
