{"C": 2.3649262422396418, "gamma": 0.002000804518505972}