{"C": 2.651252914728729, "gamma": 0.0020000000000000005}