{"C": 2.3475828264602248, "gamma": 0.002031436713090346}