{"C": 2.9370839093942145, "gamma": 0.0020000000000000005}