{"C": 3.6793048560092405, "gamma": 0.0020112605828096924}