{"C": 2.032622191775353, "gamma": 0.0020000000000000005}