{"C": 2.7822367525117397, "gamma": 0.0020000000000000005}