{"C": 2.956727992746684, "gamma": 0.0020000000000000005}