{"C": 1.5171099979299696, "gamma": 0.0020000000000000005}