{"C": 1.4944027150217178, "gamma": 0.0020000000000000005}