{"C": 2.0847127633879308, "gamma": 0.0020000000000000005}