{"C": 2.691177180852459, "gamma": 0.0020000000000000005}