{"C": 1.8132672505236287, "gamma": 0.0020000000000000005}