{"C": 2.22118510826103, "gamma": 0.0020000000000000005}