{"C": 2.6909389903543994, "gamma": 0.0020000000000000005}