{"C": 2.7935434299144433, "gamma": 0.0020000000000000005}