{"C": 1.655951715053557, "gamma": 0.0020000000000000005}