{"C": 1.6490312844030286, "gamma": 0.0020000000000000005}