{"C": 2.361332667932819, "gamma": 0.002002386495196844}