{"C": 1.7749542076830158, "gamma": 0.0020000000000000005}