{"C": 2.1748333391334786, "gamma": 0.0020000000000000005}