{"C": 3.030171044156975, "gamma": 0.0020000000000000005}