{"C": 2.2618842515123423, "gamma": 0.0020000000000000005}