{"C": 2.5669685103576874, "gamma": 0.0020000000000000005}