{"C": 2.2011845349602925, "gamma": 0.0020000000000000005}