{"C": 3.2361611316827825, "gamma": 0.0020000000000000005}