{"C": 1.9000547356874222, "gamma": 0.0020000000000000005}