{"C": 2.0428901025868695, "gamma": 0.0020000000000000005}