{"C": 1.3847991123514407, "gamma": 0.0020000000000000005}