{"C": 3.7990240851763675, "gamma": 0.0020000000000000005}