{"C": 3.136462611933784, "gamma": 0.0020000000000000005}