{"C": 2.3932835431880894, "gamma": 0.0020000000000000005}