{"C": 2.295955691686099, "gamma": 0.0020000000000000005}