{"C": 3.2407425233530334, "gamma": 0.0020000000000000005}