{"C": 1.640601423432735, "gamma": 0.0020000000000000005}