{"C": 2.598899865425253, "gamma": 0.0020000000000000005}