{"C": 2.166029131164782, "gamma": 0.0020000000000000005}