{"C": 1.7830414559761905, "gamma": 0.0020000000000000005}