{"C": 2.136791960874424, "gamma": 0.0020000000000000005}