{"C": 1.762967021089629, "gamma": 0.0020000000000000005}