{"C": 3.0310619623491117, "gamma": 0.0020000000000000005}