{"C": 2.652045161875664, "gamma": 0.0020000000000000005}