{"C": 2.170898648713207, "gamma": 0.0020000000000000005}