{"C": 2.7894695611034765, "gamma": 0.0020000000000000005}