{"C": 3.089491003600437, "gamma": 0.0020000000000000005}