{"C": 2.893648167617492, "gamma": 0.0020000000000000005}