{"C": 3.049136967430333, "gamma": 0.0020000000000000005}