{"C": 1.9260836114681086, "gamma": 0.0020000000000000005}