{"C": 3.3453392477478614, "gamma": 0.0020000000000000005}