Rep,Kfold,Num_Vars_,Precision_background,Recall_background,F1_score_background,Num_Obs_background,AUC_background,Precision_dos,Recall_dos,F1_score_dos,Num_Obs_dos,AUC_dos,Precision_nerisbotnet,Recall_nerisbotnet,F1_score_nerisbotnet,Num_Obs_nerisbotnet,AUC_nerisbotnet,Precision_scan,Recall_scan,F1_score_scan,Num_Obs_scan,AUC_scan,Precision_sshscan,Recall_sshscan,F1_score_sshscan,Num_Obs_sshscan,AUC_sshscan,Precision_udpscan,Recall_udpscan,F1_score_udpscan,Num_Obs_udpscan,AUC_udpscan,Precision_spam,Recall_spam,F1_score_spam,Num_Obs_spam,AUC_spam,Precision_w,Recall_w,F1_score_w,Total_Obs,AUC_w,Time
12.0,5.0,86.0,0.8362877997914494,0.9328680624792289,0.8819417170685726,6018.0,0.806509700622618,0.9466666666666667,0.8554216867469879,0.8987341772151898,83.0,0.9274974189790857,0.970873786407767,0.8403361344537815,0.9009009009009008,119.0,0.9200073816350322,0.9655172413793104,0.8,0.8750000000000001,35.0,0.8999469158084722,0.0,0.0,0.0,5.0,0.5,0.0,0.0,0.0,2.0,0.4999471011426153,0.8444269397400551,0.6716791979949874,0.7482114814168557,3192.0,0.8043001547304864,0.8415581963358719,0.8416543262111276,0.8364970854577259,9454.0,0.8083734580803937,244711.64415979385
