Rep,Kfold,Num_Vars_,Precision_background,Recall_background,F1_score_background,Num_Obs_background,AUC_background,Precision_dos,Recall_dos,F1_score_dos,Num_Obs_dos,AUC_dos,Precision_nerisbotnet,Recall_nerisbotnet,F1_score_nerisbotnet,Num_Obs_nerisbotnet,AUC_nerisbotnet,Precision_scan,Recall_scan,F1_score_scan,Num_Obs_scan,AUC_scan,Precision_sshscan,Recall_sshscan,F1_score_sshscan,Num_Obs_sshscan,AUC_sshscan,Precision_udpscan,Recall_udpscan,F1_score_udpscan,Num_Obs_udpscan,AUC_udpscan,Precision_spam,Recall_spam,F1_score_spam,Num_Obs_spam,AUC_spam,Precision_w,Recall_w,F1_score_w,Total_Obs,AUC_w,Time
9.0,2.0,79.0,0.8443703591453251,0.9258889996676637,0.8832527542204961,6018.0,0.8135844067564614,0.987012987012987,0.9047619047619048,0.9440993788819876,84.0,0.9523276019754893,0.9611650485436893,0.8319327731092437,0.8918918918918919,119.0,0.9157521849909506,1.0,0.8857142857142857,0.9393939393939393,35.0,0.9428571428571428,0.0,0.0,0.0,6.0,0.5,1.0,0.5,0.6666666666666666,2.0,0.75,0.8269729529455354,0.6992481203007519,0.7577660838567306,3192.0,0.8123475595118064,0.8413077642580907,0.8471869712351946,0.8411438260091977,9456.0,0.815951184264164,230615.99182629585
