Rep,Kfold,Num_Vars_,Precision_background,Recall_background,F1_score_background,Num_Obs_background,AUC_background,Precision_dos,Recall_dos,F1_score_dos,Num_Obs_dos,AUC_dos,Precision_nerisbotnet,Recall_nerisbotnet,F1_score_nerisbotnet,Num_Obs_nerisbotnet,AUC_nerisbotnet,Precision_scan,Recall_scan,F1_score_scan,Num_Obs_scan,AUC_scan,Precision_sshscan,Recall_sshscan,F1_score_sshscan,Num_Obs_sshscan,AUC_sshscan,Precision_udpscan,Recall_udpscan,F1_score_udpscan,Num_Obs_udpscan,AUC_udpscan,Precision_spam,Recall_spam,F1_score_spam,Num_Obs_spam,AUC_spam,Precision_w,Recall_w,F1_score_w,Total_Obs,AUC_w,Time
16.0,2.0,82.0,0.8345987792169123,0.9315387171817879,0.8804083235178641,6018.0,0.8041928606269614,0.9864864864864865,0.8690476190476191,0.9240506329113924,84.0,0.9344704591183465,0.990909090909091,0.9159663865546218,0.9519650655021833,119.0,0.9579296428863929,0.9375,0.8571428571428571,0.8955223880597014,35.0,0.9284652827270385,0.0,0.0,0.0,5.0,0.5,0.0,0.0,0.0,2.0,0.5,0.8333988212180746,0.6642655809583464,0.7392819797838969,3193.0,0.7982831976322947,0.8372729945177387,0.8395727580372251,0.8334467038834492,9456.0,0.8055241451203298,238865.24702501297
