Rep,Kfold,Num_Vars_,Precision_background,Recall_background,F1_score_background,Num_Obs_background,AUC_background,Precision_dos,Recall_dos,F1_score_dos,Num_Obs_dos,AUC_dos,Precision_nerisbotnet,Recall_nerisbotnet,F1_score_nerisbotnet,Num_Obs_nerisbotnet,AUC_nerisbotnet,Precision_scan,Recall_scan,F1_score_scan,Num_Obs_scan,AUC_scan,Precision_sshscan,Recall_sshscan,F1_score_sshscan,Num_Obs_sshscan,AUC_sshscan,Precision_udpscan,Recall_udpscan,F1_score_udpscan,Num_Obs_udpscan,AUC_udpscan,Precision_spam,Recall_spam,F1_score_spam,Num_Obs_spam,AUC_spam,Precision_w,Recall_w,F1_score_w,Total_Obs,AUC_w,Time
15.0,5.0,81.0,0.8336804522463552,0.9312063808574277,0.8797488226059653,6018.0,0.8029140169712051,0.9857142857142858,0.8214285714285714,0.8961038961038961,84.0,0.9106609239213295,0.9907407407407407,0.9067796610169492,0.9469026548672566,118.0,0.9533362743816537,0.9655172413793104,0.8,0.8750000000000001,35.0,0.8999469158084722,0.0,0.0,0.0,5.0,0.5,0.0,0.0,0.0,2.0,0.5,0.8358326756116812,0.6635338345864662,0.7397834439399231,3192.0,0.7985506924449418,0.8375891022875753,0.8383752908821662,0.8328061569754598,9454.0,0.8044105885822606,238058.7071106434
