Rep,Kfold,Num_Vars_,Precision_background,Recall_background,F1_score_background,Num_Obs_background,AUC_background,Precision_dos,Recall_dos,F1_score_dos,Num_Obs_dos,AUC_dos,Precision_nerisbotnet,Recall_nerisbotnet,F1_score_nerisbotnet,Num_Obs_nerisbotnet,AUC_nerisbotnet,Precision_scan,Recall_scan,F1_score_scan,Num_Obs_scan,AUC_scan,Precision_sshscan,Recall_sshscan,F1_score_sshscan,Num_Obs_sshscan,AUC_sshscan,Precision_udpscan,Recall_udpscan,F1_score_udpscan,Num_Obs_udpscan,AUC_udpscan,Precision_spam,Recall_spam,F1_score_spam,Num_Obs_spam,AUC_spam,Precision_w,Recall_w,F1_score_w,Total_Obs,AUC_w,Time
8.0,3.0,90.0,0.834755276156264,0.9267198404785643,0.8783368769194424,6018.0,0.8026612302829503,0.9859154929577465,0.8433734939759037,0.9090909090909092,83.0,0.9216333851949956,0.99,0.8389830508474576,0.9082568807339448,118.0,0.9194379635597759,0.9666666666666667,0.8055555555555556,0.8787878787878789,36.0,0.9027246823121304,0.0,0.0,0.0,5.0,0.5,0.0,0.0,0.0,1.0,0.5,0.8232169954476479,0.6798245614035088,0.7446808510638298,3192.0,0.8026977782261115,0.8340967827454546,0.8404739236221306,0.8332929041483619,9453.0,0.8053648504363714,227682.08114123344
