Rep,Kfold,Num_Vars_,Precision_background,Recall_background,F1_score_background,Num_Obs_background,AUC_background,Precision_dos,Recall_dos,F1_score_dos,Num_Obs_dos,AUC_dos,Precision_nerisbotnet,Recall_nerisbotnet,F1_score_nerisbotnet,Num_Obs_nerisbotnet,AUC_nerisbotnet,Precision_scan,Recall_scan,F1_score_scan,Num_Obs_scan,AUC_scan,Precision_sshscan,Recall_sshscan,F1_score_sshscan,Num_Obs_sshscan,AUC_sshscan,Precision_udpscan,Recall_udpscan,F1_score_udpscan,Num_Obs_udpscan,AUC_udpscan,Precision_spam,Recall_spam,F1_score_spam,Num_Obs_spam,AUC_spam,Precision_w,Recall_w,F1_score_w,Total_Obs,AUC_w,Time
8.0,1.0,90.0,0.8390324025683141,0.9336989032901296,0.8838379866299646,6018.0,0.810072255600853,0.922077922077922,0.8452380952380952,0.8819875776397517,84.0,0.9222989451862693,0.9428571428571428,0.8319327731092437,0.8839285714285715,119.0,0.9156450842091147,0.9047619047619048,0.5428571428571428,0.6785714285714285,35.0,0.7713224255841812,0.0,0.0,0.0,6.0,0.5,0.5,0.5,0.5,2.0,0.7499471123334038,0.840064620355412,0.6516290726817042,0.7339449541284403,3192.0,0.7942053409385533,0.8410643484509097,0.8342851099830795,0.8318225204778815,9456.0,0.806688804781984,236343.48251461983
