Rep,Kfold,Num_Vars_,Precision_background,Recall_background,F1_score_background,Num_Obs_background,AUC_background,Precision_dos,Recall_dos,F1_score_dos,Num_Obs_dos,AUC_dos,Precision_nerisbotnet,Recall_nerisbotnet,F1_score_nerisbotnet,Num_Obs_nerisbotnet,AUC_nerisbotnet,Precision_scan,Recall_scan,F1_score_scan,Num_Obs_scan,AUC_scan,Precision_sshscan,Recall_sshscan,F1_score_sshscan,Num_Obs_sshscan,AUC_sshscan,Precision_udpscan,Recall_udpscan,F1_score_udpscan,Num_Obs_udpscan,AUC_udpscan,Precision_spam,Recall_spam,F1_score_spam,Num_Obs_spam,AUC_spam,Precision_w,Recall_w,F1_score_w,Total_Obs,AUC_w,Time
2.0,5.0,86.0,0.8266199649737302,0.9411764705882353,0.8801864801864802,6018.0,0.7977127987399849,1.0,0.9397590361445783,0.9689440993788819,83.0,0.9698795180722892,0.9724770642201835,0.8907563025210085,0.9298245614035089,119.0,0.9452174656686456,0.9642857142857143,0.7714285714285715,0.8571428571428572,35.0,0.8856612015227578,0.0,0.0,0.0,5.0,0.5,1.0,0.5,0.6666666666666666,2.0,0.75,0.8476075593084037,0.6604010025062657,0.742384222574397,3192.0,0.7999386040956751,0.8371733709717089,0.8445102602073197,0.8344676848538725,9454.0,0.8019905508312344,245630.74209618568
