Rep,Kfold,Num_Vars_,Precision_background,Recall_background,F1_score_background,Num_Obs_background,AUC_background,Precision_dos,Recall_dos,F1_score_dos,Num_Obs_dos,AUC_dos,Precision_nerisbotnet,Recall_nerisbotnet,F1_score_nerisbotnet,Num_Obs_nerisbotnet,AUC_nerisbotnet,Precision_scan,Recall_scan,F1_score_scan,Num_Obs_scan,AUC_scan,Precision_sshscan,Recall_sshscan,F1_score_sshscan,Num_Obs_sshscan,AUC_sshscan,Precision_udpscan,Recall_udpscan,F1_score_udpscan,Num_Obs_udpscan,AUC_udpscan,Precision_spam,Recall_spam,F1_score_spam,Num_Obs_spam,AUC_spam,Precision_w,Recall_w,F1_score_w,Total_Obs,AUC_w,Time
17.0,3.0,78.0,0.8303703703703704,0.9313725490196079,0.8779761904761906,6018.0,0.7991650412346439,0.9746835443037974,0.9166666666666666,0.9447852760736196,84.0,0.9582266325224071,0.9907407407407407,0.8991596638655462,0.9427312775330395,119.0,0.9495262815418551,0.9375,0.8571428571428571,0.8955223880597014,35.0,0.9284652827270385,0.0,0.0,0.0,5.0,0.5,1.0,0.5,0.6666666666666666,2.0,0.75,0.8284502698535081,0.6730347635452553,0.7426991532745809,3193.0,0.800991276072484,0.8330155104061767,0.8427453468697124,0.8332617082089139,9456.0,0.8033969238769392,218924.83123517036
