Rep,Kfold,Num_Vars_,Precision_background,Recall_background,F1_score_background,Num_Obs_background,AUC_background,Precision_dos,Recall_dos,F1_score_dos,Num_Obs_dos,AUC_dos,Precision_nerisbotnet,Recall_nerisbotnet,F1_score_nerisbotnet,Num_Obs_nerisbotnet,AUC_nerisbotnet,Precision_scan,Recall_scan,F1_score_scan,Num_Obs_scan,AUC_scan,Precision_sshscan,Recall_sshscan,F1_score_sshscan,Num_Obs_sshscan,AUC_sshscan,Precision_udpscan,Recall_udpscan,F1_score_udpscan,Num_Obs_udpscan,AUC_udpscan,Precision_spam,Recall_spam,F1_score_spam,Num_Obs_spam,AUC_spam,Precision_w,Recall_w,F1_score_w,Total_Obs,AUC_w,Time
7.0,3.0,88.0,0.8354392745651851,0.9337099185911281,0.8818452847952298,6019.0,0.8057664843246677,0.9615384615384616,0.9036144578313253,0.9316770186335404,83.0,0.9516471776992735,0.9818181818181818,0.907563025210084,0.9432314410480349,119.0,0.9536744003514003,0.9310344827586207,0.7714285714285715,0.8437500000000001,35.0,0.8856081286017591,0.0,0.0,0.0,5.0,0.5,1.0,0.5,0.6666666666666666,2.0,0.75,0.837454398054317,0.6472431077694235,0.7301643399893974,3192.0,0.7916081417818857,0.8390157266036845,0.8352194606028557,0.8311950988676127,9455.0,0.8042508632056978,233519.56689023972
