Rep,Kfold,Num_Vars_,Precision_background,Recall_background,F1_score_background,Num_Obs_background,AUC_background,Precision_dos,Recall_dos,F1_score_dos,Num_Obs_dos,AUC_dos,Precision_nerisbotnet,Recall_nerisbotnet,F1_score_nerisbotnet,Num_Obs_nerisbotnet,AUC_nerisbotnet,Precision_scan,Recall_scan,F1_score_scan,Num_Obs_scan,AUC_scan,Precision_sshscan,Recall_sshscan,F1_score_sshscan,Num_Obs_sshscan,AUC_sshscan,Precision_udpscan,Recall_udpscan,F1_score_udpscan,Num_Obs_udpscan,AUC_udpscan,Precision_spam,Recall_spam,F1_score_spam,Num_Obs_spam,AUC_spam,Precision_w,Recall_w,F1_score_w,Total_Obs,AUC_w,Time
15.0,3.0,82.0,0.8344950318849177,0.9350282485875706,0.8819058067549566,6018.0,0.8051632368919814,0.9473684210526315,0.8674698795180723,0.9056603773584905,83.0,0.9335215381371839,0.970873786407767,0.8403361344537815,0.9009009009009008,119.0,0.920007398846428,0.9354838709677419,0.8285714285714286,0.8787878787878788,35.0,0.9141795571731879,0.0,0.0,0.0,6.0,0.5,0.0,0.0,0.0,2.0,0.5,0.8395303326810176,0.6719924812030075,0.7464764224812946,3192.0,0.8032643229901354,0.8385700072781604,0.8432575356953993,0.835874826007103,9455.0,0.807239717739781,231705.5343439579
