Rep,Kfold,Num_Vars_,Precision_background,Recall_background,F1_score_background,Num_Obs_background,AUC_background,Precision_dos,Recall_dos,F1_score_dos,Num_Obs_dos,AUC_dos,Precision_nerisbotnet,Recall_nerisbotnet,F1_score_nerisbotnet,Num_Obs_nerisbotnet,AUC_nerisbotnet,Precision_scan,Recall_scan,F1_score_scan,Num_Obs_scan,AUC_scan,Precision_sshscan,Recall_sshscan,F1_score_sshscan,Num_Obs_sshscan,AUC_sshscan,Precision_udpscan,Recall_udpscan,F1_score_udpscan,Num_Obs_udpscan,AUC_udpscan,Precision_spam,Recall_spam,F1_score_spam,Num_Obs_spam,AUC_spam,Precision_w,Recall_w,F1_score_w,Total_Obs,AUC_w,Time
5.0,4.0,78.0,0.8350746268656717,0.9295564047183917,0.879786146709647,6019.0,0.8040275477185208,0.9493670886075949,0.9036144578313253,0.9259259259259259,83.0,0.9515938500615072,0.9903846153846154,0.865546218487395,0.9237668161434978,119.0,0.9327195588527796,1.0,0.8285714285714286,0.90625,35.0,0.9142857142857144,0.0,0.0,0.0,6.0,0.5,0.0,0.0,0.0,2.0,0.5,0.8281800391389432,0.6629072681704261,0.7363842004524099,3192.0,0.7964121270609473,0.8356089362966566,0.8373519458544839,0.8316909938517751,9456.0,0.8045225503759419,222511.3252184391
