Rep,Kfold,Num_Vars_,Precision_background,Recall_background,F1_score_background,Num_Obs_background,AUC_background,Precision_dos,Recall_dos,F1_score_dos,Num_Obs_dos,AUC_dos,Precision_nerisbotnet,Recall_nerisbotnet,F1_score_nerisbotnet,Num_Obs_nerisbotnet,AUC_nerisbotnet,Precision_scan,Recall_scan,F1_score_scan,Num_Obs_scan,AUC_scan,Precision_sshscan,Recall_sshscan,F1_score_sshscan,Num_Obs_sshscan,AUC_sshscan,Precision_udpscan,Recall_udpscan,F1_score_udpscan,Num_Obs_udpscan,AUC_udpscan,Precision_spam,Recall_spam,F1_score_spam,Num_Obs_spam,AUC_spam,Precision_w,Recall_w,F1_score_w,Total_Obs,AUC_w,Time
5.0,1.0,84.0,0.8253434668225665,0.9383516118311731,0.8782270606531881,6018.0,0.7953323377747661,0.9367088607594937,0.891566265060241,0.9135802469135801,83.0,0.9455163805028051,0.9626168224299065,0.865546218487395,0.9115044247787611,119.0,0.9325588847364138,1.0,0.8888888888888888,0.9411764705882353,36.0,0.9444444444444444,0.0,0.0,0.0,5.0,0.5,1.0,0.5,0.6666666666666666,2.0,0.75,0.8463744367062679,0.6472431077694235,0.7335345286703355,3192.0,0.7936838243621188,0.8354143228574098,0.8379693283976732,0.8298386610093713,9455.0,0.7982232832319186,244643.96230626106
