Rep,Kfold,Num_Vars_,Precision_background,Recall_background,F1_score_background,Num_Obs_background,AUC_background,Precision_dos,Recall_dos,F1_score_dos,Num_Obs_dos,AUC_dos,Precision_nerisbotnet,Recall_nerisbotnet,F1_score_nerisbotnet,Num_Obs_nerisbotnet,AUC_nerisbotnet,Precision_scan,Recall_scan,F1_score_scan,Num_Obs_scan,AUC_scan,Precision_sshscan,Recall_sshscan,F1_score_sshscan,Num_Obs_sshscan,AUC_sshscan,Precision_udpscan,Recall_udpscan,F1_score_udpscan,Num_Obs_udpscan,AUC_udpscan,Precision_spam,Recall_spam,F1_score_spam,Num_Obs_spam,AUC_spam,Precision_w,Recall_w,F1_score_w,Total_Obs,AUC_w,Time
11.0,3.0,79.0,0.828718703976436,0.9350282485875706,0.8786695815115553,6018.0,0.7982766388455896,0.9692307692307692,0.7590361445783133,0.8513513513513513,83.0,0.8794113600919525,0.9568965517241379,0.9327731092436975,0.9446808510638298,119.0,0.9661187453020844,0.9666666666666667,0.8285714285714286,0.8923076923076922,35.0,0.9142326300941866,0.0,0.0,0.0,5.0,0.5,1.0,0.5,0.6666666666666666,2.0,0.75,0.8386837881219904,0.6547619047619048,0.7353976073187897,3192.0,0.795282581253517,0.8350389241644006,0.8378464142162048,0.8304279659510236,9454.0,0.8003520443797187,233781.41696810722
