Rep,Kfold,Num_Vars_,Precision_background,Recall_background,F1_score_background,Num_Obs_background,AUC_background,Precision_dos,Recall_dos,F1_score_dos,Num_Obs_dos,AUC_dos,Precision_nerisbotnet,Recall_nerisbotnet,F1_score_nerisbotnet,Num_Obs_nerisbotnet,AUC_nerisbotnet,Precision_scan,Recall_scan,F1_score_scan,Num_Obs_scan,AUC_scan,Precision_sshscan,Recall_sshscan,F1_score_sshscan,Num_Obs_sshscan,AUC_sshscan,Precision_udpscan,Recall_udpscan,F1_score_udpscan,Num_Obs_udpscan,AUC_udpscan,Precision_spam,Recall_spam,F1_score_spam,Num_Obs_spam,AUC_spam,Precision_w,Recall_w,F1_score_w,Total_Obs,AUC_w,Time
10.0,4.0,90.0,0.8333823529411765,0.9416749750747757,0.8842253081603995,6018.0,0.8061093688982486,0.9866666666666667,0.8809523809523809,0.930817610062893,84.0,0.9404228457626516,0.9903846153846154,0.865546218487395,0.9237668161434978,119.0,0.9327195645874542,0.9259259259259259,0.7142857142857143,0.8064516129032259,35.0,0.8570367225642115,0.0,0.0,0.0,6.0,0.5,1.0,1.0,1.0,2.0,1.0,0.8525943396226415,0.6792984653930473,0.7561443263029458,3193.0,0.8097162825049528,0.843055081215319,0.850163899756794,0.8410679364716678,9457.0,0.8101486417032558,248798.22685551643
