Rep,Kfold,Num_Vars_,Precision_background,Recall_background,F1_score_background,Num_Obs_background,AUC_background,Precision_dos,Recall_dos,F1_score_dos,Num_Obs_dos,AUC_dos,Precision_nerisbotnet,Recall_nerisbotnet,F1_score_nerisbotnet,Num_Obs_nerisbotnet,AUC_nerisbotnet,Precision_scan,Recall_scan,F1_score_scan,Num_Obs_scan,AUC_scan,Precision_sshscan,Recall_sshscan,F1_score_sshscan,Num_Obs_sshscan,AUC_sshscan,Precision_udpscan,Recall_udpscan,F1_score_udpscan,Num_Obs_udpscan,AUC_udpscan,Precision_spam,Recall_spam,F1_score_spam,Num_Obs_spam,AUC_spam,Precision_w,Recall_w,F1_score_w,Total_Obs,AUC_w,Time
10.0,5.0,87.0,0.8451320754716981,0.9303755400465271,0.8857075061298743,6018.0,0.8158862566356035,0.961038961038961,0.891566265060241,0.9249999999999999,83.0,0.9456230642343143,0.9823008849557522,0.9327731092436975,0.9568965517241379,119.0,0.9662794308939431,1.0,0.8285714285714286,0.90625,35.0,0.9142857142857144,0.0,0.0,0.0,5.0,0.5,0.0,0.0,0.0,2.0,0.5,0.8373584905660377,0.6951754385964912,0.7596713454296473,3192.0,0.8131737940347515,0.8451991930560018,0.8495874762005501,0.8438145913006334,9454.0,0.8181328759889799,250520.79499149323
