Rep,Kfold,Num_Vars_,Precision_background,Recall_background,F1_score_background,Num_Obs_background,AUC_background,Precision_dos,Recall_dos,F1_score_dos,Num_Obs_dos,AUC_dos,Precision_nerisbotnet,Recall_nerisbotnet,F1_score_nerisbotnet,Num_Obs_nerisbotnet,AUC_nerisbotnet,Precision_scan,Recall_scan,F1_score_scan,Num_Obs_scan,AUC_scan,Precision_sshscan,Recall_sshscan,F1_score_sshscan,Num_Obs_sshscan,AUC_sshscan,Precision_udpscan,Recall_udpscan,F1_score_udpscan,Num_Obs_udpscan,AUC_udpscan,Precision_spam,Recall_spam,F1_score_spam,Num_Obs_spam,AUC_spam,Precision_w,Recall_w,F1_score_w,Total_Obs,AUC_w,Time
11.0,4.0,85.0,0.837479517354387,0.934042199700947,0.883129123468426,6019.0,0.808260913587377,0.9868421052631579,0.9036144578313253,0.9433962264150944,83.0,0.9517538785101997,0.9814814814814815,0.8907563025210085,0.933920704845815,119.0,0.9452710390068624,0.9666666666666667,0.8285714285714286,0.8923076923076922,35.0,0.914232635729451,0.0,0.0,0.0,5.0,0.5,1.0,0.5,0.6666666666666666,2.0,0.75,0.8389862094670145,0.7052005012531328,0.7662978723404255,3192.0,0.8181119862165392,0.8411814616542821,0.8549973558963512,0.8443764733897728,9455.0,0.8147876114959608,239604.14088702202
