Rep,Kfold,Num_Vars_,Precision_background,Recall_background,F1_score_background,Num_Obs_background,AUC_background,Precision_dos,Recall_dos,F1_score_dos,Num_Obs_dos,AUC_dos,Precision_nerisbotnet,Recall_nerisbotnet,F1_score_nerisbotnet,Num_Obs_nerisbotnet,AUC_nerisbotnet,Precision_scan,Recall_scan,F1_score_scan,Num_Obs_scan,AUC_scan,Precision_sshscan,Recall_sshscan,F1_score_sshscan,Num_Obs_sshscan,AUC_sshscan,Precision_udpscan,Recall_udpscan,F1_score_udpscan,Num_Obs_udpscan,AUC_udpscan,Precision_spam,Recall_spam,F1_score_spam,Num_Obs_spam,AUC_spam,Precision_w,Recall_w,F1_score_w,Total_Obs,AUC_w,Time
13.0,2.0,85.0,0.8373484961843484,0.9298770355599867,0.8811904574442957,6018.0,0.8067604036938467,0.9726027397260274,0.8554216867469879,0.9102564102564102,83.0,0.9276041311762898,0.9814814814814815,0.8907563025210085,0.933920704845815,119.0,0.9452710275325984,1.0,0.8571428571428571,0.923076923076923,35.0,0.9285714285714286,0.0,0.0,0.0,5.0,0.5,0.5,0.5,0.5,2.0,0.7499471011426153,0.8289174867524602,0.6860902255639098,0.7507713404182378,3192.0,0.8069544069371769,0.8375915159133508,0.8455680135392426,0.8376837137455483,9454.0,0.8099070092806573,244385.54642295837
