{"C": 3.0090736452609232, "gamma": 0.12513202794267603}