{"C": 6.652755012107374, "gamma": 0.1250509029637467}