Rep,Kfold,Num_Vars_,Precision_background,Recall_background,F1_score_background,Num_Obs_background,AUC_background,Accuracy_background,Precision_dos,Recall_dos,F1_score_dos,Num_Obs_dos,AUC_dos,Accuracy_dos,Precision_nerisbotnet,Recall_nerisbotnet,F1_score_nerisbotnet,Num_Obs_nerisbotnet,AUC_nerisbotnet,Accuracy_nerisbotnet,Precision_scan,Recall_scan,F1_score_scan,Num_Obs_scan,AUC_scan,Accuracy_scan,Precision_sshscan,Recall_sshscan,F1_score_sshscan,Num_Obs_sshscan,AUC_sshscan,Accuracy_sshscan,Precision_udpscan,Recall_udpscan,F1_score_udpscan,Num_Obs_udpscan,AUC_udpscan,Accuracy_udpscan,Precision_spam,Recall_spam,F1_score_spam,Num_Obs_spam,AUC_spam,Accuracy_spam,Precision_w,Recall_w,F1_score_w,Total_Obs,AUC_w,Accuracy_w,Hyper_time,Training_time,Testing_time,Total_time
20.0,5.0,87.0,0.8430335097001763,0.9531405782652044,0.8947122133832476,6018.0,0.8212474270034574,0.8572335025380711,1.0,0.047619047619047616,0.0909090909090909,84.0,0.5238095238095238,0.9915397631133672,0.975609756097561,0.3389830508474576,0.5031446540880503,118.0,0.6694379807674855,0.9916455160744501,0.0,0.0,0.0,36.0,0.5,0.9961928934010152,0.0,0.0,0.0,6.0,0.5,0.9993654822335025,0.0,0.0,0.0,2.0,0.5,0.9997884940778342,0.8936170212765957,0.6842105263157895,0.7750177430801987,3192.0,0.8213517510250722,0.8659052453468697,0.8592346811030105,0.8422165820642978,0.8381178266572686,9456.0,0.8152512147535322,0.8636805188730563,213894.9471604824,1437.3996036052704,148.76306319236755,216106.53348231316
