Rep,Kfold,Num_Vars_,Precision_background,Recall_background,F1_score_background,Num_Obs_background,AUC_background,Accuracy_background,Precision_dos,Recall_dos,F1_score_dos,Num_Obs_dos,AUC_dos,Accuracy_dos,Precision_nerisbotnet,Recall_nerisbotnet,F1_score_nerisbotnet,Num_Obs_nerisbotnet,AUC_nerisbotnet,Accuracy_nerisbotnet,Precision_scan,Recall_scan,F1_score_scan,Num_Obs_scan,AUC_scan,Accuracy_scan,Precision_sshscan,Recall_sshscan,F1_score_sshscan,Num_Obs_sshscan,AUC_sshscan,Accuracy_sshscan,Precision_udpscan,Recall_udpscan,F1_score_udpscan,Num_Obs_udpscan,AUC_udpscan,Accuracy_udpscan,Precision_spam,Recall_spam,F1_score_spam,Num_Obs_spam,AUC_spam,Accuracy_spam,Precision_w,Recall_w,F1_score_w,Total_Obs,AUC_w,Accuracy_w,Hyper_time,Training_time,Testing_time,Total_time
12.0,4.0,83.0,0.8428069147377674,0.9559654370222666,0.8958268452195577,6018.0,0.8218872864482878,0.8584875727128504,1.0,0.03571428571428571,0.0689655172413793,84.0,0.5178571428571429,0.9914331041776837,0.9791666666666666,0.3949579831932773,0.5628742514970059,119.0,0.6974254354698177,0.99227921734532,0.0,0.0,0.0,35.0,0.5,0.9962982548915917,0.0,0.0,0.0,5.0,0.5,0.9994711792702274,0.0,0.0,0.0,1.0,0.5,0.9998942358540455,0.9012965286491008,0.6749138740995929,0.7718481375358167,3193.0,0.8186131171839388,0.8652564780539397,0.862017203828852,0.8416710735060814,0.8385375142315792,9455.0,0.8151182442977283,0.8642381220180424,221687.57865977287,1994.6807568073273,269.79182982444763,225215.3306491375
