Rep,Kfold,Num_Vars_,Precision_background,Recall_background,F1_score_background,Num_Obs_background,AUC_background,Accuracy_background,Precision_dos,Recall_dos,F1_score_dos,Num_Obs_dos,AUC_dos,Accuracy_dos,Precision_nerisbotnet,Recall_nerisbotnet,F1_score_nerisbotnet,Num_Obs_nerisbotnet,AUC_nerisbotnet,Accuracy_nerisbotnet,Precision_scan,Recall_scan,F1_score_scan,Num_Obs_scan,AUC_scan,Accuracy_scan,Precision_sshscan,Recall_sshscan,F1_score_sshscan,Num_Obs_sshscan,AUC_sshscan,Accuracy_sshscan,Precision_udpscan,Recall_udpscan,F1_score_udpscan,Num_Obs_udpscan,AUC_udpscan,Accuracy_udpscan,Precision_spam,Recall_spam,F1_score_spam,Num_Obs_spam,AUC_spam,Accuracy_spam,Precision_w,Recall_w,F1_score_w,Total_Obs,AUC_w,Accuracy_w,Hyper_time,Training_time,Testing_time,Total_time
16.0,1.0,87.0,0.8333575264915082,0.953971419076105,0.8895947935228946,6018.0,0.8100767243679451,0.8493179655281802,1.0,0.023809523809523808,0.046511627906976744,84.0,0.5119047619047619,0.9913291741567093,1.0,0.23529411764705882,0.38095238095238093,119.0,0.6176470588235294,0.9903774981495189,0.0,0.0,0.0,36.0,0.5,0.9961932959712383,0.0,0.0,0.0,6.0,0.5,0.9993655493285397,0.0,0.0,0.0,2.0,0.5,0.9997885164428466,0.8916737468139337,0.6575814536340853,0.7569419401370358,3192.0,0.808439569594377,0.8574600824785873,0.8527406359581233,0.8321877973987523,0.8267928994835272,9457.0,0.803011613978169,0.855788664662474,209787.4451830387,1095.8368253707886,140.98017239570618,211605.04714655876
