Rep,Kfold,Num_Vars_,Precision_background,Recall_background,F1_score_background,Num_Obs_background,AUC_background,Accuracy_background,Precision_dos,Recall_dos,F1_score_dos,Num_Obs_dos,AUC_dos,Accuracy_dos,Precision_nerisbotnet,Recall_nerisbotnet,F1_score_nerisbotnet,Num_Obs_nerisbotnet,AUC_nerisbotnet,Accuracy_nerisbotnet,Precision_scan,Recall_scan,F1_score_scan,Num_Obs_scan,AUC_scan,Accuracy_scan,Precision_sshscan,Recall_sshscan,F1_score_sshscan,Num_Obs_sshscan,AUC_sshscan,Accuracy_sshscan,Precision_udpscan,Recall_udpscan,F1_score_udpscan,Num_Obs_udpscan,AUC_udpscan,Accuracy_udpscan,Precision_spam,Recall_spam,F1_score_spam,Num_Obs_spam,AUC_spam,Accuracy_spam,Precision_w,Recall_w,F1_score_w,Total_Obs,AUC_w,Accuracy_w,Hyper_time,Training_time,Testing_time,Total_time
1.0,1.0,84.0,0.8147075854082223,0.9350390430304037,0.8707356695288929,6019.0,0.7814189108725733,0.8233241700148023,0.9615384615384616,0.8928571428571429,0.9259259259259259,84.0,0.9462685543600841,0.9987312328187777,0.9565217391304348,0.9243697478991597,0.9401709401709402,119.0,0.9619171793355955,0.9985197716219074,0.9696969696969697,0.8888888888888888,0.927536231884058,36.0,0.9443913771551216,0.999471347007824,0.0,0.0,0.0,5.0,0.5,0.999471347007824,0.0,0.0,0.0,2.0,0.4999471235194585,0.9996828082046945,0.8306034482758621,0.6035076730347635,0.6990749138400144,3193.0,0.7703891118565678,0.8245929371960246,0.8231493101661833,0.8217382110382745,0.8137189277639583,9458.0,0.7818424133465687,0.8283155418703232,49536.156891822815,303.26235580444336,34.08095192909241,50047.618255376816
