Rep,Kfold,Num_Vars_,Precision_background,Recall_background,F1_score_background,Num_Obs_background,AUC_background,Accuracy_background,Precision_dos,Recall_dos,F1_score_dos,Num_Obs_dos,AUC_dos,Accuracy_dos,Precision_nerisbotnet,Recall_nerisbotnet,F1_score_nerisbotnet,Num_Obs_nerisbotnet,AUC_nerisbotnet,Accuracy_nerisbotnet,Precision_scan,Recall_scan,F1_score_scan,Num_Obs_scan,AUC_scan,Accuracy_scan,Precision_sshscan,Recall_sshscan,F1_score_sshscan,Num_Obs_sshscan,AUC_sshscan,Accuracy_sshscan,Precision_udpscan,Recall_udpscan,F1_score_udpscan,Num_Obs_udpscan,AUC_udpscan,Accuracy_udpscan,Precision_spam,Recall_spam,F1_score_spam,Num_Obs_spam,AUC_spam,Accuracy_spam,Precision_w,Recall_w,F1_score_w,Total_Obs,AUC_w,Accuracy_w,Hyper_time,Training_time,Testing_time,Total_time
1.0,4.0,85.0,0.815504103165299,0.9247258225324028,0.8666874318641955,6018.0,0.7791556935712073,0.8189126295747832,0.974025974025974,0.8928571428571429,0.9316770186335404,84.0,0.9463218478426589,0.9988364713348847,0.9636363636363636,0.8983050847457628,0.9298245614035089,118.0,0.9489383178655978,0.9983075946689232,0.967741935483871,0.8571428571428571,0.909090909090909,35.0,0.9285183443799008,0.9993653480008462,0.0,0.0,0.0,5.0,0.5,0.9994711233340385,1.0,1.0,1.0,2.0,1.0,1.0,0.8250444049733571,0.5820802005012531,0.6825863335782514,3192.0,0.7595805026779661,0.8172202242437063,0.822153974401622,0.8077004442563994,0.8056207839400804,9454.0,0.7766029011254298,0.8229808401868752,49598.49011540413,308.90386843681335,31.74101161956787,50076.365721940994
