Rep,Kfold,Num_Vars_,Precision_background,Recall_background,F1_score_background,Num_Obs_background,AUC_background,Accuracy_background,Precision_dos,Recall_dos,F1_score_dos,Num_Obs_dos,AUC_dos,Accuracy_dos,Precision_nerisbotnet,Recall_nerisbotnet,F1_score_nerisbotnet,Num_Obs_nerisbotnet,AUC_nerisbotnet,Accuracy_nerisbotnet,Precision_scan,Recall_scan,F1_score_scan,Num_Obs_scan,AUC_scan,Accuracy_scan,Precision_sshscan,Recall_sshscan,F1_score_sshscan,Num_Obs_sshscan,AUC_sshscan,Accuracy_sshscan,Precision_udpscan,Recall_udpscan,F1_score_udpscan,Num_Obs_udpscan,AUC_udpscan,Accuracy_udpscan,Precision_spam,Recall_spam,F1_score_spam,Num_Obs_spam,AUC_spam,Accuracy_spam,Precision_w,Recall_w,F1_score_w,Total_Obs,AUC_w,Accuracy_w,Hyper_time,Training_time,Testing_time,Total_time
1.0,2.0,82.0,0.8232537706838483,0.93419740777667,0.8752237876547053,6018.0,0.7914584244936901,0.8304421408927438,0.9411764705882353,0.963855421686747,0.9523809523809523,83.0,0.9816609303503631,0.9991537973344616,0.9736842105263158,0.9327731092436975,0.9527896995708156,119.0,0.9662258690299901,0.9988364713348847,1.0,0.9428571428571428,0.9705882352941176,35.0,0.9714285714285714,0.9997884493336154,0.0,0.0,0.0,6.0,0.5,0.9993653480008462,1.0,1.0,1.0,1.0,1.0,1.0,0.837384744341995,0.6259398496240601,0.7163858013624955,3192.0,0.7819894074054508,0.8326634228897821,0.831104227208219,0.82980748889359,0.8230590663832178,9454.0,0.7926344111143299,0.8355450119355838,48432.82417845726,968.040531873703,57.31208634376526,49733.62170505524
