Rep,Kfold,Num_Vars_,Precision_background,Recall_background,F1_score_background,Num_Obs_background,AUC_background,Accuracy_background,Precision_dos,Recall_dos,F1_score_dos,Num_Obs_dos,AUC_dos,Accuracy_dos,Precision_nerisbotnet,Recall_nerisbotnet,F1_score_nerisbotnet,Num_Obs_nerisbotnet,AUC_nerisbotnet,Accuracy_nerisbotnet,Precision_scan,Recall_scan,F1_score_scan,Num_Obs_scan,AUC_scan,Accuracy_scan,Precision_sshscan,Recall_sshscan,F1_score_sshscan,Num_Obs_sshscan,AUC_sshscan,Accuracy_sshscan,Precision_udpscan,Recall_udpscan,F1_score_udpscan,Num_Obs_udpscan,AUC_udpscan,Accuracy_udpscan,Precision_spam,Recall_spam,F1_score_spam,Num_Obs_spam,AUC_spam,Accuracy_spam,Precision_w,Recall_w,F1_score_w,Total_Obs,AUC_w,Accuracy_w,Hyper_time,Training_time,Testing_time,Total_time
6.0,1.0,87.0,0.8404550094793641,0.9576271186440678,0.8952233009708739,6018.0,0.8196631374424879,0.8573241671073506,1.0,0.012048192771084338,0.02380952380952381,83.0,0.5060240963855421,0.9913273400317293,1.0,0.29411764705882354,0.45454545454545453,119.0,0.6470588235294118,0.9911158117398202,0.0,0.0,0.0,36.0,0.5,0.9961924907456372,0.0,0.0,0.0,6.0,0.5,0.9993654151242729,0.0,0.0,0.0,1.0,0.5,0.9998942358540455,0.9016047297297297,0.668859649122807,0.7679856115107914,3192.0,0.815828515284699,0.8635642517186674,0.8606854092378752,0.8391327340031729,0.8350006342413818,9455.0,0.8119891466861608,0.8629250022581848,214108.25751161575,1446.9206721782684,131.00467371940613,216241.24529910088
