Rep,Kfold,Num_Vars_,Precision_background,Recall_background,F1_score_background,Num_Obs_background,AUC_background,Accuracy_background,Precision_dos,Recall_dos,F1_score_dos,Num_Obs_dos,AUC_dos,Accuracy_dos,Precision_nerisbotnet,Recall_nerisbotnet,F1_score_nerisbotnet,Num_Obs_nerisbotnet,AUC_nerisbotnet,Accuracy_nerisbotnet,Precision_scan,Recall_scan,F1_score_scan,Num_Obs_scan,AUC_scan,Accuracy_scan,Precision_sshscan,Recall_sshscan,F1_score_sshscan,Num_Obs_sshscan,AUC_sshscan,Accuracy_sshscan,Precision_udpscan,Recall_udpscan,F1_score_udpscan,Num_Obs_udpscan,AUC_udpscan,Accuracy_udpscan,Precision_spam,Recall_spam,F1_score_spam,Num_Obs_spam,AUC_spam,Accuracy_spam,Precision_w,Recall_w,F1_score_w,Total_Obs,AUC_w,Accuracy_w,Hyper_time,Training_time,Testing_time,Total_time
1.0,5.0,88.0,0.8152834008097166,0.9369002617039837,0.8718711946962522,24073.0,0.7826049170027046,0.8247270035165649,0.9902597402597403,0.9131736526946108,0.9501557632398755,334.0,0.95654681247583,0.9991539092038815,0.9774774774774775,0.9136842105263158,0.9445048966267682,475.0,0.9567082221163684,0.9986515427936861,1.0,0.9219858156028369,0.959409594095941,141.0,0.9609929078014184,0.9997091562888343,0.0,0.0,0.0,22.0,0.5,0.9994183125776684,1.0,0.42857142857142855,0.6,7.0,0.7142857142857143,0.9998942386504852,0.84375,0.5878299005403712,0.6929148396030463,12769.0,0.7661726542459161,0.824092435419476,0.8287250366923365,0.8178525157981016,0.8128249771397249,37821.0,0.7812678096809819,0.8290238704849326,49815.560807943344,223.6024148464203,28.020522356033325,50201.14315223694
