Rep,Kfold,Num_Vars_,Precision_background,Recall_background,F1_score_background,Num_Obs_background,AUC_background,Accuracy_background,Precision_dos,Recall_dos,F1_score_dos,Num_Obs_dos,AUC_dos,Accuracy_dos,Precision_nerisbotnet,Recall_nerisbotnet,F1_score_nerisbotnet,Num_Obs_nerisbotnet,AUC_nerisbotnet,Accuracy_nerisbotnet,Precision_scan,Recall_scan,F1_score_scan,Num_Obs_scan,AUC_scan,Accuracy_scan,Precision_sshscan,Recall_sshscan,F1_score_sshscan,Num_Obs_sshscan,AUC_sshscan,Accuracy_sshscan,Precision_udpscan,Recall_udpscan,F1_score_udpscan,Num_Obs_udpscan,AUC_udpscan,Accuracy_udpscan,Precision_spam,Recall_spam,F1_score_spam,Num_Obs_spam,AUC_spam,Accuracy_spam,Precision_w,Recall_w,F1_score_w,Total_Obs,AUC_w,Accuracy_w,Hyper_time,Training_time,Testing_time,Total_time
3.0,1.0,86.0,0.8168881486041206,0.9371495035932372,0.8728961114335462,24073.0,0.7846169489592232,0.8262732032365541,0.9900662251655629,0.8978978978978979,0.9417322834645668,333.0,0.9489089329425463,0.9990216299116823,0.9793103448275862,0.8968421052631579,0.9362637362637363,475.0,0.9483005481193545,0.9984663387804749,0.9924242424242424,0.9357142857142857,0.9632352941176471,140.0,0.9678438725137063,0.999735575651806,0.0,0.0,0.0,22.0,0.5,0.9994182664339732,1.0,0.42857142857142855,0.6,7.0,0.7142857142857143,0.9998942302607224,0.844190433914105,0.5957863408521303,0.6985628357592176,12768.0,0.7698692183302568,0.826405415410651,0.8298793093837569,0.8204029827066476,0.815216390179515,37818.0,0.7836401070684483,0.8307767285742952,49494.29832625389,216.9815971851349,49.211750745773315,49918.95881104469
