Rep,Kfold,Num_Vars_,Precision_background,Recall_background,F1_score_background,Num_Obs_background,AUC_background,Accuracy_background,Precision_dos,Recall_dos,F1_score_dos,Num_Obs_dos,AUC_dos,Accuracy_dos,Precision_nerisbotnet,Recall_nerisbotnet,F1_score_nerisbotnet,Num_Obs_nerisbotnet,AUC_nerisbotnet,Accuracy_nerisbotnet,Precision_scan,Recall_scan,F1_score_scan,Num_Obs_scan,AUC_scan,Accuracy_scan,Precision_sshscan,Recall_sshscan,F1_score_sshscan,Num_Obs_sshscan,AUC_sshscan,Accuracy_sshscan,Precision_udpscan,Recall_udpscan,F1_score_udpscan,Num_Obs_udpscan,AUC_udpscan,Accuracy_udpscan,Precision_spam,Recall_spam,F1_score_spam,Num_Obs_spam,AUC_spam,Accuracy_spam,Precision_w,Recall_w,F1_score_w,Total_Obs,AUC_w,Accuracy_w,Hyper_time,Training_time,Testing_time,Total_time
2.0,5.0,86.0,0.8156446825454282,0.9360279150915964,0.8716996460279697,24073.0,0.782787015445129,0.82462124216705,0.9837133550488599,0.9041916167664671,0.9422776911076443,334.0,0.9520291185974412,0.9990217075169879,0.9707207207207207,0.9073684210526316,0.9379760609357998,475.0,0.9535101624354895,0.9984929007694138,0.9924242424242424,0.9290780141843972,0.9597069597069597,141.0,0.9645257374531327,0.9997091562888343,0.0,0.0,0.0,22.0,0.5,0.9994183125776684,1.0,0.5714285714285714,0.7272727272727273,7.0,0.7857142857142857,0.9999206789878639,0.8429301911960871,0.5938601300023495,0.6968067999081095,12769.0,0.7687287237908922,0.825520213637926,0.8285072968829331,0.8192274133417943,0.8139028734047754,37821.0,0.7821930165422858,0.8294354402969928,49329.695152044296,358.2314944267273,42.37078237533569,49951.92905306816
