Rep,Kfold,Num_Vars_,Precision_background,Recall_background,F1_score_background,Num_Obs_background,AUC_background,Accuracy_background,Precision_dos,Recall_dos,F1_score_dos,Num_Obs_dos,AUC_dos,Accuracy_dos,Precision_nerisbotnet,Recall_nerisbotnet,F1_score_nerisbotnet,Num_Obs_nerisbotnet,AUC_nerisbotnet,Accuracy_nerisbotnet,Precision_scan,Recall_scan,F1_score_scan,Num_Obs_scan,AUC_scan,Accuracy_scan,Precision_sshscan,Recall_sshscan,F1_score_sshscan,Num_Obs_sshscan,AUC_sshscan,Accuracy_sshscan,Precision_udpscan,Recall_udpscan,F1_score_udpscan,Num_Obs_udpscan,AUC_udpscan,Accuracy_udpscan,Precision_spam,Recall_spam,F1_score_spam,Num_Obs_spam,AUC_spam,Accuracy_spam,Precision_w,Recall_w,F1_score_w,Total_Obs,AUC_w,Accuracy_w,Hyper_time,Training_time,Testing_time,Total_time
2.0,4.0,87.0,0.8209370424597364,0.9317048853439681,0.8728206724782067,6018.0,0.7878838745695393,0.8271631055637825,0.9615384615384616,0.9036144578313253,0.9316770186335404,83.0,0.9516471606198565,0.9988364713348847,0.9537037037037037,0.865546218487395,0.9074889867841409,119.0,0.9325052999239332,0.9977787180029617,0.9444444444444444,0.9714285714285714,0.9577464788732395,35.0,0.9856081173312302,0.9996826740004231,0.0,0.0,0.0,5.0,0.5,0.9994711233340385,1.0,0.5,0.6666666666666666,2.0,0.75,0.9998942246668077,0.8307236563690225,0.6149749373433584,0.7067506750675068,3192.0,0.7755487909329376,0.827691982229744,0.827207850778147,0.8232494182356674,0.8175119318655726,9454.0,0.787548976829534,0.8317627997439553,49755.64971137047,235.55486941337585,27.974737405776978,50151.573670864105
