Rep,Kfold,Num_Vars_,Precision_background,Recall_background,F1_score_background,Num_Obs_background,AUC_background,Accuracy_background,Precision_dos,Recall_dos,F1_score_dos,Num_Obs_dos,AUC_dos,Accuracy_dos,Precision_nerisbotnet,Recall_nerisbotnet,F1_score_nerisbotnet,Num_Obs_nerisbotnet,AUC_nerisbotnet,Accuracy_nerisbotnet,Precision_scan,Recall_scan,F1_score_scan,Num_Obs_scan,AUC_scan,Accuracy_scan,Precision_sshscan,Recall_sshscan,F1_score_sshscan,Num_Obs_sshscan,AUC_sshscan,Accuracy_sshscan,Precision_udpscan,Recall_udpscan,F1_score_udpscan,Num_Obs_udpscan,AUC_udpscan,Accuracy_udpscan,Precision_spam,Recall_spam,F1_score_spam,Num_Obs_spam,AUC_spam,Accuracy_spam,Precision_w,Recall_w,F1_score_w,Total_Obs,AUC_w,Accuracy_w,Hyper_time,Training_time,Testing_time,Total_time
1.0,2.0,82.0,0.8149915067403954,0.9367341004444814,0.8716323296354992,24073.0,0.7821945160354499,0.8243832791306417,0.9834983498349835,0.8922155688622755,0.9356357927786499,334.0,0.9460410946453454,0.9989159461674731,0.9700460829493087,0.8863157894736842,0.9262926292629262,475.0,0.9429838466460158,0.9982284973956268,0.9923076923076923,0.9148936170212766,0.952029520295203,141.0,0.9574335388715723,0.9996562756140769,0.0,0.0,0.0,21.0,0.5,0.9994447529150472,1.0,0.375,0.5454545454545454,8.0,0.6875,0.9998677983131065,0.8407700011127184,0.5917456339572402,0.694612980327266,12769.0,0.7673122230140664,0.8243303984558843,0.8273778696711095,0.8185135242325692,0.8128661159019448,37821.0,0.781112914569612,0.8288778407693421,48432.82417845726,968.040531873703,57.31208634376526,49733.62170505524
