Rep,Kfold,Num_Vars_,Precision_background,Recall_background,F1_score_background,Num_Obs_background,AUC_background,Accuracy_background,Precision_dos,Recall_dos,F1_score_dos,Num_Obs_dos,AUC_dos,Accuracy_dos,Precision_nerisbotnet,Recall_nerisbotnet,F1_score_nerisbotnet,Num_Obs_nerisbotnet,AUC_nerisbotnet,Accuracy_nerisbotnet,Precision_scan,Recall_scan,F1_score_scan,Num_Obs_scan,AUC_scan,Accuracy_scan,Precision_sshscan,Recall_sshscan,F1_score_sshscan,Num_Obs_sshscan,AUC_sshscan,Accuracy_sshscan,Precision_udpscan,Recall_udpscan,F1_score_udpscan,Num_Obs_udpscan,AUC_udpscan,Accuracy_udpscan,Precision_spam,Recall_spam,F1_score_spam,Num_Obs_spam,AUC_spam,Accuracy_spam,Precision_w,Recall_w,F1_score_w,Total_Obs,AUC_w,Accuracy_w,Hyper_time,Training_time,Testing_time,Total_time
2.0,5.0,86.0,0.8120776419841841,0.9385177799933533,0.8707315193093348,6018.0,0.7790668061782831,0.8226147662365136,0.961038961038961,0.891566265060241,0.9249999999999999,83.0,0.9456230642343143,0.9987306960016924,0.963963963963964,0.8991596638655462,0.9304347826086956,119.0,0.9493655844769616,0.9983075946689232,0.9393939393939394,0.8857142857142857,0.9117647058823529,35.0,0.9427509744740873,0.9993653480008462,0.0,0.0,0.0,5.0,0.5,0.9994711233340385,1.0,0.5,0.6666666666666666,2.0,0.75,0.9998942246668077,0.8368700265251989,0.5930451127819549,0.6941694169416942,3192.0,0.7670591261769883,0.8235667442352443,0.8237496411557,0.8201819335730908,0.8119941716999275,9454.0,0.7790706868340018,0.8274792567791426,49329.695152044296,358.2314944267273,42.37078237533569,49951.92905306816
