Rep,Kfold,Num_Vars_,Precision_background,Recall_background,F1_score_background,Num_Obs_background,AUC_background,Accuracy_background,Precision_dos,Recall_dos,F1_score_dos,Num_Obs_dos,AUC_dos,Accuracy_dos,Precision_nerisbotnet,Recall_nerisbotnet,F1_score_nerisbotnet,Num_Obs_nerisbotnet,AUC_nerisbotnet,Accuracy_nerisbotnet,Precision_scan,Recall_scan,F1_score_scan,Num_Obs_scan,AUC_scan,Accuracy_scan,Precision_sshscan,Recall_sshscan,F1_score_sshscan,Num_Obs_sshscan,AUC_sshscan,Accuracy_sshscan,Precision_udpscan,Recall_udpscan,F1_score_udpscan,Num_Obs_udpscan,AUC_udpscan,Accuracy_udpscan,Precision_spam,Recall_spam,F1_score_spam,Num_Obs_spam,AUC_spam,Accuracy_spam,Precision_w,Recall_w,F1_score_w,Total_Obs,AUC_w,Accuracy_w,Hyper_time,Training_time,Testing_time,Total_time
2.0,3.0,83.0,0.8164335664335665,0.9312063808574277,0.8700512342803913,6018.0,0.7822504546894822,0.8229320922360905,0.9506172839506173,0.927710843373494,0.9390243902439024,83.0,0.9636419972923387,0.998942246668077,0.9473684210526315,0.907563025210084,0.927038626609442,119.0,0.9534601414213248,0.9982018193357309,1.0,0.9428571428571428,0.9705882352941176,35.0,0.9714285714285714,0.9997884493336154,0.0,0.0,0.0,6.0,0.5,0.9993653480008462,0.0,0.0,0.0,1.0,0.5,0.9998942246668077,0.8203719357565511,0.6080827067669173,0.698452680820439,3192.0,0.7701065082860458,0.822720541569706,0.8206645333620984,0.8211339115718215,0.8131644271493862,9454.0,0.7823891742516146,0.82739752536292,47153.53973412514,1639.419485092163,84.81025958061218,49527.583460092545
