Rep,Kfold,Num_Vars_,Precision_background,Recall_background,F1_score_background,Num_Obs_background,AUC_background,Accuracy_background,Precision_dos,Recall_dos,F1_score_dos,Num_Obs_dos,AUC_dos,Accuracy_dos,Precision_nerisbotnet,Recall_nerisbotnet,F1_score_nerisbotnet,Num_Obs_nerisbotnet,AUC_nerisbotnet,Accuracy_nerisbotnet,Precision_scan,Recall_scan,F1_score_scan,Num_Obs_scan,AUC_scan,Accuracy_scan,Precision_sshscan,Recall_sshscan,F1_score_sshscan,Num_Obs_sshscan,AUC_sshscan,Accuracy_sshscan,Precision_udpscan,Recall_udpscan,F1_score_udpscan,Num_Obs_udpscan,AUC_udpscan,Accuracy_udpscan,Precision_spam,Recall_spam,F1_score_spam,Num_Obs_spam,AUC_spam,Accuracy_spam,Precision_w,Recall_w,F1_score_w,Total_Obs,AUC_w,Accuracy_w,Hyper_time,Training_time,Testing_time,Total_time
5.0,1.0,84.0,0.8445198406844667,0.951312728481223,0.8947409549113073,6018.0,0.8223249705833523,0.8575356953992597,1.0,0.060240963855421686,0.11363636363636363,83.0,0.5301204819277109,0.9917503966155473,0.9696969696969697,0.2689075630252101,0.42105263157894735,119.0,0.6344002253857841,0.9906927551560021,0.0,0.0,0.0,36.0,0.5,0.9961924907456372,0.0,0.0,0.0,5.0,0.5,0.9994711792702274,0.0,0.0,0.0,2.0,0.5,0.9997884717080909,0.88871096877502,0.6954887218045113,0.7803163444639718,3192.0,0.82555052408284,0.8677948175568482,0.8585383133752431,0.84420941300899,0.8392234711290278,9455.0,0.8170177231796878,0.8644863517549941,212667.48604512215,1945.7006373405457,148.51108622550964,215665.28861403465
