Rep,Kfold,Num_Vars_,Precision_background,Recall_background,F1_score_background,Num_Obs_background,AUC_background,Accuracy_background,Precision_dos,Recall_dos,F1_score_dos,Num_Obs_dos,AUC_dos,Accuracy_dos,Precision_nerisbotnet,Recall_nerisbotnet,F1_score_nerisbotnet,Num_Obs_nerisbotnet,AUC_nerisbotnet,Accuracy_nerisbotnet,Precision_scan,Recall_scan,F1_score_scan,Num_Obs_scan,AUC_scan,Accuracy_scan,Precision_sshscan,Recall_sshscan,F1_score_sshscan,Num_Obs_sshscan,AUC_sshscan,Accuracy_sshscan,Precision_udpscan,Recall_udpscan,F1_score_udpscan,Num_Obs_udpscan,AUC_udpscan,Accuracy_udpscan,Precision_spam,Recall_spam,F1_score_spam,Num_Obs_spam,AUC_spam,Accuracy_spam,Precision_w,Recall_w,F1_score_w,Total_Obs,AUC_w,Accuracy_w,Hyper_time,Training_time,Testing_time,Total_time
8.0,2.0,89.0,0.8225392296718973,0.9581256231306082,0.8851704022106233,6018.0,0.7980910338521823,0.8417768376520359,1.0,0.012048192771084338,0.02380952380952381,83.0,0.5060240963855421,0.9913273400317293,1.0,0.23529411764705882,0.38095238095238093,119.0,0.6176470588235294,0.9903754627181386,0.0,0.0,0.0,35.0,0.5,0.9962982548915917,0.0,0.0,0.0,6.0,0.5,0.9993654151242729,0.0,0.0,0.0,2.0,0.5,0.9997884717080909,0.8980891719745223,0.618421052631579,0.7324675324675325,3192.0,0.7913277225476273,0.8474881015335801,0.8480953697628929,0.8216816499206769,0.8156849675250574,9455.0,0.7896171266096731,0.8475934517955156,219669.72106289864,1804.6880056858063,128.93104600906372,222193.3584599495
