{"C": 3.6793024585204996, "gamma": 0.12529019337032973}