{"C": 1.7142948788275145, "gamma": 0.12503194703236203}