{"C": 1.063872999491738, "gamma": 0.1250851360697455}