{"C": 30.500151364002072, "gamma": 0.12501054608389892}