{"C": 87.18013816437255, "gamma": 0.125136916202328}