{"C": 3.502459311583847, "gamma": 0.12527737863265845}