{"C": 92.98334986689122, "gamma": 0.12696742687220763}