{"C": 11.616349902460708, "gamma": 0.12541068608374945}