{"C": 95.86508533916108, "gamma": 0.12507253252659456}