{"C": 92.37884818738839, "gamma": 0.12730580646769743}