{"C": 2.2508984254806523, "gamma": 0.12560700374172837}