{"C": 83.49272063208015, "gamma": 0.12500051627779452}