{"C": 22.348512450822263, "gamma": 0.1251734754321995}