{"C": 14.082108753519643, "gamma": 0.12570730904295088}