{"C": 2.3649922475915797, "gamma": 0.1250001664336417}