{"C": 0.8818504684807807, "gamma": 0.12615900845102668}