{"C": 97.57090520405333, "gamma": 0.12533337976032127}