{"C": 1.2159624434948024, "gamma": 0.12500979288365152}