{"C": 1.3031601465068126, "gamma": 0.12568733169424015}