{"C": 91.74425308047056, "gamma": 0.1250066965480358}