{"C": 3.056742395767118, "gamma": 0.12518047016060363}