{"C": 1.0616684997468786, "gamma": 0.12636982237733232}