{"C": 0.14049977351387882, "gamma": 0.005022982166910225}