{"C": 0.2222633335459362, "gamma": 0.002800610243106121}