{"C": 20.03048472882254, "gamma": 0.002109799884851799}