{"C": 0.31065463024281464, "gamma": 0.00473354819752406}