{"C": 0.25165862358223323, "gamma": 0.007120755737658356}