{"C": 1.5788766818827908, "gamma": 0.0021913459833395586}