{"C": 2.245572992960335, "gamma": 0.0027402313800543713}