{"C": 0.844339811697941, "gamma": 0.004206097485511447}