{"C": 7.747265438390499, "gamma": 0.0025063576427096983}