{"C": 14.952767105169993, "gamma": 0.002174187137299009}