{"C": 0.34727040597797204, "gamma": 0.009010712893497717}