{"C": 0.5237287867808125, "gamma": 0.00504238240142778}