{"C": 0.1769137929024245, "gamma": 0.008241613906752952}