{"C": 0.6637390065118962, "gamma": 0.006009612662489578}