{"C": 0.25274590440479905, "gamma": 0.0369931797333672}