{"C": 0.8279913619781234, "gamma": 0.005914543739189419}