{"C": 0.22607040219524993, "gamma": 0.0054592361315271105}