{"C": 1.3892517897329724, "gamma": 0.00461771296030957}