{"C": 0.3760875101607193, "gamma": 0.008636364663405826}