{"C": 2.979101772736, "gamma": 0.004257960356136738}