{"C": 84.9298343707663, "gamma": 0.0021234967881108594}