{"C": 0.27608740558260964, "gamma": 0.009447519697723752}