{"C": 10.586781585365912, "gamma": 0.003336879972425591}