{"C": 0.6766257862938461, "gamma": 0.0023173799588716987}