{"C": 4.35246483815834, "gamma": 0.0023352847111513305}