{"C": 0.12936484617161015, "gamma": 0.002032628899509487}