{"C": 0.6132463158025184, "gamma": 0.005647548310318965}