{"C": 1.2726009044186382, "gamma": 0.0026803487895611924}