{"C": 1.4410381108703425, "gamma": 0.002176962496623707}