{"C": 0.2524767957667279, "gamma": 0.008781439452144782}