{"C": 1.6320475166331023, "gamma": 0.0033737749097294692}