{"C": 0.4358786954670774, "gamma": 0.07946931065169757}