{"C": 0.1698472908283637, "gamma": 0.002120901235730885}