{"C": 0.4821368833151782, "gamma": 0.02186942286422609}