{"C": 0.49566580807723254, "gamma": 0.011320664676131771}