{"C": 0.7707370553126279, "gamma": 0.00305903721501617}