{"C": 1.800321534960774, "gamma": 0.004808370320815061}