{"C": 0.13390842899579783, "gamma": 0.00708907014658963}