{"C": 0.5177814790887157, "gamma": 0.009211201886890641}