{"C": 0.16596431848181228, "gamma": 0.014070210697313732}