{"C": 6.540602240819567, "gamma": 0.002367548688488881}