{"C": 0.17899545892045973, "gamma": 0.021483987278864174}