{"C": 2.410670646680031, "gamma": 0.0029547073307906267}