Rep.,Kfold,Num. Vars.,Precision-Background,Recall-Background,F1_score_Background,Num. Obs. Background,AUC_Background,Precision-DoS,Recall-DoS,F1_score_DoS,Num. Obs. Dos,AUC_DoS,Precision-Botnet,Recall-Botnet,F1_score_Botnet,Num. Obs. Botnet,AUC_Botnet,Precision-Scan,Recall-Scan,F1_score_Scan,Num. Obs. Scan,AUC_Scan,Precision-SSHscan,Recall-SSHscan,F1_score_SSHscan,Num. Obs. SSHscan,AUC_SSHscan,Precision-UDPscan,Recall-UDPscan,F1_score_UDPscan,Num. Obs. UDPscan,AUC_UDPscan,Precision-Spam,Recall-Spam,F1_score_Spam,Num. Obs. Spam,AUC_Spam,Precision-w,Recall-w,F1_score_w,Total Obs.,AUC_w,Time
5,2,88,0.8889762232265671,0.9396419224857725,0.9136071731491578,24073,0.8670637955219492,0.9870550161812298,0.9159159159159159,0.9501557632398754,333,0.9579046047060772,0.9657534246575342,0.8905263157894737,0.9266155531215772,475,0.9450623224191583,0.9844961240310077,0.900709219858156,0.9407407407407407,141,0.9503280692422051,1.0,1.0,1.0,22,1.0,1.0,0.5714285714285714,0.7272727272727273,7,0.7857142857142857,0.8555982700624699,0.5578007518796992,0.6753271382514697,12768,0.7549093176986617,0.8799767176413923,0.8097252703667469,0.83376403370902,37819,0.8313517547332234,114098.92610430717
