Rep.,Kfold,Num. Vars.,Precision-Background,Recall-Background,F1_score_Background,Num. Obs. Background,AUC_Background,Precision-DoS,Recall-DoS,F1_score_DoS,Num. Obs. Dos,AUC_DoS,Precision-Botnet,Recall-Botnet,F1_score_Botnet,Num. Obs. Botnet,AUC_Botnet,Precision-Scan,Recall-Scan,F1_score_Scan,Num. Obs. Scan,AUC_Scan,Precision-SSHscan,Recall-SSHscan,F1_score_SSHscan,Num. Obs. SSHscan,AUC_SSHscan,Precision-UDPscan,Recall-UDPscan,F1_score_UDPscan,Num. Obs. UDPscan,AUC_UDPscan,Precision-Spam,Recall-Spam,F1_score_Spam,Num. Obs. Spam,AUC_Spam,Precision-w,Recall-w,F1_score_w,Total Obs.,AUC_w,Time
18,2,75,0.816320645905421,0.940844134263875,0.8741701404971438,6018,0.785032078773381,0.948051948051948,0.8795180722891566,0.9125,83,0.9395456117501699,0.9724770642201835,0.8907563025210085,0.9298245614035089,119,0.9452174656686456,1.0,0.34285714285714286,0.5106382978723404,35,0.6714285714285715,0.0,0.0,0.0,6,0.5,1.0,0.5,0.6666666666666666,2,0.75,0.8532689450222882,0.7198370416797242,0.7808941016488186,3191,0.8283841124093975,0.8321146533695218,0.8621747408504337,0.8417792765431641,9454,0.8024285928650758,115766.85010957718
