Rep.,Kfold,Num. Vars.,Precision-Background,Recall-Background,F1_score_Background,Num. Obs. Background,AUC_Background,Precision-DoS,Recall-DoS,F1_score_DoS,Num. Obs. Dos,AUC_DoS,Precision-Botnet,Recall-Botnet,F1_score_Botnet,Num. Obs. Botnet,AUC_Botnet,Precision-Scan,Recall-Scan,F1_score_Scan,Num. Obs. Scan,AUC_Scan,Precision-SSHscan,Recall-SSHscan,F1_score_SSHscan,Num. Obs. SSHscan,AUC_SSHscan,Precision-UDPscan,Recall-UDPscan,F1_score_UDPscan,Num. Obs. UDPscan,AUC_UDPscan,Precision-Spam,Recall-Spam,F1_score_Spam,Num. Obs. Spam,AUC_Spam,Precision-w,Recall-w,F1_score_w,Total Obs.,AUC_w,Time
2,3,83,0.832073514154439,0.9328680624792289,0.8795926361143752,6018,0.8015620871185435,0.9868421052631579,0.9036144578313253,0.9433962264150944,83,0.9517538728170607,0.9545454545454546,0.8823529411764706,0.9170305676855895,119,0.940908661268471,1.0,0.6571428571428571,0.7931034482758621,35,0.8285714285714285,0.0,0.0,0.0,6,0.5,0.0,0.0,0.0,1,0.5,0.8389974511469839,0.618734335839599,0.71222502704652,3192,0.7791052707623419,0.8373172282706091,0.8242013962343981,0.8231434224143742,9454,0.7969291693132593,93374.78151988983
