Rep.,Kfold,Num. Vars.,Precision-Background,Recall-Background,F1_score_Background,Num. Obs. Background,AUC_Background,Precision-DoS,Recall-DoS,F1_score_DoS,Num. Obs. Dos,AUC_DoS,Precision-Botnet,Recall-Botnet,F1_score_Botnet,Num. Obs. Botnet,AUC_Botnet,Precision-Scan,Recall-Scan,F1_score_Scan,Num. Obs. Scan,AUC_Scan,Precision-SSHscan,Recall-SSHscan,F1_score_SSHscan,Num. Obs. SSHscan,AUC_SSHscan,Precision-UDPscan,Recall-UDPscan,F1_score_UDPscan,Num. Obs. UDPscan,AUC_UDPscan,Precision-Spam,Recall-Spam,F1_score_Spam,Num. Obs. Spam,AUC_Spam,Precision-w,Recall-w,F1_score_w,Total Obs.,AUC_w,Time
16,5,76,0.8555487618465301,0.9300432037221669,0.8912420382165605,6018,0.8275070500566597,0.9367088607594937,0.891566265060241,0.9135802469135801,83,0.9455163520371102,0.9722222222222222,0.8823529411764706,0.9251101321585902,119,0.9410157849963766,1.0,0.42857142857142855,0.6,35,0.7142857142857143,0.0,0.0,0.0,5,0.5,0.0,0.0,0.0,2,0.5,0.8455382152861144,0.6619674185463659,0.7425759971885432,3192,0.8001628852552972,0.8542512917149542,0.8360482335519357,0.8399315036210906,9454,0.8200778604410339,94679.75453400612
