Rep.,Kfold,Num. Vars.,Precision-Background,Recall-Background,F1_score_Background,Num. Obs. Background,AUC_Background,Precision-DoS,Recall-DoS,F1_score_DoS,Num. Obs. Dos,AUC_DoS,Precision-Botnet,Recall-Botnet,F1_score_Botnet,Num. Obs. Botnet,AUC_Botnet,Precision-Scan,Recall-Scan,F1_score_Scan,Num. Obs. Scan,AUC_Scan,Precision-SSHscan,Recall-SSHscan,F1_score_SSHscan,Num. Obs. SSHscan,AUC_SSHscan,Precision-UDPscan,Recall-UDPscan,F1_score_UDPscan,Num. Obs. UDPscan,AUC_UDPscan,Precision-Spam,Recall-Spam,F1_score_Spam,Num. Obs. Spam,AUC_Spam,Precision-w,Recall-w,F1_score_w,Total Obs.,AUC_w,Time
17,3,78,0.8615149196633511,0.9354878909982137,0.8969788700137414,24073,0.8360692765044903,0.9832775919732442,0.8828828828828829,0.9303797468354429,333,0.9413747498765905,1.0,1.0,1.0,475,1.0,0.991869918699187,0.8652482269503546,0.9242424242424242,141,0.9326108431317408,1.0,0.45454545454545453,0.625,22,0.7272727272727273,1.0,1.0,1.0,7,1.0,0.8539256198347107,0.6473997493734336,0.7364575908766928,12768,0.7954774484362677,0.8623563836105955,0.8380443692323964,0.8443361140080065,37819,0.8256783012643735,121485.46410989761
