Rep.,Kfold,Num. Vars.,Precision-Background,Recall-Background,F1_score_Background,Num. Obs. Background,AUC_Background,Precision-DoS,Recall-DoS,F1_score_DoS,Num. Obs. Dos,AUC_DoS,Precision-Botnet,Recall-Botnet,F1_score_Botnet,Num. Obs. Botnet,AUC_Botnet,Precision-Scan,Recall-Scan,F1_score_Scan,Num. Obs. Scan,AUC_Scan,Precision-SSHscan,Recall-SSHscan,F1_score_SSHscan,Num. Obs. SSHscan,AUC_SSHscan,Precision-UDPscan,Recall-UDPscan,F1_score_UDPscan,Num. Obs. UDPscan,AUC_UDPscan,Precision-Spam,Recall-Spam,F1_score_Spam,Num. Obs. Spam,AUC_Spam,Precision-w,Recall-w,F1_score_w,Total Obs.,AUC_w,Time
2,3,83,0.8402498884426596,0.9386449549287583,0.8867261846365153,24073,0.8130815696959764,0.9871794871794872,0.9221556886227545,0.953560371517028,334,0.9610244924827432,0.9700460829493087,0.8863157894736842,0.9262926292629262,475,0.9429838466460158,0.968503937007874,0.8723404255319149,0.917910447761194,141,0.9361171342096941,1.0,0.9523809523809523,0.975609756097561,21,0.9761904761904762,1.0,0.75,0.8571428571428571,8,0.875,0.8564419795221843,0.6288667867491581,0.725220139986453,12769,0.7875692707496389,0.8492449193367678,0.8329763887787208,0.8334455433250826,37821,0.8079685008080971,93374.78151988983
