Rep.,Kfold,Num. Vars.,Precision-Background,Recall-Background,F1_score_Background,Num. Obs. Background,AUC_Background,Precision-DoS,Recall-DoS,F1_score_DoS,Num. Obs. Dos,AUC_DoS,Precision-Botnet,Recall-Botnet,F1_score_Botnet,Num. Obs. Botnet,AUC_Botnet,Precision-Scan,Recall-Scan,F1_score_Scan,Num. Obs. Scan,AUC_Scan,Precision-SSHscan,Recall-SSHscan,F1_score_SSHscan,Num. Obs. SSHscan,AUC_SSHscan,Precision-UDPscan,Recall-UDPscan,F1_score_UDPscan,Num. Obs. UDPscan,AUC_UDPscan,Precision-Spam,Recall-Spam,F1_score_Spam,Num. Obs. Spam,AUC_Spam,Precision-w,Recall-w,F1_score_w,Total Obs.,AUC_w,Time
2,5,86,0.8185227928447778,0.9429948479308625,0.8763611089659433,6017,0.7883824312434515,0.987012987012987,0.9156626506024096,0.95,83,0.9577779578126787,0.972972972972973,0.907563025210084,0.9391304347826087,119,0.9536207925793267,0.9523809523809523,0.5714285714285714,0.7142857142857142,35,0.7856611902486385,0.0,0.0,0.0,5,0.5,0.0,0.0,0.0,2,0.5,0.8545241809672387,0.6866186148542777,0.7614248479582971,3191,0.81352173355715,0.8339904254181848,0.8536817604739738,0.8377462975266755,9452,0.8002136613464672,121739.11957502365
