Rep.,Kfold,Num. Vars.,Precision-Background,Recall-Background,F1_score_Background,Num. Obs. Background,AUC_Background,Precision-DoS,Recall-DoS,F1_score_DoS,Num. Obs. Dos,AUC_DoS,Precision-Botnet,Recall-Botnet,F1_score_Botnet,Num. Obs. Botnet,AUC_Botnet,Precision-Scan,Recall-Scan,F1_score_Scan,Num. Obs. Scan,AUC_Scan,Precision-SSHscan,Recall-SSHscan,F1_score_SSHscan,Num. Obs. SSHscan,AUC_SSHscan,Precision-UDPscan,Recall-UDPscan,F1_score_UDPscan,Num. Obs. UDPscan,AUC_UDPscan,Precision-Spam,Recall-Spam,F1_score_Spam,Num. Obs. Spam,AUC_Spam,Precision-w,Recall-w,F1_score_w,Total Obs.,AUC_w,Time
5,3,83,0.8406767057073805,0.9392265193370166,0.8872233558311098,24073,0.8137724100903878,0.9937106918238994,0.948948948948949,0.9708141321044546,333,0.9744477992717429,0.9719626168224299,0.8739495798319328,0.9203539823008848,476,0.9368141258377766,0.9831932773109243,0.8297872340425532,0.9,141,0.9148670777431449,1.0,1.0,1.0,21,1.0,1.0,0.5,0.6666666666666666,8,0.75,0.8584880983520795,0.5140574829665596,0.6430565760470243,12769,0.735433659254316,0.8503433273164948,0.7944792575553264,0.8060051346967584,37821,0.7907539864663102,123821.36057114601
