Rep.,Kfold,Num. Vars.,Precision-Background,Recall-Background,F1_score_Background,Num. Obs. Background,AUC_Background,Precision-DoS,Recall-DoS,F1_score_DoS,Num. Obs. Dos,AUC_DoS,Precision-Botnet,Recall-Botnet,F1_score_Botnet,Num. Obs. Botnet,AUC_Botnet,Precision-Scan,Recall-Scan,F1_score_Scan,Num. Obs. Scan,AUC_Scan,Precision-SSHscan,Recall-SSHscan,F1_score_SSHscan,Num. Obs. SSHscan,AUC_SSHscan,Precision-UDPscan,Recall-UDPscan,F1_score_UDPscan,Num. Obs. UDPscan,AUC_UDPscan,Precision-Spam,Recall-Spam,F1_score_Spam,Num. Obs. Spam,AUC_Spam,Precision-w,Recall-w,F1_score_w,Total Obs.,AUC_w,Time
1,2,82,0.9082418678906405,0.9452914053088523,0.9263963523856049,24073,0.8890274586739213,0.9411764705882353,0.8143712574850299,0.8731942215088282,334,0.906958877422022,0.9752808988764045,0.9136842105263158,0.9434782608695652,475,0.9566948298581506,0.975,0.8297872340425532,0.896551724137931,141,0.9148538070475511,1.0,1.0,1.0,21,1.0,1.0,0.5,0.6666666666666666,8,0.75,0.8556380973500388,0.6044016290726817,0.7084040941846055,12768,0.7762148653107301,0.8919349571877169,0.8281597038603913,0.852421709039172,37820,0.852078744288207,107572.26919841766
