Rep.,Kfold,Num. Vars.,Precision-Background,Recall-Background,F1_score_Background,Num. Obs. Background,AUC_Background,Precision-DoS,Recall-DoS,F1_score_DoS,Num. Obs. Dos,AUC_DoS,Precision-Botnet,Recall-Botnet,F1_score_Botnet,Num. Obs. Botnet,AUC_Botnet,Precision-Scan,Recall-Scan,F1_score_Scan,Num. Obs. Scan,AUC_Scan,Precision-SSHscan,Recall-SSHscan,F1_score_SSHscan,Num. Obs. SSHscan,AUC_SSHscan,Precision-UDPscan,Recall-UDPscan,F1_score_UDPscan,Num. Obs. UDPscan,AUC_UDPscan,Precision-Spam,Recall-Spam,F1_score_Spam,Num. Obs. Spam,AUC_Spam,Precision-w,Recall-w,F1_score_w,Total Obs.,AUC_w,Time
3,4,81,0.8730010867877659,0.9345188632208742,0.9027131160699952,6017,0.8481910182188795,0.9871794871794872,0.927710843373494,0.9565217391304347,83,0.9638020541982211,0.9528301886792453,0.8559322033898306,0.9017857142857143,118,0.9276982636833446,1.0,0.7428571428571429,0.8524590163934427,35,0.8714285714285714,0.0,0.0,0.0,5,0.5,0.0,0.0,0.0,2,0.5,0.882798833819242,0.4743107769423559,0.6170776441817811,3192,0.7211010753721363,0.878132805380137,0.776661024121879,0.805858521353017,9452,0.8071079088895413,114299.61260795593
