Rep.,Kfold,Num. Vars.,Precision-Background,Recall-Background,F1_score_Background,Num. Obs. Background,AUC_Background,Precision-DoS,Recall-DoS,F1_score_DoS,Num. Obs. Dos,AUC_DoS,Precision-Botnet,Recall-Botnet,F1_score_Botnet,Num. Obs. Botnet,AUC_Botnet,Precision-Scan,Recall-Scan,F1_score_Scan,Num. Obs. Scan,AUC_Scan,Precision-SSHscan,Recall-SSHscan,F1_score_SSHscan,Num. Obs. SSHscan,AUC_SSHscan,Precision-UDPscan,Recall-UDPscan,F1_score_UDPscan,Num. Obs. UDPscan,AUC_UDPscan,Precision-Spam,Recall-Spam,F1_score_Spam,Num. Obs. Spam,AUC_Spam,Precision-w,Recall-w,F1_score_w,Total Obs.,AUC_w,Time
20,3,83,0.7923558026407227,0.9473246925889,0.8629380155907062,6018,0.7562583882036468,0.9454545454545454,0.6265060240963856,0.753623188405797,83,0.8130929437523865,0.9626168224299065,0.865546218487395,0.9115044247787611,119,0.932558861787886,0.9444444444444444,0.4857142857142857,0.6415094339622641,35,0.742804058665615,0.0,0.0,0.0,6,0.5,1.0,1.0,1.0,1,1.0,0.8388375165125496,0.5968045112781954,0.6974190005491488,3192,0.7691783655081492,0.8116190245078665,0.8228263169028982,0.8053517039298483,9454,0.7631520714881597,95910.5113093853
