Rep.,Kfold,Num. Vars.,Precision-Background,Recall-Background,F1_score_Background,Num. Obs. Background,AUC_Background,Precision-DoS,Recall-DoS,F1_score_DoS,Num. Obs. Dos,AUC_DoS,Precision-Botnet,Recall-Botnet,F1_score_Botnet,Num. Obs. Botnet,AUC_Botnet,Precision-Scan,Recall-Scan,F1_score_Scan,Num. Obs. Scan,AUC_Scan,Precision-SSHscan,Recall-SSHscan,F1_score_SSHscan,Num. Obs. SSHscan,AUC_SSHscan,Precision-UDPscan,Recall-UDPscan,F1_score_UDPscan,Num. Obs. UDPscan,AUC_UDPscan,Precision-Spam,Recall-Spam,F1_score_Spam,Num. Obs. Spam,AUC_Spam,Precision-w,Recall-w,F1_score_w,Total Obs.,AUC_w,Time
7,5,83,0.8308931185944363,0.9431610437094898,0.8834747411847124,6017,0.803604954664518,0.92,0.5476190476190477,0.6865671641791046,84,0.7735960994151154,0.944954128440367,0.865546218487395,0.9035087719298246,119,0.932451772482772,1.0,0.1388888888888889,0.24390243902439027,36,0.5694444444444444,0.0,0.0,0.0,5,0.5,0.5,1.0,0.6666666666666666,1,0.9999471123334038,0.8549488054607508,0.627622925148763,0.723857684666787,3193,0.7866635864964511,0.8414135348179063,0.8285563194077208,0.8251487514512643,9455,0.7982074695175281,123060.15351486206
