Rep.,Kfold,Num. Vars.,Precision-Background,Recall-Background,F1_score_Background,Num. Obs. Background,AUC_Background,Precision-DoS,Recall-DoS,F1_score_DoS,Num. Obs. Dos,AUC_DoS,Precision-Botnet,Recall-Botnet,F1_score_Botnet,Num. Obs. Botnet,AUC_Botnet,Precision-Scan,Recall-Scan,F1_score_Scan,Num. Obs. Scan,AUC_Scan,Precision-SSHscan,Recall-SSHscan,F1_score_SSHscan,Num. Obs. SSHscan,AUC_SSHscan,Precision-UDPscan,Recall-UDPscan,F1_score_UDPscan,Num. Obs. UDPscan,AUC_UDPscan,Precision-Spam,Recall-Spam,F1_score_Spam,Num. Obs. Spam,AUC_Spam,Precision-w,Recall-w,F1_score_w,Total Obs.,AUC_w,Time
2,1,85,0.8210281054317752,0.9370117999002825,0.8751940391182862,6017,0.7897682617884193,0.961038961038961,0.8809523809523809,0.9192546583850931,84,0.9403161221803843,0.9711538461538461,0.8559322033898306,0.9099099099099099,118,0.9278054505221617,0.9354838709677419,0.8285714285714286,0.8787878787878788,35,0.9141795571731879,0.0,0.0,0.0,6,0.5,0.0,0.0,0.0,2,0.5,0.8436018957345972,0.6689633573441904,0.7462008733624454,3193,0.802862387710741,0.8314978662634435,0.8437863564251719,0.83172990570622,9455,0.7974657976802902,111835.56289172173
