Rep.,Kfold,Num. Vars.,Precision-Background,Recall-Background,F1_score_Background,Num. Obs. Background,AUC_Background,Precision-DoS,Recall-DoS,F1_score_DoS,Num. Obs. Dos,AUC_DoS,Precision-Botnet,Recall-Botnet,F1_score_Botnet,Num. Obs. Botnet,AUC_Botnet,Precision-Scan,Recall-Scan,F1_score_Scan,Num. Obs. Scan,AUC_Scan,Precision-SSHscan,Recall-SSHscan,F1_score_SSHscan,Num. Obs. SSHscan,AUC_SSHscan,Precision-UDPscan,Recall-UDPscan,F1_score_UDPscan,Num. Obs. UDPscan,AUC_UDPscan,Precision-Spam,Recall-Spam,F1_score_Spam,Num. Obs. Spam,AUC_Spam,Precision-w,Recall-w,F1_score_w,Total Obs.,AUC_w,Time
10,2,88,0.8475947849542934,0.9398471252907943,0.8913403199117486,6018,0.8219317116558744,0.9493670886075949,0.9036144578313253,0.9259259259259259,83,0.9515938045212544,0.9732142857142857,0.9159663865546218,0.9437229437229437,119,0.9578225076854523,0.967741935483871,0.8571428571428571,0.909090909090909,35,0.9285183443799008,0.0,0.0,0.0,5,0.5,0.0,0.0,0.0,2,0.5,0.8492569002123143,0.6265664160401002,0.721110510185686,3192,0.7849376315269169,0.8504478926834156,0.8324518722233974,0.834233536885411,9454,0.8124462943539349,148100.04586982727
