Rep.,Kfold,Num. Vars.,Precision-Background,Recall-Background,F1_score_Background,Num. Obs. Background,AUC_Background,Precision-DoS,Recall-DoS,F1_score_DoS,Num. Obs. Dos,AUC_DoS,Precision-Botnet,Recall-Botnet,F1_score_Botnet,Num. Obs. Botnet,AUC_Botnet,Precision-Scan,Recall-Scan,F1_score_Scan,Num. Obs. Scan,AUC_Scan,Precision-SSHscan,Recall-SSHscan,F1_score_SSHscan,Num. Obs. SSHscan,AUC_SSHscan,Precision-UDPscan,Recall-UDPscan,F1_score_UDPscan,Num. Obs. UDPscan,AUC_UDPscan,Precision-Spam,Recall-Spam,F1_score_Spam,Num. Obs. Spam,AUC_Spam,Precision-w,Recall-w,F1_score_w,Total Obs.,AUC_w,Time
20,1,82,0.8207547169811321,0.9395248380129589,0.8761329305135952,6019,0.790099922643372,0.9864864864864865,0.8795180722891566,0.9299363057324841,83,0.9397056914310393,0.9739130434782609,0.9411764705882353,0.9572649572649573,119,0.9704275841213641,1.0,0.5428571428571428,0.7037037037037037,35,0.7714285714285714,0.0,0.0,0.0,5,0.5,0.0,0.0,0.0,2,0.5,0.834739263803681,0.6818039461321641,0.7505602482330632,3193,0.8064935426014485,0.8289148838184093,0.8498307952622673,0.8339373788377176,9456,0.7989341974213302,88206.66279315948
