Rep.,Kfold,Num. Vars.,Precision-Background,Recall-Background,F1_score_Background,Num. Obs. Background,AUC_Background,Precision-DoS,Recall-DoS,F1_score_DoS,Num. Obs. Dos,AUC_DoS,Precision-Botnet,Recall-Botnet,F1_score_Botnet,Num. Obs. Botnet,AUC_Botnet,Precision-Scan,Recall-Scan,F1_score_Scan,Num. Obs. Scan,AUC_Scan,Precision-SSHscan,Recall-SSHscan,F1_score_SSHscan,Num. Obs. SSHscan,AUC_SSHscan,Precision-UDPscan,Recall-UDPscan,F1_score_UDPscan,Num. Obs. UDPscan,AUC_UDPscan,Precision-Spam,Recall-Spam,F1_score_Spam,Num. Obs. Spam,AUC_Spam,Precision-w,Recall-w,F1_score_w,Total Obs.,AUC_w,Time
17,2,92,0.8174614608845988,0.9426815085562386,0.8756172839506172,6019,0.7870230353371824,0.9863013698630136,0.8674698795180723,0.923076923076923,83,0.9336815950454973,0.9722222222222222,0.8823529411764706,0.9251101321585902,119,0.9410158194154817,1.0,0.8285714285714286,0.90625,35,0.9142857142857144,0.0,0.0,0.0,6,0.5,1.0,0.5,0.6666666666666666,2,0.75,0.857875833760903,0.5238095238095238,0.6504571095117682,3192,0.739794289363255,0.8347290241721951,0.7987521150592216,0.8001644563595515,9456,0.774586662039047,152179.0417048931
