Rep.,Kfold,Num. Vars.,Precision-Background,Recall-Background,F1_score_Background,Num. Obs. Background,AUC_Background,Precision-DoS,Recall-DoS,F1_score_DoS,Num. Obs. Dos,AUC_DoS,Precision-Botnet,Recall-Botnet,F1_score_Botnet,Num. Obs. Botnet,AUC_Botnet,Precision-Scan,Recall-Scan,F1_score_Scan,Num. Obs. Scan,AUC_Scan,Precision-SSHscan,Recall-SSHscan,F1_score_SSHscan,Num. Obs. SSHscan,AUC_SSHscan,Precision-UDPscan,Recall-UDPscan,F1_score_UDPscan,Num. Obs. UDPscan,AUC_UDPscan,Precision-Spam,Recall-Spam,F1_score_Spam,Num. Obs. Spam,AUC_Spam,Precision-w,Recall-w,F1_score_w,Total Obs.,AUC_w,Time
8,4,84,0.8359300007383889,0.9405948820206048,0.8851792486023692,24072,0.8086621751341113,0.943089430894309,0.6946107784431138,0.8000000000000002,334,0.847118647858345,0.9707865168539326,0.9094736842105263,0.9391304347826087,475,0.9545627846930951,0.9765625,0.8865248226950354,0.929368029739777,141,0.9432226003172082,0.0,0.0,0.0,22,0.5,1.0,0.42857142857142855,0.6,7,0.7142857142857143,0.8795983296878107,0.6929041353383458,0.7751686673092089,12768,0.8222813758804219,0.8533813487705328,0.8535656680504509,0.8475611799697311,37819,0.8157369000985798,135203.94407224655
