Rep.,Kfold,Num. Vars.,Precision-Background,Recall-Background,F1_score_Background,Num. Obs. Background,AUC_Background,Precision-DoS,Recall-DoS,F1_score_DoS,Num. Obs. Dos,AUC_DoS,Precision-Botnet,Recall-Botnet,F1_score_Botnet,Num. Obs. Botnet,AUC_Botnet,Precision-Scan,Recall-Scan,F1_score_Scan,Num. Obs. Scan,AUC_Scan,Precision-SSHscan,Recall-SSHscan,F1_score_SSHscan,Num. Obs. SSHscan,AUC_SSHscan,Precision-UDPscan,Recall-UDPscan,F1_score_UDPscan,Num. Obs. UDPscan,AUC_UDPscan,Precision-Spam,Recall-Spam,F1_score_Spam,Num. Obs. Spam,AUC_Spam,Precision-w,Recall-w,F1_score_w,Total Obs.,AUC_w,Time
1,5,88,0.846522961574508,0.9380218502056246,0.889926696618586,24073,0.8201165404650468,0.9871382636655949,0.9191616766467066,0.9519379844961239,334,0.9595274864947193,0.9957173447537473,0.9789473684210527,0.9872611464968154,475,0.9894469075811684,0.9769230769230769,0.900709219858156,0.9372693726937269,141,0.9503148010118806,1.0,1.0,1.0,22,1.0,1.0,0.5714285714285714,0.7272727272727273,7,0.7857142857142857,0.8846796657381616,0.7461821599185527,0.8095501083308552,12769,0.8483026399145693,0.8631246656212741,0.8734301049681394,0.8647707073589892,37821,0.8335740920709969,141775.3558125496
