Rep.,Kfold,Num. Vars.,Precision-Background,Recall-Background,F1_score_Background,Num. Obs. Background,AUC_Background,Precision-DoS,Recall-DoS,F1_score_DoS,Num. Obs. Dos,AUC_DoS,Precision-Botnet,Recall-Botnet,F1_score_Botnet,Num. Obs. Botnet,AUC_Botnet,Precision-Scan,Recall-Scan,F1_score_Scan,Num. Obs. Scan,AUC_Scan,Precision-SSHscan,Recall-SSHscan,F1_score_SSHscan,Num. Obs. SSHscan,AUC_SSHscan,Precision-UDPscan,Recall-UDPscan,F1_score_UDPscan,Num. Obs. UDPscan,AUC_UDPscan,Precision-Spam,Recall-Spam,F1_score_Spam,Num. Obs. Spam,AUC_Spam,Precision-w,Recall-w,F1_score_w,Total Obs.,AUC_w,Time
12,4,83,0.8817002656665104,0.9375207710202725,0.9087541274059757,6018,0.8586352764033571,0.9615384615384616,0.8928571428571429,0.9259259259259259,84,0.9462685031327651,0.9807692307692307,0.8571428571428571,0.9147982062780269,119,0.9284643163177868,1.0,0.45714285714285713,0.6274509803921569,35,0.7285714285714285,0.0,0.0,0.0,5,0.5,1.0,1.0,1.0,1,1.0,0.8660130718954249,0.7469464453492014,0.8020850849167649,3193,0.8440097924606116,0.8783429620913716,0.8694870438921206,0.8714478649928059,9455,0.8546974266131259,109087.39102840424
