Rep.,Kfold,Num. Vars.,Precision-Background,Recall-Background,F1_score_Background,Num. Obs. Background,AUC_Background,Precision-DoS,Recall-DoS,F1_score_DoS,Num. Obs. Dos,AUC_DoS,Precision-Botnet,Recall-Botnet,F1_score_Botnet,Num. Obs. Botnet,AUC_Botnet,Precision-Scan,Recall-Scan,F1_score_Scan,Num. Obs. Scan,AUC_Scan,Precision-SSHscan,Recall-SSHscan,F1_score_SSHscan,Num. Obs. SSHscan,AUC_SSHscan,Precision-UDPscan,Recall-UDPscan,F1_score_UDPscan,Num. Obs. UDPscan,AUC_UDPscan,Precision-Spam,Recall-Spam,F1_score_Spam,Num. Obs. Spam,AUC_Spam,Precision-w,Recall-w,F1_score_w,Total Obs.,AUC_w,Time
7,2,80,0.8387789879232422,0.9405948820206048,0.8867739787725689,24072,0.8120198733640994,1.0,0.9730538922155688,0.9863429438543247,334,0.9865269461077844,0.9652777777777778,0.8760504201680672,0.918502202643172,476,0.9378243746084552,0.984375,0.8936170212765957,0.9368029739776951,141,0.9467819706558143,0.0,0.0,0.0,21,0.5,1.0,1.0,1.0,7,1.0,0.8544888427607681,0.6447646644216461,0.7349580432065702,12769,0.7943994173571246,0.8472058415579788,0.8395029085140138,0.8365107689517272,37820,0.8095592070869863,96445.48619222641
