Rep.,Kfold,Num. Vars.,Precision-Background,Recall-Background,F1_score_Background,Num. Obs. Background,AUC_Background,Precision-DoS,Recall-DoS,F1_score_DoS,Num. Obs. Dos,AUC_DoS,Precision-Botnet,Recall-Botnet,F1_score_Botnet,Num. Obs. Botnet,AUC_Botnet,Precision-Scan,Recall-Scan,F1_score_Scan,Num. Obs. Scan,AUC_Scan,Precision-SSHscan,Recall-SSHscan,F1_score_SSHscan,Num. Obs. SSHscan,AUC_SSHscan,Precision-UDPscan,Recall-UDPscan,F1_score_UDPscan,Num. Obs. UDPscan,AUC_UDPscan,Precision-Spam,Recall-Spam,F1_score_Spam,Num. Obs. Spam,AUC_Spam,Precision-w,Recall-w,F1_score_w,Total Obs.,AUC_w,Time
11,1,86,0.8106844268102593,0.9508060495263421,0.8751720972923358,6017,0.7811040137102332,0.926829268292683,0.9047619047619048,0.9156626506024096,84,0.95206081578934,0.9819819819819819,0.9159663865546218,0.9478260869565216,119,0.9578760810236691,1.0,0.8611111111111112,0.9253731343283582,36,0.9305555555555556,0.0,0.0,0.0,6,0.5,1.0,0.5,0.6666666666666666,2,0.75,0.8496180136710897,0.6621748668129113,0.7442761535752024,3191,0.8012343044153957,0.8272584655879661,0.851507139079852,0.8318613906540494,9455,0.7920255820256079,133053.04161715508
