Rep.,Kfold,Num. Vars.,Precision-Background,Recall-Background,F1_score_Background,Num. Obs. Background,AUC_Background,Precision-DoS,Recall-DoS,F1_score_DoS,Num. Obs. Dos,AUC_DoS,Precision-Botnet,Recall-Botnet,F1_score_Botnet,Num. Obs. Botnet,AUC_Botnet,Precision-Scan,Recall-Scan,F1_score_Scan,Num. Obs. Scan,AUC_Scan,Precision-SSHscan,Recall-SSHscan,F1_score_SSHscan,Num. Obs. SSHscan,AUC_SSHscan,Precision-UDPscan,Recall-UDPscan,F1_score_UDPscan,Num. Obs. UDPscan,AUC_UDPscan,Precision-Spam,Recall-Spam,F1_score_Spam,Num. Obs. Spam,AUC_Spam,Precision-w,Recall-w,F1_score_w,Total Obs.,AUC_w,Time
12,1,84,0.842503022974607,0.9263752700681402,0.8824507242935169,6017,0.811513690347025,0.9180327868852459,0.6746987951807228,0.7777777777777777,83,0.8370825601477315,0.9719626168224299,0.8739495798319328,0.9203539823008848,119,0.9368140698902512,0.9375,0.42857142857142855,0.588235294117647,35,0.7142326188200671,0.0,0.0,0.0,5,0.5,1.0,0.5,0.6666666666666666,2,0.75,0.8449144008056395,0.5258539642745221,0.648251883330114,3191,0.7383302723464928,0.8455496524462919,0.7858654253068134,0.8013411993077969,9452,0.7880709524273817,126671.80938315392
