Rep.,Kfold,Num. Vars.,Precision-Background,Recall-Background,F1_score_Background,Num. Obs. Background,AUC_Background,Precision-DoS,Recall-DoS,F1_score_DoS,Num. Obs. Dos,AUC_DoS,Precision-Botnet,Recall-Botnet,F1_score_Botnet,Num. Obs. Botnet,AUC_Botnet,Precision-Scan,Recall-Scan,F1_score_Scan,Num. Obs. Scan,AUC_Scan,Precision-SSHscan,Recall-SSHscan,F1_score_SSHscan,Num. Obs. SSHscan,AUC_SSHscan,Precision-UDPscan,Recall-UDPscan,F1_score_UDPscan,Num. Obs. UDPscan,AUC_UDPscan,Precision-Spam,Recall-Spam,F1_score_Spam,Num. Obs. Spam,AUC_Spam,Precision-w,Recall-w,F1_score_w,Total Obs.,AUC_w,Time
13,1,87,0.7776131465517241,0.959288800265869,0.8589495610772205,6018,0.7394640102580436,0.9736842105263158,0.891566265060241,0.930817610062893,83,0.9456764317191942,0.9809523809523809,0.865546218487395,0.9196428571428571,119,0.9326659969900557,0.9655172413793104,0.8,0.8750000000000001,35,0.8999469214437367,0.0,0.0,0.0,6,0.5,1.0,1.0,1.0,2,1.0,0.860858794384806,0.6531954887218046,0.7427858924118276,3192,0.7996937047632653,0.810246368469579,0.8529878371232152,0.8206717492095704,9455,0.7645365689119292,123906.61526298523
