Rep.,Kfold,Num. Vars.,Precision-Background,Recall-Background,F1_score_Background,Num. Obs. Background,AUC_Background,Precision-DoS,Recall-DoS,F1_score_DoS,Num. Obs. Dos,AUC_DoS,Precision-Botnet,Recall-Botnet,F1_score_Botnet,Num. Obs. Botnet,AUC_Botnet,Precision-Scan,Recall-Scan,F1_score_Scan,Num. Obs. Scan,AUC_Scan,Precision-SSHscan,Recall-SSHscan,F1_score_SSHscan,Num. Obs. SSHscan,AUC_SSHscan,Precision-UDPscan,Recall-UDPscan,F1_score_UDPscan,Num. Obs. UDPscan,AUC_UDPscan,Precision-Spam,Recall-Spam,F1_score_Spam,Num. Obs. Spam,AUC_Spam,Precision-w,Recall-w,F1_score_w,Total Obs.,AUC_w,Time
16,5,76,0.8689679057954283,0.9380218502056246,0.9021754329890729,24073,0.8451747307472697,0.990506329113924,0.937125748502994,0.963076923076923,334,0.9685228603800216,0.9724137931034482,0.8905263157894737,0.9296703296703297,475,0.9451024981185895,1.0,0.9787234042553191,0.989247311827957,141,0.9893617021276595,1.0,1.0,1.0,22,1.0,1.0,0.42857142857142855,0.6,7,0.7142857142857143,0.8620859621451105,0.6848617746103846,0.7633221315410466,12769,0.8145089649037872,0.8696059256099111,0.8520398720287671,0.8565049698808179,37821,0.8377691385238026,94679.75453400612
