Rep.,Kfold,Num. Vars.,Precision-Background,Recall-Background,F1_score_Background,Num. Obs. Background,AUC_Background,Precision-DoS,Recall-DoS,F1_score_DoS,Num. Obs. Dos,AUC_DoS,Precision-Botnet,Recall-Botnet,F1_score_Botnet,Num. Obs. Botnet,AUC_Botnet,Precision-Scan,Recall-Scan,F1_score_Scan,Num. Obs. Scan,AUC_Scan,Precision-SSHscan,Recall-SSHscan,F1_score_SSHscan,Num. Obs. SSHscan,AUC_SSHscan,Precision-UDPscan,Recall-UDPscan,F1_score_UDPscan,Num. Obs. UDPscan,AUC_UDPscan,Precision-Spam,Recall-Spam,F1_score_Spam,Num. Obs. Spam,AUC_Spam,Precision-w,Recall-w,F1_score_w,Total Obs.,AUC_w,Time
9,4,87,0.8103619588360539,0.9484964279780694,0.8740048989589712,6019,0.7798361068877543,0.9726027397260274,0.8554216867469879,0.9102564102564102,83,0.9276041425625678,0.9819819819819819,0.923728813559322,0.9519650655021833,118,0.9617573059978253,0.9375,0.4166666666666667,0.5769230769230769,36,0.7082802491418057,0.0,0.0,0.0,5,0.5,0.0,0.0,0.0,2,0.5,0.8511827956989247,0.6199874686716792,0.7174188870763096,3192,0.7823711892296605,0.8275932327209212,0.8337387625594923,0.8206545705903119,9455,0.7837799004006357,121231.55132246017
