,Rep,Kfold,Num_Vars_,Precision_background,Recall_background,F1_score_background,Num_Obs_background,AUC_background,Accuracy_background,Precision_dos,Recall_dos,F1_score_dos,Num_Obs_dos,AUC_dos,Accuracy_dos,Precision_scan,Recall_scan,F1_score_scan,Num_Obs_scan,AUC_scan,Accuracy_scan,Precision_w,Recall_w,F1_score_w,Total_Obs,AUC_w,Accuracy_w,Hyper_time,Training_time,Testing_time,Total_time
0,1.0,2.0,51.0,0.6153846153846154,0.0022541561003099463,0.004491858506457046,3549.0,0.4910869174075847,0.06635071090047394,0.027582477014602487,1.0,0.05368421052631578,102.0,0.5135281385281385,0.053185887309110065,0.010204081632653059,0.006802721088435374,0.00816326530612245,147.0,0.4901173287721005,0.9360189573459716,0.5761752008044997,0.029225908372827805,0.005955080387862102,3798.0,0.491652076708501,0.09965729863643208,0.0,1.7108285427093506,0.006942987442016602,2.463512897491455
