Rep,Kfold,Num_Vars_,Precision_background,Recall_background,F1_score_background,Num_Obs_background,AUC_background,Accuracy_background,Precision_dos,Recall_dos,F1_score_dos,Num_Obs_dos,AUC_dos,Accuracy_dos,Precision_scan,Recall_scan,F1_score_scan,Num_Obs_scan,AUC_scan,Accuracy_scan,Precision_w,Recall_w,F1_score_w,Total_Obs,AUC_w,Accuracy_w,Hyper_time,Training_time,Testing_time,Total_time
1.0,1.0,62.0,0.0008084074373484236,1.0,0.001615508885298869,4.0,0.7633770460419259,0.5269352215099034,0.0,0.0,0.0,9590.0,0.5,0.08238446081714669,0.04716981132075472,0.058343057176196034,0.05216484089723526,857.0,0.47653446375591124,0.826141039135011,0.003868315178608381,0.005166969667974357,0.004278225115727855,10451.0,0.49817659014668303,0.14354392791705872,193.8197250366211,9.855176210403442,4.4409708976745605,210.4556953907013
