,Rep,Kfold,Num_Vars_,Precision_background,Recall_background,F1_score_background,Num_Obs_background,AUC_background,Accuracy_background,Precision_dos,Recall_dos,F1_score_dos,Num_Obs_dos,AUC_dos,Accuracy_dos,Precision_scan,Recall_scan,F1_score_scan,Num_Obs_scan,AUC_scan,Accuracy_scan,Precision_w,Recall_w,F1_score_w,Total_Obs,AUC_w,Accuracy_w,Hyper_time,Training_time,Testing_time,Total_time
0,1.0,1.0,52.0,0.021439776886874668,1.0,0.04197952218430034,246.0,0.723652473541718,0.4539176110111376,0.0,0.0,0.0,16486.0,0.5,0.1981907494771655,0.12839506172839507,0.06790284669626534,0.08882815169115135,3829.0,0.48120817687431,0.7405768201935704,0.02416705785089227,0.024609697971888528,0.017044402280178804,20561.0,0.4991763346988471,0.3022569462920321,293.28698563575745,12.296330451965332,3.8669865131378174,313.95231437683105
