Rep.,Kfold,Num. Vars.,Precision-Background,Recall-Background,F1_score_Background,Num. Obs. Background,AUC_Background,Precision-DoS,Recall-DoS,F1_score_DoS,Num. Obs. Dos,AUC_DoS,Precision-Botnet,Recall-Botnet,F1_score_Botnet,Num. Obs. Botnet,AUC_Botnet,Precision-Scan,Recall-Scan,F1_score_Scan,Num. Obs. Scan,AUC_Scan,Precision-SSHscan,Recall-SSHscan,F1_score_SSHscan,Num. Obs. SSHscan,AUC_SSHscan,Precision-UDPscan,Recall-UDPscan,F1_score_UDPscan,Num. Obs. UDPscan,AUC_UDPscan,Precision-Spam,Recall-Spam,F1_score_Spam,Num. Obs. Spam,AUC_Spam,Precision-w,Recall-w,F1_score_w,Total Obs.,AUC_w,Time
6,5,87,0.8197866996687657,0.935570971627965,0.8738602413378341,24073,0.7877229312605929,0.9807073954983923,0.9131736526946108,0.9457364341085271,334,0.9565067986043545,0.9727891156462585,0.9031578947368422,0.9366812227074236,475,0.9514182875922738,1.0,0.950354609929078,0.9745454545454546,141,0.975177304964539,0.0,0.0,0.0,22,0.5,1.0,0.7142857142857143,0.8333333333333333,7,0.8571428571428572,0.8416748446189074,0.604510924896233,0.7036463081130356,12769,0.7732757402702465,0.8307475321142608,0.8226646572010259,0.8176764519770379,37821,0.7869360675044873,306823.28041148186
