Rep.,Kfold,Num. Vars.,Precision-Background,Recall-Background,F1_score_Background,Num. Obs. Background,AUC_Background,Precision-DoS,Recall-DoS,F1_score_DoS,Num. Obs. Dos,AUC_DoS,Precision-Botnet,Recall-Botnet,F1_score_Botnet,Num. Obs. Botnet,AUC_Botnet,Precision-Scan,Recall-Scan,F1_score_Scan,Num. Obs. Scan,AUC_Scan,Precision-SSHscan,Recall-SSHscan,F1_score_SSHscan,Num. Obs. SSHscan,AUC_SSHscan,Precision-UDPscan,Recall-UDPscan,F1_score_UDPscan,Num. Obs. UDPscan,AUC_UDPscan,Precision-Spam,Recall-Spam,F1_score_Spam,Num. Obs. Spam,AUC_Spam,Precision-w,Recall-w,F1_score_w,Total Obs.,AUC_w,Time
20,3,83,0.8211471103327496,0.9349063265899555,0.8743419902488296,24073,0.7891726861346635,0.9935064935064936,0.9161676646706587,0.9532710280373833,334,0.9580571564210124,0.9730337078651685,0.911578947368421,0.941304347826087,475,0.9556288139080632,1.0,0.9361702127659575,0.967032967032967,141,0.9680851063829787,0.0,0.0,0.0,21,0.5,1.0,0.5,0.6666666666666666,8,0.75,0.8415312465917767,0.6042759808912209,0.703436958701796,12769,0.7731383097813921,0.8317074919975094,0.8222151714655879,0.8179957781970378,37821,0.7878393466002829,398110.22281718254
