Rep.,Kfold,Num. Vars.,Precision-Background,Recall-Background,F1_score_Background,Num. Obs. Background,AUC_Background,Precision-DoS,Recall-DoS,F1_score_DoS,Num. Obs. Dos,AUC_DoS,Precision-Botnet,Recall-Botnet,F1_score_Botnet,Num. Obs. Botnet,AUC_Botnet,Precision-Scan,Recall-Scan,F1_score_Scan,Num. Obs. Scan,AUC_Scan,Precision-SSHscan,Recall-SSHscan,F1_score_SSHscan,Num. Obs. SSHscan,AUC_SSHscan,Precision-UDPscan,Recall-UDPscan,F1_score_UDPscan,Num. Obs. UDPscan,AUC_UDPscan,Precision-Spam,Recall-Spam,F1_score_Spam,Num. Obs. Spam,AUC_Spam,Precision-w,Recall-w,F1_score_w,Total Obs.,AUC_w,Time
11,4,85,0.8177486815784688,0.9340312396144899,0.8720305621812399,24072,0.7847709296704978,0.9935691318327974,0.9251497005988024,0.958139534883721,334,0.9625481736734608,0.9726027397260274,0.8968421052631579,0.9331872946330777,475,0.948260388553389,0.9923664122137404,0.9219858156028369,0.9558823529411765,141,0.9609796378101767,0.0,0.0,0.0,22,0.5,1.0,0.5714285714285714,0.7272727272727273,7,0.7857142857142857,0.8416941694169416,0.5991855274492912,0.7000320234228463,12769,0.7708713553976327,0.8295399568420407,0.8197778952934955,0.8152665650547493,37820,0.7841928889371133,562681.164970398
