Rep.,Kfold,Num. Vars.,Precision-Background,Recall-Background,F1_score_Background,Num. Obs. Background,AUC_Background,Precision-DoS,Recall-DoS,F1_score_DoS,Num. Obs. Dos,AUC_DoS,Precision-Botnet,Recall-Botnet,F1_score_Botnet,Num. Obs. Botnet,AUC_Botnet,Precision-Scan,Recall-Scan,F1_score_Scan,Num. Obs. Scan,AUC_Scan,Precision-SSHscan,Recall-SSHscan,F1_score_SSHscan,Num. Obs. SSHscan,AUC_SSHscan,Precision-UDPscan,Recall-UDPscan,F1_score_UDPscan,Num. Obs. UDPscan,AUC_UDPscan,Precision-Spam,Recall-Spam,F1_score_Spam,Num. Obs. Spam,AUC_Spam,Precision-w,Recall-w,F1_score_w,Total Obs.,AUC_w,Time
19,4,82,0.8141887010547608,0.9363575938850116,0.8710101244300177,6018,0.7811514554649025,0.9473684210526315,0.8674698795180723,0.9056603773584905,83,0.9335215609048806,0.9910714285714286,0.9327731092436975,0.961038961038961,119,0.9663330042309308,0.8947368421052632,0.9444444444444444,0.918918918918919,36,0.9720099079971691,0.0,0.0,0.0,6,0.5,1.0,1.0,1.0,1,1.0,0.8326086956521739,0.5997494519260883,0.6972510467868195,3193,0.7691386569865153,0.8236132374606705,0.8214890016920474,0.8134175179754265,9456,0.7813343342314097,488121.5790295601
