Rep.,Kfold,Num. Vars.,Precision-Background,Recall-Background,F1_score_Background,Num. Obs. Background,AUC_Background,Precision-DoS,Recall-DoS,F1_score_DoS,Num. Obs. Dos,AUC_DoS,Precision-Botnet,Recall-Botnet,F1_score_Botnet,Num. Obs. Botnet,AUC_Botnet,Precision-Scan,Recall-Scan,F1_score_Scan,Num. Obs. Scan,AUC_Scan,Precision-SSHscan,Recall-SSHscan,F1_score_SSHscan,Num. Obs. SSHscan,AUC_SSHscan,Precision-UDPscan,Recall-UDPscan,F1_score_UDPscan,Num. Obs. UDPscan,AUC_UDPscan,Precision-Spam,Recall-Spam,F1_score_Spam,Num. Obs. Spam,AUC_Spam,Precision-w,Recall-w,F1_score_w,Total Obs.,AUC_w,Time
6,4,90,0.8207736337453061,0.9351971087940847,0.8742573103957128,24073,0.7887698894279627,0.9902912621359223,0.918918918918919,0.9532710280373833,333,0.9594194434530569,0.9725400457665904,0.8947368421052632,0.9320175438596491,475,0.9472077483696656,1.0,0.950354609929078,0.9745454545454546,141,0.975177304964539,0.0,0.0,0.0,22,0.5,1.0,0.42857142857142855,0.6,7,0.7142857142857143,0.8411802994141896,0.6073470666562231,0.7053900386627246,12767,0.7744531429245348,0.8312855275213419,0.823285208101962,0.818485095761904,37818,0.7879425453239818,338564.1609864235
