Rep.,Kfold,Num. Vars.,Precision-Background,Recall-Background,F1_score_Background,Num. Obs. Background,AUC_Background,Precision-DoS,Recall-DoS,F1_score_DoS,Num. Obs. Dos,AUC_DoS,Precision-Botnet,Recall-Botnet,F1_score_Botnet,Num. Obs. Botnet,AUC_Botnet,Precision-Scan,Recall-Scan,F1_score_Scan,Num. Obs. Scan,AUC_Scan,Precision-SSHscan,Recall-SSHscan,F1_score_SSHscan,Num. Obs. SSHscan,AUC_SSHscan,Precision-UDPscan,Recall-UDPscan,F1_score_UDPscan,Num. Obs. UDPscan,AUC_UDPscan,Precision-Spam,Recall-Spam,F1_score_Spam,Num. Obs. Spam,AUC_Spam,Precision-w,Recall-w,F1_score_w,Total Obs.,AUC_w,Time
4,2,83,0.8206888994411368,0.9333665669657694,0.873408618243309,24072,0.7881222475451574,0.9935064935064936,0.918918918918919,0.9547581903276131,333,0.9594327821218577,0.9819004524886877,0.9136842105263158,0.9465648854961832,475,0.9567349901411805,1.0,0.9428571428571428,0.9705882352941176,140,0.9714285714285714,0.0,0.0,0.0,22,0.5,1.0,0.7142857142857143,0.8333333333333333,7,0.8571428571428572,0.8414500982747325,0.6034928342078472,0.7028777306517079,12769,0.7727632241620896,0.8314649074379102,0.8210640435771326,0.8173093893201354,37818,0.7870863765666188,402628.8970808983
