Rep.,Kfold,Num. Vars.,Precision-Background,Recall-Background,F1_score_Background,Num. Obs. Background,AUC_Background,Precision-DoS,Recall-DoS,F1_score_DoS,Num. Obs. Dos,AUC_DoS,Precision-Botnet,Recall-Botnet,F1_score_Botnet,Num. Obs. Botnet,AUC_Botnet,Precision-Scan,Recall-Scan,F1_score_Scan,Num. Obs. Scan,AUC_Scan,Precision-SSHscan,Recall-SSHscan,F1_score_SSHscan,Num. Obs. SSHscan,AUC_SSHscan,Precision-UDPscan,Recall-UDPscan,F1_score_UDPscan,Num. Obs. UDPscan,AUC_UDPscan,Precision-Spam,Recall-Spam,F1_score_Spam,Num. Obs. Spam,AUC_Spam,Precision-w,Recall-w,F1_score_w,Total Obs.,AUC_w,Time
19,4,82,0.8209745762711864,0.9336185768288123,0.8736807323757507,24073,0.7885392462203134,0.9935691318327974,0.9251497005988024,0.958139534883721,334,0.9625481729617995,0.9722863741339491,0.8863157894736842,0.9273127753303965,475,0.9429972263563793,0.9925373134328358,0.95,0.9708029197080291,140,0.9749867300087581,0.0,0.0,0.0,21,0.5,1.0,0.5,0.6666666666666666,8,0.75,0.8426527958387516,0.6090225563909775,0.7070376432078559,12768,0.7755303991886626,0.8319351440670517,0.8228139295063328,0.8186707954727758,37819,0.7881459141064596,488121.5790295601
