Rep.,Kfold,Num. Vars.,Precision-Background,Recall-Background,F1_score_Background,Num. Obs. Background,AUC_Background,Precision-DoS,Recall-DoS,F1_score_DoS,Num. Obs. Dos,AUC_DoS,Precision-Botnet,Recall-Botnet,F1_score_Botnet,Num. Obs. Botnet,AUC_Botnet,Precision-Scan,Recall-Scan,F1_score_Scan,Num. Obs. Scan,AUC_Scan,Precision-SSHscan,Recall-SSHscan,F1_score_SSHscan,Num. Obs. SSHscan,AUC_SSHscan,Precision-UDPscan,Recall-UDPscan,F1_score_UDPscan,Num. Obs. UDPscan,AUC_UDPscan,Precision-Spam,Recall-Spam,F1_score_Spam,Num. Obs. Spam,AUC_Spam,Precision-w,Recall-w,F1_score_w,Total Obs.,AUC_w,Time
20,2,87,0.815366806540298,0.9365132125644009,0.8717512376237624,6017,0.782575581835169,0.9868421052631579,0.8928571428571429,0.9375,84,0.9463752039400455,0.9629629629629629,0.8739495798319328,0.9162995594713657,119,0.9367605195067099,0.9117647058823529,0.8857142857142857,0.8985507246376812,35,0.942697873373176,0.0,0.0,0.0,5,0.5,0.6666666666666666,1.0,0.8,2,0.9999470955454449,0.84,0.585709808837355,0.6901772525849336,3191,0.7644294812311975,0.8269580559004427,0.8162488099016185,0.811226249097653,9453,0.7803359874349284,520125.1553533077
