Rep.,Kfold,Num. Vars.,Precision-Background,Recall-Background,F1_score_Background,Num. Obs. Background,AUC_Background,Precision-DoS,Recall-DoS,F1_score_DoS,Num. Obs. Dos,AUC_DoS,Precision-Botnet,Recall-Botnet,F1_score_Botnet,Num. Obs. Botnet,AUC_Botnet,Precision-Scan,Recall-Scan,F1_score_Scan,Num. Obs. Scan,AUC_Scan,Precision-SSHscan,Recall-SSHscan,F1_score_SSHscan,Num. Obs. SSHscan,AUC_SSHscan,Precision-UDPscan,Recall-UDPscan,F1_score_UDPscan,Num. Obs. UDPscan,AUC_UDPscan,Precision-Spam,Recall-Spam,F1_score_Spam,Num. Obs. Spam,AUC_Spam,Precision-w,Recall-w,F1_score_w,Total Obs.,AUC_w,Time
17,1,85,0.8181024447031432,0.9345079787234043,0.87243947858473,6016,0.7853034799002757,0.975609756097561,0.9523809523809523,0.963855421686747,84,0.9760837184238487,0.963963963963964,0.9067796610169492,0.9344978165938864,118,0.9531755371408542,0.96875,0.8857142857142857,0.9253731343283582,35,0.9428040417526399,0.0,0.0,0.0,5,0.5,1.0,0.5,0.6666666666666666,2,0.75,0.8375482211744535,0.6123472265747415,0.7074583635047068,3191,0.775902047792163,0.8280526820825027,0.8247804465135965,0.8180141288671935,9451,0.7863456837135135,488541.3680999279
