Rep.,Kfold,Num. Vars.,Precision-Background,Recall-Background,F1_score_Background,Num. Obs. Background,AUC_Background,Precision-DoS,Recall-DoS,F1_score_DoS,Num. Obs. Dos,AUC_DoS,Precision-Botnet,Recall-Botnet,F1_score_Botnet,Num. Obs. Botnet,AUC_Botnet,Precision-Scan,Recall-Scan,F1_score_Scan,Num. Obs. Scan,AUC_Scan,Precision-SSHscan,Recall-SSHscan,F1_score_SSHscan,Num. Obs. SSHscan,AUC_SSHscan,Precision-UDPscan,Recall-UDPscan,F1_score_UDPscan,Num. Obs. UDPscan,AUC_UDPscan,Precision-Spam,Recall-Spam,F1_score_Spam,Num. Obs. Spam,AUC_Spam,Precision-w,Recall-w,F1_score_w,Total Obs.,AUC_w,Time
13,4,84,0.8211533545159052,0.9341088491898629,0.8739966181415327,24070,0.7889687456364618,0.9869706840390879,0.9099099099099099,0.946875,333,0.9549016017030743,0.9772209567198178,0.9012605042016807,0.9377049180327869,476,0.9504963581983685,1.0,0.9574468085106383,0.9782608695652174,141,0.9787234042553192,0.0,0.0,0.0,22,0.5,1.0,0.5,0.6666666666666666,8,0.75,0.8423005565862709,0.6044326102278957,0.7038117818712385,12769,0.7733739897446865,0.8319446697012501,0.8216240514027341,0.8178163429309652,37819,0.7877286200689888,521199.0230331421
