Rep.,Kfold,Num. Vars.,Precision-Background,Recall-Background,F1_score_Background,Num. Obs. Background,AUC_Background,Precision-DoS,Recall-DoS,F1_score_DoS,Num. Obs. Dos,AUC_DoS,Precision-Botnet,Recall-Botnet,F1_score_Botnet,Num. Obs. Botnet,AUC_Botnet,Precision-Scan,Recall-Scan,F1_score_Scan,Num. Obs. Scan,AUC_Scan,Precision-SSHscan,Recall-SSHscan,F1_score_SSHscan,Num. Obs. SSHscan,AUC_SSHscan,Precision-UDPscan,Recall-UDPscan,F1_score_UDPscan,Num. Obs. UDPscan,AUC_UDPscan,Precision-Spam,Recall-Spam,F1_score_Spam,Num. Obs. Spam,AUC_Spam,Precision-w,Recall-w,F1_score_w,Total Obs.,AUC_w,Time
17,2,92,0.8105733218092769,0.9348729024754943,0.8682971992901783,6019,0.7761358984300661,0.9861111111111112,0.8554216867469879,0.9161290322580645,83,0.9276574986599551,0.9646017699115044,0.9159663865546218,0.9396551724137931,119,0.9577689917136395,0.9705882352941176,0.9428571428571428,0.9565217391304348,35,0.9713754985063764,0.0,0.0,0.0,6,0.5,0.5,0.5,0.5,2,0.7499471123334038,0.84593837535014,0.5676691729323309,0.6794150731158606,3192,0.757493590297583,0.8260027008422874,0.8093274111675127,0.8055530554121866,9456,0.7740005955959752,596981.8947920799
