Rep.,Kfold,Num. Vars.,Precision-Background,Recall-Background,F1_score_Background,Num. Obs. Background,AUC_Background,Precision-DoS,Recall-DoS,F1_score_DoS,Num. Obs. Dos,AUC_DoS,Precision-Botnet,Recall-Botnet,F1_score_Botnet,Num. Obs. Botnet,AUC_Botnet,Precision-Scan,Recall-Scan,F1_score_Scan,Num. Obs. Scan,AUC_Scan,Precision-SSHscan,Recall-SSHscan,F1_score_SSHscan,Num. Obs. SSHscan,AUC_SSHscan,Precision-UDPscan,Recall-UDPscan,F1_score_UDPscan,Num. Obs. UDPscan,AUC_UDPscan,Precision-Spam,Recall-Spam,F1_score_Spam,Num. Obs. Spam,AUC_Spam,Precision-w,Recall-w,F1_score_w,Total Obs.,AUC_w,Time
4,2,83,0.8150674989113079,0.9331892969918564,0.8701379203471254,6017,0.7813125077164051,0.9452054794520548,0.8214285714285714,0.8789808917197452,84,0.9105008613198774,0.9363636363636364,0.865546218487395,0.8995633187772926,119,0.9323982163559512,0.9142857142857143,0.8888888888888888,0.9014084507042254,36,0.9442851918698612,0.0,0.0,0.0,5,0.5,0.0,0.0,0.0,2,0.4999471067386015,0.843351548269581,0.5802005012531328,0.6874536005939125,3192,0.7626373734111744,0.8270733053137359,0.8113167636171338,0.8083876143721554,9455,0.7784693258673824,402628.8970808983
