Rep.,Kfold,Num. Vars.,Precision-Background,Recall-Background,F1_score_Background,Num. Obs. Background,AUC_Background,Precision-DoS,Recall-DoS,F1_score_DoS,Num. Obs. Dos,AUC_DoS,Precision-Botnet,Recall-Botnet,F1_score_Botnet,Num. Obs. Botnet,AUC_Botnet,Precision-Scan,Recall-Scan,F1_score_Scan,Num. Obs. Scan,AUC_Scan,Precision-SSHscan,Recall-SSHscan,F1_score_SSHscan,Num. Obs. SSHscan,AUC_SSHscan,Precision-UDPscan,Recall-UDPscan,F1_score_UDPscan,Num. Obs. UDPscan,AUC_UDPscan,Precision-Spam,Recall-Spam,F1_score_Spam,Num. Obs. Spam,AUC_Spam,Precision-w,Recall-w,F1_score_w,Total Obs.,AUC_w,Time
20,1,82,0.8188924844562412,0.9356098371552011,0.8733688802714493,24072,0.7866381185485034,0.9806451612903225,0.9101796407185628,0.9440993788819875,334,0.9550097883464764,0.9770114942528736,0.8947368421052632,0.9340659340659342,475,0.9472345307355794,0.9926470588235294,0.9574468085106383,0.9747292418772563,141,0.9787101339118827,0.0,0.0,0.0,22,0.5,1.0,0.5714285714285714,0.7272727272727273,7,0.7857142857142857,0.8445303867403315,0.5986058897243107,0.7006141717847648,12768,0.7712202335931441,0.8311674830816889,0.820566381977313,0.8162753027490339,37819,0.7854861453900298,457265.9946370125
