Rep.,Kfold,Num. Vars.,Precision-Background,Recall-Background,F1_score_Background,Num. Obs. Background,AUC_Background,Precision-DoS,Recall-DoS,F1_score_DoS,Num. Obs. Dos,AUC_DoS,Precision-Botnet,Recall-Botnet,F1_score_Botnet,Num. Obs. Botnet,AUC_Botnet,Precision-Scan,Recall-Scan,F1_score_Scan,Num. Obs. Scan,AUC_Scan,Precision-SSHscan,Recall-SSHscan,F1_score_SSHscan,Num. Obs. SSHscan,AUC_SSHscan,Precision-UDPscan,Recall-UDPscan,F1_score_UDPscan,Num. Obs. UDPscan,AUC_UDPscan,Precision-Spam,Recall-Spam,F1_score_Spam,Num. Obs. Spam,AUC_Spam,Precision-w,Recall-w,F1_score_w,Total Obs.,AUC_w,Time
9,4,87,0.8175533076195328,0.9333665669657694,0.8716297474492766,24072,0.7843294865669697,0.9835526315789473,0.8952095808383234,0.9373040752351097,334,0.9475380988543108,0.9733333333333334,0.9201680672268907,0.9460043196544277,476,0.9599233652329826,0.9925925925925926,0.9571428571428572,0.9745454545454545,140,0.9785581589323629,0.0,0.0,0.0,22,0.5,1.0,0.7142857142857143,0.8333333333333333,7,0.8571428571428572,0.8395170142700329,0.5989505834442791,0.6991178755884637,12769,0.770294819884688,0.8286015913487161,0.8194606028556319,0.8147682376584297,37820,0.7838094485686526,505012.64094758034
