Rep.,Kfold,Num. Vars.,Precision-Background,Recall-Background,F1_score_Background,Num. Obs. Background,AUC_Background,Precision-DoS,Recall-DoS,F1_score_DoS,Num. Obs. Dos,AUC_DoS,Precision-Botnet,Recall-Botnet,F1_score_Botnet,Num. Obs. Botnet,AUC_Botnet,Precision-Scan,Recall-Scan,F1_score_Scan,Num. Obs. Scan,AUC_Scan,Precision-SSHscan,Recall-SSHscan,F1_score_SSHscan,Num. Obs. SSHscan,AUC_SSHscan,Precision-UDPscan,Recall-UDPscan,F1_score_UDPscan,Num. Obs. UDPscan,AUC_UDPscan,Precision-Spam,Recall-Spam,F1_score_Spam,Num. Obs. Spam,AUC_Spam,Precision-w,Recall-w,F1_score_w,Total Obs.,AUC_w,Time
18,3,84,0.8195551672673,0.9352775008308408,0.8736006829249365,24072,0.787331752015886,0.9837133550488599,0.9069069069069069,0.94375,333,0.9533867601094491,0.9755011135857461,0.9201680672268907,0.947027027027027,476,0.9599367463765538,0.9851851851851852,0.95,0.9672727272727272,140,0.974973459313127,0.0,0.0,0.0,22,0.5,1.0,0.42857142857142855,0.6,7,0.7142857142857143,0.840280824923212,0.599937343358396,0.7000548345823433,12768,0.770906795431693,0.8301305876117729,0.8210376011423132,0.816338451636773,37818,0.7859350538181232,405826.9943244457
