Rep.,Kfold,Num. Vars.,Precision-Background,Recall-Background,F1_score_Background,Num. Obs. Background,AUC_Background,Precision-DoS,Recall-DoS,F1_score_DoS,Num. Obs. Dos,AUC_DoS,Precision-Botnet,Recall-Botnet,F1_score_Botnet,Num. Obs. Botnet,AUC_Botnet,Precision-Scan,Recall-Scan,F1_score_Scan,Num. Obs. Scan,AUC_Scan,Precision-SSHscan,Recall-SSHscan,F1_score_SSHscan,Num. Obs. SSHscan,AUC_SSHscan,Precision-UDPscan,Recall-UDPscan,F1_score_UDPscan,Num. Obs. UDPscan,AUC_UDPscan,Precision-Spam,Recall-Spam,F1_score_Spam,Num. Obs. Spam,AUC_Spam,Precision-w,Recall-w,F1_score_w,Total Obs.,AUC_w,Time
8,4,84,0.8201035060864494,0.9347789963443004,0.8736944282663561,24072,0.7878594188821233,0.9868421052631579,0.8982035928143712,0.9404388714733543,334,0.9490484417319822,0.9726651480637813,0.8989473684210526,0.9343544857768054,475,0.9493130158300636,1.0,0.9787234042553191,0.989247311827957,141,0.9893617021276595,0.0,0.0,0.0,22,0.5,1.0,0.5714285714285714,0.7272727272727273,7,0.7857142857142857,0.8447403169014085,0.6012687969924813,0.7025073206442167,12768,0.7724718500949792,0.8320367321504637,0.8209630080118459,0.817147081918819,37819,0.786699235183398,523174.4468257427
