Rep.,Kfold,Num. Vars.,Precision-Background,Recall-Background,F1_score_Background,Num. Obs. Background,AUC_Background,Precision-DoS,Recall-DoS,F1_score_DoS,Num. Obs. Dos,AUC_DoS,Precision-Botnet,Recall-Botnet,F1_score_Botnet,Num. Obs. Botnet,AUC_Botnet,Precision-Scan,Recall-Scan,F1_score_Scan,Num. Obs. Scan,AUC_Scan,Precision-SSHscan,Recall-SSHscan,F1_score_SSHscan,Num. Obs. SSHscan,AUC_SSHscan,Precision-UDPscan,Recall-UDPscan,F1_score_UDPscan,Num. Obs. UDPscan,AUC_UDPscan,Precision-Spam,Recall-Spam,F1_score_Spam,Num. Obs. Spam,AUC_Spam,Precision-w,Recall-w,F1_score_w,Total Obs.,AUC_w,Time
12,2,85,0.8205654020799765,0.9310287518697025,0.8723139208969167,6017,0.7872028766626532,1.0,0.927710843373494,0.9625,83,0.963855421686747,0.9473684210526315,0.9152542372881356,0.9310344827586206,118,0.9573057130301831,0.9705882352941176,0.9428571428571428,0.9565217391304348,35,0.9713754759629242,0.0,0.0,0.0,6,0.5,1.0,1.0,1.0,2,1.0,0.8471166741171211,0.5938577248511439,0.6982313927781872,3191,0.7696169314241345,0.8327604097907804,0.8164409648751587,0.8148536887671419,9452,0.785485352607899,533175.7691068649
