Rep.,Kfold,Num. Vars.,Precision-Background,Recall-Background,F1_score_Background,Num. Obs. Background,AUC_Background,Precision-DoS,Recall-DoS,F1_score_DoS,Num. Obs. Dos,AUC_DoS,Precision-Botnet,Recall-Botnet,F1_score_Botnet,Num. Obs. Botnet,AUC_Botnet,Precision-Scan,Recall-Scan,F1_score_Scan,Num. Obs. Scan,AUC_Scan,Precision-SSHscan,Recall-SSHscan,F1_score_SSHscan,Num. Obs. SSHscan,AUC_SSHscan,Precision-UDPscan,Recall-UDPscan,F1_score_UDPscan,Num. Obs. UDPscan,AUC_UDPscan,Precision-Spam,Recall-Spam,F1_score_Spam,Num. Obs. Spam,AUC_Spam,Precision-w,Recall-w,F1_score_w,Total Obs.,AUC_w,Time
6,4,90,0.8236164545723587,0.9250457038391224,0.8713894324853229,6017,0.7891662492435868,0.9382716049382716,0.9047619047619048,0.9212121212121211,84,0.9521141718879419,0.990990990990991,0.9243697478991597,0.9565217391304348,119,0.962131317822759,1.0,0.8571428571428571,0.923076923076923,35,0.9285714285714286,0.0,0.0,0.0,5,0.5,1.0,1.0,1.0,2,1.0,0.8273174733388023,0.6316943313498278,0.71639140472385,3193,0.7822317073548883,0.8282461810973475,0.8250661025912216,0.820317669803646,9455,0.7908567298299647,338564.1609864235
