Rep.,Kfold,Num. Vars.,Precision-Background,Recall-Background,F1_score_Background,Num. Obs. Background,AUC_Background,Precision-DoS,Recall-DoS,F1_score_DoS,Num. Obs. Dos,AUC_DoS,Precision-Botnet,Recall-Botnet,F1_score_Botnet,Num. Obs. Botnet,AUC_Botnet,Precision-Scan,Recall-Scan,F1_score_Scan,Num. Obs. Scan,AUC_Scan,Precision-SSHscan,Recall-SSHscan,F1_score_SSHscan,Num. Obs. SSHscan,AUC_SSHscan,Precision-UDPscan,Recall-UDPscan,F1_score_UDPscan,Num. Obs. UDPscan,AUC_UDPscan,Precision-Spam,Recall-Spam,F1_score_Spam,Num. Obs. Spam,AUC_Spam,Precision-w,Recall-w,F1_score_w,Total Obs.,AUC_w,Time
4,4,82,0.8157051282051282,0.9303755400465271,0.8692749573047662,6018,0.781161002493441,0.9375,0.8928571428571429,0.9146341463414636,84,0.946161790935561,0.9396551724137931,0.9159663865546218,0.9276595744680851,119,0.9576083003895645,0.9375,0.8571428571428571,0.8955223880597014,35,0.928465271458902,0.0,0.0,0.0,6,0.5,0.5,0.5,0.5,2,0.7499471067386015,0.8292580101180439,0.6164211845816359,0.7071723889987417,3191,0.7758830060839214,0.8227876506972375,0.8229508196721311,0.815171636974251,9455,0.783426625311349,540590.4842379093
