{"C": 1.2670838718885475, "gamma": 0.12507309600609773}