{"C": 1.3862291018255786, "gamma": 0.12548525988274778}