{"C": 9.842626072665006, "gamma": 0.12577978525314518}