{"C": 4.198753102053356, "gamma": 0.12567320389727588}