{"C": 5.238010292432634, "gamma": 0.1250192993960825}