{"C": 5.237980687246437, "gamma": 0.1250131147442417}