{"C": 6.2694780721172485, "gamma": 0.1260382151371389}