{"C": 9.363844596991575, "gamma": 0.12724556275189997}