{"C": 9.91434627024112, "gamma": 0.12782047977387978}