{"C": 9.183683023920008, "gamma": 0.1256826808789552}