{"C": 5.237983325119478, "gamma": 0.12501326282734715}