{"C": 9.380325054792024, "gamma": 0.12681649847002108}