{"C": 7.721778872560244, "gamma": 0.12546740416870295}