{"C": 5.372035301633592, "gamma": 0.12569355071442978}