{"C": 5.23799519749598, "gamma": 0.12501471311658505}