{"C": 6.063237248870929, "gamma": 0.12532778333455155}