{"C": 9.183446199269081, "gamma": 0.1256931373396344}