{"C": 9.183790263588824, "gamma": 0.12567711664004622}