{"C": 9.293017389076265, "gamma": 0.12510939576439215}