Rep.,Kfold,Num. Vars.,Precision-Background,Recall-Background,F1_score_Background,Num. Obs. Background,AUC_Background,Precision-DoS,Recall-DoS,F1_score_DoS,Num. Obs. Dos,AUC_DoS,Precision-Botnet,Recall-Botnet,F1_score_Botnet,Num. Obs. Botnet,AUC_Botnet,Precision-Scan,Recall-Scan,F1_score_Scan,Num. Obs. Scan,AUC_Scan,Precision-SSHscan,Recall-SSHscan,F1_score_SSHscan,Num. Obs. SSHscan,AUC_SSHscan,Precision-UDPscan,Recall-UDPscan,F1_score_UDPscan,Num. Obs. UDPscan,AUC_UDPscan,Precision-Spam,Recall-Spam,F1_score_Spam,Num. Obs. Spam,AUC_Spam,Precision-w,Recall-w,F1_score_w,Total Obs.,AUC_w,Time
12,4,83,0.7599733155436958,0.9464938517779994,0.8430400355213499,6018,0.7115361315916474,1.0,0.5952380952380952,0.7462686567164178,84,0.7976190476190477,1.0,0.01680672268907563,0.03305785123966942,119,0.5084033613445378,0.9428571428571428,0.9428571428571428,0.9428571428571428,35,0.9713224143160449,0.0,0.0,0.0,5,0.5,1.0,1.0,1.0,1,1.0,0.8518722466960352,0.4844973379267147,0.6176881613096427,3193,0.7207699081840537,0.796461924552343,0.7751454257006875,0.7558237635421334,9455,0.7137428917240908,0:02:12.481541
