Rep.,Kfold,Num. Vars.,Precision-Background,Recall-Background,F1_score_Background,Num. Obs. Background,AUC_Background,Precision-DoS,Recall-DoS,F1_score_DoS,Num. Obs. Dos,AUC_DoS,Precision-Botnet,Recall-Botnet,F1_score_Botnet,Num. Obs. Botnet,AUC_Botnet,Precision-Scan,Recall-Scan,F1_score_Scan,Num. Obs. Scan,AUC_Scan,Precision-SSHscan,Recall-SSHscan,F1_score_SSHscan,Num. Obs. SSHscan,AUC_SSHscan,Precision-UDPscan,Recall-UDPscan,F1_score_UDPscan,Num. Obs. UDPscan,AUC_UDPscan,Precision-Spam,Recall-Spam,F1_score_Spam,Num. Obs. Spam,AUC_Spam,Precision-w,Recall-w,F1_score_w,Total Obs.,AUC_w,Time
16,5,76,0.751208905332165,0.9615336684252067,0.8434573479575848,24073,0.7019626445122833,0.994535519125683,0.5449101796407185,0.7040618955512573,334,0.7724417518632009,1.0,0.010526315789473684,0.020833333333333332,475,0.5052631578947369,0.9552238805970149,0.9078014184397163,0.9309090909090909,141,0.9538210913854631,0.0,0.0,0.0,22,0.5,1.0,0.42857142857142855,0.6,7,0.7142857142857143,0.868642053557281,0.4293210118255149,0.5746331236897274,12769,0.6981149207299376,0.7964993995527957,0.7653684461013722,0.740925670448764,37821,0.6996393665728677,0:02:42.720041
