Rep.,Kfold,Num. Vars.,Precision-Background,Recall-Background,F1_score_Background,Num. Obs. Background,AUC_Background,Precision-DoS,Recall-DoS,F1_score_DoS,Num. Obs. Dos,AUC_DoS,Precision-Botnet,Recall-Botnet,F1_score_Botnet,Num. Obs. Botnet,AUC_Botnet,Precision-Scan,Recall-Scan,F1_score_Scan,Num. Obs. Scan,AUC_Scan,Precision-SSHscan,Recall-SSHscan,F1_score_SSHscan,Num. Obs. SSHscan,AUC_SSHscan,Precision-UDPscan,Recall-UDPscan,F1_score_UDPscan,Num. Obs. UDPscan,AUC_UDPscan,Precision-Spam,Recall-Spam,F1_score_Spam,Num. Obs. Spam,AUC_Spam,Precision-w,Recall-w,F1_score_w,Total Obs.,AUC_w,Time
15,5,81,0.7603138103611524,0.9340312396144899,0.8382670941764223,6018,0.7090825775947267,0.9166666666666666,0.39285714285714285,0.55,84,0.6962684689629934,0.9787234042553191,0.3898305084745763,0.5575757575757576,118,0.6948616923733353,0.967741935483871,0.8571428571428571,0.909090909090909,35,0.9285183387434396,0.0,0.0,0.0,5,0.5,0.0,0.0,0.0,2,0.5,0.7892892892892893,0.49420244437480415,0.6078242435922144,3191,0.7134857638673765,0.7744156312619911,0.7729821220776473,0.7540538088721662,9453,0.7109351949026583,0:02:16.513501
