Rep.,Kfold,Num. Vars.,Precision-Background,Recall-Background,F1_score_Background,Num. Obs. Background,AUC_Background,Precision-DoS,Recall-DoS,F1_score_DoS,Num. Obs. Dos,AUC_DoS,Precision-Botnet,Recall-Botnet,F1_score_Botnet,Num. Obs. Botnet,AUC_Botnet,Precision-Scan,Recall-Scan,F1_score_Scan,Num. Obs. Scan,AUC_Scan,Precision-SSHscan,Recall-SSHscan,F1_score_SSHscan,Num. Obs. SSHscan,AUC_SSHscan,Precision-UDPscan,Recall-UDPscan,F1_score_UDPscan,Num. Obs. UDPscan,AUC_UDPscan,Precision-Spam,Recall-Spam,F1_score_Spam,Num. Obs. Spam,AUC_Spam,Precision-w,Recall-w,F1_score_w,Total Obs.,AUC_w,Time
16,1,87,0.7554191694959519,0.9612828182120305,0.8460076045627375,6018,0.708244666813985,0.9305555555555556,0.7976190476190477,0.858974358974359,84,0.8985427717822084,1.0,0.36134453781512604,0.5308641975308642,119,0.680672268907563,1.0,0.8888888888888888,0.9411764705882353,36,0.9444444444444444,0.0,0.0,0.0,6,0.5,0.0,0.0,0.0,2,0.5,0.7930707166587565,0.523660294578502,0.6308040770101925,3191,0.7270336588614776,0.7730507493180412,0.8035109983079526,0.7691813253594832,9456,0.7166516923797845,0:02:25.562731
