Rep.,Kfold,Num. Vars.,Precision-Background,Recall-Background,F1_score_Background,Num. Obs. Background,AUC_Background,Precision-DoS,Recall-DoS,F1_score_DoS,Num. Obs. Dos,AUC_DoS,Precision-Botnet,Recall-Botnet,F1_score_Botnet,Num. Obs. Botnet,AUC_Botnet,Precision-Scan,Recall-Scan,F1_score_Scan,Num. Obs. Scan,AUC_Scan,Precision-SSHscan,Recall-SSHscan,F1_score_SSHscan,Num. Obs. SSHscan,AUC_SSHscan,Precision-UDPscan,Recall-UDPscan,F1_score_UDPscan,Num. Obs. UDPscan,AUC_UDPscan,Precision-Spam,Recall-Spam,F1_score_Spam,Num. Obs. Spam,AUC_Spam,Precision-w,Recall-w,F1_score_w,Total Obs.,AUC_w,Time
13,4,84,0.7620313746344057,0.9524759056164839,0.8466765140324963,6018,0.7156089487313637,0.9705882352941176,0.39285714285714285,0.559322033898305,84,0.6963751982432598,1.0,0.03389830508474576,0.06557377049180328,118,0.5169491525423728,0.9354838709677419,0.8285714285714286,0.8787878787878788,35,0.9141795233544199,0.0,0.0,0.0,5,0.5,0.0,0.0,0.0,1,0.5,0.8548114800225098,0.47602632403635226,0.6115136876006442,3191,0.7174094245960391,0.7983368168165743,0.7741218789674144,0.7545617615429842,9452,0.7141641903640655,0:02:10.451508
