Rep.,Kfold,Num. Vars.,Precision-Background,Recall-Background,F1_score_Background,Num. Obs. Background,AUC_Background,Precision-DoS,Recall-DoS,F1_score_DoS,Num. Obs. Dos,AUC_DoS,Precision-Botnet,Recall-Botnet,F1_score_Botnet,Num. Obs. Botnet,AUC_Botnet,Precision-Scan,Recall-Scan,F1_score_Scan,Num. Obs. Scan,AUC_Scan,Precision-SSHscan,Recall-SSHscan,F1_score_SSHscan,Num. Obs. SSHscan,AUC_SSHscan,Precision-UDPscan,Recall-UDPscan,F1_score_UDPscan,Num. Obs. UDPscan,AUC_UDPscan,Precision-Spam,Recall-Spam,F1_score_Spam,Num. Obs. Spam,AUC_Spam,Precision-w,Recall-w,F1_score_w,Total Obs.,AUC_w,Time
12,1,84,0.7527943852352482,0.9626059498088748,0.8448690832178544,6017,0.7044470797079309,1.0,0.4819277108433735,0.6504065040650406,83,0.7409638554216867,0.9883720930232558,0.7142857142857143,0.8292682926829268,119,0.8570892838009522,0.9090909090909091,0.8571428571428571,0.8823529411764706,35,0.9284121421744869,0.0,0.0,0.0,5,0.5,0.0,0.0,0.0,2,0.5,0.8502807236431691,0.42713882795361957,0.5686274509803921,3191,0.6944031466073801,0.7908637395253694,0.7733812949640287,0.7492188414524021,9452,0.7039765731247557,0:01:57.542041
