Rep.,Kfold,Num. Vars.,Precision-Background,Recall-Background,F1_score_Background,Num. Obs. Background,AUC_Background,Precision-DoS,Recall-DoS,F1_score_DoS,Num. Obs. Dos,AUC_DoS,Precision-Botnet,Recall-Botnet,F1_score_Botnet,Num. Obs. Botnet,AUC_Botnet,Precision-Scan,Recall-Scan,F1_score_Scan,Num. Obs. Scan,AUC_Scan,Precision-SSHscan,Recall-SSHscan,F1_score_SSHscan,Num. Obs. SSHscan,AUC_SSHscan,Precision-UDPscan,Recall-UDPscan,F1_score_UDPscan,Num. Obs. UDPscan,AUC_UDPscan,Precision-Spam,Recall-Spam,F1_score_Spam,Num. Obs. Spam,AUC_Spam,Precision-w,Recall-w,F1_score_w,Total Obs.,AUC_w,Time
14,4,86,0.734659386375455,0.9393284574468085,0.824482054274876,6016,0.6726619004346964,0.8235294117647058,0.6666666666666666,0.7368421052631577,84,0.8326928551095929,0.9666666666666667,0.7310924369747899,0.832535885167464,119,0.8653854984616798,0.8611111111111112,0.8857142857142857,0.8732394366197184,35,0.9425916655289067,0.0,0.0,0.0,5,0.5,0.0,0.0,0.0,1,0.5,0.7855227882037533,0.36716791979949875,0.5004269854824935,3192,0.6580248544684395,0.7555489104096039,0.7402666102412188,0.7140263292040305,9452,0.672457375255824,0:02:18.930070
