Rep.,Kfold,Num. Vars.,Precision-Background,Recall-Background,F1_score_Background,Num. Obs. Background,AUC_Background,Precision-DoS,Recall-DoS,F1_score_DoS,Num. Obs. Dos,AUC_DoS,Precision-Botnet,Recall-Botnet,F1_score_Botnet,Num. Obs. Botnet,AUC_Botnet,Precision-Scan,Recall-Scan,F1_score_Scan,Num. Obs. Scan,AUC_Scan,Precision-SSHscan,Recall-SSHscan,F1_score_SSHscan,Num. Obs. SSHscan,AUC_SSHscan,Precision-UDPscan,Recall-UDPscan,F1_score_UDPscan,Num. Obs. UDPscan,AUC_UDPscan,Precision-Spam,Recall-Spam,F1_score_Spam,Num. Obs. Spam,AUC_Spam,Precision-w,Recall-w,F1_score_w,Total Obs.,AUC_w,Time
17,5,85,0.7636412387719533,0.9466511550606614,0.8453547046601364,6017,0.7166278489339416,1.0,0.2289156626506024,0.37254901960784315,83,0.6144578313253012,0.9587628865979382,0.7815126050420168,0.861111111111111,119,0.8905419861901039,0.9428571428571428,0.9428571428571428,0.9428571428571428,35,0.9713223692195655,0.0,0.0,0.0,5,0.5,1.0,1.0,1.0,1,1.0,0.8150537634408602,0.47508617988091506,0.600277172837062,3191,0.7100670516017994,0.7858172337674091,0.7785419532324622,0.7585840130475906,9451,0.7165638036161439,0:02:01.951964
