Rep.,Kfold,Num. Vars.,Precision-Background,Recall-Background,F1_score_Background,Num. Obs. Background,AUC_Background,Precision-DoS,Recall-DoS,F1_score_DoS,Num. Obs. Dos,AUC_DoS,Precision-Botnet,Recall-Botnet,F1_score_Botnet,Num. Obs. Botnet,AUC_Botnet,Precision-Scan,Recall-Scan,F1_score_Scan,Num. Obs. Scan,AUC_Scan,Precision-SSHscan,Recall-SSHscan,F1_score_SSHscan,Num. Obs. SSHscan,AUC_SSHscan,Precision-UDPscan,Recall-UDPscan,F1_score_UDPscan,Num. Obs. UDPscan,AUC_UDPscan,Precision-Spam,Recall-Spam,F1_score_Spam,Num. Obs. Spam,AUC_Spam,Precision-w,Recall-w,F1_score_w,Total Obs.,AUC_w,Time
18,3,84,0.7675263228042116,0.9569209039548022,0.8518230900081355,24072,0.7246775333101525,0.985781990521327,0.6246246246246246,0.7647058823529411,333,0.8122722963059098,0.9925558312655087,0.8403361344537815,0.9101251422070534,476,0.9201278979804659,0.9774436090225563,0.9285714285714286,0.9523809523809524,140,0.9642459032554048,0.0,0.0,0.0,22,0.5,1.0,0.2857142857142857,0.4444444444444445,7,0.6428571428571428,0.8659425911559349,0.4371083959899749,0.5809608077863946,12768,0.7013086890129515,0.8058811341216113,0.7762441165582527,0.7601434260788791,37818,0.7207601910128426,0:02:02.481746
