Rep.,Kfold,Num. Vars.,Precision-Background,Recall-Background,F1_score_Background,Num. Obs. Background,AUC_Background,Precision-DoS,Recall-DoS,F1_score_DoS,Num. Obs. Dos,AUC_DoS,Precision-Botnet,Recall-Botnet,F1_score_Botnet,Num. Obs. Botnet,AUC_Botnet,Precision-Scan,Recall-Scan,F1_score_Scan,Num. Obs. Scan,AUC_Scan,Precision-SSHscan,Recall-SSHscan,F1_score_SSHscan,Num. Obs. SSHscan,AUC_SSHscan,Precision-UDPscan,Recall-UDPscan,F1_score_UDPscan,Num. Obs. UDPscan,AUC_UDPscan,Precision-Spam,Recall-Spam,F1_score_Spam,Num. Obs. Spam,AUC_Spam,Precision-w,Recall-w,F1_score_w,Total Obs.,AUC_w,Time
16,3,80,0.7451683092282094,0.9675918231676915,0.8419378163412872,6017,0.6940694855070122,0.9767441860465116,0.5060240963855421,0.6666666666666666,83,0.7529586863998149,1.0,0.05042016806722689,0.096,119,0.5252100840336135,0.8787878787878788,0.8285714285714286,0.8529411764705883,35,0.9140733549737585,0.0,0.0,0.0,5,0.5,1.0,0.5,0.6666666666666666,2,0.75,0.879526003949967,0.41854636591478694,0.5671831882827425,3192,0.6946589040882033,0.795932726587736,0.7654712789590606,0.7377903507634798,9453,0.6933836300159212,0:02:51.283871
