Rep.,Kfold,Num. Vars.,Precision-Background,Recall-Background,F1_score_Background,Num. Obs. Background,AUC_Background,Precision-DoS,Recall-DoS,F1_score_DoS,Num. Obs. Dos,AUC_DoS,Precision-Botnet,Recall-Botnet,F1_score_Botnet,Num. Obs. Botnet,AUC_Botnet,Precision-Scan,Recall-Scan,F1_score_Scan,Num. Obs. Scan,AUC_Scan,Precision-SSHscan,Recall-SSHscan,F1_score_SSHscan,Num. Obs. SSHscan,AUC_SSHscan,Precision-UDPscan,Recall-UDPscan,F1_score_UDPscan,Num. Obs. UDPscan,AUC_UDPscan,Precision-Spam,Recall-Spam,F1_score_Spam,Num. Obs. Spam,AUC_Spam,Precision-w,Recall-w,F1_score_w,Total Obs.,AUC_w,Time
15,3,82,0.7547516057150347,0.9569552933355493,0.8439103033856075,6017,0.7062926015703059,0.9795918367346939,0.5783132530120482,0.7272727272727273,83,0.7891032704074221,0.9743589743589743,0.31932773109243695,0.48101265822784806,119,0.6596103036822656,0.9090909090909091,0.8571428571428571,0.8823529411764706,35,0.9284121759968453,0.0,0.0,0.0,6,0.5,0.0,0.0,0.0,2,0.5,0.8561064087061668,0.44360902255639095,0.5843995047461824,3192,0.7028009980236443,0.793643440913193,0.7711021789718637,0.7501267199338841,9454,0.7059008877810342,0:02:34.558435
