Rep.,Kfold,Num. Vars.,Precision-Background,Recall-Background,F1_score_Background,Num. Obs. Background,AUC_Background,Precision-DoS,Recall-DoS,F1_score_DoS,Num. Obs. Dos,AUC_DoS,Precision-Botnet,Recall-Botnet,F1_score_Botnet,Num. Obs. Botnet,AUC_Botnet,Precision-Scan,Recall-Scan,F1_score_Scan,Num. Obs. Scan,AUC_Scan,Precision-SSHscan,Recall-SSHscan,F1_score_SSHscan,Num. Obs. SSHscan,AUC_SSHscan,Precision-UDPscan,Recall-UDPscan,F1_score_UDPscan,Num. Obs. UDPscan,AUC_UDPscan,Precision-Spam,Recall-Spam,F1_score_Spam,Num. Obs. Spam,AUC_Spam,Precision-w,Recall-w,F1_score_w,Total Obs.,AUC_w,Time
12,4,83,0.7614912663023435,0.943505171769202,0.8427829313543599,24073,0.7130052228235695,0.9883040935672515,0.5075075075075075,0.6706349206349206,333,0.7537270778394368,1.0,0.00631578947368421,0.012552301255230124,475,0.5031578947368421,0.9635036496350365,0.9361702127659575,0.9496402877697842,141,0.9680187564267697,0.0,0.0,0.0,22,0.5,1.0,0.5,0.6666666666666666,8,0.75,0.83841059602649,0.4957706766917293,0.6230928240968598,12768,0.7235359850008224,0.7928124014150971,0.7760708619777895,0.7565436031237109,37820,0.7151180313881279,0:02:12.481541
