Rep.,Kfold,Num. Vars.,Precision-Background,Recall-Background,F1_score_Background,Num. Obs. Background,AUC_Background,Precision-DoS,Recall-DoS,F1_score_DoS,Num. Obs. Dos,AUC_DoS,Precision-Botnet,Recall-Botnet,F1_score_Botnet,Num. Obs. Botnet,AUC_Botnet,Precision-Scan,Recall-Scan,F1_score_Scan,Num. Obs. Scan,AUC_Scan,Precision-SSHscan,Recall-SSHscan,F1_score_SSHscan,Num. Obs. SSHscan,AUC_SSHscan,Precision-UDPscan,Recall-UDPscan,F1_score_UDPscan,Num. Obs. UDPscan,AUC_UDPscan,Precision-Spam,Recall-Spam,F1_score_Spam,Num. Obs. Spam,AUC_Spam,Precision-w,Recall-w,F1_score_w,Total Obs.,AUC_w,Time
15,2,77,0.749266862170088,0.9340312396144899,0.8315088757396449,6018,0.6932961785965348,0.9818181818181818,0.6506024096385542,0.7826086956521738,83,0.8252478487206751,0.9555555555555556,0.36134453781512604,0.524390243902439,119,0.6805651451796574,0.967741935483871,0.8333333333333334,0.8955223880597015,36,0.9166135768386778,0.0,0.0,0.0,6,0.5,0.0,0.0,0.0,1,0.49989421347720303,0.7970459518599562,0.45659667815731747,0.5805937437736601,3191,0.69867994533764,0.7703091113607096,0.7621112756505183,0.7421507105264017,9454,0.6968187978703426,0:02:22.940045
