Rep.,Kfold,Num. Vars.,Precision-Background,Recall-Background,F1_score_Background,Num. Obs. Background,AUC_Background,Precision-DoS,Recall-DoS,F1_score_DoS,Num. Obs. Dos,AUC_DoS,Precision-Botnet,Recall-Botnet,F1_score_Botnet,Num. Obs. Botnet,AUC_Botnet,Precision-Scan,Recall-Scan,F1_score_Scan,Num. Obs. Scan,AUC_Scan,Precision-SSHscan,Recall-SSHscan,F1_score_SSHscan,Num. Obs. SSHscan,AUC_SSHscan,Precision-UDPscan,Recall-UDPscan,F1_score_UDPscan,Num. Obs. UDPscan,AUC_UDPscan,Precision-Spam,Recall-Spam,F1_score_Spam,Num. Obs. Spam,AUC_Spam,Precision-w,Recall-w,F1_score_w,Total Obs.,AUC_w,Time
12,2,85,0.7458410351201479,0.9386449549287583,0.8312089609887987,24073,0.6892409992161614,1.0,0.08682634730538923,0.15977961432506887,334,0.5434131736526946,0.0,0.0,0.0,476,0.5,0.9307692307692308,0.8581560283687943,0.8929889298892989,141,0.9289585810934687,0.0,0.0,0.0,21,0.5,1.0,0.42857142857142855,0.6,7,0.7142857142857143,0.8102579306255558,0.42813503563875616,0.5602418900220366,12767,0.6885206552934321,0.7607666173162234,0.7460535709563976,0.7230698685341669,37819,0.6861213924269832,0:01:59.831206
