Rep.,Kfold,Num. Vars.,Precision-Background,Recall-Background,F1_score_Background,Num. Obs. Background,AUC_Background,Precision-DoS,Recall-DoS,F1_score_DoS,Num. Obs. Dos,AUC_DoS,Precision-Botnet,Recall-Botnet,F1_score_Botnet,Num. Obs. Botnet,AUC_Botnet,Precision-Scan,Recall-Scan,F1_score_Scan,Num. Obs. Scan,AUC_Scan,Precision-SSHscan,Recall-SSHscan,F1_score_SSHscan,Num. Obs. SSHscan,AUC_SSHscan,Precision-UDPscan,Recall-UDPscan,F1_score_UDPscan,Num. Obs. UDPscan,AUC_UDPscan,Precision-Spam,Recall-Spam,F1_score_Spam,Num. Obs. Spam,AUC_Spam,Precision-w,Recall-w,F1_score_w,Total Obs.,AUC_w,Time
20,1,82,0.762765121759623,0.9277583914921901,0.8372101741298195,24072,0.7112422567775928,0.9647887323943662,0.4101796407185629,0.5756302521008403,334,0.7050231270152773,0.9809523809523809,0.2168421052631579,0.3551724137931035,475,0.6083942745681685,0.9637681159420289,0.9432624113475178,0.9534050179211468,141,0.9715648539565764,0.0,0.0,0.0,22,0.5,1.0,0.2857142857142857,0.4444444444444445,7,0.6428571428571428,0.7774615822424588,0.5349310776942355,0.6337864798403935,12768,0.7284451404598279,0.7726009311454372,0.7810359872021999,0.7600417172756169,37819,0.7165384279804372,0:02:42.551133
