Rep.,Kfold,Num. Vars.,Precision-Background,Recall-Background,F1_score_Background,Num. Obs. Background,AUC_Background,Precision-DoS,Recall-DoS,F1_score_DoS,Num. Obs. Dos,AUC_DoS,Precision-Botnet,Recall-Botnet,F1_score_Botnet,Num. Obs. Botnet,AUC_Botnet,Precision-Scan,Recall-Scan,F1_score_Scan,Num. Obs. Scan,AUC_Scan,Precision-SSHscan,Recall-SSHscan,F1_score_SSHscan,Num. Obs. SSHscan,AUC_SSHscan,Precision-UDPscan,Recall-UDPscan,F1_score_UDPscan,Num. Obs. UDPscan,AUC_UDPscan,Precision-Spam,Recall-Spam,F1_score_Spam,Num. Obs. Spam,AUC_Spam,Precision-w,Recall-w,F1_score_w,Total Obs.,AUC_w,Time
20,4,84,0.7458556324239656,0.9494848786972416,0.8354411872212881,6018,0.6914188072182366,1.0,0.37349397590361444,0.543859649122807,83,0.6867469879518072,0.9896907216494846,0.8067226890756303,0.888888888888889,119,0.9033077826738622,0.9354838709677419,0.8285714285714286,0.8787878787878788,35,0.9141795459026587,0.0,0.0,0.0,5,0.5,1.0,0.5,0.6666666666666666,2,0.75,0.8096317280453258,0.4476817042606516,0.5765584022594311,3192,0.6970123628297828,0.7730504340182215,0.7721599323037868,0.7458291223244864,9454,0.6966693203127561,0:01:46.225104
