Rep.,Kfold,Num. Vars.,Precision-Background,Recall-Background,F1_score_Background,Num. Obs. Background,AUC_Background,Precision-DoS,Recall-DoS,F1_score_DoS,Num. Obs. Dos,AUC_DoS,Precision-Botnet,Recall-Botnet,F1_score_Botnet,Num. Obs. Botnet,AUC_Botnet,Precision-Scan,Recall-Scan,F1_score_Scan,Num. Obs. Scan,AUC_Scan,Precision-SSHscan,Recall-SSHscan,F1_score_SSHscan,Num. Obs. SSHscan,AUC_SSHscan,Precision-UDPscan,Recall-UDPscan,F1_score_UDPscan,Num. Obs. UDPscan,AUC_UDPscan,Precision-Spam,Recall-Spam,F1_score_Spam,Num. Obs. Spam,AUC_Spam,Precision-w,Recall-w,F1_score_w,Total Obs.,AUC_w,Time
3,4,81,0.7332409274193549,0.9670932358318098,0.8340858596717552,6017,0.675395235092033,0.927536231884058,0.7710843373493976,0.8421052631578948,83,0.8852753312320689,0.972972972972973,0.3050847457627119,0.4645161290322581,118,0.6524888052790419,1.0,0.9142857142857143,0.955223880597015,35,0.9571428571428571,0.0,0.0,0.0,5,0.5,1.0,1.0,1.0,2,1.0,0.8700384122919335,0.4257518796992481,0.571729070256626,3192,0.6966618823416368,0.7847936511188424,0.7735928903935675,0.7409854301515985,9452,0.6851533420967474,0:02:15.223219
