Rep.,Kfold,Num. Vars.,Precision-Background,Recall-Background,F1_score_Background,Num. Obs. Background,AUC_Background,Precision-DoS,Recall-DoS,F1_score_DoS,Num. Obs. Dos,AUC_DoS,Precision-Botnet,Recall-Botnet,F1_score_Botnet,Num. Obs. Botnet,AUC_Botnet,Precision-Scan,Recall-Scan,F1_score_Scan,Num. Obs. Scan,AUC_Scan,Precision-SSHscan,Recall-SSHscan,F1_score_SSHscan,Num. Obs. SSHscan,AUC_SSHscan,Precision-UDPscan,Recall-UDPscan,F1_score_UDPscan,Num. Obs. UDPscan,AUC_UDPscan,Precision-Spam,Recall-Spam,F1_score_Spam,Num. Obs. Spam,AUC_Spam,Precision-w,Recall-w,F1_score_w,Total Obs.,AUC_w,Time
4,2,83,0.7602067868504772,0.9531327904271232,0.845807831280879,6017,0.7134773899779595,0.9583333333333334,0.27380952380952384,0.42592592592592593,84,0.6368514058061598,1.0,0.05042016806722689,0.096,119,0.5252100840336135,0.8918918918918919,0.9166666666666666,0.9041095890410958,36,0.9581209965672223,0.0,0.0,0.0,5,0.5,0.0,0.0,0.0,2,0.5,0.8452513966480447,0.47399749373433586,0.6073865917302288,3192,0.7148847439931458,0.7936345640071907,0.7731359069275515,0.7517454727237648,9455,0.7116756670848907,0:02:07.624787
