Rep.,Kfold,Num. Vars.,Precision-Background,Recall-Background,F1_score_Background,Num. Obs. Background,AUC_Background,Precision-DoS,Recall-DoS,F1_score_DoS,Num. Obs. Dos,AUC_DoS,Precision-Botnet,Recall-Botnet,F1_score_Botnet,Num. Obs. Botnet,AUC_Botnet,Precision-Scan,Recall-Scan,F1_score_Scan,Num. Obs. Scan,AUC_Scan,Precision-SSHscan,Recall-SSHscan,F1_score_SSHscan,Num. Obs. SSHscan,AUC_SSHscan,Precision-UDPscan,Recall-UDPscan,F1_score_UDPscan,Num. Obs. UDPscan,AUC_UDPscan,Precision-Spam,Recall-Spam,F1_score_Spam,Num. Obs. Spam,AUC_Spam,Precision-w,Recall-w,F1_score_w,Total Obs.,AUC_w,Time
4,4,82,0.7542262678803641,0.9637753406447325,0.8462211847096586,6018,0.7069385868193112,0.9523809523809523,0.47619047619047616,0.634920634920635,84,0.737988525898034,1.0,0.03361344537815126,0.06504065040650406,119,0.5168067226890757,0.8529411764705882,0.8285714285714286,0.8405797101449276,35,0.9140203215043979,0.0,0.0,0.0,6,0.5,0.0,0.0,0.0,2,0.5,0.8723021582733813,0.455969915387026,0.5988886602181519,3191,0.7109830419847007,0.7986570923670926,0.7750396615547329,0.7503020904204788,9455,0.7067779005689988,0:02:10.651340
