Rep.,Kfold,Num. Vars.,Precision-Background,Recall-Background,F1_score_Background,Num. Obs. Background,AUC_Background,Precision-DoS,Recall-DoS,F1_score_DoS,Num. Obs. Dos,AUC_DoS,Precision-Botnet,Recall-Botnet,F1_score_Botnet,Num. Obs. Botnet,AUC_Botnet,Precision-Scan,Recall-Scan,F1_score_Scan,Num. Obs. Scan,AUC_Scan,Precision-SSHscan,Recall-SSHscan,F1_score_SSHscan,Num. Obs. SSHscan,AUC_SSHscan,Precision-UDPscan,Recall-UDPscan,F1_score_UDPscan,Num. Obs. UDPscan,AUC_UDPscan,Precision-Spam,Recall-Spam,F1_score_Spam,Num. Obs. Spam,AUC_Spam,Precision-w,Recall-w,F1_score_w,Total Obs.,AUC_w,Time
5,1,84,0.7521156099466215,0.9601130131294665,0.8434808001168053,6017,0.703070763183878,0.9574468085106383,0.5421686746987951,0.6923076923076923,83,0.7709776251521935,1.0,0.008403361344537815,0.016666666666666666,119,0.5042016806722689,0.9714285714285714,0.9444444444444444,0.9577464788732395,36,0.9721691323942333,0.0,0.0,0.0,5,0.5,1.0,0.5,0.6666666666666666,2,0.75,0.8748299319727891,0.40288220551378445,0.5516945516945517,3192,0.6867493109970709,0.7989608929113367,0.755658980325788,0.7331806707932587,9454,0.6965802638495736,0:02:10.392602
