Rep.,Kfold,Num. Vars.,Precision-Background,Recall-Background,F1_score_Background,Num. Obs. Background,AUC_Background,Precision-DoS,Recall-DoS,F1_score_DoS,Num. Obs. Dos,AUC_DoS,Precision-Botnet,Recall-Botnet,F1_score_Botnet,Num. Obs. Botnet,AUC_Botnet,Precision-Scan,Recall-Scan,F1_score_Scan,Num. Obs. Scan,AUC_Scan,Precision-SSHscan,Recall-SSHscan,F1_score_SSHscan,Num. Obs. SSHscan,AUC_SSHscan,Precision-UDPscan,Recall-UDPscan,F1_score_UDPscan,Num. Obs. UDPscan,AUC_UDPscan,Precision-Spam,Recall-Spam,F1_score_Spam,Num. Obs. Spam,AUC_Spam,Precision-w,Recall-w,F1_score_w,Total Obs.,AUC_w,Time
8,3,90,0.7337441831216199,0.9694250581588567,0.8352781158279047,6018,0.6765611462555565,0.9577464788732394,0.8192771084337349,0.8831168831168831,83,0.9094784688379987,1.0,0.025423728813559324,0.04958677685950414,118,0.5127118644067796,0.9696969696969697,0.8888888888888888,0.927536231884058,36,0.9443913489787972,0.0,0.0,0.0,5,0.5,0.0,0.0,0.0,1,0.5,0.8431626701231367,0.4075814536340852,0.5495248152059135,3192,0.6844647405528675,0.7764148720738953,0.7656828520046546,0.729221216175347,9453,0.6801376527544147,0:02:22.746158
