Rep.,Kfold,Num. Vars.,Precision-Background,Recall-Background,F1_score_Background,Num. Obs. Background,AUC_Background,Precision-DoS,Recall-DoS,F1_score_DoS,Num. Obs. Dos,AUC_DoS,Precision-Botnet,Recall-Botnet,F1_score_Botnet,Num. Obs. Botnet,AUC_Botnet,Precision-Scan,Recall-Scan,F1_score_Scan,Num. Obs. Scan,AUC_Scan,Precision-SSHscan,Recall-SSHscan,F1_score_SSHscan,Num. Obs. SSHscan,AUC_SSHscan,Precision-UDPscan,Recall-UDPscan,F1_score_UDPscan,Num. Obs. UDPscan,AUC_UDPscan,Precision-Spam,Recall-Spam,F1_score_Spam,Num. Obs. Spam,AUC_Spam,Precision-w,Recall-w,F1_score_w,Total Obs.,AUC_w,Time
9,3,81,0.7588759424263194,0.9199069458291791,0.8316682941485766,6018,0.7039127160004701,0.9130434782608695,0.5060240963855421,0.6511627906976744,83,0.7527986010209461,0.6,0.025210084033613446,0.04838709677419355,119,0.5124979068121784,0.8918918918918919,0.9428571428571428,0.9166666666666667,35,0.9712162121166156,0.0,0.0,0.0,5,0.5,0.0,0.0,0.0,2,0.5,0.7893915756630265,0.4757129426512065,0.5936644505279625,3191,0.7055185601151274,0.7684610985268354,0.7544694805881731,0.7395801296200393,9453,0.7033130807614165,0:02:00.245235
