Rep.,Kfold,Num. Vars.,Precision-Background,Recall-Background,F1_score_Background,Num. Obs. Background,AUC_Background,Precision-DoS,Recall-DoS,F1_score_DoS,Num. Obs. Dos,AUC_DoS,Precision-Botnet,Recall-Botnet,F1_score_Botnet,Num. Obs. Botnet,AUC_Botnet,Precision-Scan,Recall-Scan,F1_score_Scan,Num. Obs. Scan,AUC_Scan,Precision-SSHscan,Recall-SSHscan,F1_score_SSHscan,Num. Obs. SSHscan,AUC_SSHscan,Precision-UDPscan,Recall-UDPscan,F1_score_UDPscan,Num. Obs. UDPscan,AUC_UDPscan,Precision-Spam,Recall-Spam,F1_score_Spam,Num. Obs. Spam,AUC_Spam,Precision-w,Recall-w,F1_score_w,Total Obs.,AUC_w,Time
9,5,82,0.7708735188757233,0.9297108673978066,0.8428743597469117,6018,0.7228589261319649,0.9387755102040817,0.5476190476190477,0.6917293233082707,84,0.773649438430655,0.9666666666666667,0.24369747899159663,0.38926174496644295,119,0.6217951776318454,0.9428571428571428,0.9428571428571428,0.9428571428571428,35,0.9713224030455159,0.0,0.0,0.0,5,0.5,0.0,0.0,0.0,1,0.5,0.8047174986286341,0.45958646616541354,0.5850448654037885,3192,0.7013678098952268,0.7864042276715866,0.7584091389887878,0.7486046666103987,9454,0.7155603479713017,0:02:28.261480
