Rep.,Kfold,Num. Vars.,Precision-Background,Recall-Background,F1_score_Background,Num. Obs. Background,AUC_Background,Precision-DoS,Recall-DoS,F1_score_DoS,Num. Obs. Dos,AUC_DoS,Precision-Botnet,Recall-Botnet,F1_score_Botnet,Num. Obs. Botnet,AUC_Botnet,Precision-Scan,Recall-Scan,F1_score_Scan,Num. Obs. Scan,AUC_Scan,Precision-SSHscan,Recall-SSHscan,F1_score_SSHscan,Num. Obs. SSHscan,AUC_SSHscan,Precision-UDPscan,Recall-UDPscan,F1_score_UDPscan,Num. Obs. UDPscan,AUC_UDPscan,Precision-Spam,Recall-Spam,F1_score_Spam,Num. Obs. Spam,AUC_Spam,Precision-w,Recall-w,F1_score_w,Total Obs.,AUC_w,Time
9,4,87,0.7739989029072957,0.937697291908955,0.8480204342273309,6019,0.7290349090511015,0.9636363636363636,0.6385542168674698,0.7681159420289854,83,0.8191704076228088,0.9523809523809523,0.5084745762711864,0.6629834254143646,118,0.7540766369628397,0.6226415094339622,0.9166666666666666,0.7415730337078651,36,0.957271649502778,0.0,0.0,0.0,5,0.5,0.0,0.0,0.0,2,0.5,0.718544719555331,0.44548872180451127,0.5499903306903886,3192,0.6782768533180309,0.7580192497432069,0.7627710206240085,0.7433618641754425,9455,0.71370225274946,0:02:53.694582
