Rep.,Kfold,Num. Vars.,Precision-Background,Recall-Background,F1_score_Background,Num. Obs. Background,AUC_Background,Precision-DoS,Recall-DoS,F1_score_DoS,Num. Obs. Dos,AUC_DoS,Precision-Botnet,Recall-Botnet,F1_score_Botnet,Num. Obs. Botnet,AUC_Botnet,Precision-Scan,Recall-Scan,F1_score_Scan,Num. Obs. Scan,AUC_Scan,Precision-SSHscan,Recall-SSHscan,F1_score_SSHscan,Num. Obs. SSHscan,AUC_SSHscan,Precision-UDPscan,Recall-UDPscan,F1_score_UDPscan,Num. Obs. UDPscan,AUC_UDPscan,Precision-Spam,Recall-Spam,F1_score_Spam,Num. Obs. Spam,AUC_Spam,Precision-w,Recall-w,F1_score_w,Total Obs.,AUC_w,Time
13,5,83,0.8154794671364086,0.9230673368504133,0.8659444292895834,24073,0.7786441005509159,0.9967948717948718,0.933933933933934,0.9643410852713179,333,0.9669536286539967,0.9770114942528736,0.8947368421052632,0.9340659340659342,475,0.9472345307355794,1.0,0.9858156028368794,0.9928571428571429,141,0.9929078014184397,0.0,0.0,0.0,22,0.5,1.0,1.0,1.0,7,1.0,0.81153765028475,0.6026785714285714,0.6916853932584269,12768,0.7656720468815046,0.8180217108672428,0.8143525741029641,0.8088294006883117,37819,0.7787178954384418,28.150542974472046
