Rep.,Kfold,Num. Vars.,Precision-Background,Recall-Background,F1_score_Background,Num. Obs. Background,AUC_Background,Precision-DoS,Recall-DoS,F1_score_DoS,Num. Obs. Dos,AUC_DoS,Precision-Botnet,Recall-Botnet,F1_score_Botnet,Num. Obs. Botnet,AUC_Botnet,Precision-Scan,Recall-Scan,F1_score_Scan,Num. Obs. Scan,AUC_Scan,Precision-SSHscan,Recall-SSHscan,F1_score_SSHscan,Num. Obs. SSHscan,AUC_SSHscan,Precision-UDPscan,Recall-UDPscan,F1_score_UDPscan,Num. Obs. UDPscan,AUC_UDPscan,Precision-Spam,Recall-Spam,F1_score_Spam,Num. Obs. Spam,AUC_Spam,Precision-w,Recall-w,F1_score_w,Total Obs.,AUC_w,Time
14,1,80,0.8098920338488473,0.922399468261881,0.8624922311995028,6018,0.771589722489497,0.9382716049382716,0.9156626506024096,0.9268292682926829,83,0.9575645448081943,0.9629629629629629,0.8739495798319328,0.9162995594713657,119,0.9367605424601549,0.8095238095238095,0.9714285714285714,0.8831168831168832,35,0.9852896121820637,0.0,0.0,0.0,5,0.4998941686951,0.14285714285714285,0.5,0.22222222222222224,2,0.749682606855692,0.7959687371452078,0.606203007518797,0.6882447092299484,3192,0.7634975433633588,0.8076740693982847,0.8145758409138989,0.8043870712311744,9454,0.7732121263605914,27.188673973083496
