Rep.,Kfold,Num. Vars.,Precision-Background,Recall-Background,F1_score_Background,Num. Obs. Background,AUC_Background,Precision-DoS,Recall-DoS,F1_score_DoS,Num. Obs. Dos,AUC_DoS,Precision-Botnet,Recall-Botnet,F1_score_Botnet,Num. Obs. Botnet,AUC_Botnet,Precision-Scan,Recall-Scan,F1_score_Scan,Num. Obs. Scan,AUC_Scan,Precision-SSHscan,Recall-SSHscan,F1_score_SSHscan,Num. Obs. SSHscan,AUC_SSHscan,Precision-UDPscan,Recall-UDPscan,F1_score_UDPscan,Num. Obs. UDPscan,AUC_UDPscan,Precision-Spam,Recall-Spam,F1_score_Spam,Num. Obs. Spam,AUC_Spam,Precision-w,Recall-w,F1_score_w,Total Obs.,AUC_w,Time
1,5,88,0.8145595835929768,0.9231088771652889,0.8654437823733302,24073,0.7775640399792112,0.9905660377358491,0.9431137724550899,0.9662576687116565,334,0.9715168723560695,0.9842696629213483,0.9221052631578948,0.9521739130434783,475,0.9609589133761948,1.0,0.9645390070921985,0.9819494584837545,141,0.9822695035460993,0.0,0.0,0.0,22,0.499986772136829,1.0,1.0,1.0,7,1.0,0.8120540943456501,0.5972276607408568,0.6882671480144404,12769,0.7633871019655107,0.8176512713313966,0.8128817323709051,0.807561379386085,37821,0.7774366322314267,21.966169118881226
