Rep.,Kfold,Num. Vars.,Precision-Background,Recall-Background,F1_score_Background,Num. Obs. Background,AUC_Background,Precision-DoS,Recall-DoS,F1_score_DoS,Num. Obs. Dos,AUC_DoS,Precision-Botnet,Recall-Botnet,F1_score_Botnet,Num. Obs. Botnet,AUC_Botnet,Precision-Scan,Recall-Scan,F1_score_Scan,Num. Obs. Scan,AUC_Scan,Precision-SSHscan,Recall-SSHscan,F1_score_SSHscan,Num. Obs. SSHscan,AUC_SSHscan,Precision-UDPscan,Recall-UDPscan,F1_score_UDPscan,Num. Obs. UDPscan,AUC_UDPscan,Precision-Spam,Recall-Spam,F1_score_Spam,Num. Obs. Spam,AUC_Spam,Precision-w,Recall-w,F1_score_w,Total Obs.,AUC_w,Time
15,3,82,0.8116241333530019,0.9144091740069802,0.8599562363238511,6017,0.7714321110069815,0.9411764705882353,0.963855421686747,0.9523809523809523,83,0.9816609303503631,0.9716981132075472,0.865546218487395,0.9155555555555555,119,0.9326124236518388,0.75,0.8571428571428571,0.7999999999999999,35,0.928040586656151,0.0,0.0,0.0,6,0.4999470787468247,0.14285714285714285,0.5,0.22222222222222224,2,0.749682606855692,0.7896466721446179,0.6021303258145363,0.6832563099893353,3192,0.7601836554016789,0.8064713374959667,0.807911994922784,0.8009048011476354,9454,0.7719116187670798,38.43702411651611
