Rep.,Kfold,Num. Vars.,Precision-Background,Recall-Background,F1_score_Background,Num. Obs. Background,AUC_Background,Precision-DoS,Recall-DoS,F1_score_DoS,Num. Obs. Dos,AUC_DoS,Precision-Botnet,Recall-Botnet,F1_score_Botnet,Num. Obs. Botnet,AUC_Botnet,Precision-Scan,Recall-Scan,F1_score_Scan,Num. Obs. Scan,AUC_Scan,Precision-SSHscan,Recall-SSHscan,F1_score_SSHscan,Num. Obs. SSHscan,AUC_SSHscan,Precision-UDPscan,Recall-UDPscan,F1_score_UDPscan,Num. Obs. UDPscan,AUC_UDPscan,Precision-Spam,Recall-Spam,F1_score_Spam,Num. Obs. Spam,AUC_Spam,Precision-w,Recall-w,F1_score_w,Total Obs.,AUC_w,Time
14,4,86,0.8137860082304527,0.9203789893617021,0.8638065522620905,6016,0.7758181326319571,0.9397590361445783,0.9285714285714286,0.9341317365269461,84,0.9640188483591557,0.9469026548672567,0.8991596638655462,0.9224137931034483,119,0.9492583918813426,0.7948717948717948,0.8857142857142857,0.8378378378378378,35,0.942432379131965,0.0,0.0,0.0,5,0.4999470731449137,0.5,1.0,0.6666666666666666,1,0.9999470955454449,0.7936248467511239,0.6083959899749374,0.6887746054264942,3192,0.7638625317286827,0.8092391900264337,0.8142192128650021,0.8054860407499651,9452,0.7761315314027452,16.800461053848267
