Rep.,Kfold,Num. Vars.,Precision-Background,Recall-Background,F1_score_Background,Num. Obs. Background,AUC_Background,Precision-DoS,Recall-DoS,F1_score_DoS,Num. Obs. Dos,AUC_DoS,Precision-Botnet,Recall-Botnet,F1_score_Botnet,Num. Obs. Botnet,AUC_Botnet,Precision-Scan,Recall-Scan,F1_score_Scan,Num. Obs. Scan,AUC_Scan,Precision-SSHscan,Recall-SSHscan,F1_score_SSHscan,Num. Obs. SSHscan,AUC_SSHscan,Precision-UDPscan,Recall-UDPscan,F1_score_UDPscan,Num. Obs. UDPscan,AUC_UDPscan,Precision-Spam,Recall-Spam,F1_score_Spam,Num. Obs. Spam,AUC_Spam,Precision-w,Recall-w,F1_score_w,Total Obs.,AUC_w,Time
10,5,87,0.8148623853211009,0.922402691812404,0.8653040547123123,24073,0.7777067652704269,0.9968553459119497,0.9491017964071856,0.9723926380368099,334,0.9745375598906227,0.9792147806004619,0.8926315789473684,0.9339207048458149,475,0.9461952914150418,1.0,1.0,1.0,141,1.0,1.0,0.045454545454545456,0.08695652173913045,22,0.5227272727272727,1.0,1.0,1.0,7,1.0,0.814594823928723,0.6015037593984962,0.6920165795638853,12768,0.7658644455622531,0.8192756642008621,0.8137228979375991,0.8086842072010973,37820,0.7782847834404931,29.634711980819702
