Rep.,Kfold,Num. Vars.,Precision-Background,Recall-Background,F1_score_Background,Num. Obs. Background,AUC_Background,Precision-DoS,Recall-DoS,F1_score_DoS,Num. Obs. Dos,AUC_DoS,Precision-Botnet,Recall-Botnet,F1_score_Botnet,Num. Obs. Botnet,AUC_Botnet,Precision-Scan,Recall-Scan,F1_score_Scan,Num. Obs. Scan,AUC_Scan,Precision-SSHscan,Recall-SSHscan,F1_score_SSHscan,Num. Obs. SSHscan,AUC_SSHscan,Precision-UDPscan,Recall-UDPscan,F1_score_UDPscan,Num. Obs. UDPscan,AUC_UDPscan,Precision-Spam,Recall-Spam,F1_score_Spam,Num. Obs. Spam,AUC_Spam,Precision-w,Recall-w,F1_score_w,Total Obs.,AUC_w,Time
18,2,75,0.8151787351054078,0.9236073609437959,0.8660123081716912,24073,0.7784412477642011,0.9905362776025236,0.9401197604790419,0.9646697388632872,334,0.9700198642331184,0.9817351598173516,0.9052631578947369,0.9419496166484119,475,0.9525244666937268,1.0,0.9858156028368794,0.9928571428571429,141,0.9929078014184397,0.0,0.0,0.0,21,0.499986771786867,1.0,1.0,1.0,7,1.0,0.8121482425400871,0.5989974937343359,0.6894748704079332,12768,0.7641907751295127,0.8180668385884554,0.8136650889764404,0.808253736423935,37819,0.7781945438224738,27.9705548286438
