Rep.,Kfold,Num. Vars.,Precision-Background,Recall-Background,F1_score_Background,Num. Obs. Background,AUC_Background,Precision-DoS,Recall-DoS,F1_score_DoS,Num. Obs. Dos,AUC_DoS,Precision-Botnet,Recall-Botnet,F1_score_Botnet,Num. Obs. Botnet,AUC_Botnet,Precision-Scan,Recall-Scan,F1_score_Scan,Num. Obs. Scan,AUC_Scan,Precision-SSHscan,Recall-SSHscan,F1_score_SSHscan,Num. Obs. SSHscan,AUC_SSHscan,Precision-UDPscan,Recall-UDPscan,F1_score_UDPscan,Num. Obs. UDPscan,AUC_UDPscan,Precision-Spam,Recall-Spam,F1_score_Spam,Num. Obs. Spam,AUC_Spam,Precision-w,Recall-w,F1_score_w,Total Obs.,AUC_w,Time
2,3,83,0.8140459363957597,0.9187437686939183,0.863231850117096,6018,0.7755825944750152,0.8850574712643678,0.927710843373494,0.9058823529411766,83,0.9633218607007263,0.963302752293578,0.8823529411764706,0.9210526315789473,119,0.9409622231324238,0.7804878048780488,0.9142857142857143,0.8421052631578947,35,0.9566650994191072,0.0,0.0,0.0,6,0.4999470787468247,0.0,0.0,0.0,1,0.4997355336930075,0.784997994384276,0.6130952380952381,0.6884784520668426,3192,0.7637497908777052,0.8060135301579121,0.8144700655807066,0.8046138857271615,9454,0.7757836155605076,19.254634380340576
