Rep.,Kfold,Num. Vars.,Precision-Background,Recall-Background,F1_score_Background,Num. Obs. Background,AUC_Background,Precision-DoS,Recall-DoS,F1_score_DoS,Num. Obs. Dos,AUC_DoS,Precision-Botnet,Recall-Botnet,F1_score_Botnet,Num. Obs. Botnet,AUC_Botnet,Precision-Scan,Recall-Scan,F1_score_Scan,Num. Obs. Scan,AUC_Scan,Precision-SSHscan,Recall-SSHscan,F1_score_SSHscan,Num. Obs. SSHscan,AUC_SSHscan,Precision-UDPscan,Recall-UDPscan,F1_score_UDPscan,Num. Obs. UDPscan,AUC_UDPscan,Precision-Spam,Recall-Spam,F1_score_Spam,Num. Obs. Spam,AUC_Spam,Precision-w,Recall-w,F1_score_w,Total Obs.,AUC_w,Time
3,5,82,0.814965686814195,0.9225624195089527,0.8654325798908806,24071,0.7778957438346392,0.9936102236421726,0.9311377245508982,0.9613601236476043,334,0.965542184226148,0.976905311778291,0.8905263157894737,0.9317180616740088,475,0.9451292639922652,1.0,0.9858156028368794,0.9928571428571429,141,0.9929078014184397,0.0,0.0,0.0,21,0.5,1.0,1.0,1.0,7,1.0,0.8088016967126193,0.5973059754091942,0.6871480697328709,12769,0.7626635270474851,0.8167677759378893,0.8121529430429953,0.8069351777119024,37818,0.7771988607710826,18.966837644577026
