Rep.,Kfold,Num. Vars.,Precision-Background,Recall-Background,F1_score_Background,Num. Obs. Background,AUC_Background,Precision-DoS,Recall-DoS,F1_score_DoS,Num. Obs. Dos,AUC_DoS,Precision-Botnet,Recall-Botnet,F1_score_Botnet,Num. Obs. Botnet,AUC_Botnet,Precision-Scan,Recall-Scan,F1_score_Scan,Num. Obs. Scan,AUC_Scan,Precision-SSHscan,Recall-SSHscan,F1_score_SSHscan,Num. Obs. SSHscan,AUC_SSHscan,Precision-UDPscan,Recall-UDPscan,F1_score_UDPscan,Num. Obs. UDPscan,AUC_UDPscan,Precision-Spam,Recall-Spam,F1_score_Spam,Num. Obs. Spam,AUC_Spam,Precision-w,Recall-w,F1_score_w,Total Obs.,AUC_w,Time
7,5,83,0.8136748378586347,0.9224442321272796,0.8646522856475352,24073,0.7762457610254441,0.9968253968253968,0.9429429429429429,0.9691358024691358,333,0.9714581328026706,0.9796839729119639,0.9136842105263158,0.9455337690631809,475,0.9567216007509335,1.0,0.95,0.9743589743589743,140,0.975,1.0,0.045454545454545456,0.08695652173913045,22,0.5227272727272727,1.0,1.0,1.0,8,1.0,0.8090755235878992,0.5991227383097047,0.6884478646325548,12767,0.7635348632269454,0.8166575261963526,0.8129726585223968,0.8070855788929263,37818,0.776576025240994,35.660449504852295
