Rep.,Kfold,Num. Vars.,Precision-Background,Recall-Background,F1_score_Background,Num. Obs. Background,AUC_Background,Precision-DoS,Recall-DoS,F1_score_DoS,Num. Obs. Dos,AUC_DoS,Precision-Botnet,Recall-Botnet,F1_score_Botnet,Num. Obs. Botnet,AUC_Botnet,Precision-Scan,Recall-Scan,F1_score_Scan,Num. Obs. Scan,AUC_Scan,Precision-SSHscan,Recall-SSHscan,F1_score_SSHscan,Num. Obs. SSHscan,AUC_SSHscan,Precision-UDPscan,Recall-UDPscan,F1_score_UDPscan,Num. Obs. UDPscan,AUC_UDPscan,Precision-Spam,Recall-Spam,F1_score_Spam,Num. Obs. Spam,AUC_Spam,Precision-w,Recall-w,F1_score_w,Total Obs.,AUC_w,Time
8,5,88,0.8192985052538109,0.919754111978734,0.8666249217282405,6019,0.7822512195040601,0.9342105263157895,0.8452380952380952,0.8875000000000001,84,0.9223522955917323,0.9568965517241379,0.9327731092436975,0.9446808510638298,119,0.9661188026672595,0.8888888888888888,0.9142857142857143,0.9014084507042254,35,0.9569305654540766,0.0,0.0,0.0,5,0.5,0.3333333333333333,0.5,0.4,2,0.7498942246668078,0.8102630444156964,0.5886591478696742,0.6819089094538197,3192,0.7592082457100606,0.8187224505648338,0.8068950930626058,0.8050110998212898,9456,0.7785216686853625,38.14648985862732
