Rep.,Kfold,Num. Vars.,Precision-Background,Recall-Background,F1_score_Background,Num. Obs. Background,AUC_Background,Precision-DoS,Recall-DoS,F1_score_DoS,Num. Obs. Dos,AUC_DoS,Precision-Botnet,Recall-Botnet,F1_score_Botnet,Num. Obs. Botnet,AUC_Botnet,Precision-Scan,Recall-Scan,F1_score_Scan,Num. Obs. Scan,AUC_Scan,Precision-SSHscan,Recall-SSHscan,F1_score_SSHscan,Num. Obs. SSHscan,AUC_SSHscan,Precision-UDPscan,Recall-UDPscan,F1_score_UDPscan,Num. Obs. UDPscan,AUC_UDPscan,Precision-Spam,Recall-Spam,F1_score_Spam,Num. Obs. Spam,AUC_Spam,Precision-w,Recall-w,F1_score_w,Total Obs.,AUC_w,Time
16,5,93,0.8561034761519806,0.944692239072257,0.8982188295165395,1121,0.8714390900576705,1.0,0.696969696969697,0.8214285714285715,33,0.8484848484848485,0.9259259259259259,0.8620689655172413,0.8928571428571429,29,0.9305278971456521,0.9285714285714286,0.8666666666666667,0.896551724137931,15,0.9330818242790073,0.0,0.0,0.0,5,0.5,1.0,1.0,1.0,1,1.0,0.9318181818181818,0.8210262828535669,0.8729208250166333,799,0.8905795866095078,0.8881653256712535,0.8871692461308038,0.8845807902837742,2003,0.8791501977219444,8934.91004037857
