Rep.,Kfold,Num. Vars.,Precision-Background,Recall-Background,F1_score_Background,Num. Obs. Background,AUC_Background,Precision-DoS,Recall-DoS,F1_score_DoS,Num. Obs. Dos,AUC_DoS,Precision-Botnet,Recall-Botnet,F1_score_Botnet,Num. Obs. Botnet,AUC_Botnet,Precision-Scan,Recall-Scan,F1_score_Scan,Num. Obs. Scan,AUC_Scan,Precision-SSHscan,Recall-SSHscan,F1_score_SSHscan,Num. Obs. SSHscan,AUC_SSHscan,Precision-UDPscan,Recall-UDPscan,F1_score_UDPscan,Num. Obs. UDPscan,AUC_UDPscan,Precision-Spam,Recall-Spam,F1_score_Spam,Num. Obs. Spam,AUC_Spam,Precision-w,Recall-w,F1_score_w,Total Obs.,AUC_w,Time
15,1,86,0.849009900990099,0.9179304192685103,0.8821260180025717,1121,0.8553412005742325,1.0,0.7941176470588235,0.8852459016393442,34,0.8970588235294117,0.9230769230769231,0.8571428571428571,0.888888888888889,28,0.9280653556969346,0.8333333333333334,0.9375,0.8823529411764706,16,0.9679954728370223,0.0,0.0,0.0,5,0.5,1.0,0.5,0.6666666666666666,2,0.75,0.8935532233883059,0.7468671679197995,0.8136518771331058,798,0.8439974313894187,0.8682510271722835,0.844311377245509,0.8525926617115194,2004,0.8524556854378129,25263.687039375305
