Rep.,Kfold,Num. Vars.,Precision-Background,Recall-Background,F1_score_Background,Num. Obs. Background,AUC_Background,Precision-DoS,Recall-DoS,F1_score_DoS,Num. Obs. Dos,AUC_DoS,Precision-Botnet,Recall-Botnet,F1_score_Botnet,Num. Obs. Botnet,AUC_Botnet,Precision-Scan,Recall-Scan,F1_score_Scan,Num. Obs. Scan,AUC_Scan,Precision-SSHscan,Recall-SSHscan,F1_score_SSHscan,Num. Obs. SSHscan,AUC_SSHscan,Precision-UDPscan,Recall-UDPscan,F1_score_UDPscan,Num. Obs. UDPscan,AUC_UDPscan,Precision-Spam,Recall-Spam,F1_score_Spam,Num. Obs. Spam,AUC_Spam,Precision-w,Recall-w,F1_score_w,Total Obs.,AUC_w,Time
13,1,98,0.8816666666666667,0.943800178412132,0.9116760017233951,1121,0.8913098508405723,0.9655172413793104,0.8484848484848485,0.9032258064516129,33,0.9239884882342984,0.9629629629629629,0.9285714285714286,0.9454545454545454,28,0.96403242147923,0.8888888888888888,1.0,0.9411764705882353,16,0.999496475327291,0.0,0.0,0.0,4,0.5,0.0,0.0,0.0,2,0.5,0.926657263751763,0.8233082706766918,0.8719309887193099,798,0.8900594509529638,0.8995345074714999,0.8916083916083916,0.8936701944780108,2002,0.8920590690165502,9393.613192081451
