Rep.,Kfold,Num. Vars.,Precision-Background,Recall-Background,F1_score_Background,Num. Obs. Background,AUC_Background,Precision-DoS,Recall-DoS,F1_score_DoS,Num. Obs. Dos,AUC_DoS,Precision-Botnet,Recall-Botnet,F1_score_Botnet,Num. Obs. Botnet,AUC_Botnet,Precision-Scan,Recall-Scan,F1_score_Scan,Num. Obs. Scan,AUC_Scan,Precision-SSHscan,Recall-SSHscan,F1_score_SSHscan,Num. Obs. SSHscan,AUC_SSHscan,Precision-UDPscan,Recall-UDPscan,F1_score_UDPscan,Num. Obs. UDPscan,AUC_UDPscan,Precision-Spam,Recall-Spam,F1_score_Spam,Num. Obs. Spam,AUC_Spam,Precision-w,Recall-w,F1_score_w,Total Obs.,AUC_w,Time
20,4,92,0.8880597014925373,0.9553969669937555,0.9204984959174904,1121,0.9012545423870251,0.9629629629629629,0.7878787878787878,0.8666666666666665,33,0.8936857156035238,1.0,0.9642857142857143,0.9818181818181818,28,0.9821428571428572,0.8823529411764706,0.9375,0.9090909090909091,16,0.9682469818913482,0.0,0.0,0.0,5,0.5,1.0,0.5,0.6666666666666666,2,0.75,0.9321789321789322,0.8085106382978723,0.8659517426273458,799,0.8847532444601396,0.90629806238558,0.8912175648702595,0.8960798169922419,2004,0.8950637548226968,8519.79748415947
