Rep.,Kfold,Num. Vars.,Precision-Background,Recall-Background,F1_score_Background,Num. Obs. Background,AUC_Background,Precision-DoS,Recall-DoS,F1_score_DoS,Num. Obs. Dos,AUC_DoS,Precision-Botnet,Recall-Botnet,F1_score_Botnet,Num. Obs. Botnet,AUC_Botnet,Precision-Scan,Recall-Scan,F1_score_Scan,Num. Obs. Scan,AUC_Scan,Precision-SSHscan,Recall-SSHscan,F1_score_SSHscan,Num. Obs. SSHscan,AUC_SSHscan,Precision-UDPscan,Recall-UDPscan,F1_score_UDPscan,Num. Obs. UDPscan,AUC_UDPscan,Precision-Spam,Recall-Spam,F1_score_Spam,Num. Obs. Spam,AUC_Spam,Precision-w,Recall-w,F1_score_w,Total Obs.,AUC_w,Time
5,4,88,0.864045864045864,0.9411239964317574,0.9009393680614859,1121,0.8764576898258558,0.9310344827586207,0.8181818181818182,0.8709677419354839,33,0.9085832948777113,1.0,0.9285714285714286,0.962962962962963,28,0.9642857142857143,0.9333333333333333,0.875,0.9032258064516129,16,0.9372483643683945,0.0,0.0,0.0,5,0.5,0.0,0.0,0.0,2,0.5,0.9245014245014245,0.8132832080200502,0.8653333333333333,798,0.8846499027652118,0.8886695065461399,0.8841737393909136,0.8839967763090293,2003,0.8806484849037853,11941.303809165955
