Rep.,Kfold,Num. Vars.,Precision-Background,Recall-Background,F1_score_Background,Num. Obs. Background,AUC_Background,Precision-DoS,Recall-DoS,F1_score_DoS,Num. Obs. Dos,AUC_DoS,Precision-Botnet,Recall-Botnet,F1_score_Botnet,Num. Obs. Botnet,AUC_Botnet,Precision-Scan,Recall-Scan,F1_score_Scan,Num. Obs. Scan,AUC_Scan,Precision-SSHscan,Recall-SSHscan,F1_score_SSHscan,Num. Obs. SSHscan,AUC_SSHscan,Precision-UDPscan,Recall-UDPscan,F1_score_UDPscan,Num. Obs. UDPscan,AUC_UDPscan,Precision-Spam,Recall-Spam,F1_score_Spam,Num. Obs. Spam,AUC_Spam,Precision-w,Recall-w,F1_score_w,Total Obs.,AUC_w,Time
6,3,84,0.8525382755842063,0.943800178412132,0.8958509737510584,1121,0.8681585926074266,1.0,0.5454545454545454,0.7058823529411764,33,0.7727272727272727,0.9583333333333334,0.8214285714285714,0.8846153846153847,28,0.9104611211573237,0.8888888888888888,1.0,0.9411764705882353,16,0.9994967287367892,0.0,0.0,0.0,5,0.5,0.0,0.0,0.0,1,0.5,0.9312977099236641,0.7634543178973717,0.8390646492434662,799,0.8630394513074899,0.8856005155838534,0.8612081877184223,0.8675904983855053,2003,0.8650819585420885,10339.465839385986
