Rep.,Kfold,Num. Vars.,Precision-Background,Recall-Background,F1_score_Background,Num. Obs. Background,AUC_Background,Precision-DoS,Recall-DoS,F1_score_DoS,Num. Obs. Dos,AUC_DoS,Precision-Botnet,Recall-Botnet,F1_score_Botnet,Num. Obs. Botnet,AUC_Botnet,Precision-Scan,Recall-Scan,F1_score_Scan,Num. Obs. Scan,AUC_Scan,Precision-SSHscan,Recall-SSHscan,F1_score_SSHscan,Num. Obs. SSHscan,AUC_SSHscan,Precision-UDPscan,Recall-UDPscan,F1_score_UDPscan,Num. Obs. UDPscan,AUC_UDPscan,Precision-Spam,Recall-Spam,F1_score_Spam,Num. Obs. Spam,AUC_Spam,Precision-w,Recall-w,F1_score_w,Total Obs.,AUC_w,Time
6,1,85,0.8762541806020067,0.9348795718108831,0.9046180405697022,1121,0.8835395591480719,0.9642857142857143,0.8181818181818182,0.8852459016393442,33,0.9088371019843101,1.0,0.8928571428571429,0.9433962264150945,28,0.9464285714285714,0.9230769230769231,0.75,0.8275862068965517,16,0.8747483643683945,0.0,0.0,0.0,5,0.5,1.0,0.5,0.6666666666666666,2,0.75,0.9183381088825215,0.8032581453634086,0.8569518716577541,798,0.8779776203995465,0.8945109369364758,0.8756864702945582,0.8827395600593725,2003,0.8814586046326528,11378.161643743515
