Rep.,Kfold,Num. Vars.,Precision-Background,Recall-Background,F1_score_Background,Num. Obs. Background,AUC_Background,Precision-DoS,Recall-DoS,F1_score_DoS,Num. Obs. Dos,AUC_DoS,Precision-Botnet,Recall-Botnet,F1_score_Botnet,Num. Obs. Botnet,AUC_Botnet,Precision-Scan,Recall-Scan,F1_score_Scan,Num. Obs. Scan,AUC_Scan,Precision-SSHscan,Recall-SSHscan,F1_score_SSHscan,Num. Obs. SSHscan,AUC_SSHscan,Precision-UDPscan,Recall-UDPscan,F1_score_UDPscan,Num. Obs. UDPscan,AUC_UDPscan,Precision-Spam,Recall-Spam,F1_score_Spam,Num. Obs. Spam,AUC_Spam,Precision-w,Recall-w,F1_score_w,Total Obs.,AUC_w,Time
8,4,71,0.8478260869565217,0.9393398751115076,0.8912399492170969,1121,0.8625270804128967,0.9583333333333334,0.696969696969697,0.8070175438596493,33,0.8482310413782496,0.9583333333333334,0.8214285714285714,0.8846153846153847,28,0.9104611211573237,0.8823529411764706,0.9375,0.9090909090909091,16,0.9682467287367892,0.0,0.0,0.0,5,0.5,0.0,0.0,0.0,2,0.5,0.9347496206373292,0.7719298245614035,0.8455730954015098,798,0.8681225886292495,0.8831349082071924,0.8637044433349975,0.8685938978855836,2003,0.8647684304975907,7960.277428388596
