{"C": 0.9743147852433636, "gamma": 0.0020000000000000005}