{"C": 1.9719894365032424, "gamma": 0.0020000000000000005}