{"C": 2.4136002008587485, "gamma": 0.0020000000000000005}