{"C": 1.8260213649522183, "gamma": 0.0020000000000000005}