{"C": 1.9156085951349857, "gamma": 0.0020000000000000005}