{"C": 4.625215875115507, "gamma": 0.0020000000000000005}