{"C": 1.3348847511201023, "gamma": 0.0020000000000000005}