{"C": 1.5128346365214176, "gamma": 0.0020000000000000005}