{"C": 4.035264863906854, "gamma": 0.0020000000000000005}