{"C": 1.3172984312083569, "gamma": 0.0020000000000000005}