{"C": 2.1979979213235614, "gamma": 0.0020000000000000005}