{"C": 0.6674336397069066, "gamma": 0.00251552329802433}