{"C": 1.9995427023500543, "gamma": 0.0020373452659480386}