{"C": 1.0446051475589164, "gamma": 0.002014126171060992}