{"C": 2.3521296279827464, "gamma": 0.0020000000000000005}