{"C": 1.6422318682563817, "gamma": 0.0020000000000000005}