{"C": 1.0028773864335987, "gamma": 0.0020000000000000005}