{"C": 2.926379186921221, "gamma": 0.0020000000000000005}