{"C": 3.0173014758058017, "gamma": 0.0020000000000000005}