{"C": 1.5354398798123565, "gamma": 0.0020000000000000005}