{"C": 1.6475784026700782, "gamma": 0.0020000000000000005}