{"C": 1.9998495453812277, "gamma": 0.0020000000000000005}