{"C": 2.0301497648941944, "gamma": 0.0020000000000000005}