{"C": 2.3631716164565293, "gamma": 0.0020000000000000005}