{"C": 1.4737705844519848, "gamma": 0.0020000000000000005}