{"C": 1.383904148045512, "gamma": 0.0020000000000000005}