{"C": 1.4648851678676367, "gamma": 0.0020000000000000005}