{"C": 1.4077623682543685, "gamma": 0.002021413252007484}