{"C": 1.8676842085973897, "gamma": 0.0020000000000000005}