{"C": 1.9304840342587362, "gamma": 0.002017023317074438}