{"C": 1.6804005107441078, "gamma": 0.0020000000000000005}