{"C": 1.6456608542252245, "gamma": 0.0020278686125232742}