{"C": 1.1650837029787795, "gamma": 0.0020000000000000005}