{"C": 1.0155074109206323, "gamma": 0.0020000000000000005}