{"C": 1.080980585326779, "gamma": 0.0020000000000000005}