{"C": 1.6310415670447536, "gamma": 0.0020000000000000005}