{"C": 1.2441524925441148, "gamma": 0.0020000000000000005}