{"C": 0.6303025289740256, "gamma": 0.002007803593900522}