{"C": 1.105023218893759, "gamma": 0.0020000000000000005}