{"C": 1.7024360611641711, "gamma": 0.0020000000000000005}