{"C": 0.9083423730883466, "gamma": 0.0020000000000000005}