{"C": 0.849944174147294, "gamma": 0.0020000000000000005}