{"C": 3.495169352505752, "gamma": 0.0020000000000000005}