{"C": 1.1493000291097968, "gamma": 0.0020000000000000005}