{"C": 1.0489200706439519, "gamma": 0.0020000000000000005}