{"C": 1.1458294001605565, "gamma": 0.0020000000000000005}