{"C": 1.3802831321565365, "gamma": 0.0020000000000000005}