{"C": 1.5216086981119221, "gamma": 0.0020000000000000005}