{"C": 1.6408788839512032, "gamma": 0.0020000000000000005}