{"C": 1.4771813829930536, "gamma": 0.0020290367968653776}