{"C": 1.9115946060357487, "gamma": 0.0020000000000000005}