{"C": 5.64040853914873, "gamma": 0.0020000000000000005}