{"C": 2.1783522630508023, "gamma": 0.0020000000000000005}