{"C": 1.2834723764770422, "gamma": 0.0020000000000000005}