{"C": 3.590809614472256, "gamma": 0.0020000000000000005}