{"C": 1.0555866741533109, "gamma": 0.0020000000000000005}