{"C": 1.9966573382660224, "gamma": 0.0020000000000000005}