{"C": 2.2945614846865583, "gamma": 0.0028894779293014957}