{"C": 3.7368908184890754, "gamma": 0.0020000000000000005}