{"C": 1.7508298412236796, "gamma": 0.0020000000000000005}