Rep.,Kfold,Num. Vars.,Precision-Background,Recall-Background,F1_score_Background,Num. Obs. Background,AUC_Background,Precision-DoS,Recall-DoS,F1_score_DoS,Num. Obs. Dos,AUC_DoS,Precision-Botnet,Recall-Botnet,F1_score_Botnet,Num. Obs. Botnet,AUC_Botnet,Precision-Scan,Recall-Scan,F1_score_Scan,Num. Obs. Scan,AUC_Scan,Precision-SSHscan,Recall-SSHscan,F1_score_SSHscan,Num. Obs. SSHscan,AUC_SSHscan,Precision-UDPscan,Recall-UDPscan,F1_score_UDPscan,Num. Obs. UDPscan,AUC_UDPscan,Precision-Spam,Recall-Spam,F1_score_Spam,Num. Obs. Spam,AUC_Spam,Precision-w,Recall-w,F1_score_w,Total Obs.,AUC_w,Time
6,3,84,0.8416494845360825,0.9103479036574487,0.8746518105849581,4484,0.8463304144137583,0.92,0.6917293233082706,0.7896995708154506,133,0.8453569830147141,1.0,0.9646017699115044,0.9819819819819819,113,0.9823008849557522,0.9782608695652174,0.7142857142857143,0.8256880733944955,63,0.8570799561490214,1.0,1.0,1.0,19,1.0,1.0,0.7142857142857143,0.8333333333333333,7,0.8571428571428572,0.8444444444444444,0.6902599436266834,0.7596070997759781,3193,0.8030050496303162,0.8478854012173632,0.81827259111333,0.828783060045838,8012,0.8314240161856262,3783.558200597763
