Rep.,Kfold,Num. Vars.,Precision-Background,Recall-Background,F1_score_Background,Num. Obs. Background,AUC_Background,Precision-DoS,Recall-DoS,F1_score_DoS,Num. Obs. Dos,AUC_DoS,Precision-Botnet,Recall-Botnet,F1_score_Botnet,Num. Obs. Botnet,AUC_Botnet,Precision-Scan,Recall-Scan,F1_score_Scan,Num. Obs. Scan,AUC_Scan,Precision-SSHscan,Recall-SSHscan,F1_score_SSHscan,Num. Obs. SSHscan,AUC_SSHscan,Precision-UDPscan,Recall-UDPscan,F1_score_UDPscan,Num. Obs. UDPscan,AUC_UDPscan,Precision-Spam,Recall-Spam,F1_score_Spam,Num. Obs. Spam,AUC_Spam,Precision-w,Recall-w,F1_score_w,Total Obs.,AUC_w,Time
17,4,89,0.8143510236533492,0.9136931311329171,0.8611665790856543,4484,0.8244769510539869,0.9914529914529915,0.8721804511278195,0.9279999999999999,133,0.9360267657339821,0.9893617021276596,0.8230088495575221,0.8985507246376812,113,0.9114411256269697,1.0,0.6666666666666666,0.8,63,0.8333333333333333,1.0,1.0,1.0,19,1.0,0.0,0.0,0.0,6,0.5,0.8522992985190959,0.684721352536005,0.7593749999999999,3194,0.8030290033746857,0.836177617290974,0.8180229655516725,0.821427224476302,8012,0.8192478397832365,4885.124309301376
