Rep.,Kfold,Num. Vars.,Precision-Background,Recall-Background,F1_score_Background,Num. Obs. Background,AUC_Background,Precision-DoS,Recall-DoS,F1_score_DoS,Num. Obs. Dos,AUC_DoS,Precision-Botnet,Recall-Botnet,F1_score_Botnet,Num. Obs. Botnet,AUC_Botnet,Precision-Scan,Recall-Scan,F1_score_Scan,Num. Obs. Scan,AUC_Scan,Precision-SSHscan,Recall-SSHscan,F1_score_SSHscan,Num. Obs. SSHscan,AUC_SSHscan,Precision-UDPscan,Recall-UDPscan,F1_score_UDPscan,Num. Obs. UDPscan,AUC_UDPscan,Precision-Spam,Recall-Spam,F1_score_Spam,Num. Obs. Spam,AUC_Spam,Precision-w,Recall-w,F1_score_w,Total Obs.,AUC_w,Time
4,3,93,0.8143257302921169,0.907671721677074,0.8584686774941995,4484,0.8223165864621199,1.0,0.8947368421052632,0.9444444444444444,133,0.9473684210526316,0.9807692307692307,0.9026548672566371,0.9400921658986174,113,0.9512008353247359,1.0,0.746031746031746,0.8545454545454546,63,0.873015873015873,0.0,0.0,0.0,20,0.5,1.0,0.6666666666666666,0.8,6,0.8333333333333333,0.8400345871162992,0.6085186345129971,0.705775517617145,3193,0.7658696098483226,0.8295673907100747,0.7844483275087369,0.7979771177146223,8012,0.8033168912048846,3413.4405012130737
