Rep.,Kfold,Num. Vars.,Precision-Background,Recall-Background,F1_score_Background,Num. Obs. Background,AUC_Background,Precision-DoS,Recall-DoS,F1_score_DoS,Num. Obs. Dos,AUC_DoS,Precision-Botnet,Recall-Botnet,F1_score_Botnet,Num. Obs. Botnet,AUC_Botnet,Precision-Scan,Recall-Scan,F1_score_Scan,Num. Obs. Scan,AUC_Scan,Precision-SSHscan,Recall-SSHscan,F1_score_SSHscan,Num. Obs. SSHscan,AUC_SSHscan,Precision-UDPscan,Recall-UDPscan,F1_score_UDPscan,Num. Obs. UDPscan,AUC_UDPscan,Precision-Spam,Recall-Spam,F1_score_Spam,Num. Obs. Spam,AUC_Spam,Precision-w,Recall-w,F1_score_w,Total Obs.,AUC_w,Time
11,1,88,0.8226978998384491,0.9085637823371989,0.8635014836795253,4484,0.8298487845926358,0.9910714285714286,0.8345864661654135,0.9061224489795919,133,0.9172297732527792,0.9811320754716981,0.9203539823008849,0.949771689497717,113,0.9600503928468598,0.9807692307692307,0.8095238095238095,0.8869565217391304,63,0.904699003768069,0.0,0.0,0.0,19,0.5,0.0,0.0,0.0,6,0.5,0.851586946803755,0.5964308077645586,0.7015282636715153,3194,0.763761273537738,0.8379199921409839,0.7794558162755866,0.798344817084736,8012,0.8063490700529976,3999.6468913555145
