Rep.,Kfold,Num. Vars.,Precision-Background,Recall-Background,F1_score_Background,Num. Obs. Background,AUC_Background,Precision-DoS,Recall-DoS,F1_score_DoS,Num. Obs. Dos,AUC_DoS,Precision-Botnet,Recall-Botnet,F1_score_Botnet,Num. Obs. Botnet,AUC_Botnet,Precision-Scan,Recall-Scan,F1_score_Scan,Num. Obs. Scan,AUC_Scan,Precision-SSHscan,Recall-SSHscan,F1_score_SSHscan,Num. Obs. SSHscan,AUC_SSHscan,Precision-UDPscan,Recall-UDPscan,F1_score_UDPscan,Num. Obs. UDPscan,AUC_UDPscan,Precision-Spam,Recall-Spam,F1_score_Spam,Num. Obs. Spam,AUC_Spam,Precision-w,Recall-w,F1_score_w,Total Obs.,AUC_w,Time
7,4,90,0.8154929577464789,0.9038804638715433,0.8574148508567802,4484,0.8219799144754543,0.9831932773109243,0.8796992481203008,0.9285714285714285,133,0.9397227044002952,0.9805825242718447,0.8938053097345132,0.9351851851851852,113,0.9467760565636738,1.0,0.9047619047619048,0.9500000000000001,63,0.9523809523809523,0.0,0.0,0.0,19,0.5,1.0,0.3333333333333333,0.5,6,0.6666666666666666,0.8354866494401378,0.6073888541014402,0.7034082668600434,3194,0.76405142165429,0.8282308177698557,0.7825761357963056,0.7967249277981412,8012,0.8027467537879024,6348.203760385513
