Rep.,Kfold,Num. Vars.,Precision-Background,Recall-Background,F1_score_Background,Num. Obs. Background,AUC_Background,Precision-DoS,Recall-DoS,F1_score_DoS,Num. Obs. Dos,AUC_DoS,Precision-Botnet,Recall-Botnet,F1_score_Botnet,Num. Obs. Botnet,AUC_Botnet,Precision-Scan,Recall-Scan,F1_score_Scan,Num. Obs. Scan,AUC_Scan,Precision-SSHscan,Recall-SSHscan,F1_score_SSHscan,Num. Obs. SSHscan,AUC_SSHscan,Precision-UDPscan,Recall-UDPscan,F1_score_UDPscan,Num. Obs. UDPscan,AUC_UDPscan,Precision-Spam,Recall-Spam,F1_score_Spam,Num. Obs. Spam,AUC_Spam,Precision-w,Recall-w,F1_score_w,Total Obs.,AUC_w,Time
3,1,85,0.8089439009782392,0.903657448706512,0.8536816601706521,4484,0.8161610180873076,0.9915966386554622,0.8872180451127819,0.9365079365079365,133,0.9435455546711409,0.9803921568627451,0.8928571428571429,0.9345794392523364,112,0.9463019731249886,0.9655172413793104,0.4444444444444444,0.6086956521739131,63,0.7221593133143209,0.0,0.0,0.0,19,0.5,1.0,0.3333333333333333,0.5,6,0.6666666666666666,0.8520765282314512,0.5716969317470256,0.6842795578040097,3194,0.7529441685930478,0.8310261819840695,0.7646985395081762,0.7844306267220053,8011,0.7932896137922537,3447.3882625102997
