Rep.,Kfold,Num. Vars.,Precision-Background,Recall-Background,F1_score_Background,Num. Obs. Background,AUC_Background,Precision-DoS,Recall-DoS,F1_score_DoS,Num. Obs. Dos,AUC_DoS,Precision-Botnet,Recall-Botnet,F1_score_Botnet,Num. Obs. Botnet,AUC_Botnet,Precision-Scan,Recall-Scan,F1_score_Scan,Num. Obs. Scan,AUC_Scan,Precision-SSHscan,Recall-SSHscan,F1_score_SSHscan,Num. Obs. SSHscan,AUC_SSHscan,Precision-UDPscan,Recall-UDPscan,F1_score_UDPscan,Num. Obs. UDPscan,AUC_UDPscan,Precision-Spam,Recall-Spam,F1_score_Spam,Num. Obs. Spam,AUC_Spam,Precision-w,Recall-w,F1_score_w,Total Obs.,AUC_w,Time
10,1,88,0.8060413354531002,0.9045495093666369,0.8524590163934427,1121,0.8137957535482446,1.0,0.48484848484848486,0.653061224489796,33,0.7424242424242424,0.9473684210526315,0.6428571428571429,0.7659574468085106,28,0.8211752786220872,0.9230769230769231,0.75,0.8275862068965517,16,0.8747482376636455,0.0,0.0,0.0,4,0.5,0.0,0.0,0.0,1,0.5,0.8506493506493507,0.655819774718398,0.7406360424028269,799,0.7896721483733302,0.8279404169682623,0.7912087912087912,0.80100597576726,2002,0.8027981847561988,4021.6650438308716
