Rep.,Kfold,Num. Vars.,Precision-Background,Recall-Background,F1_score_Background,Num. Obs. Background,AUC_Background,Precision-DoS,Recall-DoS,F1_score_DoS,Num. Obs. Dos,AUC_DoS,Precision-Botnet,Recall-Botnet,F1_score_Botnet,Num. Obs. Botnet,AUC_Botnet,Precision-Scan,Recall-Scan,F1_score_Scan,Num. Obs. Scan,AUC_Scan,Precision-SSHscan,Recall-SSHscan,F1_score_SSHscan,Num. Obs. SSHscan,AUC_SSHscan,Precision-UDPscan,Recall-UDPscan,F1_score_UDPscan,Num. Obs. UDPscan,AUC_UDPscan,Precision-Spam,Recall-Spam,F1_score_Spam,Num. Obs. Spam,AUC_Spam,Precision-w,Recall-w,F1_score_w,Total Obs.,AUC_w,Time
3,5,84,0.8097415506958251,0.9083407671721677,0.856211898255203,4484,0.8185026773201356,0.9557522123893806,0.8181818181818182,0.8816326530612245,132,0.9087736099412709,0.9902912621359223,0.9026548672566371,0.9444444444444444,113,0.9512641264619475,0.9464285714285714,0.8412698412698413,0.8907563025210083,63,0.9204461939112166,1.0,1.0,1.0,20,1.0,0.0,0.0,0.0,6,0.5,0.8378378378378378,0.6407766990291263,0.7261756876663709,3193,0.7792924591036043,0.8268361670444455,0.7991511671451754,0.8060352642591662,8011,0.8072507676994322,3447.3817279338837
