Rep.,Kfold,Num. Vars.,Precision-Background,Recall-Background,F1_score_Background,Num. Obs. Background,AUC_Background,Precision-DoS,Recall-DoS,F1_score_DoS,Num. Obs. Dos,AUC_DoS,Precision-Botnet,Recall-Botnet,F1_score_Botnet,Num. Obs. Botnet,AUC_Botnet,Precision-Scan,Recall-Scan,F1_score_Scan,Num. Obs. Scan,AUC_Scan,Precision-SSHscan,Recall-SSHscan,F1_score_SSHscan,Num. Obs. SSHscan,AUC_SSHscan,Precision-UDPscan,Recall-UDPscan,F1_score_UDPscan,Num. Obs. UDPscan,AUC_UDPscan,Precision-Spam,Recall-Spam,F1_score_Spam,Num. Obs. Spam,AUC_Spam,Precision-w,Recall-w,F1_score_w,Total Obs.,AUC_w,Time
16,2,94,0.8012618296529969,0.9063336306868867,0.8505650899958141,1121,0.8103096724863006,1.0,0.5757575757575758,0.7307692307692308,33,0.7878787878787878,0.9615384615384616,0.8928571428571429,0.9259259259259259,28,0.9461754068716094,0.8333333333333334,0.3125,0.45454545454545453,16,0.6559983643683945,0.0,0.0,0.0,5,0.5,0.3333333333333333,0.5,0.4,2,0.7495002498750625,0.8527918781725888,0.631578947368421,0.7257019438444924,798,0.7796898886219699,0.8250951107068459,0.7838242636045931,0.7941625835682727,2003,0.7975724212179354,8449.140612363815
