Rep.,Kfold,Num. Vars.,Precision-Background,Recall-Background,F1_score_Background,Num. Obs. Background,AUC_Background,Precision-DoS,Recall-DoS,F1_score_DoS,Num. Obs. Dos,AUC_DoS,Precision-Botnet,Recall-Botnet,F1_score_Botnet,Num. Obs. Botnet,AUC_Botnet,Precision-Scan,Recall-Scan,F1_score_Scan,Num. Obs. Scan,AUC_Scan,Precision-SSHscan,Recall-SSHscan,F1_score_SSHscan,Num. Obs. SSHscan,AUC_SSHscan,Precision-UDPscan,Recall-UDPscan,F1_score_UDPscan,Num. Obs. UDPscan,AUC_UDPscan,Precision-Spam,Recall-Spam,F1_score_Spam,Num. Obs. Spam,AUC_Spam,Precision-w,Recall-w,F1_score_w,Total Obs.,AUC_w,Time
19,3,87,0.8160434258142341,0.9052185548617306,0.8583209980968493,4484,0.8229324066825661,0.9913793103448276,0.8646616541353384,0.9236947791164658,133,0.9322673672377414,1.0,0.6637168141592921,0.797872340425532,113,0.831858407079646,0.9795918367346939,0.7619047619047619,0.8571428571428572,63,0.8808894799585453,0.0,0.0,0.0,19,0.5,1.0,0.5,0.6666666666666666,6,0.75,0.8387953941541186,0.5929868503443957,0.6947909024211297,3194,0.7587184147944477,0.8301072072228443,0.77309036445332,0.7911737990376854,8012,0.798909526397666,7572.008120536804
