Rep.,Kfold,Num. Vars.,Precision-Background,Recall-Background,F1_score_Background,Num. Obs. Background,AUC_Background,Precision-DoS,Recall-DoS,F1_score_DoS,Num. Obs. Dos,AUC_DoS,Precision-Botnet,Recall-Botnet,F1_score_Botnet,Num. Obs. Botnet,AUC_Botnet,Precision-Scan,Recall-Scan,F1_score_Scan,Num. Obs. Scan,AUC_Scan,Precision-SSHscan,Recall-SSHscan,F1_score_SSHscan,Num. Obs. SSHscan,AUC_SSHscan,Precision-UDPscan,Recall-UDPscan,F1_score_UDPscan,Num. Obs. UDPscan,AUC_UDPscan,Precision-Spam,Recall-Spam,F1_score_Spam,Num. Obs. Spam,AUC_Spam,Precision-w,Recall-w,F1_score_w,Total Obs.,AUC_w,Time
19,4,86,0.8207147183525136,0.906556645851918,0.8615025961640354,4484,0.8273923008108469,1.0,0.8636363636363636,0.9268292682926829,132,0.9318181818181819,0.970873786407767,0.8849557522123894,0.9259259259259259,113,0.942287954607081,1.0,0.8253968253968254,0.9043478260869565,63,0.9126984126984127,1.0,1.0,1.0,19,1.0,1.0,1.0,1.0,6,1.0,0.8372768783727688,0.6314965560425798,0.7199714438693556,3194,0.775059052362166,0.8343597409161618,0.7955311446760704,0.8078281661472974,8011,0.8110777966485078,7899.685272932053
