Rep.,Kfold,Num. Vars.,Precision-Background,Recall-Background,F1_score_Background,Num. Obs. Background,AUC_Background,Precision-DoS,Recall-DoS,F1_score_DoS,Num. Obs. Dos,AUC_DoS,Precision-Botnet,Recall-Botnet,F1_score_Botnet,Num. Obs. Botnet,AUC_Botnet,Precision-Scan,Recall-Scan,F1_score_Scan,Num. Obs. Scan,AUC_Scan,Precision-SSHscan,Recall-SSHscan,F1_score_SSHscan,Num. Obs. SSHscan,AUC_SSHscan,Precision-UDPscan,Recall-UDPscan,F1_score_UDPscan,Num. Obs. UDPscan,AUC_UDPscan,Precision-Spam,Recall-Spam,F1_score_Spam,Num. Obs. Spam,AUC_Spam,Precision-w,Recall-w,F1_score_w,Total Obs.,AUC_w,Time
13,5,83,0.8012630747977106,0.9054415700267618,0.8501727567793947,4484,0.8100053655122472,0.9741379310344828,0.849624060150376,0.9076305220883534,133,0.924621650585405,1.0,0.9380530973451328,0.9680365296803652,113,0.9690265486725664,0.9423076923076923,0.7777777777777778,0.8521739130434781,63,0.8887001859073818,0.0,0.0,0.0,19,0.5,1.0,0.2857142857142857,0.4444444444444445,7,0.6428571428571428,0.8431845597104946,0.6567491387409959,0.7383802816901409,3193,0.7879097426429612,0.8230251692450716,0.8021717423864204,0.8058816694657899,8012,0.8050827082446226,4034.668021440506
