Rep.,Kfold,Num. Vars.,Precision-Background,Recall-Background,F1_score_Background,Num. Obs. Background,AUC_Background,Precision-DoS,Recall-DoS,F1_score_DoS,Num. Obs. Dos,AUC_DoS,Precision-Botnet,Recall-Botnet,F1_score_Botnet,Num. Obs. Botnet,AUC_Botnet,Precision-Scan,Recall-Scan,F1_score_Scan,Num. Obs. Scan,AUC_Scan,Precision-SSHscan,Recall-SSHscan,F1_score_SSHscan,Num. Obs. SSHscan,AUC_SSHscan,Precision-UDPscan,Recall-UDPscan,F1_score_UDPscan,Num. Obs. UDPscan,AUC_UDPscan,Precision-Spam,Recall-Spam,F1_score_Spam,Num. Obs. Spam,AUC_Spam,Precision-w,Recall-w,F1_score_w,Total Obs.,AUC_w,Time
11,5,87,0.8283461382935705,0.9136931311329171,0.8689289501590668,4484,0.8365234363147578,0.9478260869565217,0.8195488721804511,0.8790322580645162,133,0.9093936771106597,0.9702970297029703,0.8672566371681416,0.9158878504672897,113,0.9334384211286967,0.9818181818181818,0.8571428571428571,0.9152542372881356,63,0.9285085275775928,1.0,1.0,1.0,20,1.0,1.0,1.0,1.0,6,1.0,0.8506616257088847,0.7046664578766051,0.7708119218910585,3193,0.8113496223809255,0.8429887212148075,0.828007988017973,0.8314462697810711,8012,0.8303213143507636,2935.3778126239777
