Rep.,Kfold,Num. Vars.,Precision-Background,Recall-Background,F1_score_Background,Num. Obs. Background,AUC_Background,Precision-DoS,Recall-DoS,F1_score_DoS,Num. Obs. Dos,AUC_DoS,Precision-Botnet,Recall-Botnet,F1_score_Botnet,Num. Obs. Botnet,AUC_Botnet,Precision-Scan,Recall-Scan,F1_score_Scan,Num. Obs. Scan,AUC_Scan,Precision-SSHscan,Recall-SSHscan,F1_score_SSHscan,Num. Obs. SSHscan,AUC_SSHscan,Precision-UDPscan,Recall-UDPscan,F1_score_UDPscan,Num. Obs. UDPscan,AUC_UDPscan,Precision-Spam,Recall-Spam,F1_score_Spam,Num. Obs. Spam,AUC_Spam,Precision-w,Recall-w,F1_score_w,Total Obs.,AUC_w,Time
5,1,88,0.8189465251351893,0.9119090098126673,0.8629313073757517,4484,0.8278728953852228,1.0,0.9774436090225563,0.988593155893536,133,0.9887218045112782,0.9903846153846154,0.911504424778761,0.9493087557603687,113,0.9556889212501399,1.0,0.765625,0.8672566371681416,64,0.8828125,0.0,0.0,0.0,19,0.5,1.0,0.42857142857142855,0.6,7,0.7142857142857143,0.8438982319965502,0.6129032258064516,0.7100870827285922,3193,0.7688997456833089,0.833974383503012,0.7900911019593161,0.8030888857280405,8013,0.8084078121771384,3373.706245660782
