Rep.,Kfold,Num. Vars.,Precision-Background,Recall-Background,F1_score_Background,Num. Obs. Background,AUC_Background,Precision-DoS,Recall-DoS,F1_score_DoS,Num. Obs. Dos,AUC_DoS,Precision-Botnet,Recall-Botnet,F1_score_Botnet,Num. Obs. Botnet,AUC_Botnet,Precision-Scan,Recall-Scan,F1_score_Scan,Num. Obs. Scan,AUC_Scan,Precision-SSHscan,Recall-SSHscan,F1_score_SSHscan,Num. Obs. SSHscan,AUC_SSHscan,Precision-UDPscan,Recall-UDPscan,F1_score_UDPscan,Num. Obs. UDPscan,AUC_UDPscan,Precision-Spam,Recall-Spam,F1_score_Spam,Num. Obs. Spam,AUC_Spam,Precision-w,Recall-w,F1_score_w,Total Obs.,AUC_w,Time
10,2,82,0.8088205946916783,0.9038804638715433,0.8537124802527647,4484,0.8162077298105237,0.979381443298969,0.7142857142857143,0.8260869565217391,133,0.8570159535895578,0.9711538461538461,0.8938053097345132,0.9308755760368663,113,0.946712781449535,0.9814814814814815,0.8412698412698413,0.905982905982906,63,0.9205720275531597,1.0,1.0,1.0,19,1.0,1.0,0.2857142857142857,0.4444444444444445,7,0.6428571428571428,0.8488990129081245,0.7000626174076393,0.7673301304049417,3194,0.8087364342485384,0.8318939777528412,0.8185448645950331,0.8203102130867805,8013,0.8168522819577283,3734.743009328842
