Rep.,Kfold,Num. Vars.,Precision-Background,Recall-Background,F1_score_Background,Num. Obs. Background,AUC_Background,Precision-DoS,Recall-DoS,F1_score_DoS,Num. Obs. Dos,AUC_DoS,Precision-Botnet,Recall-Botnet,F1_score_Botnet,Num. Obs. Botnet,AUC_Botnet,Precision-Scan,Recall-Scan,F1_score_Scan,Num. Obs. Scan,AUC_Scan,Precision-SSHscan,Recall-SSHscan,F1_score_SSHscan,Num. Obs. SSHscan,AUC_SSHscan,Precision-UDPscan,Recall-UDPscan,F1_score_UDPscan,Num. Obs. UDPscan,AUC_UDPscan,Precision-Spam,Recall-Spam,F1_score_Spam,Num. Obs. Spam,AUC_Spam,Precision-w,Recall-w,F1_score_w,Total Obs.,AUC_w,Time
6,4,89,0.814,0.907671721677074,0.8582876423450021,4484,0.8219957701098725,0.956140350877193,0.8195488721804511,0.8825910931174088,133,0.9094570966639752,0.9905660377358491,0.9292035398230089,0.9589041095890412,113,0.9645384627451332,0.9811320754716981,0.8253968253968254,0.8965517241379309,63,0.9126355037905114,0.0,0.0,0.0,19,0.5,0.0,0.0,0.0,6,0.5,0.8467120181405896,0.5847165674913875,0.6917376806224528,3193,0.7572814883949257,0.8306627666469152,0.774310323305455,0.7913498615517848,8011,0.7993728002125797,3922.555907011032
