Rep.,Kfold,Num. Vars.,Precision-Background,Recall-Background,F1_score_Background,Num. Obs. Background,AUC_Background,Precision-DoS,Recall-DoS,F1_score_DoS,Num. Obs. Dos,AUC_DoS,Precision-Botnet,Recall-Botnet,F1_score_Botnet,Num. Obs. Botnet,AUC_Botnet,Precision-Scan,Recall-Scan,F1_score_Scan,Num. Obs. Scan,AUC_Scan,Precision-SSHscan,Recall-SSHscan,F1_score_SSHscan,Num. Obs. SSHscan,AUC_SSHscan,Precision-UDPscan,Recall-UDPscan,F1_score_UDPscan,Num. Obs. UDPscan,AUC_UDPscan,Precision-Spam,Recall-Spam,F1_score_Spam,Num. Obs. Spam,AUC_Spam,Precision-w,Recall-w,F1_score_w,Total Obs.,AUC_w,Time
20,2,94,0.801948051948052,0.8813559322033898,0.839779005524862,1121,0.8021989649666211,0.9285714285714286,0.7878787878787878,0.8524590163934426,33,0.8934315219231419,1.0,0.8928571428571429,0.9433962264150945,28,0.9464285714285714,0.8333333333333334,0.6666666666666666,0.7407407407407408,15,0.8328300620701224,0.0,0.0,0.0,5,0.5,0.0,0.0,0.0,2,0.5,0.8170144462279294,0.6378446115288221,0.7163969035890219,798,0.7715801130733811,0.8102418338993561,0.7782217782217782,0.788578595029534,2002,0.792688142414913,8097.609351634979
