Rep.,Kfold,Num. Vars.,Precision-Background,Recall-Background,F1_score_Background,Num. Obs. Background,AUC_Background,Precision-DoS,Recall-DoS,F1_score_DoS,Num. Obs. Dos,AUC_DoS,Precision-Botnet,Recall-Botnet,F1_score_Botnet,Num. Obs. Botnet,AUC_Botnet,Precision-Scan,Recall-Scan,F1_score_Scan,Num. Obs. Scan,AUC_Scan,Precision-SSHscan,Recall-SSHscan,F1_score_SSHscan,Num. Obs. SSHscan,AUC_SSHscan,Precision-UDPscan,Recall-UDPscan,F1_score_UDPscan,Num. Obs. UDPscan,AUC_UDPscan,Precision-Spam,Recall-Spam,F1_score_Spam,Num. Obs. Spam,AUC_Spam,Precision-w,Recall-w,F1_score_w,Total Obs.,AUC_w,Time
19,2,92,0.7992217898832685,0.9161462979482605,0.8536990856192852,1121,0.8116486313804867,0.7647058823529411,0.3939393939393939,0.5199999999999999,33,0.6959539529371931,1.0,0.8928571428571429,0.9433962264150945,28,0.9464285714285714,0.8888888888888888,0.5,0.64,16,0.7497482376636455,0.0,0.0,0.0,5,0.5,0.0,0.0,0.0,1,0.49975012493753124,0.8562783661119516,0.7092731829573935,0.7758738862234408,798,0.8151847642361718,0.8225251143638115,0.8186813186813187,0.8141653998627107,2002,0.8116072727335035,8162.107105970383
