Rep.,Kfold,Num. Vars.,Precision-Background,Recall-Background,F1_score_Background,Num. Obs. Background,AUC_Background,Precision-DoS,Recall-DoS,F1_score_DoS,Num. Obs. Dos,AUC_DoS,Precision-Botnet,Recall-Botnet,F1_score_Botnet,Num. Obs. Botnet,AUC_Botnet,Precision-Scan,Recall-Scan,F1_score_Scan,Num. Obs. Scan,AUC_Scan,Precision-SSHscan,Recall-SSHscan,F1_score_SSHscan,Num. Obs. SSHscan,AUC_SSHscan,Precision-UDPscan,Recall-UDPscan,F1_score_UDPscan,Num. Obs. UDPscan,AUC_UDPscan,Precision-Spam,Recall-Spam,F1_score_Spam,Num. Obs. Spam,AUC_Spam,Precision-w,Recall-w,F1_score_w,Total Obs.,AUC_w,Time
16,3,88,0.8205852674066599,0.9067796610169492,0.8615319419430024,4484,0.8273977670164111,0.9826086956521739,0.849624060150376,0.9112903225806452,133,0.9246851104153327,0.9803921568627451,0.8849557522123894,0.9302325581395348,113,0.942351277802612,1.0,0.873015873015873,0.9322033898305084,63,0.9365079365079365,0.0,0.0,0.0,19,0.5,1.0,0.5,0.6666666666666666,6,0.75,0.844463971880492,0.6017532874139011,0.7027422303473492,3194,0.7641394083395783,0.8346472211039672,0.7812031952071892,0.7983917395075102,8012,0.8054395496274507,8570.536317586899
