Rep.,Kfold,Num. Vars.,Precision-Background,Recall-Background,F1_score_Background,Num. Obs. Background,AUC_Background,Precision-DoS,Recall-DoS,F1_score_DoS,Num. Obs. Dos,AUC_DoS,Precision-Botnet,Recall-Botnet,F1_score_Botnet,Num. Obs. Botnet,AUC_Botnet,Precision-Scan,Recall-Scan,F1_score_Scan,Num. Obs. Scan,AUC_Scan,Precision-SSHscan,Recall-SSHscan,F1_score_SSHscan,Num. Obs. SSHscan,AUC_SSHscan,Precision-UDPscan,Recall-UDPscan,F1_score_UDPscan,Num. Obs. UDPscan,AUC_UDPscan,Precision-Spam,Recall-Spam,F1_score_Spam,Num. Obs. Spam,AUC_Spam,Precision-w,Recall-w,F1_score_w,Total Obs.,AUC_w,Time
11,3,87,0.8347276066108957,0.9123550401427297,0.8718167288225892,4484,0.841381601704018,1.0,0.8345864661654135,0.9098360655737704,133,0.9172932330827068,1.0,0.8230088495575221,0.9029126213592232,113,0.911504424778761,1.0,0.9841269841269841,0.9919999999999999,63,0.9920634920634921,0.0,0.0,0.0,19,0.5,1.0,0.42857142857142855,0.6,7,0.7142857142857143,0.8434504792332268,0.578766050735985,0.6864784546805349,3193,0.7537947290409537,0.8427428817068084,0.7748377433849226,0.7976641588580057,8012,0.8089892251458539,2876.6481173038483
