Rep.,Kfold,Num. Vars.,Precision-Background,Recall-Background,F1_score_Background,Num. Obs. Background,AUC_Background,Precision-DoS,Recall-DoS,F1_score_DoS,Num. Obs. Dos,AUC_DoS,Precision-Botnet,Recall-Botnet,F1_score_Botnet,Num. Obs. Botnet,AUC_Botnet,Precision-Scan,Recall-Scan,F1_score_Scan,Num. Obs. Scan,AUC_Scan,Precision-SSHscan,Recall-SSHscan,F1_score_SSHscan,Num. Obs. SSHscan,AUC_SSHscan,Precision-UDPscan,Recall-UDPscan,F1_score_UDPscan,Num. Obs. UDPscan,AUC_UDPscan,Precision-Spam,Recall-Spam,F1_score_Spam,Num. Obs. Spam,AUC_Spam,Precision-w,Recall-w,F1_score_w,Total Obs.,AUC_w,Time
19,1,94,0.8261395724082291,0.9134701159678859,0.8676127938995976,4484,0.8345002309845101,0.9213483146067416,0.6165413533834586,0.7387387387387386,133,0.8078263450934051,1.0,0.9821428571428571,0.9909909909909909,112,0.9910714285714286,1.0,0.8253968253968254,0.9043478260869565,63,0.9126984126984127,0.0,0.0,0.0,19,0.5,1.0,1.0,1.0,6,1.0,0.846830985915493,0.6025681177575948,0.7041171088746571,3193,0.76516199120182,0.8379376412670868,0.7827715355805244,0.8003544135791881,8010,0.80855208208981,8170.742161512375
