Rep.,Kfold,Num. Vars.,Precision-Background,Recall-Background,F1_score_Background,Num. Obs. Background,AUC_Background,Precision-DoS,Recall-DoS,F1_score_DoS,Num. Obs. Dos,AUC_DoS,Precision-Botnet,Recall-Botnet,F1_score_Botnet,Num. Obs. Botnet,AUC_Botnet,Precision-Scan,Recall-Scan,F1_score_Scan,Num. Obs. Scan,AUC_Scan,Precision-SSHscan,Recall-SSHscan,F1_score_SSHscan,Num. Obs. SSHscan,AUC_SSHscan,Precision-UDPscan,Recall-UDPscan,F1_score_UDPscan,Num. Obs. UDPscan,AUC_UDPscan,Precision-Spam,Recall-Spam,F1_score_Spam,Num. Obs. Spam,AUC_Spam,Precision-w,Recall-w,F1_score_w,Total Obs.,AUC_w,Time
5,4,88,0.8021696252465483,0.9070026761819804,0.8513711534435838,4484,0.8113528120138928,1.0,0.8646616541353384,0.9274193548387097,133,0.9323308270676691,0.9797979797979798,0.8584070796460177,0.9150943396226415,113,0.9290769415194261,1.0,0.8571428571428571,0.923076923076923,63,0.9285714285714286,0.0,0.0,0.0,19,0.5,0.0,0.0,0.0,6,0.5,0.8435197225834417,0.6092673763306199,0.7075077258680239,3194,0.7671700102906732,0.8234957270661767,0.7836994508237644,0.7940881439326324,8012,0.7973580524626062,4651.265498161316
