Rep.,Kfold,Num. Vars.,Precision-Background,Recall-Background,F1_score_Background,Num. Obs. Background,AUC_Background,Precision-DoS,Recall-DoS,F1_score_DoS,Num. Obs. Dos,AUC_DoS,Precision-Botnet,Recall-Botnet,F1_score_Botnet,Num. Obs. Botnet,AUC_Botnet,Precision-Scan,Recall-Scan,F1_score_Scan,Num. Obs. Scan,AUC_Scan,Precision-SSHscan,Recall-SSHscan,F1_score_SSHscan,Num. Obs. SSHscan,AUC_SSHscan,Precision-UDPscan,Recall-UDPscan,F1_score_UDPscan,Num. Obs. UDPscan,AUC_UDPscan,Precision-Spam,Recall-Spam,F1_score_Spam,Num. Obs. Spam,AUC_Spam,Precision-w,Recall-w,F1_score_w,Total Obs.,AUC_w,Time
20,4,92,0.8023715415019763,0.9054415700267618,0.850796311818944,4484,0.8109572465954621,0.9292929292929293,0.6917293233082706,0.793103448275862,133,0.8454203864573849,0.9803921568627451,0.8849557522123894,0.9302325581395348,113,0.9423512617734523,1.0,0.8095238095238095,0.8947368421052632,63,0.9047619047619048,0.0,0.0,0.0,19,0.5,1.0,0.3333333333333333,0.5,6,0.6666666666666666,0.8341399032116146,0.5937989351706858,0.6937431394072447,3193,0.7577753496941018,0.8194511267470975,0.7740606665834477,0.786426159663783,8011,0.7920778416285796,3037.7392721176147
