Rep.,Kfold,Num. Vars.,Precision-Background,Recall-Background,F1_score_Background,Num. Obs. Background,AUC_Background,Precision-DoS,Recall-DoS,F1_score_DoS,Num. Obs. Dos,AUC_DoS,Precision-Botnet,Recall-Botnet,F1_score_Botnet,Num. Obs. Botnet,AUC_Botnet,Precision-Scan,Recall-Scan,F1_score_Scan,Num. Obs. Scan,AUC_Scan,Precision-SSHscan,Recall-SSHscan,F1_score_SSHscan,Num. Obs. SSHscan,AUC_SSHscan,Precision-UDPscan,Recall-UDPscan,F1_score_UDPscan,Num. Obs. UDPscan,AUC_UDPscan,Precision-Spam,Recall-Spam,F1_score_Spam,Num. Obs. Spam,AUC_Spam,Precision-w,Recall-w,F1_score_w,Total Obs.,AUC_w,Time
17,2,89,0.8126996805111821,0.907671721677074,0.8575642646439107,4484,0.8209370226407473,0.8833333333333333,0.39849624060150374,0.5492227979274611,133,0.6988039578642037,0.9803921568627451,0.8849557522123894,0.9302325581395348,113,0.9423512938277138,1.0,0.96875,0.9841269841269841,64,0.984375,1.0,1.0,1.0,19,1.0,1.0,0.5,0.6666666666666666,6,0.75,0.8432071269487751,0.5926737633061991,0.6960838389409818,3194,0.7598147816323484,0.8304775462305443,0.7737426681642331,0.7903103684536426,8013,0.7979354354989769,5210.817466259003
