Rep.,Kfold,Num. Vars.,Precision-Background,Recall-Background,F1_score_Background,Num. Obs. Background,AUC_Background,Precision-DoS,Recall-DoS,F1_score_DoS,Num. Obs. Dos,AUC_DoS,Precision-Botnet,Recall-Botnet,F1_score_Botnet,Num. Obs. Botnet,AUC_Botnet,Precision-Scan,Recall-Scan,F1_score_Scan,Num. Obs. Scan,AUC_Scan,Precision-SSHscan,Recall-SSHscan,F1_score_SSHscan,Num. Obs. SSHscan,AUC_SSHscan,Precision-UDPscan,Recall-UDPscan,F1_score_UDPscan,Num. Obs. UDPscan,AUC_UDPscan,Precision-Spam,Recall-Spam,F1_score_Spam,Num. Obs. Spam,AUC_Spam,Precision-w,Recall-w,F1_score_w,Total Obs.,AUC_w,Time
15,1,86,0.7785041338204192,0.9029884032114184,0.8361383582860092,4484,0.7881826053482666,0.9734513274336283,0.8333333333333334,0.8979591836734695,132,0.9164762871768838,0.9903846153846154,0.911504424778761,0.9493087557603687,113,0.9556889052230093,0.9803921568627451,0.7936507936507936,0.8771929824561403,63,0.8967624879174954,0.0,0.0,0.0,19,0.5,1.0,0.3333333333333333,0.5,6,0.6666666666666666,0.8511271799234368,0.626487163431434,0.7217312894499548,3194,0.776913915948642,0.8135671565807353,0.7882910997378605,0.7912270373983494,8011,0.7882458622965848,7903.2105576992035
