,Rep,Kfold,Num_Vars_,Precision_background,Recall_background,F1_score_background,Num_Obs_background,AUC_background,Accuracy_background,Precision_dos,Recall_dos,F1_score_dos,Num_Obs_dos,AUC_dos,Accuracy_dos,Precision_scan,Recall_scan,F1_score_scan,Num_Obs_scan,AUC_scan,Accuracy_scan,Precision_w,Recall_w,F1_score_w,Total_Obs,AUC_w,Accuracy_w,Hyper_time,Training_time,Testing_time,Total_time
0,1.0,1.0,51.0,1.0,0.002676181980374665,0.005338078291814946,5605.0,0.5013380909901873,0.04444444444444445,0.02838091981535305,1.0,0.05519534497090607,166.0,0.5000879662209712,0.02854700854700855,0.0,0.0,0.0,79.0,0.4999133599029631,0.9863247863247864,0.9589249970409144,0.030940170940170937,0.006680744630904818,5850.0,0.5012833774059855,0.056712747461465415,228.2867465019226,15.04649829864502,2.618551254272461,251.0517690181732
