Rep.,Kfold,Num. Vars.,Precision-Background,Recall-Background,F1_score_Background,Num. Obs. Background,AUC_Background,Precision-DoS,Recall-DoS,F1_score_DoS,Num. Obs. Dos,AUC_DoS,Precision-Botnet,Recall-Botnet,F1_score_Botnet,Num. Obs. Botnet,AUC_Botnet,Precision-Scan,Recall-Scan,F1_score_Scan,Num. Obs. Scan,AUC_Scan,Precision-SSHscan,Recall-SSHscan,F1_score_SSHscan,Num. Obs. SSHscan,AUC_SSHscan,Precision-UDPscan,Recall-UDPscan,F1_score_UDPscan,Num. Obs. UDPscan,AUC_UDPscan,Precision-Spam,Recall-Spam,F1_score_Spam,Num. Obs. Spam,AUC_Spam,Precision-w,Recall-w,F1_score_w,Total Obs.,AUC_w,Time
18,1,91,0.866457773798866,0.9647782023591959,0.9129785394230013,6019,0.8521883447059291,1.0,0.4578313253012048,0.628099173553719,83,0.7289156626506024,1.0,0.04201680672268908,0.08064516129032258,119,0.5210084033613446,0.8888888888888888,0.9142857142857143,0.9014084507042254,35,0.9569305654540766,0.0,0.0,0.0,5,0.5,0.0,0.0,0.0,2,0.5,0.9259107654523128,0.7084246789852803,0.8026969481902059,3193,0.839762395376402,0.8888275725143527,0.8612521150592216,0.8620460539056183,9456,0.8428696642356949,4579.376667261124
