Rep.,Kfold,Num. Vars.,Precision-Background,Recall-Background,F1_score_Background,Num. Obs. Background,AUC_Background,Precision-DoS,Recall-DoS,F1_score_DoS,Num. Obs. Dos,AUC_DoS,Precision-Botnet,Recall-Botnet,F1_score_Botnet,Num. Obs. Botnet,AUC_Botnet,Precision-Scan,Recall-Scan,F1_score_Scan,Num. Obs. Scan,AUC_Scan,Precision-SSHscan,Recall-SSHscan,F1_score_SSHscan,Num. Obs. SSHscan,AUC_SSHscan,Precision-UDPscan,Recall-UDPscan,F1_score_UDPscan,Num. Obs. UDPscan,AUC_UDPscan,Precision-Spam,Recall-Spam,F1_score_Spam,Num. Obs. Spam,AUC_Spam,Precision-w,Recall-w,F1_score_w,Total Obs.,AUC_w,Time
11,5,89,0.8776716689404275,0.9621136590229312,0.9179548156956004,6018,0.863623767811815,1.0,0.3614457831325301,0.5309734513274336,83,0.6807228915662651,1.0,0.01694915254237288,0.03333333333333333,118,0.5084745762711864,0.9393939393939394,0.8857142857142857,0.9117647058823529,35,0.9427509744740873,0.0,0.0,0.0,6,0.5,0.0,0.0,0.0,2,0.5,0.9215610510046368,0.7471804511278195,0.8252595155709342,3192,0.8573813466114985,0.8945768739548425,0.8713771948381638,0.8714191187918275,9454,0.855462806979268,4703.641661643982
