Rep.,Kfold,Num. Vars.,Precision-Background,Recall-Background,F1_score_Background,Num. Obs. Background,AUC_Background,Precision-DoS,Recall-DoS,F1_score_DoS,Num. Obs. Dos,AUC_DoS,Precision-Botnet,Recall-Botnet,F1_score_Botnet,Num. Obs. Botnet,AUC_Botnet,Precision-Scan,Recall-Scan,F1_score_Scan,Num. Obs. Scan,AUC_Scan,Precision-SSHscan,Recall-SSHscan,F1_score_SSHscan,Num. Obs. SSHscan,AUC_SSHscan,Precision-UDPscan,Recall-UDPscan,F1_score_UDPscan,Num. Obs. UDPscan,AUC_UDPscan,Precision-Spam,Recall-Spam,F1_score_Spam,Num. Obs. Spam,AUC_Spam,Precision-w,Recall-w,F1_score_w,Total Obs.,AUC_w,Time
20,4,84,0.8766105805669243,0.9609504818876703,0.9168450257629805,6018,0.8620235529345219,1.0,0.3373493975903614,0.5045045045045045,83,0.6686746987951807,1.0,0.025210084033613446,0.049180327868852465,119,0.5126050420168067,0.90625,0.8285714285714286,0.8656716417910447,35,0.9141264617111311,0.0,0.0,0.0,5,0.5,0.0,0.0,0.0,2,0.5,0.9258668792347549,0.7277568922305765,0.8149447465356956,3192,0.8490269609667733,0.89533830149874,0.8637613708483182,0.8670300228830664,9454,0.851464589287686,4315.663990020752
