Rep.,Kfold,Num. Vars.,Precision-Background,Recall-Background,F1_score_Background,Num. Obs. Background,AUC_Background,Precision-DoS,Recall-DoS,F1_score_DoS,Num. Obs. Dos,AUC_DoS,Precision-Botnet,Recall-Botnet,F1_score_Botnet,Num. Obs. Botnet,AUC_Botnet,Precision-Scan,Recall-Scan,F1_score_Scan,Num. Obs. Scan,AUC_Scan,Precision-SSHscan,Recall-SSHscan,F1_score_SSHscan,Num. Obs. SSHscan,AUC_SSHscan,Precision-UDPscan,Recall-UDPscan,F1_score_UDPscan,Num. Obs. UDPscan,AUC_UDPscan,Precision-Spam,Recall-Spam,F1_score_Spam,Num. Obs. Spam,AUC_Spam,Precision-w,Recall-w,F1_score_w,Total Obs.,AUC_w,Time
5,1,84,0.8718025880228709,0.9629383413661293,0.9151070046592434,6017,0.8575238695483542,0.984375,0.7590361445783133,0.8571428571428571,83,0.8794647161905547,0.9880952380952381,0.6974789915966386,0.8177339901477833,119,0.8486859339343664,1.0,0.9722222222222222,0.9859154929577464,36,0.9861111111111112,0.0,0.0,0.0,5,0.5,0.0,0.0,0.0,2,0.5,0.9247751430907605,0.7086466165413534,0.8024122029088329,3192,0.8396315165108555,0.8919827466905706,0.8712714195049714,0.8749148253053294,9454,0.8517890968222027,4400.3881804943085
