Rep,Kfold,Num_Vars_,Precision_background,Recall_background,F1_score_background,Num_Obs_background,AUC_background,Accuracy_background,Precision_dos,Recall_dos,F1_score_dos,Num_Obs_dos,AUC_dos,Accuracy_dos,Precision_scan,Recall_scan,F1_score_scan,Num_Obs_scan,AUC_scan,Accuracy_scan,Precision_w,Recall_w,F1_score_w,Total_Obs,AUC_w,Accuracy_w,Hyper_time,Training_time,Testing_time,Total_time
1.0,2.0,112.0,0.9139344262295082,0.9398707502107333,0.9267211525141986,7118.0,0.5722081023780939,0.8662452591656131,0.27419354838709675,0.33903133903133903,0.30318471337579617,351.0,0.6486795800858508,0.9308470290771176,0.10619469026548672,0.027210884353741496,0.04332129963898917,441.0,0.5068441622197145,0.9329962073324906,0.8405131529447015,0.8623261694058154,0.8498007194856846,7910.0,0.571957279503957,0.8728334247004463,0.0,2.180673122406006,0.0223846435546875,2.9985768795013428
