{"C": 6.340106192533754, "gamma": 0.0024844979031271018}