{"C": 0.23935966601419267, "gamma": 0.0032550261233087988}