{"C": 5.76621308359941, "gamma": 0.002017888279038993}