{"C": 0.18765671185117103, "gamma": 0.007911856256012973}