{"C": 7.318365738431964, "gamma": 0.0025823925486910073}