{"C": 3.3043302623727233, "gamma": 0.002397007036673094}