{"C": 39.30426107969053, "gamma": 0.002130255267020934}