{"C": 0.5002270853632163, "gamma": 0.002212542734877408}