{"C": 1.8648610883307402, "gamma": 0.0029495902134997237}