{"C": 1.3425825164821088, "gamma": 0.0022245455798558674}