{"C": 0.6141673879140669, "gamma": 0.004766984024483631}