{"C": 6.563908354812922, "gamma": 0.007185644165316316}