{"C": 1.6413247511249074, "gamma": 0.003322029834622933}