{"C": 2.4315331639367734, "gamma": 0.0030895518057311466}