{"C": 0.42142562765944885, "gamma": 0.02240735743893282}