{"C": 0.1482085197373181, "gamma": 0.008623655940701974}