{"C": 1.1560882644259198, "gamma": 0.004339042166564606}