{"C": 2.0545716827816034, "gamma": 0.004537024030215817}