{"C": 2.80060847802938, "gamma": 0.0035485905628268545}