{"C": 9.657274901880823, "gamma": 0.006047594408646999}