{"C": 37.86815912572935, "gamma": 0.0027110484748915664}