{"C": 10.12446645291725, "gamma": 0.0020857739681307557}