{"C": 1.1559574837601634, "gamma": 0.007797091370601814}