{"C": 0.3416316719646191, "gamma": 0.0038336342646109823}