{"C": 0.3952009977265061, "gamma": 0.02727997954390528}