{"C": 33.82832624512697, "gamma": 0.005616497955403065}