{"C": 1.811972305378876, "gamma": 0.00218626411884224}