{"C": 0.42035374039403506, "gamma": 0.009499026373232826}