{"C": 0.10368759998689248, "gamma": 0.03463296545452421}