{"C": 0.6702465365712603, "gamma": 0.004342248299237991}