{"C": 0.416721185656168, "gamma": 0.0026604692050478207}