{"C": 0.12147438092622176, "gamma": 0.006058571266010537}