{"C": 0.4348561440976195, "gamma": 0.011538973747173904}