{"C": 1.6100499003217257, "gamma": 0.002369619635359446}