{"C": 0.7931272558809362, "gamma": 0.004656883732985412}