{"C": 14.245388129859935, "gamma": 0.004104309459578611}