{"C": 0.637961534837107, "gamma": 0.004705140670557633}