{"C": 2.7068591126481922, "gamma": 0.007394622405462928}