{"C": 0.5576506874467411, "gamma": 0.00676022468995796}