{"C": 0.11562304216486995, "gamma": 0.01246834365323013}