{"C": 3.8226145596681573, "gamma": 0.003121697587729753}