{"C": 2.7737786151185, "gamma": 0.006712367677323905}