{"C": 0.20639824251654781, "gamma": 0.004178747017853543}