{"C": 3.835072119939173, "gamma": 0.005649836730803373}