{"C": 6.084923850603719, "gamma": 0.0026362131426003223}