{"C": 0.13165710854371643, "gamma": 0.003735673778274418}