{"C": 0.6096535146519814, "gamma": 0.004276690223416152}