{"C": 0.12346601072946746, "gamma": 0.002987271486446167}