{"C": 0.8505864945162114, "gamma": 0.0037067184935788903}