{"C": 0.3165347452663032, "gamma": 0.010047706251702116}