{"C": 7.755655338444719, "gamma": 1.6613570754756355}