{"C": 6.794474214598468, "gamma": 0.011386160414067587}