{"C": 8.949428951831571, "gamma": 0.0021083763858968777}