{"C": 0.13366214932594722, "gamma": 0.005167398217289945}