{"C": 0.4674037284107289, "gamma": 0.007100688932755863}