{"C": 0.27204105780821747, "gamma": 0.025736410389553026}