{"C": 0.777014296051195, "gamma": 0.002205182663860792}