Rep.,Kfold,Num. Vars.,Precision-Background,Recall-Background,F1_score_Background,Num. Obs. Background,AUC_Background,Precision-DoS,Recall-DoS,F1_score_DoS,Num. Obs. Dos,AUC_DoS,Precision-Botnet,Recall-Botnet,F1_score_Botnet,Num. Obs. Botnet,AUC_Botnet,Precision-Scan,Recall-Scan,F1_score_Scan,Num. Obs. Scan,AUC_Scan,Precision-SSHscan,Recall-SSHscan,F1_score_SSHscan,Num. Obs. SSHscan,AUC_SSHscan,Precision-UDPscan,Recall-UDPscan,F1_score_UDPscan,Num. Obs. UDPscan,AUC_UDPscan,Precision-Spam,Recall-Spam,F1_score_Spam,Num. Obs. Spam,AUC_Spam,Precision-w,Recall-w,F1_score_w,Total Obs.,AUC_w,Time
15,2,77,0.8667289428615912,0.925058158856763,0.8949441363234466,6018,0.837965633561094,0.9491525423728814,0.6746987951807228,0.7887323943661971,83,0.8371893292945553,0.9454545454545454,0.8739495798319328,0.9082969432314411,119,0.9366534187322493,1.0,0.3611111111111111,0.5306122448979591,36,0.6805555555555556,0.0,0.0,0.0,6,0.5,0.0,0.0,0.0,1,0.5,0.8401905586834127,0.6079598871827013,0.7054545454545456,3191,0.774521217741119,0.8593517667469712,0.8123545589168606,0.8281715075876053,9454,0.8169370488410366,100280.64748215675
