Rep.,Kfold,Num. Vars.,Precision-Background,Recall-Background,F1_score_Background,Num. Obs. Background,AUC_Background,Precision-DoS,Recall-DoS,F1_score_DoS,Num. Obs. Dos,AUC_DoS,Precision-Botnet,Recall-Botnet,F1_score_Botnet,Num. Obs. Botnet,AUC_Botnet,Precision-Scan,Recall-Scan,F1_score_Scan,Num. Obs. Scan,AUC_Scan,Precision-SSHscan,Recall-SSHscan,F1_score_SSHscan,Num. Obs. SSHscan,AUC_SSHscan,Precision-UDPscan,Recall-UDPscan,F1_score_UDPscan,Num. Obs. UDPscan,AUC_UDPscan,Precision-Spam,Recall-Spam,F1_score_Spam,Num. Obs. Spam,AUC_Spam,Precision-w,Recall-w,F1_score_w,Total Obs.,AUC_w,Time
16,1,87,0.8589606009504829,0.9310402126952476,0.8935491587592695,6018,0.831721386161469,0.9696969696969697,0.7619047619047619,0.8533333333333334,84,0.8808456801414547,0.9553571428571429,0.8991596638655462,0.9264069264069265,119,0.9493120799781838,1.0,0.6944444444444444,0.819672131147541,36,0.8472222222222222,0.0,0.0,0.0,6,0.5,1.0,0.5,0.6666666666666666,2,0.75,0.8436657681940701,0.6866186148542777,0.7570836212854182,3191,0.8109070727902673,0.8560178096744744,0.8450719120135364,0.8466578497495899,9456,0.8264448969799862,123531.49557304382
