Rep.,Kfold,Num. Vars.,Precision-Background,Recall-Background,F1_score_Background,Num. Obs. Background,AUC_Background,Precision-DoS,Recall-DoS,F1_score_DoS,Num. Obs. Dos,AUC_DoS,Precision-Botnet,Recall-Botnet,F1_score_Botnet,Num. Obs. Botnet,AUC_Botnet,Precision-Scan,Recall-Scan,F1_score_Scan,Num. Obs. Scan,AUC_Scan,Precision-SSHscan,Recall-SSHscan,F1_score_SSHscan,Num. Obs. SSHscan,AUC_SSHscan,Precision-UDPscan,Recall-UDPscan,F1_score_UDPscan,Num. Obs. UDPscan,AUC_UDPscan,Precision-Spam,Recall-Spam,F1_score_Spam,Num. Obs. Spam,AUC_Spam,Precision-w,Recall-w,F1_score_w,Total Obs.,AUC_w,Time
15,2,77,0.8775922330097088,0.9387280355585096,0.9071312446059049,24073,0.8547124827872572,0.9234042553191489,0.6497005988023952,0.7627416520210897,334,0.8246102033627822,0.9725400457665904,0.8947368421052632,0.9320175438596491,475,0.9472077526721688,0.9696969696969697,0.6857142857142857,0.803347280334728,140,0.8428173328834174,0.0,0.0,0.0,21,0.5,1.0,0.5,0.6666666666666666,8,0.75,0.8621919584954605,0.6247650375939849,0.7245231607629428,12768,0.7869344328922382,0.8738696388081669,0.8280758348978027,0.8435798980858238,37819,0.8324627926267715,100280.64748215675
