Rep.,Kfold,Num. Vars.,Precision-Background,Recall-Background,F1_score_Background,Num. Obs. Background,AUC_Background,Precision-DoS,Recall-DoS,F1_score_DoS,Num. Obs. Dos,AUC_DoS,Precision-Botnet,Recall-Botnet,F1_score_Botnet,Num. Obs. Botnet,AUC_Botnet,Precision-Scan,Recall-Scan,F1_score_Scan,Num. Obs. Scan,AUC_Scan,Precision-SSHscan,Recall-SSHscan,F1_score_SSHscan,Num. Obs. SSHscan,AUC_SSHscan,Precision-UDPscan,Recall-UDPscan,F1_score_UDPscan,Num. Obs. UDPscan,AUC_UDPscan,Precision-Spam,Recall-Spam,F1_score_Spam,Num. Obs. Spam,AUC_Spam,Precision-w,Recall-w,F1_score_w,Total Obs.,AUC_w,Time
12,5,86,0.8179846754373283,0.940335715472827,0.8749033554971394,6017,0.7869073046068646,0.9452054794520548,0.8313253012048193,0.8846153846153847,83,0.9154491806483057,0.9797979797979798,0.8151260504201681,0.8899082568807338,119,0.9074558785262739,0.9,0.2571428571428571,0.39999999999999997,35,0.6285183331057813,0.0,0.0,0.0,5,0.5,0.0,0.0,0.0,2,0.5,0.8444533762057878,0.6584142901911626,0.7399189998239127,3191,0.7983015389623758,0.829772802578243,0.8393990689801101,0.8272002939014259,9452,0.792601474380616,169404.56908535957
