Rep.,Kfold,Num. Vars.,Precision-Background,Recall-Background,F1_score_Background,Num. Obs. Background,AUC_Background,Precision-DoS,Recall-DoS,F1_score_DoS,Num. Obs. Dos,AUC_DoS,Precision-Botnet,Recall-Botnet,F1_score_Botnet,Num. Obs. Botnet,AUC_Botnet,Precision-Scan,Recall-Scan,F1_score_Scan,Num. Obs. Scan,AUC_Scan,Precision-SSHscan,Recall-SSHscan,F1_score_SSHscan,Num. Obs. SSHscan,AUC_SSHscan,Precision-UDPscan,Recall-UDPscan,F1_score_UDPscan,Num. Obs. UDPscan,AUC_UDPscan,Precision-Spam,Recall-Spam,F1_score_Spam,Num. Obs. Spam,AUC_Spam,Precision-w,Recall-w,F1_score_w,Total Obs.,AUC_w,Time
10,1,88,0.8557306264676918,0.9385203339841316,0.8952154531946509,24073,0.8307309263752488,0.9638157894736842,0.8772455089820359,0.9184952978056427,334,0.9384760369622747,0.967741935483871,0.8823529411764706,0.923076923076923,476,0.9409890291636804,0.968,0.8581560283687943,0.9097744360902256,141,0.9290249356281338,0.0,0.0,0.0,22,0.5,1.0,0.5714285714285714,0.7272727272727273,7,0.7857142857142857,0.8702928870292888,0.6516290726817042,0.7452525976352561,12768,0.8010670011155299,0.862958424883563,0.8395071521112609,0.8446481563362448,37821,0.8232215793084617,128940.85429263115
