Rep.,Kfold,Num. Vars.,Precision-Background,Recall-Background,F1_score_Background,Num. Obs. Background,AUC_Background,Precision-DoS,Recall-DoS,F1_score_DoS,Num. Obs. Dos,AUC_DoS,Precision-Botnet,Recall-Botnet,F1_score_Botnet,Num. Obs. Botnet,AUC_Botnet,Precision-Scan,Recall-Scan,F1_score_Scan,Num. Obs. Scan,AUC_Scan,Precision-SSHscan,Recall-SSHscan,F1_score_SSHscan,Num. Obs. SSHscan,AUC_SSHscan,Precision-UDPscan,Recall-UDPscan,F1_score_UDPscan,Num. Obs. UDPscan,AUC_UDPscan,Precision-Spam,Recall-Spam,F1_score_Spam,Num. Obs. Spam,AUC_Spam,Precision-w,Recall-w,F1_score_w,Total Obs.,AUC_w,Time
15,1,79,0.8799250994772567,0.9370222665337321,0.9075765501146742,24072,0.8565594347144547,0.9904458598726115,0.933933933933934,0.9613601236476044,333,0.9669269520280563,0.963302752293578,0.8842105263157894,0.9220636663007684,475,0.9418910386506112,0.9747899159663865,0.8226950354609929,0.8923076923076922,141,0.9113077067001869,0.0,0.0,0.0,22,0.5,1.0,0.7142857142857143,0.8333333333333333,7,0.8571428571428572,0.8556701030927835,0.6760122170882606,0.755304720654504,12769,0.8089442322966254,0.8736201696987379,0.8471932097622888,0.8562212267118124,37819,0.8425232533824552,106024.62950897217
