Rep.,Kfold,Num. Vars.,Precision-Background,Recall-Background,F1_score_Background,Num. Obs. Background,AUC_Background,Precision-DoS,Recall-DoS,F1_score_DoS,Num. Obs. Dos,AUC_DoS,Precision-Botnet,Recall-Botnet,F1_score_Botnet,Num. Obs. Botnet,AUC_Botnet,Precision-Scan,Recall-Scan,F1_score_Scan,Num. Obs. Scan,AUC_Scan,Precision-SSHscan,Recall-SSHscan,F1_score_SSHscan,Num. Obs. SSHscan,AUC_SSHscan,Precision-UDPscan,Recall-UDPscan,F1_score_UDPscan,Num. Obs. UDPscan,AUC_UDPscan,Precision-Spam,Recall-Spam,F1_score_Spam,Num. Obs. Spam,AUC_Spam,Precision-w,Recall-w,F1_score_w,Total Obs.,AUC_w,Time
11,3,79,0.8738473459899264,0.9369391824526421,0.9042941341566095,24072,0.8500437528615868,0.9576547231270358,0.8802395209580839,0.9173166926677068,334,0.9399463577846309,0.969626168224299,0.8736842105263158,0.9191583610188261,475,0.9366680478509899,0.9765625,0.8865248226950354,0.929368029739777,141,0.9432226003172082,1.0,1.0,1.0,22,1.0,1.0,0.5714285714285714,0.7272727272727273,7,0.7857142857142857,0.8552495101993777,0.5812186716791979,0.6920960596875728,12768,0.7655404763130331,0.8699913662134411,0.8153309183214786,0.8330724420431002,37819,0.8238194508930151,129397.82562303543
