Rep.,Kfold,Num. Vars.,Precision-Background,Recall-Background,F1_score_Background,Num. Obs. Background,AUC_Background,Precision-DoS,Recall-DoS,F1_score_DoS,Num. Obs. Dos,AUC_DoS,Precision-Botnet,Recall-Botnet,F1_score_Botnet,Num. Obs. Botnet,AUC_Botnet,Precision-Scan,Recall-Scan,F1_score_Scan,Num. Obs. Scan,AUC_Scan,Precision-SSHscan,Recall-SSHscan,F1_score_SSHscan,Num. Obs. SSHscan,AUC_SSHscan,Precision-UDPscan,Recall-UDPscan,F1_score_UDPscan,Num. Obs. UDPscan,AUC_UDPscan,Precision-Spam,Recall-Spam,F1_score_Spam,Num. Obs. Spam,AUC_Spam,Precision-w,Recall-w,F1_score_w,Total Obs.,AUC_w,Time
19,4,82,0.8865417777081047,0.9396834628006481,0.9123394301155497,24073,0.8645383704225852,0.9871794871794872,0.9221556886227545,0.953560371517028,334,0.9610244896361739,0.9673659673659674,0.8736842105263158,0.918141592920354,475,0.9366546588192847,1.0,0.8285714285714286,0.90625,140,0.9142857142857144,0.0,0.0,0.0,21,0.5,1.0,0.5,0.6666666666666666,8,0.75,0.8671397772188286,0.7560307017543859,0.8077824267782426,12768,0.848495571227678,0.8818471581351698,0.8756709590417515,0.8768959486060821,37819,0.8608375892301628,99763.43303990364
