Rep.,Kfold,Num. Vars.,Precision-Background,Recall-Background,F1_score_Background,Num. Obs. Background,AUC_Background,Precision-DoS,Recall-DoS,F1_score_DoS,Num. Obs. Dos,AUC_DoS,Precision-Botnet,Recall-Botnet,F1_score_Botnet,Num. Obs. Botnet,AUC_Botnet,Precision-Scan,Recall-Scan,F1_score_Scan,Num. Obs. Scan,AUC_Scan,Precision-SSHscan,Recall-SSHscan,F1_score_SSHscan,Num. Obs. SSHscan,AUC_SSHscan,Precision-UDPscan,Recall-UDPscan,F1_score_UDPscan,Num. Obs. UDPscan,AUC_UDPscan,Precision-Spam,Recall-Spam,F1_score_Spam,Num. Obs. Spam,AUC_Spam,Precision-w,Recall-w,F1_score_w,Total Obs.,AUC_w,Time
17,5,85,0.8294186729301233,0.9390061492438092,0.8808168992127211,6017,0.8003126261652943,0.9722222222222222,0.8433734939759037,0.903225806451613,83,0.9215800006173284,0.9528301886792453,0.8487394957983193,0.8977777777777778,119,0.9241018524855292,1.0,0.14285714285714285,0.25,35,0.5714285714285714,0.0,0.0,0.0,5,0.5,0.0,0.0,0.0,1,0.5,0.8568731117824774,0.711062362895644,0.7771878746360679,3191,0.8252596159526143,0.8416014698567043,0.8565231192466406,0.8433430417963892,9451,0.8103209995385022,128492.92218852043
