Rep.,Kfold,Num. Vars.,Precision-Background,Recall-Background,F1_score_Background,Num. Obs. Background,AUC_Background,Precision-DoS,Recall-DoS,F1_score_DoS,Num. Obs. Dos,AUC_DoS,Precision-Botnet,Recall-Botnet,F1_score_Botnet,Num. Obs. Botnet,AUC_Botnet,Precision-Scan,Recall-Scan,F1_score_Scan,Num. Obs. Scan,AUC_Scan,Precision-SSHscan,Recall-SSHscan,F1_score_SSHscan,Num. Obs. SSHscan,AUC_SSHscan,Precision-UDPscan,Recall-UDPscan,F1_score_UDPscan,Num. Obs. UDPscan,AUC_UDPscan,Precision-Spam,Recall-Spam,F1_score_Spam,Num. Obs. Spam,AUC_Spam,Precision-w,Recall-w,F1_score_w,Total Obs.,AUC_w,Time
10,1,88,0.8451506520761505,0.9370117999002825,0.8887137452711223,6017,0.8181419989312184,0.9558823529411765,0.7831325301204819,0.8609271523178808,83,0.891406162594663,0.963302752293578,0.8898305084745762,0.9251101321585902,118,0.9447009838280316,1.0,0.8,0.888888888888889,35,0.9,0.0,0.0,0.0,5,0.5,1.0,0.5,0.6666666666666666,2,0.75,0.8663431848257609,0.6152882205513784,0.7195457043414545,3192,0.7834428323204178,0.8549139737167569,0.825327972915785,0.8312785534527939,9452,0.8087676000764896,128940.85429263115
