Rep.,Kfold,Num. Vars.,Precision-Background,Recall-Background,F1_score_Background,Num. Obs. Background,AUC_Background,Precision-DoS,Recall-DoS,F1_score_DoS,Num. Obs. Dos,AUC_DoS,Precision-Botnet,Recall-Botnet,F1_score_Botnet,Num. Obs. Botnet,AUC_Botnet,Precision-Scan,Recall-Scan,F1_score_Scan,Num. Obs. Scan,AUC_Scan,Precision-SSHscan,Recall-SSHscan,F1_score_SSHscan,Num. Obs. SSHscan,AUC_SSHscan,Precision-UDPscan,Recall-UDPscan,F1_score_UDPscan,Num. Obs. UDPscan,AUC_UDPscan,Precision-Spam,Recall-Spam,F1_score_Spam,Num. Obs. Spam,AUC_Spam,Precision-w,Recall-w,F1_score_w,Total Obs.,AUC_w,Time
3,3,83,0.8445314853871648,0.9316935349842114,0.8859739233504543,6017,0.8157158393571042,0.9516129032258065,0.7023809523809523,0.8082191780821918,84,0.8510303908116074,0.9813084112149533,0.8823529411764706,0.9292035398230087,119,0.9410693468603295,1.0,0.08571428571428572,0.15789473684210528,35,0.5428571428571428,0.0,0.0,0.0,6,0.5,0.0,0.0,0.0,2,0.5,0.8646926536731634,0.7229708555311815,0.7875064004096262,3191,0.8326653734785079,0.8538704664957883,0.8546646921937804,0.8491463897285927,9454,0.8220511124694488,138600.34774160385
