Rep.,Kfold,Num. Vars.,Precision-Background,Recall-Background,F1_score_Background,Num. Obs. Background,AUC_Background,Precision-DoS,Recall-DoS,F1_score_DoS,Num. Obs. Dos,AUC_DoS,Precision-Botnet,Recall-Botnet,F1_score_Botnet,Num. Obs. Botnet,AUC_Botnet,Precision-Scan,Recall-Scan,F1_score_Scan,Num. Obs. Scan,AUC_Scan,Precision-SSHscan,Recall-SSHscan,F1_score_SSHscan,Num. Obs. SSHscan,AUC_SSHscan,Precision-UDPscan,Recall-UDPscan,F1_score_UDPscan,Num. Obs. UDPscan,AUC_UDPscan,Precision-Spam,Recall-Spam,F1_score_Spam,Num. Obs. Spam,AUC_Spam,Precision-w,Recall-w,F1_score_w,Total Obs.,AUC_w,Time
14,2,91,0.868455447066964,0.9385957623597839,0.9021643638687006,24070,0.8448162514963706,0.9639344262295082,0.8828828828828829,0.9216300940438873,333,0.9412947043409665,0.98,0.9264705882352942,0.9524838012958964,476,0.9631147766961844,1.0,0.9642857142857143,0.9818181818181818,140,0.9821428571428572,1.0,0.047619047619047616,0.0909090909090909,21,0.5238095238095238,1.0,0.5714285714285714,0.7272727272727273,7,0.7857142857142857,0.0,0.0,0.0,12768,0.5,0.5780561357883446,0.6205738463572656,0.5981709875580492,37815,0.7310490795655313,132821.39356517792
