Rep.,Kfold,Num. Vars.,Precision-Background,Recall-Background,F1_score_Background,Num. Obs. Background,AUC_Background,Precision-DoS,Recall-DoS,F1_score_DoS,Num. Obs. Dos,AUC_DoS,Precision-Botnet,Recall-Botnet,F1_score_Botnet,Num. Obs. Botnet,AUC_Botnet,Precision-Scan,Recall-Scan,F1_score_Scan,Num. Obs. Scan,AUC_Scan,Precision-SSHscan,Recall-SSHscan,F1_score_SSHscan,Num. Obs. SSHscan,AUC_SSHscan,Precision-UDPscan,Recall-UDPscan,F1_score_UDPscan,Num. Obs. UDPscan,AUC_UDPscan,Precision-Spam,Recall-Spam,F1_score_Spam,Num. Obs. Spam,AUC_Spam,Precision-w,Recall-w,F1_score_w,Total Obs.,AUC_w,Time
12,1,84,0.8483344612376871,0.937393544098708,0.8906431940634313,24071,0.8219845229949461,0.9488188976377953,0.7215568862275449,0.8197278911564625,334,0.8606050404193613,0.9657534246575342,0.8905263157894737,0.9266155531215772,475,0.9450623224191583,0.9925373134328358,0.9432624113475178,0.9672727272727273,141,0.9716179353303223,0.0,0.0,0.0,22,0.5,1.0,0.5714285714285714,0.7272727272727273,7,0.7857142857142857,0.8596447335501626,0.5381784008144725,0.6619467321677984,12769,0.7466939908263979,0.8545876032912497,0.7995187604114334,0.8129902433794347,37819,0.7988146126921486,126671.80938315392
