Rep.,Kfold,Num. Vars.,Precision-Background,Recall-Background,F1_score_Background,Num. Obs. Background,AUC_Background,Precision-DoS,Recall-DoS,F1_score_DoS,Num. Obs. Dos,AUC_DoS,Precision-Botnet,Recall-Botnet,F1_score_Botnet,Num. Obs. Botnet,AUC_Botnet,Precision-Scan,Recall-Scan,F1_score_Scan,Num. Obs. Scan,AUC_Scan,Precision-SSHscan,Recall-SSHscan,F1_score_SSHscan,Num. Obs. SSHscan,AUC_SSHscan,Precision-UDPscan,Recall-UDPscan,F1_score_UDPscan,Num. Obs. UDPscan,AUC_UDPscan,Precision-Spam,Recall-Spam,F1_score_Spam,Num. Obs. Spam,AUC_Spam,Precision-w,Recall-w,F1_score_w,Total Obs.,AUC_w,Time
4,2,83,0.847373933862038,0.9411666943659631,0.8918110236220473,6017,0.8222412878461578,0.96,0.8571428571428571,0.9056603773584904,84,0.9284113602756223,0.9557522123893806,0.907563025210084,0.9310344827586208,119,0.9535137319709375,0.9090909090909091,0.5555555555555556,0.6896551724137931,36,0.7776716093947222,0.0,0.0,0.0,5,0.5,0.0,0.0,0.0,2,0.5,0.8570858283433134,0.6726190476190477,0.7537300333508864,3192,0.8077289713586218,0.8526249296796773,0.8471708090957165,0.8443817405545399,9455,0.8195290927396041,133801.52094483376
