Rep.,Kfold,Num. Vars.,Precision-Background,Recall-Background,F1_score_Background,Num. Obs. Background,AUC_Background,Precision-DoS,Recall-DoS,F1_score_DoS,Num. Obs. Dos,AUC_DoS,Precision-Botnet,Recall-Botnet,F1_score_Botnet,Num. Obs. Botnet,AUC_Botnet,Precision-Scan,Recall-Scan,F1_score_Scan,Num. Obs. Scan,AUC_Scan,Precision-SSHscan,Recall-SSHscan,F1_score_SSHscan,Num. Obs. SSHscan,AUC_SSHscan,Precision-UDPscan,Recall-UDPscan,F1_score_UDPscan,Num. Obs. UDPscan,AUC_UDPscan,Precision-Spam,Recall-Spam,F1_score_Spam,Num. Obs. Spam,AUC_Spam,Precision-w,Recall-w,F1_score_w,Total Obs.,AUC_w,Time
13,5,83,0.8695719125346474,0.9385075619079275,0.9027256014707058,6017,0.8460358583470391,0.873015873015873,0.6547619047619048,0.7482993197278912,84,0.8269540580373024,0.9818181818181818,0.907563025210084,0.9432314410480349,119,0.9536743888771363,0.96,0.6857142857142857,0.7999999999999999,35,0.8428040586656151,0.0,0.0,0.0,5,0.5,1.0,0.5,0.6666666666666666,2,0.75,0.8589837997054491,0.7308897243107769,0.7897765741367637,3192,0.8348635782205435,0.8673429430241658,0.8639729215147027,0.8628201593366807,9454,0.84323374619832,117591.09849762917
