Rep.,Kfold,Num. Vars.,Precision-Background,Recall-Background,F1_score_Background,Num. Obs. Background,AUC_Background,Precision-DoS,Recall-DoS,F1_score_DoS,Num. Obs. Dos,AUC_DoS,Precision-Botnet,Recall-Botnet,F1_score_Botnet,Num. Obs. Botnet,AUC_Botnet,Precision-Scan,Recall-Scan,F1_score_Scan,Num. Obs. Scan,AUC_Scan,Precision-SSHscan,Recall-SSHscan,F1_score_SSHscan,Num. Obs. SSHscan,AUC_SSHscan,Precision-UDPscan,Recall-UDPscan,F1_score_UDPscan,Num. Obs. UDPscan,AUC_UDPscan,Precision-Spam,Recall-Spam,F1_score_Spam,Num. Obs. Spam,AUC_Spam,Precision-w,Recall-w,F1_score_w,Total Obs.,AUC_w,Time
18,1,91,0.8617216117216118,0.9380295730187739,0.8982578951555167,6019,0.8372137972745892,1.0,0.9156626506024096,0.9559748427672956,83,0.9578313253012047,0.9908256880733946,0.907563025210084,0.9473684210526315,119,0.9537279622141241,0.9,0.7714285714285715,0.8307692307692307,35,0.8855550669477004,0.0,0.0,0.0,5,0.5,1.0,0.5,0.6666666666666666,2,0.75,0.8662079510703364,0.7096774193548387,0.7801687037355828,3193,0.8268968287896659,0.865790252284338,0.8591370558375635,0.8587337090137453,9456,0.8362372541209608,131011.73284864426
