Rep.,Kfold,Num. Vars.,Precision-Background,Recall-Background,F1_score_Background,Num. Obs. Background,AUC_Background,Precision-DoS,Recall-DoS,F1_score_DoS,Num. Obs. Dos,AUC_DoS,Precision-Botnet,Recall-Botnet,F1_score_Botnet,Num. Obs. Botnet,AUC_Botnet,Precision-Scan,Recall-Scan,F1_score_Scan,Num. Obs. Scan,AUC_Scan,Precision-SSHscan,Recall-SSHscan,F1_score_SSHscan,Num. Obs. SSHscan,AUC_SSHscan,Precision-UDPscan,Recall-UDPscan,F1_score_UDPscan,Num. Obs. UDPscan,AUC_UDPscan,Precision-Spam,Recall-Spam,F1_score_Spam,Num. Obs. Spam,AUC_Spam,Precision-w,Recall-w,F1_score_w,Total Obs.,AUC_w,Time
16,3,80,0.8712672133684047,0.935848429449892,0.9024038461538461,6017,0.8468532019193581,0.9859154929577465,0.8433734939759037,0.9090909090909092,83,0.9216333851949956,0.9813084112149533,0.8823529411764706,0.9292035398230087,119,0.941069335383607,0.9375,0.8571428571428571,0.8955223880597014,35,0.9284652489154507,0.0,0.0,0.0,5,0.5,1.0,0.5,0.6666666666666666,2,0.75,0.8537037037037037,0.5776942355889725,0.6890881913303439,3192,0.763611532424737,0.8675400647318299,0.8125462816037237,0.8302168446676246,9453,0.8206857963654304,103777.92404985428
