Rep.,Kfold,Num. Vars.,Precision-Background,Recall-Background,F1_score_Background,Num. Obs. Background,AUC_Background,Precision-DoS,Recall-DoS,F1_score_DoS,Num. Obs. Dos,AUC_DoS,Precision-Botnet,Recall-Botnet,F1_score_Botnet,Num. Obs. Botnet,AUC_Botnet,Precision-Scan,Recall-Scan,F1_score_Scan,Num. Obs. Scan,AUC_Scan,Precision-SSHscan,Recall-SSHscan,F1_score_SSHscan,Num. Obs. SSHscan,AUC_SSHscan,Precision-UDPscan,Recall-UDPscan,F1_score_UDPscan,Num. Obs. UDPscan,AUC_UDPscan,Precision-Spam,Recall-Spam,F1_score_Spam,Num. Obs. Spam,AUC_Spam,Precision-w,Recall-w,F1_score_w,Total Obs.,AUC_w,Time
1,2,82,0.8839355545127483,0.9391723450224364,0.9107171635777598,6017,0.8616117836870041,0.8974358974358975,0.8433734939759037,0.8695652173913043,83,0.9212598526443019,0.9823008849557522,0.9327731092436975,0.9568965517241379,119,0.9662794194172205,1.0,0.6857142857142857,0.8135593220338984,35,0.8428571428571429,0.0,0.0,0.0,6,0.5,1.0,1.0,1.0,1,1.0,0.8553682342502218,0.6040100250626567,0.7080426000734485,3192,0.7759708326878528,0.8755269882605341,0.8235480799746112,0.8415715996669486,9453,0.8342503775589185,107572.26919841766
