Rep.,Kfold,Num. Vars.,Precision-Background,Recall-Background,F1_score_Background,Num. Obs. Background,AUC_Background,Precision-DoS,Recall-DoS,F1_score_DoS,Num. Obs. Dos,AUC_DoS,Precision-Botnet,Recall-Botnet,F1_score_Botnet,Num. Obs. Botnet,AUC_Botnet,Precision-Scan,Recall-Scan,F1_score_Scan,Num. Obs. Scan,AUC_Scan,Precision-SSHscan,Recall-SSHscan,F1_score_SSHscan,Num. Obs. SSHscan,AUC_SSHscan,Precision-UDPscan,Recall-UDPscan,F1_score_UDPscan,Num. Obs. UDPscan,AUC_UDPscan,Precision-Spam,Recall-Spam,F1_score_Spam,Num. Obs. Spam,AUC_Spam,Precision-w,Recall-w,F1_score_w,Total Obs.,AUC_w,Time
16,1,87,0.8609613399105197,0.9352801894238358,0.8965833067856005,24073,0.8353641925000438,0.9929824561403509,0.8498498498498499,0.9158576051779935,333,0.9248982468756239,0.9697674418604652,0.8778947368421053,0.9215469613259669,475,0.9387733016865446,0.9666666666666667,0.8285714285714286,0.8923076923076922,140,0.914232631503115,1.0,1.0,1.0,21,1.0,1.0,0.2857142857142857,0.4444444444444445,7,0.6428571428571428,0.8535225048923679,0.6831923558897243,0.7589176961893161,12768,0.8117147455523516,0.8614732449491892,0.8482164106089853,0.8505450106138309,37817,0.829814556421374,123531.49557304382
