Rep.,Kfold,Num. Vars.,Precision-Background,Recall-Background,F1_score_Background,Num. Obs. Background,AUC_Background,Precision-DoS,Recall-DoS,F1_score_DoS,Num. Obs. Dos,AUC_DoS,Precision-Botnet,Recall-Botnet,F1_score_Botnet,Num. Obs. Botnet,AUC_Botnet,Precision-Scan,Recall-Scan,F1_score_Scan,Num. Obs. Scan,AUC_Scan,Precision-SSHscan,Recall-SSHscan,F1_score_SSHscan,Num. Obs. SSHscan,AUC_SSHscan,Precision-UDPscan,Recall-UDPscan,F1_score_UDPscan,Num. Obs. UDPscan,AUC_UDPscan,Precision-Spam,Recall-Spam,F1_score_Spam,Num. Obs. Spam,AUC_Spam,Precision-w,Recall-w,F1_score_w,Total Obs.,AUC_w,Time
7,1,84,0.7969337979094077,0.9501495513459621,0.8668233153945274,6018,0.7630549852189648,0.9743589743589743,0.9156626506024096,0.9440993788819876,83,0.9577246131040006,0.9541284403669725,0.8739495798319328,0.912280701754386,119,0.936706980596202,1.0,0.6857142857142857,0.8135593220338984,35,0.8428571428571429,0.0,0.0,0.0,5,0.5,1.0,0.5,0.6666666666666666,2,0.75,0.8537426698861676,0.775375939849624,0.8126744376949598,3192,0.8538329715217459,0.8200240403396369,0.8883012481489316,0.8490934079465913,9454,0.7977532282339458,114963.14047312737
