Rep.,Kfold,Num. Vars.,Precision-Background,Recall-Background,F1_score_Background,Num. Obs. Background,AUC_Background,Precision-DoS,Recall-DoS,F1_score_DoS,Num. Obs. Dos,AUC_DoS,Precision-Botnet,Recall-Botnet,F1_score_Botnet,Num. Obs. Botnet,AUC_Botnet,Precision-Scan,Recall-Scan,F1_score_Scan,Num. Obs. Scan,AUC_Scan,Precision-SSHscan,Recall-SSHscan,F1_score_SSHscan,Num. Obs. SSHscan,AUC_SSHscan,Precision-UDPscan,Recall-UDPscan,F1_score_UDPscan,Num. Obs. UDPscan,AUC_UDPscan,Precision-Spam,Recall-Spam,F1_score_Spam,Num. Obs. Spam,AUC_Spam,Precision-w,Recall-w,F1_score_w,Total Obs.,AUC_w,Time
17,4,86,0.8605987299667373,0.9458291791292789,0.9012032932235593,6018,0.8387859890409268,0.9722222222222222,0.8433734939759037,0.903225806451613,83,0.9215800461770256,0.9813084112149533,0.8823529411764706,0.9292035398230087,119,0.9410693583345935,1.0,0.4722222222222222,0.6415094339622641,36,0.7361111111111112,0.0,0.0,0.0,6,0.5,0.0,0.0,0.0,2,0.5,0.8548065416832868,0.671576308367283,0.7521937521937522,3191,0.80673323719769,0.8609456347784471,0.8489687995769434,0.8495324150890224,9455,0.829304943354906,116628.35388231277
