Rep.,Kfold,Num. Vars.,Precision-Background,Recall-Background,F1_score_Background,Num. Obs. Background,AUC_Background,Precision-DoS,Recall-DoS,F1_score_DoS,Num. Obs. Dos,AUC_DoS,Precision-Botnet,Recall-Botnet,F1_score_Botnet,Num. Obs. Botnet,AUC_Botnet,Precision-Scan,Recall-Scan,F1_score_Scan,Num. Obs. Scan,AUC_Scan,Precision-SSHscan,Recall-SSHscan,F1_score_SSHscan,Num. Obs. SSHscan,AUC_SSHscan,Precision-UDPscan,Recall-UDPscan,F1_score_UDPscan,Num. Obs. UDPscan,AUC_UDPscan,Precision-Spam,Recall-Spam,F1_score_Spam,Num. Obs. Spam,AUC_Spam,Precision-w,Recall-w,F1_score_w,Total Obs.,AUC_w,Time
1,1,84,0.8404160475482912,0.9398471252907943,0.8873548791967368,6018,0.8137281001672121,0.9487179487179487,0.8809523809523809,0.9135802469135802,84,0.940262788854338,0.9636363636363636,0.8907563025210085,0.9257641921397379,119,0.9451639496968328,0.9523809523809523,0.5555555555555556,0.7017543859649122,36,0.7777246992215144,0.0,0.0,0.0,5,0.5,0.0,0.0,0.0,2,0.5,0.8667946257197697,0.7073934837092731,0.7790236329135759,3192,0.8259987852773697,0.851637369785731,0.8580795262267343,0.8501390584566627,9456,0.8202790294904092,134082.53515076637
