Rep.,Kfold,Num. Vars.,Precision-Background,Recall-Background,F1_score_Background,Num. Obs. Background,AUC_Background,Precision-DoS,Recall-DoS,F1_score_DoS,Num. Obs. Dos,AUC_DoS,Precision-Botnet,Recall-Botnet,F1_score_Botnet,Num. Obs. Botnet,AUC_Botnet,Precision-Scan,Recall-Scan,F1_score_Scan,Num. Obs. Scan,AUC_Scan,Precision-SSHscan,Recall-SSHscan,F1_score_SSHscan,Num. Obs. SSHscan,AUC_SSHscan,Precision-UDPscan,Recall-UDPscan,F1_score_UDPscan,Num. Obs. UDPscan,AUC_UDPscan,Precision-Spam,Recall-Spam,F1_score_Spam,Num. Obs. Spam,AUC_Spam,Precision-w,Recall-w,F1_score_w,Total Obs.,AUC_w,Time
1,1,84,0.8513447248312022,0.9376428066968552,0.8924123205883516,24071,0.825449750263445,1.0,0.954954954954955,0.9769585253456221,333,0.9774774774774775,0.967741935483871,0.8842105263157894,0.924092409240924,475,0.9419177966340597,0.9754098360655737,0.85,0.9083969465648855,140,0.9249601857996018,0.0,0.0,0.0,22,0.5,1.0,0.7142857142857143,0.8333333333333333,7,0.8571428571428572,0.8766568483063328,0.7459857444975327,0.8060598366552412,12767,0.8462442296425702,0.8626532235923003,0.8715060161311649,0.8639297340378587,37815,0.8354569984887267,134082.53515076637
