Rep.,Kfold,Num. Vars.,Precision-Background,Recall-Background,F1_score_Background,Num. Obs. Background,AUC_Background,Precision-DoS,Recall-DoS,F1_score_DoS,Num. Obs. Dos,AUC_DoS,Precision-Botnet,Recall-Botnet,F1_score_Botnet,Num. Obs. Botnet,AUC_Botnet,Precision-Scan,Recall-Scan,F1_score_Scan,Num. Obs. Scan,AUC_Scan,Precision-SSHscan,Recall-SSHscan,F1_score_SSHscan,Num. Obs. SSHscan,AUC_SSHscan,Precision-UDPscan,Recall-UDPscan,F1_score_UDPscan,Num. Obs. UDPscan,AUC_UDPscan,Precision-Spam,Recall-Spam,F1_score_Spam,Num. Obs. Spam,AUC_Spam,Precision-w,Recall-w,F1_score_w,Total Obs.,AUC_w,Time
8,3,90,0.8332836710369488,0.9293785310734464,0.8787117046347211,6018,0.8018071694668542,0.9733333333333334,0.8795180722891566,0.9240506329113923,83,0.9396523125586658,0.9903846153846154,0.8728813559322034,0.927927927927928,118,0.9363871161021488,0.9444444444444444,0.4722222222222222,0.6296296296296297,36,0.7360580156454639,0.0,0.0,0.0,5,0.5,0.0,0.0,0.0,1,0.5,0.8256061250531689,0.6080827067669173,0.700342774670756,3192,0.7712989799606829,0.8337763603884613,0.8174124616523855,0.8179878916676835,9453,0.7939537501419325,135317.6980726719
