Rep.,Kfold,Num. Vars.,Precision-Background,Recall-Background,F1_score_Background,Num. Obs. Background,AUC_Background,Precision-DoS,Recall-DoS,F1_score_DoS,Num. Obs. Dos,AUC_DoS,Precision-Botnet,Recall-Botnet,F1_score_Botnet,Num. Obs. Botnet,AUC_Botnet,Precision-Scan,Recall-Scan,F1_score_Scan,Num. Obs. Scan,AUC_Scan,Precision-SSHscan,Recall-SSHscan,F1_score_SSHscan,Num. Obs. SSHscan,AUC_SSHscan,Precision-UDPscan,Recall-UDPscan,F1_score_UDPscan,Num. Obs. UDPscan,AUC_UDPscan,Precision-Spam,Recall-Spam,F1_score_Spam,Num. Obs. Spam,AUC_Spam,Precision-w,Recall-w,F1_score_w,Total Obs.,AUC_w,Time
5,1,84,0.785914242796668,0.9563393153871719,0.862791394947905,24072,0.7500835298111388,0.9418181818181818,0.7754491017964071,0.8505747126436781,334,0.88751113219739,0.9678899082568807,0.888421052631579,0.9264544456641054,475,0.9440230798719162,0.976,0.8714285714285714,0.920754716981132,140,0.9356744757405603,1.0,0.6363636363636364,0.7777777777777778,22,0.8181818181818181,1.0,0.42857142857142855,0.6,7,0.7142857142857143,0.8613620569840167,0.582426188425092,0.694949306172032,12769,0.7673208786436837,0.8159183145344824,0.8270446072080171,0.8069302926280059,37819,0.7602730145353315,126853.52068138123
