Rep.,Kfold,Num. Vars.,Precision-Background,Recall-Background,F1_score_Background,Num. Obs. Background,AUC_Background,Precision-DoS,Recall-DoS,F1_score_DoS,Num. Obs. Dos,AUC_DoS,Precision-Botnet,Recall-Botnet,F1_score_Botnet,Num. Obs. Botnet,AUC_Botnet,Precision-Scan,Recall-Scan,F1_score_Scan,Num. Obs. Scan,AUC_Scan,Precision-SSHscan,Recall-SSHscan,F1_score_SSHscan,Num. Obs. SSHscan,AUC_SSHscan,Precision-UDPscan,Recall-UDPscan,F1_score_UDPscan,Num. Obs. UDPscan,AUC_UDPscan,Precision-Spam,Recall-Spam,F1_score_Spam,Num. Obs. Spam,AUC_Spam,Precision-w,Recall-w,F1_score_w,Total Obs.,AUC_w,Time
10,3,84,0.8457430576747025,0.9209170958631002,0.8817306927543148,6019,0.8133826096132493,0.9354838709677419,0.6904761904761905,0.7945205479452055,84,0.8450246936162428,0.9649122807017544,0.9243697478991597,0.944206008583691,119,0.9619706723859085,0.9310344827586207,0.75,0.8307692307692308,36,0.8748938428874735,0.0,0.0,0.0,6,0.5,1.0,1.0,1.0,1,1.0,0.8337220926357881,0.7840802256345973,0.808139534883721,3191,0.8522156914286314,0.8437877654070373,0.871510152284264,0.8561673253869209,9456,0.8286932065601256,132193.21614933014
