Rep.,Kfold,Num. Vars.,Precision-Background,Recall-Background,F1_score_Background,Num. Obs. Background,AUC_Background,Precision-DoS,Recall-DoS,F1_score_DoS,Num. Obs. Dos,AUC_DoS,Precision-Botnet,Recall-Botnet,F1_score_Botnet,Num. Obs. Botnet,AUC_Botnet,Precision-Scan,Recall-Scan,F1_score_Scan,Num. Obs. Scan,AUC_Scan,Precision-SSHscan,Recall-SSHscan,F1_score_SSHscan,Num. Obs. SSHscan,AUC_SSHscan,Precision-UDPscan,Recall-UDPscan,F1_score_UDPscan,Num. Obs. UDPscan,AUC_UDPscan,Precision-Spam,Recall-Spam,F1_score_Spam,Num. Obs. Spam,AUC_Spam,Precision-w,Recall-w,F1_score_w,Total Obs.,AUC_w,Time
20,5,87,0.8923880360816585,0.9371779956789098,0.9142347600518808,6017,0.8696655180605779,0.9452054794520548,0.8214285714285714,0.8789808917197452,84,0.9105008385424608,0.9714285714285714,0.864406779661017,0.9147982062780269,118,0.9320427214500456,1.0,0.3055555555555556,0.46808510638297873,36,0.6527777777777778,0.0,0.0,0.0,6,0.5,0.0,0.0,0.0,2,0.5,0.8548548548548549,0.5352554058288937,0.6583156677587203,3191,0.7444758587503084,0.880829964739552,0.7963824836048233,0.8250758931801668,9454,0.8274130525715468,109989.05128574371
