Rep.,Kfold,Num. Vars.,Precision-Background,Recall-Background,F1_score_Background,Num. Obs. Background,AUC_Background,Precision-DoS,Recall-DoS,F1_score_DoS,Num. Obs. Dos,AUC_DoS,Precision-Botnet,Recall-Botnet,F1_score_Botnet,Num. Obs. Botnet,AUC_Botnet,Precision-Scan,Recall-Scan,F1_score_Scan,Num. Obs. Scan,AUC_Scan,Precision-SSHscan,Recall-SSHscan,F1_score_SSHscan,Num. Obs. SSHscan,AUC_SSHscan,Precision-UDPscan,Recall-UDPscan,F1_score_UDPscan,Num. Obs. UDPscan,AUC_UDPscan,Precision-Spam,Recall-Spam,F1_score_Spam,Num. Obs. Spam,AUC_Spam,Precision-w,Recall-w,F1_score_w,Total Obs.,AUC_w,Time
17,4,86,0.8722512686452406,0.942508204212188,0.9060197663971249,24073,0.8503737819896879,0.9968454258675079,0.9461077844311377,0.9708141321044547,334,0.9730405531909184,0.9801324503311258,0.9347368421052632,0.956896551724138,475,0.9672479165404072,1.0,0.9642857142857143,0.9818181818181818,140,0.9821428571428572,0.0,0.0,0.0,21,0.5,1.0,1.0,1.0,7,1.0,0.8528165374677003,0.6462249373433584,0.7352849440805598,12768,0.7946893149790645,0.8681573754992731,0.8419800095192765,0.8493829480708914,37818,0.834446018631681,116628.35388231277
