Rep.,Kfold,Num. Vars.,Precision-Background,Recall-Background,F1_score_Background,Num. Obs. Background,AUC_Background,Precision-DoS,Recall-DoS,F1_score_DoS,Num. Obs. Dos,AUC_DoS,Precision-Botnet,Recall-Botnet,F1_score_Botnet,Num. Obs. Botnet,AUC_Botnet,Precision-Scan,Recall-Scan,F1_score_Scan,Num. Obs. Scan,AUC_Scan,Precision-SSHscan,Recall-SSHscan,F1_score_SSHscan,Num. Obs. SSHscan,AUC_SSHscan,Precision-UDPscan,Recall-UDPscan,F1_score_UDPscan,Num. Obs. UDPscan,AUC_UDPscan,Precision-Spam,Recall-Spam,F1_score_Spam,Num. Obs. Spam,AUC_Spam,Precision-w,Recall-w,F1_score_w,Total Obs.,AUC_w,Time
3,5,82,0.8302054086005616,0.9335327351279494,0.8788423934298006,6018,0.7996147818787841,0.9367088607594937,0.891566265060241,0.9135802469135801,83,0.9455163805028051,1.0,0.9243697478991597,0.9606986899563319,119,0.9621848739495799,1.0,0.4857142857142857,0.6538461538461539,35,0.7428571428571429,0.0,0.0,0.0,6,0.5,1.0,0.5,0.6666666666666666,2,0.75,0.8487821380243572,0.7860275689223057,0.8162003903708522,3192,0.857328010870222,0.8396864694843962,0.8809095716552089,0.8575942277145298,9455,0.822014873360762,114525.3556778431
