Rep.,Kfold,Num. Vars.,Precision-Background,Recall-Background,F1_score_Background,Num. Obs. Background,AUC_Background,Precision-DoS,Recall-DoS,F1_score_DoS,Num. Obs. Dos,AUC_DoS,Precision-Botnet,Recall-Botnet,F1_score_Botnet,Num. Obs. Botnet,AUC_Botnet,Precision-Scan,Recall-Scan,F1_score_Scan,Num. Obs. Scan,AUC_Scan,Precision-SSHscan,Recall-SSHscan,F1_score_SSHscan,Num. Obs. SSHscan,AUC_SSHscan,Precision-UDPscan,Recall-UDPscan,F1_score_UDPscan,Num. Obs. UDPscan,AUC_UDPscan,Precision-Spam,Recall-Spam,F1_score_Spam,Num. Obs. Spam,AUC_Spam,Precision-w,Recall-w,F1_score_w,Total Obs.,AUC_w,Time
4,4,82,0.8239333722969024,0.9370222665337321,0.8768465246462447,6018,0.7932129080704738,0.9864864864864865,0.8690476190476191,0.9240506329113924,84,0.9344704534252075,0.9473684210526315,0.907563025210084,0.927038626609442,119,0.9534601758441166,0.9655172413793104,0.8,0.8750000000000001,35,0.8999469214437367,0.0,0.0,0.0,6,0.5,1.0,0.5,0.6666666666666666,2,0.75,0.8472682119205298,0.6414916953932936,0.7301587301587301,3191,0.7912918247081411,0.8348449189994261,0.8351136964569011,0.8277837203936563,9455,0.7960362680777883,133290.18582749367
