Rep.,Kfold,Num. Vars.,Precision-Background,Recall-Background,F1_score_Background,Num. Obs. Background,AUC_Background,Precision-DoS,Recall-DoS,F1_score_DoS,Num. Obs. Dos,AUC_DoS,Precision-Botnet,Recall-Botnet,F1_score_Botnet,Num. Obs. Botnet,AUC_Botnet,Precision-Scan,Recall-Scan,F1_score_Scan,Num. Obs. Scan,AUC_Scan,Precision-SSHscan,Recall-SSHscan,F1_score_SSHscan,Num. Obs. SSHscan,AUC_SSHscan,Precision-UDPscan,Recall-UDPscan,F1_score_UDPscan,Num. Obs. UDPscan,AUC_UDPscan,Precision-Spam,Recall-Spam,F1_score_Spam,Num. Obs. Spam,AUC_Spam,Precision-w,Recall-w,F1_score_w,Total Obs.,AUC_w,Time
11,2,86,0.867680958967266,0.9384973404255319,0.9017008703984668,6016,0.843994087728041,0.9390243902439024,0.9166666666666666,0.9277108433734941,84,0.9580664958907033,0.9636363636363636,0.8907563025210085,0.9257641921397379,119,0.9451638808512477,0.875,0.2,0.32558139534883723,35,0.599946910172011,0.0,0.0,0.0,5,0.5,0.0,0.0,0.0,1,0.5,0.8494957331264547,0.6858753523332289,0.75896725004332,3193,0.8119472608311512,0.8628566911110821,0.8490426319686872,0.8513174509944682,9453,0.8343347365849888,171387.60394334793
