Rep.,Kfold,Num. Vars.,Precision-Background,Recall-Background,F1_score_Background,Num. Obs. Background,AUC_Background,Precision-DoS,Recall-DoS,F1_score_DoS,Num. Obs. Dos,AUC_DoS,Precision-Botnet,Recall-Botnet,F1_score_Botnet,Num. Obs. Botnet,AUC_Botnet,Precision-Scan,Recall-Scan,F1_score_Scan,Num. Obs. Scan,AUC_Scan,Precision-SSHscan,Recall-SSHscan,F1_score_SSHscan,Num. Obs. SSHscan,AUC_SSHscan,Precision-UDPscan,Recall-UDPscan,F1_score_UDPscan,Num. Obs. UDPscan,AUC_UDPscan,Precision-Spam,Recall-Spam,F1_score_Spam,Num. Obs. Spam,AUC_Spam,Precision-w,Recall-w,F1_score_w,Total Obs.,AUC_w,Time
10,5,77,0.8679867986798679,0.9384478144513827,0.901843120445778,1121,0.8786236807251251,1.0,0.6176470588235294,0.7636363636363637,34,0.8088235294117647,1.0,0.8275862068965517,0.9056603773584906,29,0.9137931034482758,1.0,0.8666666666666667,0.9285714285714286,15,0.9333333333333333,0.0,0.0,0.0,5,0.5,1.0,0.5,0.6666666666666666,2,0.75,0.9235294117647059,0.7869674185463659,0.8497970230040595,798,0.8719248369680419,0.8932084191159517,0.8677644710578842,0.8765438395438591,2004,0.8746173483000811,13261.010238647461
