Rep.,Kfold,Num. Vars.,Precision-Background,Recall-Background,F1_score_Background,Num. Obs. Background,AUC_Background,Precision-DoS,Recall-DoS,F1_score_DoS,Num. Obs. Dos,AUC_DoS,Precision-Botnet,Recall-Botnet,F1_score_Botnet,Num. Obs. Botnet,AUC_Botnet,Precision-Scan,Recall-Scan,F1_score_Scan,Num. Obs. Scan,AUC_Scan,Precision-SSHscan,Recall-SSHscan,F1_score_SSHscan,Num. Obs. SSHscan,AUC_SSHscan,Precision-UDPscan,Recall-UDPscan,F1_score_UDPscan,Num. Obs. UDPscan,AUC_UDPscan,Precision-Spam,Recall-Spam,F1_score_Spam,Num. Obs. Spam,AUC_Spam,Precision-w,Recall-w,F1_score_w,Total Obs.,AUC_w,Time
1,2,91,0.8642384105960265,0.9313113291703836,0.8965221124946329,1121,0.8727904324221114,1.0,0.7878787878787878,0.8813559322033898,33,0.8939393939393939,0.9310344827586207,0.9310344827586207,0.9310344827586207,29,0.9650109122653862,0.8333333333333334,0.9375,0.8823529411764706,16,0.9679954728370223,0.0,0.0,0.0,5,0.5,0.0,0.0,0.0,2,0.5,0.922425952045134,0.8195488721804511,0.8679495686794957,798,0.8869717826905573,0.8873455595526427,0.8812375249500998,0.882149419528072,2004,0.8795782441882934,35532.05572104454
