Rep.,Kfold,Num. Vars.,Precision-Background,Recall-Background,F1_score_Background,Num. Obs. Background,AUC_Background,Precision-DoS,Recall-DoS,F1_score_DoS,Num. Obs. Dos,AUC_DoS,Precision-Botnet,Recall-Botnet,F1_score_Botnet,Num. Obs. Botnet,AUC_Botnet,Precision-Scan,Recall-Scan,F1_score_Scan,Num. Obs. Scan,AUC_Scan,Precision-SSHscan,Recall-SSHscan,F1_score_SSHscan,Num. Obs. SSHscan,AUC_SSHscan,Precision-UDPscan,Recall-UDPscan,F1_score_UDPscan,Num. Obs. UDPscan,AUC_UDPscan,Precision-Spam,Recall-Spam,F1_score_Spam,Num. Obs. Spam,AUC_Spam,Precision-w,Recall-w,F1_score_w,Total Obs.,AUC_w,Time
18,5,86,0.8916172734970365,0.9393398751115076,0.9148566463944396,1121,0.897271747510505,1.0,0.6764705882352942,0.8070175438596492,34,0.8382352941176471,0.9615384615384616,0.8620689655172413,0.9090909090909091,29,0.9307814463213737,0.8666666666666667,0.8125,0.8387096774193549,16,0.9057472347913524,0.0,0.0,0.0,5,0.5,1.0,1.0,1.0,1,1.0,0.9195402298850575,0.8010012515644556,0.8561872909698997,799,0.8772833786843837,0.9032253812067934,0.8753117206982544,0.8867179719634367,2005,0.8879180380189926,23663.31130337715
