Rep.,Kfold,Num. Vars.,Precision-Background,Recall-Background,F1_score_Background,Num. Obs. Background,AUC_Background,Precision-DoS,Recall-DoS,F1_score_DoS,Num. Obs. Dos,AUC_DoS,Precision-Botnet,Recall-Botnet,F1_score_Botnet,Num. Obs. Botnet,AUC_Botnet,Precision-Scan,Recall-Scan,F1_score_Scan,Num. Obs. Scan,AUC_Scan,Precision-SSHscan,Recall-SSHscan,F1_score_SSHscan,Num. Obs. SSHscan,AUC_SSHscan,Precision-UDPscan,Recall-UDPscan,F1_score_UDPscan,Num. Obs. UDPscan,AUC_UDPscan,Precision-Spam,Recall-Spam,F1_score_Spam,Num. Obs. Spam,AUC_Spam,Precision-w,Recall-w,F1_score_w,Total Obs.,AUC_w,Time
13,2,87,0.8620408163265306,0.9420160570918823,0.9002557544757034,1121,0.8752030398838098,0.9565217391304348,0.6666666666666666,0.7857142857142856,33,0.8330795262267342,1.0,0.8928571428571429,0.9433962264150945,28,0.9464285714285714,1.0,0.9333333333333333,0.9655172413793104,15,0.9666666666666667,0.0,0.0,0.0,5,0.5,1.0,0.5,0.6666666666666666,2,0.75,0.9182763744427934,0.7734668335419274,0.8396739130434782,799,0.8638928852095019,0.8869774316890351,0.8666999500748876,0.8728137369002593,2003,0.8706163990801923,26523.27204966545
