Rep.,Kfold,Num. Vars.,Precision-Background,Recall-Background,F1_score_Background,Num. Obs. Background,AUC_Background,Precision-DoS,Recall-DoS,F1_score_DoS,Num. Obs. Dos,AUC_DoS,Precision-Botnet,Recall-Botnet,F1_score_Botnet,Num. Obs. Botnet,AUC_Botnet,Precision-Scan,Recall-Scan,F1_score_Scan,Num. Obs. Scan,AUC_Scan,Precision-SSHscan,Recall-SSHscan,F1_score_SSHscan,Num. Obs. SSHscan,AUC_SSHscan,Precision-UDPscan,Recall-UDPscan,F1_score_UDPscan,Num. Obs. UDPscan,AUC_UDPscan,Precision-Spam,Recall-Spam,F1_score_Spam,Num. Obs. Spam,AUC_Spam,Precision-w,Recall-w,F1_score_w,Total Obs.,AUC_w,Time
16,2,94,0.8683774834437086,0.935771632471008,0.9008158007728638,1121,0.8777497618137353,1.0,0.8181818181818182,0.9,33,0.9090909090909092,0.9615384615384616,0.8928571428571429,0.9259259259259259,28,0.9461754068716094,0.9411764705882353,1.0,0.9696969696969697,16,0.9997483643683945,0.0,0.0,0.0,5,0.5,0.5,0.5,0.5,2,0.7497501249375313,0.9374110953058321,0.8258145363408521,0.8780812791472352,798,0.8946500067596377,0.897397460532671,0.8871692461308038,0.8899972295890921,2003,0.8858594976832566,18393.983053445816
