Rep.,Kfold,Num. Vars.,Precision-Background,Recall-Background,F1_score_Background,Num. Obs. Background,AUC_Background,Precision-DoS,Recall-DoS,F1_score_DoS,Num. Obs. Dos,AUC_DoS,Precision-Botnet,Recall-Botnet,F1_score_Botnet,Num. Obs. Botnet,AUC_Botnet,Precision-Scan,Recall-Scan,F1_score_Scan,Num. Obs. Scan,AUC_Scan,Precision-SSHscan,Recall-SSHscan,F1_score_SSHscan,Num. Obs. SSHscan,AUC_SSHscan,Precision-UDPscan,Recall-UDPscan,F1_score_UDPscan,Num. Obs. UDPscan,AUC_UDPscan,Precision-Spam,Recall-Spam,F1_score_Spam,Num. Obs. Spam,AUC_Spam,Precision-w,Recall-w,F1_score_w,Total Obs.,AUC_w,Time
11,5,87,0.8562197092084006,0.9455842997323818,0.8986858838490884,1121,0.8718851203877329,0.9629629629629629,0.7878787878787878,0.8666666666666665,33,0.893685586832795,1.0,0.9285714285714286,0.962962962962963,28,0.9642857142857143,1.0,0.8125,0.896551724137931,16,0.90625,0.0,0.0,0.0,4,0.5,1.0,0.5,0.6666666666666666,2,0.75,0.9263803680981595,0.7559449311639549,0.8325292901447278,799,0.8580389107647016,0.8875576564707062,0.8637044433349975,0.8706235159775182,2003,0.8674228327614215,13927.936584711075
