Rep.,Kfold,Num. Vars.,Precision-Background,Recall-Background,F1_score_Background,Num. Obs. Background,AUC_Background,Precision-DoS,Recall-DoS,F1_score_DoS,Num. Obs. Dos,AUC_DoS,Precision-Botnet,Recall-Botnet,F1_score_Botnet,Num. Obs. Botnet,AUC_Botnet,Precision-Scan,Recall-Scan,F1_score_Scan,Num. Obs. Scan,AUC_Scan,Precision-SSHscan,Recall-SSHscan,F1_score_SSHscan,Num. Obs. SSHscan,AUC_SSHscan,Precision-UDPscan,Recall-UDPscan,F1_score_UDPscan,Num. Obs. UDPscan,AUC_UDPscan,Precision-Spam,Recall-Spam,F1_score_Spam,Num. Obs. Spam,AUC_Spam,Precision-w,Recall-w,F1_score_w,Total Obs.,AUC_w,Time
11,3,87,0.8482871125611745,0.927743086529884,0.8862377503195569,1121,0.8584293663941938,1.0,0.7272727272727273,0.8421052631578948,33,0.8636363636363636,0.896551724137931,0.9285714285714286,0.912280701754386,28,0.9635262206148283,0.9285714285714286,0.8125,0.8666666666666666,16,0.9059983643683944,0.0,0.0,0.0,5,0.5,0.0,0.0,0.0,1,0.5,0.920749279538905,0.799749687108886,0.8559946416610851,799,0.8770343119929811,0.878466859044267,0.8696954568147778,0.8709996189692611,2003,0.8667121532787782,13276.525879144669
