Rep.,Kfold,Num. Vars.,Precision-Background,Recall-Background,F1_score_Background,Num. Obs. Background,AUC_Background,Precision-DoS,Recall-DoS,F1_score_DoS,Num. Obs. Dos,AUC_DoS,Precision-Botnet,Recall-Botnet,F1_score_Botnet,Num. Obs. Botnet,AUC_Botnet,Precision-Scan,Recall-Scan,F1_score_Scan,Num. Obs. Scan,AUC_Scan,Precision-SSHscan,Recall-SSHscan,F1_score_SSHscan,Num. Obs. SSHscan,AUC_SSHscan,Precision-UDPscan,Recall-UDPscan,F1_score_UDPscan,Num. Obs. UDPscan,AUC_UDPscan,Precision-Spam,Recall-Spam,F1_score_Spam,Num. Obs. Spam,AUC_Spam,Precision-w,Recall-w,F1_score_w,Total Obs.,AUC_w,Time
15,5,80,0.8820083682008368,0.9402319357716324,0.9101899827288428,1121,0.8900932664102204,0.9333333333333333,0.8484848484848485,0.888888888888889,33,0.9237345522261724,1.0,0.9642857142857143,0.9818181818181818,28,0.9821428571428572,0.8888888888888888,1.0,0.9411764705882353,16,0.999496475327291,0.0,0.0,0.0,5,0.5,0.5,1.0,0.6666666666666666,1,0.9997501249375312,0.9282639885222381,0.8107769423558897,0.8655518394648829,798,0.884624351576616,0.9006035293786744,0.8856143856143857,0.8909006349412238,2002,0.8897101489298873,21763.179695367813
