Rep.,Kfold,Num. Vars.,Precision-Background,Recall-Background,F1_score_Background,Num. Obs. Background,AUC_Background,Precision-DoS,Recall-DoS,F1_score_DoS,Num. Obs. Dos,AUC_DoS,Precision-Botnet,Recall-Botnet,F1_score_Botnet,Num. Obs. Botnet,AUC_Botnet,Precision-Scan,Recall-Scan,F1_score_Scan,Num. Obs. Scan,AUC_Scan,Precision-SSHscan,Recall-SSHscan,F1_score_SSHscan,Num. Obs. SSHscan,AUC_SSHscan,Precision-UDPscan,Recall-UDPscan,F1_score_UDPscan,Num. Obs. UDPscan,AUC_UDPscan,Precision-Spam,Recall-Spam,F1_score_Spam,Num. Obs. Spam,AUC_Spam,Precision-w,Recall-w,F1_score_w,Total Obs.,AUC_w,Time
2,1,80,0.870355078447564,0.9402319357716324,0.9039451114922813,1121,0.8810126761718547,1.0,0.7878787878787878,0.8813559322033898,33,0.8939393939393939,0.9130434782608695,0.75,0.8235294117647057,28,0.8744934143870314,0.8888888888888888,1.0,0.9411764705882353,16,0.999496475327291,0.0,0.0,0.0,5,0.5,0.0,0.0,0.0,1,0.49975012493753124,0.9183673469387755,0.7894736842105263,0.8490566037735849,798,0.8714810281517749,0.8897665461590353,0.8726273726273727,0.8781578584494023,2002,0.8771401497436447,32394.6355240345
