Rep.,Kfold,Num. Vars.,Precision-Background,Recall-Background,F1_score_Background,Num. Obs. Background,AUC_Background,Precision-DoS,Recall-DoS,F1_score_DoS,Num. Obs. Dos,AUC_DoS,Precision-Botnet,Recall-Botnet,F1_score_Botnet,Num. Obs. Botnet,AUC_Botnet,Precision-Scan,Recall-Scan,F1_score_Scan,Num. Obs. Scan,AUC_Scan,Precision-SSHscan,Recall-SSHscan,F1_score_SSHscan,Num. Obs. SSHscan,AUC_SSHscan,Precision-UDPscan,Recall-UDPscan,F1_score_UDPscan,Num. Obs. UDPscan,AUC_UDPscan,Precision-Spam,Recall-Spam,F1_score_Spam,Num. Obs. Spam,AUC_Spam,Precision-w,Recall-w,F1_score_w,Total Obs.,AUC_w,Time
2,3,86,0.8393700787401575,0.9509366636931311,0.891677122542869,1121,0.8598220733431642,0.9642857142857143,0.8181818181818182,0.8852459016393442,33,0.9088371019843101,1.0,0.9642857142857143,0.9818181818181818,28,0.9821428571428572,0.9285714285714286,0.8125,0.8666666666666666,16,0.9059983643683944,0.0,0.0,0.0,5,0.5,0.0,0.0,0.0,2,0.5,0.9270833333333334,0.7807017543859649,0.8476190476190476,798,0.8700189269855136,0.8763978680460749,0.8766849725411883,0.8719624287979182,2003,0.8655133530441855,34994.1195499897
