Rep.,Kfold,Num. Vars.,Precision-Background,Recall-Background,F1_score_Background,Num. Obs. Background,AUC_Background,Precision-DoS,Recall-DoS,F1_score_DoS,Num. Obs. Dos,AUC_DoS,Precision-Botnet,Recall-Botnet,F1_score_Botnet,Num. Obs. Botnet,AUC_Botnet,Precision-Scan,Recall-Scan,F1_score_Scan,Num. Obs. Scan,AUC_Scan,Precision-SSHscan,Recall-SSHscan,F1_score_SSHscan,Num. Obs. SSHscan,AUC_SSHscan,Precision-UDPscan,Recall-UDPscan,F1_score_UDPscan,Num. Obs. UDPscan,AUC_UDPscan,Precision-Spam,Recall-Spam,F1_score_Spam,Num. Obs. Spam,AUC_Spam,Precision-w,Recall-w,F1_score_w,Total Obs.,AUC_w,Time
5,3,89,0.8598516075845012,0.9304192685102587,0.8937446443873178,1121,0.8690557881012831,1.0,0.6363636363636364,0.7777777777777778,33,0.8181818181818181,0.9615384615384616,0.8620689655172413,0.9090909090909091,29,0.9307814463213737,0.8333333333333334,0.9375,0.8823529411764706,16,0.9679958521870287,0.0,0.0,0.0,5,0.5,0.0,0.0,0.0,2,0.5,0.9195230998509687,0.772215269086358,0.8394557823129252,799,0.8637195748416865,0.8841947918209967,0.858354114713217,0.8672124022520383,2005,0.8664858226126475,17748.328767061234
