Rep.,Kfold,Num. Vars.,Precision-Background,Recall-Background,F1_score_Background,Num. Obs. Background,AUC_Background,Precision-DoS,Recall-DoS,F1_score_DoS,Num. Obs. Dos,AUC_DoS,Precision-Botnet,Recall-Botnet,F1_score_Botnet,Num. Obs. Botnet,AUC_Botnet,Precision-Scan,Recall-Scan,F1_score_Scan,Num. Obs. Scan,AUC_Scan,Precision-SSHscan,Recall-SSHscan,F1_score_SSHscan,Num. Obs. SSHscan,AUC_SSHscan,Precision-UDPscan,Recall-UDPscan,F1_score_UDPscan,Num. Obs. UDPscan,AUC_UDPscan,Precision-Spam,Recall-Spam,F1_score_Spam,Num. Obs. Spam,AUC_Spam,Precision-w,Recall-w,F1_score_w,Total Obs.,AUC_w,Time
6,2,88,0.8556016597510373,0.91971454058876,0.8865004299226139,1121,0.8611058514521553,0.9310344827586207,0.8181818181818182,0.8709677419354839,33,0.9085830370746573,1.0,0.8620689655172413,0.9259259259259259,29,0.9310344827586207,0.9166666666666666,0.7333333333333333,0.8148148148148148,15,0.8664150310350612,0.0,0.0,0.0,4,0.5,0.0,0.0,0.0,2,0.5,0.8970380818053597,0.7969924812030075,0.8440610484406105,798,0.8681806259835636,0.8733466472490631,0.8641358641358642,0.8667051489294717,2002,0.8646789533974722,19241.797960996628
