Rep.,Kfold,Num. Vars.,Precision-Background,Recall-Background,F1_score_Background,Num. Obs. Background,AUC_Background,Precision-DoS,Recall-DoS,F1_score_DoS,Num. Obs. Dos,AUC_DoS,Precision-Botnet,Recall-Botnet,F1_score_Botnet,Num. Obs. Botnet,AUC_Botnet,Precision-Scan,Recall-Scan,F1_score_Scan,Num. Obs. Scan,AUC_Scan,Precision-SSHscan,Recall-SSHscan,F1_score_SSHscan,Num. Obs. SSHscan,AUC_SSHscan,Precision-UDPscan,Recall-UDPscan,F1_score_UDPscan,Num. Obs. UDPscan,AUC_UDPscan,Precision-Spam,Recall-Spam,F1_score_Spam,Num. Obs. Spam,AUC_Spam,Precision-w,Recall-w,F1_score_w,Total Obs.,AUC_w,Time
6,4,89,0.8665581773799838,0.9500446030330062,0.9063829787234043,1121,0.8821570693534228,1.0,0.7878787878787878,0.8813559322033898,33,0.8939393939393939,1.0,0.8928571428571429,0.9433962264150945,28,0.9464285714285714,0.9411764705882353,1.0,0.9696969696969697,16,0.999748490945674,0.0,0.0,0.0,5,0.5,1.0,0.5,0.6666666666666666,2,0.75,0.9554234769687965,0.804755944931164,0.873641304347826,799,0.8899298396854991,0.9046177138076057,0.8862275449101796,0.8914386458451439,2004,0.886201593068379,18375.08419418335
