Rep.,Kfold,Num. Vars.,Precision-Background,Recall-Background,F1_score_Background,Num. Obs. Background,AUC_Background,Precision-DoS,Recall-DoS,F1_score_DoS,Num. Obs. Dos,AUC_DoS,Precision-Botnet,Recall-Botnet,F1_score_Botnet,Num. Obs. Botnet,AUC_Botnet,Precision-Scan,Recall-Scan,F1_score_Scan,Num. Obs. Scan,AUC_Scan,Precision-SSHscan,Recall-SSHscan,F1_score_SSHscan,Num. Obs. SSHscan,AUC_SSHscan,Precision-UDPscan,Recall-UDPscan,F1_score_UDPscan,Num. Obs. UDPscan,AUC_UDPscan,Precision-Spam,Recall-Spam,F1_score_Spam,Num. Obs. Spam,AUC_Spam,Precision-w,Recall-w,F1_score_w,Total Obs.,AUC_w,Time
7,4,90,0.867430441898527,0.9455842997323818,0.9048228766538626,1121,0.8809554151723133,0.9629629629629629,0.7878787878787878,0.8666666666666665,33,0.893685586832795,1.0,0.9642857142857143,0.9818181818181818,28,0.9821428571428572,0.9375,0.9375,0.9375,16,0.9684983643683944,0.0,0.0,0.0,5,0.5,1.0,0.5,0.6666666666666666,2,0.75,0.9300291545189504,0.7994987468671679,0.8598382749326146,798,0.8798323609854511,0.894323798528282,0.8821767348976535,0.8851131455563899,2003,0.881749796640005,17957.447867631912
