Rep.,Kfold,Num. Vars.,Precision-Background,Recall-Background,F1_score_Background,Num. Obs. Background,AUC_Background,Precision-DoS,Recall-DoS,F1_score_DoS,Num. Obs. Dos,AUC_DoS,Precision-Botnet,Recall-Botnet,F1_score_Botnet,Num. Obs. Botnet,AUC_Botnet,Precision-Scan,Recall-Scan,F1_score_Scan,Num. Obs. Scan,AUC_Scan,Precision-SSHscan,Recall-SSHscan,F1_score_SSHscan,Num. Obs. SSHscan,AUC_SSHscan,Precision-UDPscan,Recall-UDPscan,F1_score_UDPscan,Num. Obs. UDPscan,AUC_UDPscan,Precision-Spam,Recall-Spam,F1_score_Spam,Num. Obs. Spam,AUC_Spam,Precision-w,Recall-w,F1_score_w,Total Obs.,AUC_w,Time
8,5,85,0.8594142259414226,0.9161462979482605,0.886873920552677,1121,0.8629429111485358,1.0,0.7647058823529411,0.8666666666666666,34,0.8823529411764706,1.0,0.8214285714285714,0.9019607843137255,28,0.9107142857142857,0.9375,0.9375,0.9375,16,0.9684984909456741,0.0,0.0,0.0,5,0.5,0.3333333333333333,0.5,0.4,2,0.7495004995004996,0.9112343966712899,0.8233082706766918,0.8650427913100724,798,0.8851201386550954,0.8823528255941572,0.8727544910179641,0.875754182151916,2004,0.8725947359772488,16790.18696331978
