Rep.,Kfold,Num. Vars.,Precision-Background,Recall-Background,F1_score_Background,Num. Obs. Background,AUC_Background,Precision-DoS,Recall-DoS,F1_score_DoS,Num. Obs. Dos,AUC_DoS,Precision-Botnet,Recall-Botnet,F1_score_Botnet,Num. Obs. Botnet,AUC_Botnet,Precision-Scan,Recall-Scan,F1_score_Scan,Num. Obs. Scan,AUC_Scan,Precision-SSHscan,Recall-SSHscan,F1_score_SSHscan,Num. Obs. SSHscan,AUC_SSHscan,Precision-UDPscan,Recall-UDPscan,F1_score_UDPscan,Num. Obs. UDPscan,AUC_UDPscan,Precision-Spam,Recall-Spam,F1_score_Spam,Num. Obs. Spam,AUC_Spam,Precision-w,Recall-w,F1_score_w,Total Obs.,AUC_w,Time
12,1,84,0.903033160458903,0.9549609439920226,0.9282714054927302,6017,0.8876697005258511,0.971830985915493,0.8313253012048193,0.8961038961038961,83,0.9155559156253578,0.9826086956521739,0.9495798319327731,0.9658119658119659,119,0.9746827692825764,0.9411764705882353,0.9142857142857143,0.9275362318840579,35,0.9570366662115626,0.0,0.0,0.0,5,0.5,1.0,0.5,0.6666666666666666,2,0.75,0.9066951566951567,0.7978690065810091,0.8488081346891149,3191,0.8780113280788769,0.9055594958294169,0.9000211595429539,0.9010856065806438,9452,0.8857720492829749,22987.399354696274
