Rep.,Kfold,Num. Vars.,Precision-Background,Recall-Background,F1_score_Background,Num. Obs. Background,AUC_Background,Precision-DoS,Recall-DoS,F1_score_DoS,Num. Obs. Dos,AUC_DoS,Precision-Botnet,Recall-Botnet,F1_score_Botnet,Num. Obs. Botnet,AUC_Botnet,Precision-Scan,Recall-Scan,F1_score_Scan,Num. Obs. Scan,AUC_Scan,Precision-SSHscan,Recall-SSHscan,F1_score_SSHscan,Num. Obs. SSHscan,AUC_SSHscan,Precision-UDPscan,Recall-UDPscan,F1_score_UDPscan,Num. Obs. UDPscan,AUC_UDPscan,Precision-Spam,Recall-Spam,F1_score_Spam,Num. Obs. Spam,AUC_Spam,Precision-w,Recall-w,F1_score_w,Total Obs.,AUC_w,Time
13,5,83,0.8821385176184691,0.9652650822669104,0.9218316006666138,6017,0.8697433936210898,0.9647058823529412,0.9761904761904762,0.9704142011834319,84,0.9879351527163694,0.990990990990991,0.9243697478991597,0.9565217391304348,119,0.962131312085627,0.9696969696969697,0.9142857142857143,0.9411764705882354,35,0.9570897729513292,0.0,0.0,0.0,5,0.5,1.0,0.5,0.6666666666666666,2,0.75,0.9252566735112936,0.7058270676691729,0.8007819441976186,3192,0.838381435463459,0.8986830313458163,0.8764544108313941,0.8813594348159156,9454,0.8614700510299471,18774.840030431747
