Rep.,Kfold,Num. Vars.,Precision-Background,Recall-Background,F1_score_Background,Num. Obs. Background,AUC_Background,Precision-DoS,Recall-DoS,F1_score_DoS,Num. Obs. Dos,AUC_DoS,Precision-Botnet,Recall-Botnet,F1_score_Botnet,Num. Obs. Botnet,AUC_Botnet,Precision-Scan,Recall-Scan,F1_score_Scan,Num. Obs. Scan,AUC_Scan,Precision-SSHscan,Recall-SSHscan,F1_score_SSHscan,Num. Obs. SSHscan,AUC_SSHscan,Precision-UDPscan,Recall-UDPscan,F1_score_UDPscan,Num. Obs. UDPscan,AUC_UDPscan,Precision-Spam,Recall-Spam,F1_score_Spam,Num. Obs. Spam,AUC_Spam,Precision-w,Recall-w,F1_score_w,Total Obs.,AUC_w,Time
19,3,89,0.9018967661691543,0.9639415088069127,0.9318875502008033,6018,0.8901755841968808,0.9696969696969697,0.7619047619047619,0.8533333333333334,84,0.8808456687551768,0.9823008849557522,0.9327731092436975,0.9568965517241379,119,0.966279442368207,1.0,0.9428571428571428,0.9705882352941176,35,0.9714285714285714,0.0,0.0,0.0,5,0.5,1.0,0.5,0.6666666666666666,2,0.75,0.9269456681350955,0.7910401002506265,0.8536173089925626,3192,0.8796330949919907,0.9118745280018483,0.9026969857218403,0.9046748110667893,9455,0.8875561919332114,22957.61167693138
