Rep.,Kfold,Num. Vars.,Precision-Background,Recall-Background,F1_score_Background,Num. Obs. Background,AUC_Background,Precision-DoS,Recall-DoS,F1_score_DoS,Num. Obs. Dos,AUC_DoS,Precision-Botnet,Recall-Botnet,F1_score_Botnet,Num. Obs. Botnet,AUC_Botnet,Precision-Scan,Recall-Scan,F1_score_Scan,Num. Obs. Scan,AUC_Scan,Precision-SSHscan,Recall-SSHscan,F1_score_SSHscan,Num. Obs. SSHscan,AUC_SSHscan,Precision-UDPscan,Recall-UDPscan,F1_score_UDPscan,Num. Obs. UDPscan,AUC_UDPscan,Precision-Spam,Recall-Spam,F1_score_Spam,Num. Obs. Spam,AUC_Spam,Precision-w,Recall-w,F1_score_w,Total Obs.,AUC_w,Time
19,5,82,0.8796338672768879,0.9581256231306082,0.9172035313767597,6018,0.8642490746619281,0.9743589743589743,0.9156626506024096,0.9440993788819876,83,0.9577246131040006,0.9655172413793104,0.9411764705882353,0.9531914893617022,119,0.9703739878383062,0.9166666666666666,0.9428571428571428,0.9295774647887323,35,0.9712693188539882,0.0,0.0,0.0,6,0.5,0.0,0.0,0.0,2,0.4999471011426153,0.9130617387652247,0.6812911313068004,0.7803302225412778,3191,0.8241199389569289,0.8922221601016933,0.8632324941823567,0.8709635962453364,9454,0.8529487650020741,22590.254802942276
