Rep.,Kfold,Num. Vars.,Precision-Background,Recall-Background,F1_score_Background,Num. Obs. Background,AUC_Background,Precision-DoS,Recall-DoS,F1_score_DoS,Num. Obs. Dos,AUC_DoS,Precision-Botnet,Recall-Botnet,F1_score_Botnet,Num. Obs. Botnet,AUC_Botnet,Precision-Scan,Recall-Scan,F1_score_Scan,Num. Obs. Scan,AUC_Scan,Precision-SSHscan,Recall-SSHscan,F1_score_SSHscan,Num. Obs. SSHscan,AUC_SSHscan,Precision-UDPscan,Recall-UDPscan,F1_score_UDPscan,Num. Obs. UDPscan,AUC_UDPscan,Precision-Spam,Recall-Spam,F1_score_Spam,Num. Obs. Spam,AUC_Spam,Precision-w,Recall-w,F1_score_w,Total Obs.,AUC_w,Time
15,1,79,0.8909062932758886,0.9619538129257351,0.925067902220802,6019,0.8778346312228326,0.9487179487179487,0.8809523809523809,0.9135802469135802,84,0.940262788854338,0.9736842105263158,0.9327731092436975,0.9527896995708156,119,0.9662259034490952,0.8918918918918919,0.9428571428571428,0.9166666666666667,35,0.9712162797397911,0.0,0.0,0.0,5,0.5,0.0,0.0,0.0,2,0.5,0.9162523900573614,0.7506265664160401,0.8252109522989496,3192,0.8578324402961426,0.9003616278819613,0.8887478849407784,0.8908907689856446,9456,0.8728154950635169,21685.910103797913
