Rep.,Kfold,Num. Vars.,Precision-Background,Recall-Background,F1_score_Background,Num. Obs. Background,AUC_Background,Precision-DoS,Recall-DoS,F1_score_DoS,Num. Obs. Dos,AUC_DoS,Precision-Botnet,Recall-Botnet,F1_score_Botnet,Num. Obs. Botnet,AUC_Botnet,Precision-Scan,Recall-Scan,F1_score_Scan,Num. Obs. Scan,AUC_Scan,Precision-SSHscan,Recall-SSHscan,F1_score_SSHscan,Num. Obs. SSHscan,AUC_SSHscan,Precision-UDPscan,Recall-UDPscan,F1_score_UDPscan,Num. Obs. UDPscan,AUC_UDPscan,Precision-Spam,Recall-Spam,F1_score_Spam,Num. Obs. Spam,AUC_Spam,Precision-w,Recall-w,F1_score_w,Total Obs.,AUC_w,Time
19,2,86,0.8902155372926035,0.9541299650988865,0.9210652976094978,6017,0.8740082139904913,0.975609756097561,0.963855421686747,0.9696969696969697,83,0.9818209758663216,0.9900990099009901,0.847457627118644,0.91324200913242,118,0.9236752459570079,1.0,0.8857142857142857,0.9393939393939393,35,0.9428571428571428,0.0,0.0,0.0,5,0.5,0.0,0.0,0.0,2,0.5,0.9126063418406806,0.7393483709273183,0.8168916580131534,3192,0.8516230672527965,0.8995211197597823,0.8793906051629284,0.8856003239034697,9452,0.867993342601729,23405.198472499847
