Rep.,Kfold,Num. Vars.,Precision-Background,Recall-Background,F1_score_Background,Num. Obs. Background,AUC_Background,Precision-DoS,Recall-DoS,F1_score_DoS,Num. Obs. Dos,AUC_DoS,Precision-Botnet,Recall-Botnet,F1_score_Botnet,Num. Obs. Botnet,AUC_Botnet,Precision-Scan,Recall-Scan,F1_score_Scan,Num. Obs. Scan,AUC_Scan,Precision-SSHscan,Recall-SSHscan,F1_score_SSHscan,Num. Obs. SSHscan,AUC_SSHscan,Precision-UDPscan,Recall-UDPscan,F1_score_UDPscan,Num. Obs. UDPscan,AUC_UDPscan,Precision-Spam,Recall-Spam,F1_score_Spam,Num. Obs. Spam,AUC_Spam,Precision-w,Recall-w,F1_score_w,Total Obs.,AUC_w,Time
18,4,88,0.8724211165048543,0.9556331006979063,0.9121332275971452,6018,0.8554002475833054,1.0,0.7710843373493976,0.870748299319728,83,0.8855421686746988,0.9649122807017544,0.9243697478991597,0.944206008583691,119,0.9619706035403234,0.8918918918918919,0.9428571428571428,0.9166666666666667,35,0.9712162121166156,0.0,0.0,0.0,5,0.5,0.0,0.0,0.0,2,0.5,0.9070675517376025,0.727984957693513,0.8077190542420027,3191,0.8449889655922054,0.8858271040241857,0.876018195281921,0.8762684039949412,9453,0.8536576270397165,20071.150494337082
