Rep.,Kfold,Num. Vars.,Precision-Background,Recall-Background,F1_score_Background,Num. Obs. Background,AUC_Background,Precision-DoS,Recall-DoS,F1_score_DoS,Num. Obs. Dos,AUC_DoS,Precision-Botnet,Recall-Botnet,F1_score_Botnet,Num. Obs. Botnet,AUC_Botnet,Precision-Scan,Recall-Scan,F1_score_Scan,Num. Obs. Scan,AUC_Scan,Precision-SSHscan,Recall-SSHscan,F1_score_SSHscan,Num. Obs. SSHscan,AUC_SSHscan,Precision-UDPscan,Recall-UDPscan,F1_score_UDPscan,Num. Obs. UDPscan,AUC_UDPscan,Precision-Spam,Recall-Spam,F1_score_Spam,Num. Obs. Spam,AUC_Spam,Precision-w,Recall-w,F1_score_w,Total Obs.,AUC_w,Time
16,2,82,0.873354516568316,0.9592820342363304,0.9143038175194045,6017,0.8579132684270658,0.9864864864864865,0.8690476190476191,0.9240506329113924,84,0.9344704534252075,0.9826086956521739,0.9495798319327731,0.9658119658119659,119,0.9746828037127448,0.9142857142857143,0.9142857142857143,0.9142857142857143,35,0.9569836214740672,0.0,0.0,0.0,5,0.5,0.0,0.0,0.0,2,0.5,0.9150871872630781,0.7560288130284999,0.8279883381924199,3193,0.8601287469805545,0.8893329259407762,0.888841882601798,0.8852125553631766,9455,0.8609130009218078,20764.239645957947
