Rep.,Kfold,Num. Vars.,Precision-Background,Recall-Background,F1_score_Background,Num. Obs. Background,AUC_Background,Precision-DoS,Recall-DoS,F1_score_DoS,Num. Obs. Dos,AUC_DoS,Precision-Botnet,Recall-Botnet,F1_score_Botnet,Num. Obs. Botnet,AUC_Botnet,Precision-Scan,Recall-Scan,F1_score_Scan,Num. Obs. Scan,AUC_Scan,Precision-SSHscan,Recall-SSHscan,F1_score_SSHscan,Num. Obs. SSHscan,AUC_SSHscan,Precision-UDPscan,Recall-UDPscan,F1_score_UDPscan,Num. Obs. UDPscan,AUC_UDPscan,Precision-Spam,Recall-Spam,F1_score_Spam,Num. Obs. Spam,AUC_Spam,Precision-w,Recall-w,F1_score_w,Total Obs.,AUC_w,Time
12,4,83,0.8902513795217658,0.9651046859421735,0.9261680752671027,6018,0.8783917377921517,0.9743589743589743,0.9047619047619048,0.9382716049382716,84,0.9522742401837482,0.9818181818181818,0.907563025210084,0.9432314410480349,119,0.9536744003514003,0.9428571428571428,0.9428571428571428,0.9428571428571428,35,0.9713224143160449,0.0,0.0,0.0,5,0.5,1.0,1.0,1.0,1,1.0,0.9249720044792833,0.7760726589414344,0.8440054495912807,3193,0.8719871439069996,0.9036119439182292,0.8994182971972501,0.8983234514861886,9455,0.8779895296506116,21472.179568052292
