Rep.,Kfold,Num. Vars.,Precision-Background,Recall-Background,F1_score_Background,Num. Obs. Background,AUC_Background,Precision-DoS,Recall-DoS,F1_score_DoS,Num. Obs. Dos,AUC_DoS,Precision-Botnet,Recall-Botnet,F1_score_Botnet,Num. Obs. Botnet,AUC_Botnet,Precision-Scan,Recall-Scan,F1_score_Scan,Num. Obs. Scan,AUC_Scan,Precision-SSHscan,Recall-SSHscan,F1_score_SSHscan,Num. Obs. SSHscan,AUC_SSHscan,Precision-UDPscan,Recall-UDPscan,F1_score_UDPscan,Num. Obs. UDPscan,AUC_UDPscan,Precision-Spam,Recall-Spam,F1_score_Spam,Num. Obs. Spam,AUC_Spam,Precision-w,Recall-w,F1_score_w,Total Obs.,AUC_w,Time
16,5,76,0.8886658431130328,0.9562977733466268,0.921242196254202,6018,0.8732303767780865,0.9871794871794872,0.927710843373494,0.9565217391304347,83,0.9638020655881449,0.9823008849557522,0.9327731092436975,0.9568965517241379,119,0.9662794308939431,0.868421052631579,0.9428571428571428,0.904109589041096,35,0.9711631504709326,0.0,0.0,0.0,5,0.5,0.0,0.0,0.0,2,0.5,0.9090231170768084,0.7637844611528822,0.8300987402110999,3192,0.8624096371558088,0.8968497221441867,0.8899936534800085,0.8904819701111756,9454,0.871629522238052,24264.720227956772
