Rep.,Kfold,Num. Vars.,Precision-Background,Recall-Background,F1_score_Background,Num. Obs. Background,AUC_Background,Precision-DoS,Recall-DoS,F1_score_DoS,Num. Obs. Dos,AUC_DoS,Precision-Botnet,Recall-Botnet,F1_score_Botnet,Num. Obs. Botnet,AUC_Botnet,Precision-Scan,Recall-Scan,F1_score_Scan,Num. Obs. Scan,AUC_Scan,Precision-SSHscan,Recall-SSHscan,F1_score_SSHscan,Num. Obs. SSHscan,AUC_SSHscan,Precision-UDPscan,Recall-UDPscan,F1_score_UDPscan,Num. Obs. UDPscan,AUC_UDPscan,Precision-Spam,Recall-Spam,F1_score_Spam,Num. Obs. Spam,AUC_Spam,Precision-w,Recall-w,F1_score_w,Total Obs.,AUC_w,Time
10,2,88,0.8837953091684435,0.9642738451312729,0.9222822631913542,6018,0.8711066548124351,1.0,0.927710843373494,0.9625,83,0.963855421686747,0.9636363636363636,0.8907563025210085,0.9257641921397379,119,0.9451639038046927,0.918918918918919,0.9714285714285714,0.9444444444444445,35,0.9855550331397025,0.0,0.0,0.0,5,0.5,1.0,0.5,0.6666666666666666,2,0.75,0.9223689475790317,0.7221177944862155,0.8100509576524336,3192,0.845568638539818,0.8985314936199336,0.8806854241590861,0.8843261735208013,9454,0.8644323961913456,22631.383229494095
