Rep.,Kfold,Num. Vars.,Precision-Background,Recall-Background,F1_score_Background,Num. Obs. Background,AUC_Background,Precision-DoS,Recall-DoS,F1_score_DoS,Num. Obs. Dos,AUC_DoS,Precision-Botnet,Recall-Botnet,F1_score_Botnet,Num. Obs. Botnet,AUC_Botnet,Precision-Scan,Recall-Scan,F1_score_Scan,Num. Obs. Scan,AUC_Scan,Precision-SSHscan,Recall-SSHscan,F1_score_SSHscan,Num. Obs. SSHscan,AUC_SSHscan,Precision-UDPscan,Recall-UDPscan,F1_score_UDPscan,Num. Obs. UDPscan,AUC_UDPscan,Precision-Spam,Recall-Spam,F1_score_Spam,Num. Obs. Spam,AUC_Spam,Precision-w,Recall-w,F1_score_w,Total Obs.,AUC_w,Time
15,4,83,0.8510917030567685,0.9717467176333721,0.9074260883060449,6017,0.8370517120316993,0.974025974025974,0.9036144578313253,0.9375,83,0.9517005167184586,0.9649122807017544,0.9243697478991597,0.944206008583691,119,0.9619706264937684,0.9444444444444444,0.9714285714285714,0.9577464788732395,35,0.9856081173312302,0.0,0.0,0.0,5,0.5,0.0,0.0,0.0,2,0.5,0.9316109422492401,0.7679298465393047,0.8418884120171674,3193,0.86959022274258,0.8805137284427353,0.9009942881320077,0.8855327495970288,9454,0.8509206329658109,22165.50317621231
