Rep.,Kfold,Num. Vars.,Precision-Background,Recall-Background,F1_score_Background,Num. Obs. Background,AUC_Background,Precision-DoS,Recall-DoS,F1_score_DoS,Num. Obs. Dos,AUC_DoS,Precision-Botnet,Recall-Botnet,F1_score_Botnet,Num. Obs. Botnet,AUC_Botnet,Precision-Scan,Recall-Scan,F1_score_Scan,Num. Obs. Scan,AUC_Scan,Precision-SSHscan,Recall-SSHscan,F1_score_SSHscan,Num. Obs. SSHscan,AUC_SSHscan,Precision-UDPscan,Recall-UDPscan,F1_score_UDPscan,Num. Obs. UDPscan,AUC_UDPscan,Precision-Spam,Recall-Spam,F1_score_Spam,Num. Obs. Spam,AUC_Spam,Precision-w,Recall-w,F1_score_w,Total Obs.,AUC_w,Time
20,2,87,0.8679357525282569,0.9699185640684727,0.916097637548073,6017,0.8557392587513493,0.958904109589041,0.8333333333333334,0.89171974522293,84,0.9165065642010888,0.9724770642201835,0.8907563025210085,0.9298245614035089,119,0.9452174484535618,0.918918918918919,0.9714285714285714,0.9444444444444445,35,0.9855550162303189,0.0,0.0,0.0,5,0.5,0.0,0.0,0.0,2,0.5,0.9310861423220974,0.7790661234722658,0.8483193994198942,3191,0.8748412699763117,0.8909235355043033,0.902570612503967,0.8926008490042249,9453,0.8640710320245643,23496.42877292633
