Rep.,Kfold,Num. Vars.,Precision-Background,Recall-Background,F1_score_Background,Num. Obs. Background,AUC_Background,Precision-DoS,Recall-DoS,F1_score_DoS,Num. Obs. Dos,AUC_DoS,Precision-Botnet,Recall-Botnet,F1_score_Botnet,Num. Obs. Botnet,AUC_Botnet,Precision-Scan,Recall-Scan,F1_score_Scan,Num. Obs. Scan,AUC_Scan,Precision-SSHscan,Recall-SSHscan,F1_score_SSHscan,Num. Obs. SSHscan,AUC_SSHscan,Precision-UDPscan,Recall-UDPscan,F1_score_UDPscan,Num. Obs. UDPscan,AUC_UDPscan,Precision-Spam,Recall-Spam,F1_score_Spam,Num. Obs. Spam,AUC_Spam,Precision-w,Recall-w,F1_score_w,Total Obs.,AUC_w,Time
2,5,86,0.8995646766169154,0.9616087751371115,0.9295525745039762,6017,0.8867723642788905,1.0,0.9156626506024096,0.9559748427672956,83,0.9578313253012047,0.9736842105263158,0.9327731092436975,0.9527896995708156,119,0.9662258345961334,0.9705882352941176,0.9428571428571428,0.9565217391304348,35,0.9713754759629242,0.0,0.0,0.0,5,0.5,0.0,0.0,0.0,2,0.5,0.9239296636085627,0.7574428078972109,0.8324436025486481,3191,0.8628293739214532,0.9092022032444803,0.8911341515023276,0.8967045623774161,9452,0.8803403368625776,21161.37890100479
