Rep.,Kfold,Num. Vars.,Precision-Background,Recall-Background,F1_score_Background,Num. Obs. Background,AUC_Background,Precision-DoS,Recall-DoS,F1_score_DoS,Num. Obs. Dos,AUC_DoS,Precision-Botnet,Recall-Botnet,F1_score_Botnet,Num. Obs. Botnet,AUC_Botnet,Precision-Scan,Recall-Scan,F1_score_Scan,Num. Obs. Scan,AUC_Scan,Precision-SSHscan,Recall-SSHscan,F1_score_SSHscan,Num. Obs. SSHscan,AUC_SSHscan,Precision-UDPscan,Recall-UDPscan,F1_score_UDPscan,Num. Obs. UDPscan,AUC_UDPscan,Precision-Spam,Recall-Spam,F1_score_Spam,Num. Obs. Spam,AUC_Spam,Precision-w,Recall-w,F1_score_w,Total Obs.,AUC_w,Time
4,3,84,0.8913515189088654,0.9554743312842665,0.9222997353860958,6019,0.875729016631656,0.9873417721518988,0.9397590361445783,0.962962962962963,83,0.9698261676668262,0.9739130434782609,0.9411764705882353,0.9572649572649573,119,0.9704275669136548,0.9166666666666666,0.9428571428571428,0.9295774647887323,35,0.9712693357597816,0.0,0.0,0.0,6,0.5,0.0,0.0,0.0,1,0.49994711233340383,0.9146688338073954,0.7052005012531328,0.7963912966566424,3192,0.8358351220939142,0.900538980689743,0.8699101004759386,0.8799342986065547,9455,0.8643542556396308,19585.647545337677
