Rep.,Kfold,Num. Vars.,Precision-Background,Recall-Background,F1_score_Background,Num. Obs. Background,AUC_Background,Precision-DoS,Recall-DoS,F1_score_DoS,Num. Obs. Dos,AUC_DoS,Precision-Botnet,Recall-Botnet,F1_score_Botnet,Num. Obs. Botnet,AUC_Botnet,Precision-Scan,Recall-Scan,F1_score_Scan,Num. Obs. Scan,AUC_Scan,Precision-SSHscan,Recall-SSHscan,F1_score_SSHscan,Num. Obs. SSHscan,AUC_SSHscan,Precision-UDPscan,Recall-UDPscan,F1_score_UDPscan,Num. Obs. UDPscan,AUC_UDPscan,Precision-Spam,Recall-Spam,F1_score_Spam,Num. Obs. Spam,AUC_Spam,Precision-w,Recall-w,F1_score_w,Total Obs.,AUC_w,Time
5,5,77,0.8871214438666258,0.9639355160378926,0.9239346873755476,6017,0.8745754413716821,0.9230769230769231,0.8674698795180723,0.8944099378881989,83,0.9334147690012988,0.9732142857142857,0.9159663865546218,0.9437229437229437,119,0.9578224904703685,0.9090909090909091,0.8571428571428571,0.8823529411764706,35,0.9284121590874617,0.0,0.0,0.0,5,0.5,1.0,0.5,0.6666666666666666,2,0.75,0.9190774042220484,0.7365288220551378,0.8177391304347826,3192,0.8517335054214358,0.8989475159690928,0.8846926901512747,0.8873683549887609,9453,0.8684018309319556,20990.284185647964
