Rep.,Kfold,Num. Vars.,Precision-Background,Recall-Background,F1_score_Background,Num. Obs. Background,AUC_Background,Precision-DoS,Recall-DoS,F1_score_DoS,Num. Obs. Dos,AUC_DoS,Precision-Botnet,Recall-Botnet,F1_score_Botnet,Num. Obs. Botnet,AUC_Botnet,Precision-Scan,Recall-Scan,F1_score_Scan,Num. Obs. Scan,AUC_Scan,Precision-SSHscan,Recall-SSHscan,F1_score_SSHscan,Num. Obs. SSHscan,AUC_SSHscan,Precision-UDPscan,Recall-UDPscan,F1_score_UDPscan,Num. Obs. UDPscan,AUC_UDPscan,Precision-Spam,Recall-Spam,F1_score_Spam,Num. Obs. Spam,AUC_Spam,Precision-w,Recall-w,F1_score_w,Total Obs.,AUC_w,Time
7,3,88,0.8991282689912827,0.9596278451570028,0.928393474242546,6019,0.885490778473698,0.9466666666666667,0.8554216867469879,0.8987341772151898,83,0.9274974189790857,0.9824561403508771,0.9411764705882353,0.9613733905579399,119,0.970481111566212,0.9393939393939394,0.8857142857142857,0.9117647058823529,35,0.9427509744740873,0.0,0.0,0.0,5,0.5,0.0,0.0,0.0,2,0.5,0.9201240791004265,0.7436540269507991,0.822530329289428,3191,0.8553812207243219,0.9071645218301108,0.8845991114872012,0.8920673510809802,9454,0.8766930709882309,20984.094893455505
