Rep.,Kfold,Num. Vars.,Precision-Background,Recall-Background,F1_score_Background,Num. Obs. Background,AUC_Background,Precision-DoS,Recall-DoS,F1_score_DoS,Num. Obs. Dos,AUC_DoS,Precision-Botnet,Recall-Botnet,F1_score_Botnet,Num. Obs. Botnet,AUC_Botnet,Precision-Scan,Recall-Scan,F1_score_Scan,Num. Obs. Scan,AUC_Scan,Precision-SSHscan,Recall-SSHscan,F1_score_SSHscan,Num. Obs. SSHscan,AUC_SSHscan,Precision-UDPscan,Recall-UDPscan,F1_score_UDPscan,Num. Obs. UDPscan,AUC_UDPscan,Precision-Spam,Recall-Spam,F1_score_Spam,Num. Obs. Spam,AUC_Spam,Precision-w,Recall-w,F1_score_w,Total Obs.,AUC_w,Time
7,2,80,0.8894059252365442,0.952966594648496,0.9200898587933249,6017,0.8727289317829209,0.9753086419753086,0.9518072289156626,0.9634146341463414,83,0.9757968908719188,0.9912280701754386,0.9576271186440678,0.9741379310344828,118,0.9787599974580811,0.8787878787878788,0.8285714285714286,0.8529411764705883,35,0.9140733549737585,0.0,0.0,0.0,6,0.5,1.0,0.5,0.6666666666666666,2,0.75,0.8999274836838289,0.7775689223057645,0.8342857142857144,3192,0.866743253678038,0.8944035846175074,0.8926266793610494,0.8912851629499052,9453,0.8728268102554358,22334.36596608162
