Rep.,Kfold,Num. Vars.,Precision-Background,Recall-Background,F1_score_Background,Num. Obs. Background,AUC_Background,Precision-DoS,Recall-DoS,F1_score_DoS,Num. Obs. Dos,AUC_DoS,Precision-Botnet,Recall-Botnet,F1_score_Botnet,Num. Obs. Botnet,AUC_Botnet,Precision-Scan,Recall-Scan,F1_score_Scan,Num. Obs. Scan,AUC_Scan,Precision-SSHscan,Recall-SSHscan,F1_score_SSHscan,Num. Obs. SSHscan,AUC_SSHscan,Precision-UDPscan,Recall-UDPscan,F1_score_UDPscan,Num. Obs. UDPscan,AUC_UDPscan,Precision-Spam,Recall-Spam,F1_score_Spam,Num. Obs. Spam,AUC_Spam,Precision-w,Recall-w,F1_score_w,Total Obs.,AUC_w,Time
8,4,84,0.8940070867354799,0.9644341033737743,0.9278861528621684,6017,0.8821297662635528,0.9875,0.9518072289156626,0.9693251533742331,83,0.9758502583592291,0.9819819819819819,0.9159663865546218,0.9478260869565216,119,0.9578760695494051,0.9696969696969697,0.9142857142857143,0.9411764705882354,35,0.9570897729513292,0.0,0.0,0.0,5,0.5,0.0,0.0,0.0,2,0.5,0.9268849961919269,0.7622925148762919,0.8365698573638082,3193,0.865813243542602,0.9066577304340442,0.8945419928072773,0.8970218960104487,9454,0.8783898303377212,21424.203721761703
