{"C": 2.436905157746984, "gamma": 0.12626537034068075}