{"C": 2.158286451905826, "gamma": 0.12639534849795528}