{"C": 4.942817566125114, "gamma": 0.12513854269953267}