{"C": 3.131362750305316, "gamma": 0.12526259383455698}