{"C": 3.9310490810224628, "gamma": 0.12524855727423165}