{"C": 4.942797247809067, "gamma": 0.12514403808133595}