{"C": 32.84375369015288, "gamma": 0.12521980015824424}