{"C": 4.276950593145844, "gamma": 0.12500341950705227}