{"C": 31.633924767946905, "gamma": 0.125283981522147}