{"C": 1.664048398906108, "gamma": 0.12510363953024264}