{"C": 3.056736174104654, "gamma": 0.12517451011647499}