{"C": 1.6557270148373182, "gamma": 0.12639116326805816}