{"C": 1.4409481413249015, "gamma": 0.12523459340521576}