{"C": 1.2278535100092256, "gamma": 0.12627481988105552}