{"C": 2.0162660763419136, "gamma": 0.125787340910692}