{"C": 2.36133220948545, "gamma": 0.1250512860593214}