Rep,Kfold,Num_Vars_,Precision_background,Recall_background,F1_score_background,Num_Obs_background,AUC_background,Accuracy_background,Precision_dos,Recall_dos,F1_score_dos,Num_Obs_dos,AUC_dos,Accuracy_dos,Precision_scan,Recall_scan,F1_score_scan,Num_Obs_scan,AUC_scan,Accuracy_scan,Precision_w,Recall_w,F1_score_w,Total_Obs,AUC_w,Accuracy_w,Hyper_time,Training_time,Testing_time,Total_time
1.0,1.0,52.0,0.9829330916779943,0.5574781565872879,0.711451216179284,11674.0,0.6319858315403972,0.5622356745998839,0.007271577616187164,0.08812260536398467,0.013434579439252336,261.0,0.41098790041042094,0.7198772700887304,0.013634732687477575,0.3064516129032258,0.026107866712469945,124.0,0.5380603267700041,0.7649058794261547,0.9518491998391224,0.5447383696823949,0.689296400894183,12059.0,0.6262368289185833,0.5677316163712618,0.0,3.4005980491638184,0.028760910034179688,4.875495910644531
