Rep.,Kfold,Num. Vars.,Precision-Background,Recall-Background,F1_score_Background,Num. Obs. Background,AUC_Background,Precision-DoS,Recall-DoS,F1_score_DoS,Num. Obs. Dos,AUC_DoS,Precision-Botnet,Recall-Botnet,F1_score_Botnet,Num. Obs. Botnet,AUC_Botnet,Precision-Scan,Recall-Scan,F1_score_Scan,Num. Obs. Scan,AUC_Scan,Precision-SSHscan,Recall-SSHscan,F1_score_SSHscan,Num. Obs. SSHscan,AUC_SSHscan,Precision-UDPscan,Recall-UDPscan,F1_score_UDPscan,Num. Obs. UDPscan,AUC_UDPscan,Precision-Spam,Recall-Spam,F1_score_Spam,Num. Obs. Spam,AUC_Spam,Precision-w,Recall-w,F1_score_w,Total Obs.,AUC_w,Time
9,3,89,0.8228030458942169,0.8916146297948261,0.8558278925398695,4484,0.8237835053736035,0.9464285714285714,0.7969924812030075,0.8653061224489796,133,0.8981154816219379,0.9714285714285714,0.9026548672566371,0.9357798165137614,113,0.9511375361729445,0.9636363636363636,0.8412698412698413,0.8983050847457628,63,0.9205091186472493,0.0,0.0,0.0,19,0.5,1.0,0.5,0.6666666666666666,6,0.75,0.8450959102424901,0.7310582341891045,0.783951653516871,3194,0.8211123466503846,0.8351273982257491,0.8233899151273091,0.8266220550889184,8012,0.8256862267117577,24753.8883497715
