Rep.,Kfold,Num. Vars.,Precision-Background,Recall-Background,F1_score_Background,Num. Obs. Background,AUC_Background,Precision-DoS,Recall-DoS,F1_score_DoS,Num. Obs. Dos,AUC_DoS,Precision-Botnet,Recall-Botnet,F1_score_Botnet,Num. Obs. Botnet,AUC_Botnet,Precision-Scan,Recall-Scan,F1_score_Scan,Num. Obs. Scan,AUC_Scan,Precision-SSHscan,Recall-SSHscan,F1_score_SSHscan,Num. Obs. SSHscan,AUC_SSHscan,Precision-UDPscan,Recall-UDPscan,F1_score_UDPscan,Num. Obs. UDPscan,AUC_UDPscan,Precision-Spam,Recall-Spam,F1_score_Spam,Num. Obs. Spam,AUC_Spam,Precision-w,Recall-w,F1_score_w,Total Obs.,AUC_w,Time
15,4,80,0.814346851436723,0.8911685994647636,0.851027579597487,4484,0.8164743224081187,0.9056603773584906,0.7218045112781954,0.803347280334728,133,0.8602676573398211,0.970873786407767,0.8849557522123894,0.9259259259259259,113,0.9422879786508206,0.9607843137254902,0.7777777777777778,0.8596491228070176,63,0.8887630869012174,0.0,0.0,0.0,19,0.5,1.0,0.3333333333333333,0.5,6,0.6666666666666666,0.8460686600221484,0.7175954915466499,0.7765542944265628,3194,0.8155225278405727,0.830075581848536,0.8156515227159261,0.8193902640994214,8012,0.8183020506851358,24496.083043813705
