Rep.,Kfold,Num. Vars.,Precision-Background,Recall-Background,F1_score_Background,Num. Obs. Background,AUC_Background,Precision-DoS,Recall-DoS,F1_score_DoS,Num. Obs. Dos,AUC_DoS,Precision-Botnet,Recall-Botnet,F1_score_Botnet,Num. Obs. Botnet,AUC_Botnet,Precision-Scan,Recall-Scan,F1_score_Scan,Num. Obs. Scan,AUC_Scan,Precision-SSHscan,Recall-SSHscan,F1_score_SSHscan,Num. Obs. SSHscan,AUC_SSHscan,Precision-UDPscan,Recall-UDPscan,F1_score_UDPscan,Num. Obs. UDPscan,AUC_UDPscan,Precision-Spam,Recall-Spam,F1_score_Spam,Num. Obs. Spam,AUC_Spam,Precision-w,Recall-w,F1_score_w,Total Obs.,AUC_w,Time
9,2,90,0.8140394088669951,0.8844781445138269,0.8477982043608381,4484,0.8138740963430567,0.9827586206896551,0.8571428571428571,0.9156626506024097,133,0.9284445250181291,0.970873786407767,0.8849557522123894,0.9259259259259259,113,0.9422880026884731,0.9622641509433962,0.796875,0.8717948717948717,64,0.8983116980123286,0.0,0.0,0.0,19,0.5,1.0,0.8333333333333334,0.9090909090909091,6,0.9166666666666667,0.8336964415395788,0.7188478396994364,0.7720242098184263,3194,0.8119036874363544,0.8262797558608761,0.8151753400723823,0.8180500004896067,8013,0.8168083664642432,29039.92506837845
