Rep.,Kfold,Num. Vars.,Precision-Background,Recall-Background,F1_score_Background,Num. Obs. Background,AUC_Background,Precision-DoS,Recall-DoS,F1_score_DoS,Num. Obs. Dos,AUC_DoS,Precision-Botnet,Recall-Botnet,F1_score_Botnet,Num. Obs. Botnet,AUC_Botnet,Precision-Scan,Recall-Scan,F1_score_Scan,Num. Obs. Scan,AUC_Scan,Precision-SSHscan,Recall-SSHscan,F1_score_SSHscan,Num. Obs. SSHscan,AUC_SSHscan,Precision-UDPscan,Recall-UDPscan,F1_score_UDPscan,Num. Obs. UDPscan,AUC_UDPscan,Precision-Spam,Recall-Spam,F1_score_Spam,Num. Obs. Spam,AUC_Spam,Precision-w,Recall-w,F1_score_w,Total Obs.,AUC_w,Time
4,5,87,0.8114285714285714,0.8867082961641392,0.8473998294970162,1121,0.812550071071877,0.9333333333333333,0.8235294117647058,0.8749999999999999,34,0.911257091669155,0.8928571428571429,0.8928571428571429,0.8928571428571429,28,0.9456694621168306,0.8666666666666667,0.8125,0.8387096774193549,16,0.9057469818913482,0.0,0.0,0.0,5,0.5,0.0,0.0,0.0,1,0.5,0.8280346820809249,0.7171464330413017,0.7686116700201208,799,0.809195623159655,0.8192670357056325,0.814870259481038,0.8144836766721264,2004,0.8145555740231649,24898.635332345963
