Rep.,Kfold,Num. Vars.,Precision-Background,Recall-Background,F1_score_Background,Num. Obs. Background,AUC_Background,Precision-DoS,Recall-DoS,F1_score_DoS,Num. Obs. Dos,AUC_DoS,Precision-Botnet,Recall-Botnet,F1_score_Botnet,Num. Obs. Botnet,AUC_Botnet,Precision-Scan,Recall-Scan,F1_score_Scan,Num. Obs. Scan,AUC_Scan,Precision-SSHscan,Recall-SSHscan,F1_score_SSHscan,Num. Obs. SSHscan,AUC_SSHscan,Precision-UDPscan,Recall-UDPscan,F1_score_UDPscan,Num. Obs. UDPscan,AUC_UDPscan,Precision-Spam,Recall-Spam,F1_score_Spam,Num. Obs. Spam,AUC_Spam,Precision-w,Recall-w,F1_score_w,Total Obs.,AUC_w,Time
20,1,68,0.8154471544715447,0.8947368421052632,0.8532539344959591,4484,0.8186836137963959,0.912621359223301,0.7121212121212122,0.8,132,0.8554895400707583,0.9803921568627451,0.8849557522123894,0.9302325581395348,113,0.942351277802612,0.9615384615384616,0.7936507936507936,0.8695652173913043,63,0.8966995948377253,0.0,0.0,0.0,20,0.5,1.0,0.3333333333333333,0.5,6,0.6666666666666666,0.8425858290723156,0.7222917971195992,0.7778152393796359,3194,0.8164177956125186,0.8294447622225751,0.8193959061407888,0.8211222422146602,8012,0.8198350164260154,21256.725332975388
