Rep.,Kfold,Num. Vars.,Precision-Background,Recall-Background,F1_score_Background,Num. Obs. Background,AUC_Background,Precision-DoS,Recall-DoS,F1_score_DoS,Num. Obs. Dos,AUC_DoS,Precision-Botnet,Recall-Botnet,F1_score_Botnet,Num. Obs. Botnet,AUC_Botnet,Precision-Scan,Recall-Scan,F1_score_Scan,Num. Obs. Scan,AUC_Scan,Precision-SSHscan,Recall-SSHscan,F1_score_SSHscan,Num. Obs. SSHscan,AUC_SSHscan,Precision-UDPscan,Recall-UDPscan,F1_score_UDPscan,Num. Obs. UDPscan,AUC_UDPscan,Precision-Spam,Recall-Spam,F1_score_Spam,Num. Obs. Spam,AUC_Spam,Precision-w,Recall-w,F1_score_w,Total Obs.,AUC_w,Time
1,2,91,0.8222768222768223,0.8956289027653881,0.8573868488471393,4484,0.8247637000359405,0.9174311926605505,0.7518796992481203,0.8264462809917356,133,0.8753686386568096,0.9900990099009901,0.8928571428571429,0.9389671361502347,112,0.94636527227678,0.9807692307692307,0.8095238095238095,0.8869565217391304,63,0.9046989958540035,0.0,0.0,0.0,19,0.5,1.0,0.5,0.6666666666666666,6,0.75,0.8486842105263158,0.7269881026925485,0.7831365935919057,3194,0.8205212466960772,0.8361608461841904,0.8228685557358631,0.8264662146615169,8011,0.8254148382328779,36061.51732420921
