Rep.,Kfold,Num. Vars.,Precision-Background,Recall-Background,F1_score_Background,Num. Obs. Background,AUC_Background,Precision-DoS,Recall-DoS,F1_score_DoS,Num. Obs. Dos,AUC_DoS,Precision-Botnet,Recall-Botnet,F1_score_Botnet,Num. Obs. Botnet,AUC_Botnet,Precision-Scan,Recall-Scan,F1_score_Scan,Num. Obs. Scan,AUC_Scan,Precision-SSHscan,Recall-SSHscan,F1_score_SSHscan,Num. Obs. SSHscan,AUC_SSHscan,Precision-UDPscan,Recall-UDPscan,F1_score_UDPscan,Num. Obs. UDPscan,AUC_UDPscan,Precision-Spam,Recall-Spam,F1_score_Spam,Num. Obs. Spam,AUC_Spam,Precision-w,Recall-w,F1_score_w,Total Obs.,AUC_w,Time
18,3,98,0.814366424535916,0.9000892060660125,0.8550847457627119,1121,0.8195111183565024,0.9285714285714286,0.7878787878787878,0.8524590163934426,33,0.8934315219231419,1.0,0.9285714285714286,0.962962962962963,28,0.9642857142857143,0.9230769230769231,0.75,0.8275862068965517,16,0.8747482376636455,0.0,0.0,0.0,4,0.5,0.0,0.0,0.0,2,0.5,0.8290229885057471,0.7230576441102757,0.7724230254350737,798,0.812110217403975,0.8231154818403775,0.8241758241758241,0.8208187133423978,2002,0.8192882763197269,28495.079347848892
