Rep.,Kfold,Num. Vars.,Precision-Background,Recall-Background,F1_score_Background,Num. Obs. Background,AUC_Background,Precision-DoS,Recall-DoS,F1_score_DoS,Num. Obs. Dos,AUC_DoS,Precision-Botnet,Recall-Botnet,F1_score_Botnet,Num. Obs. Botnet,AUC_Botnet,Precision-Scan,Recall-Scan,F1_score_Scan,Num. Obs. Scan,AUC_Scan,Precision-SSHscan,Recall-SSHscan,F1_score_SSHscan,Num. Obs. SSHscan,AUC_SSHscan,Precision-UDPscan,Recall-UDPscan,F1_score_UDPscan,Num. Obs. UDPscan,AUC_UDPscan,Precision-Spam,Recall-Spam,F1_score_Spam,Num. Obs. Spam,AUC_Spam,Precision-w,Recall-w,F1_score_w,Total Obs.,AUC_w,Time
4,4,72,0.8101419878296146,0.8907225691347012,0.8485234756745273,4484,0.8127082233428607,0.9142857142857143,0.7218045112781954,0.8067226890756303,133,0.8603311171697489,0.970873786407767,0.8849557522123894,0.9259259259259259,113,0.9422879786508206,0.9615384615384616,0.7936507936507936,0.8695652173913043,63,0.8966995948377253,0.0,0.0,0.0,19,0.5,1.0,0.3333333333333333,0.5,6,0.6666666666666666,0.8401043607901603,0.7056981840951785,0.7670580228007488,3194,0.8083285441023838,0.8254937172656969,0.8107838242636046,0.8143371125464943,8012,0.8133898774311403,27620.116337537766
