Rep.,Kfold,Num. Vars.,Precision-Background,Recall-Background,F1_score_Background,Num. Obs. Background,AUC_Background,Precision-DoS,Recall-DoS,F1_score_DoS,Num. Obs. Dos,AUC_DoS,Precision-Botnet,Recall-Botnet,F1_score_Botnet,Num. Obs. Botnet,AUC_Botnet,Precision-Scan,Recall-Scan,F1_score_Scan,Num. Obs. Scan,AUC_Scan,Precision-SSHscan,Recall-SSHscan,F1_score_SSHscan,Num. Obs. SSHscan,AUC_SSHscan,Precision-UDPscan,Recall-UDPscan,F1_score_UDPscan,Num. Obs. UDPscan,AUC_UDPscan,Precision-Spam,Recall-Spam,F1_score_Spam,Num. Obs. Spam,AUC_Spam,Precision-w,Recall-w,F1_score_w,Total Obs.,AUC_w,Time
14,1,82,0.8218331616889805,0.8898305084745762,0.8544812078380983,4484,0.8223592893747208,0.9629629629629629,0.7819548872180451,0.8630705394190872,133,0.8907236365024236,0.9809523809523809,0.911504424778761,0.944954128440367,113,0.9556256301108995,0.9811320754716981,0.8253968253968254,0.8965517241379309,63,0.9126355196166517,0.0,0.0,0.0,19,0.5,1.0,0.42857142857142855,0.6,7,0.7142857142857143,0.8393180993833878,0.7244834063869756,0.7776844227860864,3194,0.8162778102696447,0.8328484862498863,0.8194184450268314,0.823370615150628,8013,0.8228002442469358,26234.117548704147
