Rep.,Kfold,Num. Vars.,Precision-Background,Recall-Background,F1_score_Background,Num. Obs. Background,AUC_Background,Precision-DoS,Recall-DoS,F1_score_DoS,Num. Obs. Dos,AUC_DoS,Precision-Botnet,Recall-Botnet,F1_score_Botnet,Num. Obs. Botnet,AUC_Botnet,Precision-Scan,Recall-Scan,F1_score_Scan,Num. Obs. Scan,AUC_Scan,Precision-SSHscan,Recall-SSHscan,F1_score_SSHscan,Num. Obs. SSHscan,AUC_SSHscan,Precision-UDPscan,Recall-UDPscan,F1_score_UDPscan,Num. Obs. UDPscan,AUC_UDPscan,Precision-Spam,Recall-Spam,F1_score_Spam,Num. Obs. Spam,AUC_Spam,Precision-w,Recall-w,F1_score_w,Total Obs.,AUC_w,Time
16,2,94,0.815028901734104,0.8804638715432649,0.846483704974271,1121,0.8132478087875055,0.8666666666666667,0.7878787878787878,0.8253968253968254,33,0.8929241655129979,0.9615384615384616,0.8928571428571429,0.9259259259259259,28,0.9461754068716094,0.9230769230769231,0.75,0.8275862068965517,16,0.8747483643683945,0.0,0.0,0.0,5,0.5,0.5,0.5,0.5,2,0.7497501249375313,0.8319327731092437,0.7443609022556391,0.7857142857142857,798,0.8223879200074876,0.8231762653406963,0.8212680978532202,0.8204261776088486,2003,0.8197060592865062,29252.069163560867
