Rep.,Kfold,Num. Vars.,Precision-Background,Recall-Background,F1_score_Background,Num. Obs. Background,AUC_Background,Precision-DoS,Recall-DoS,F1_score_DoS,Num. Obs. Dos,AUC_DoS,Precision-Botnet,Recall-Botnet,F1_score_Botnet,Num. Obs. Botnet,AUC_Botnet,Precision-Scan,Recall-Scan,F1_score_Scan,Num. Obs. Scan,AUC_Scan,Precision-SSHscan,Recall-SSHscan,F1_score_SSHscan,Num. Obs. SSHscan,AUC_SSHscan,Precision-UDPscan,Recall-UDPscan,F1_score_UDPscan,Num. Obs. UDPscan,AUC_UDPscan,Precision-Spam,Recall-Spam,F1_score_Spam,Num. Obs. Spam,AUC_Spam,Precision-w,Recall-w,F1_score_w,Total Obs.,AUC_w,Time
13,1,98,0.8184973458554512,0.8940677966101694,0.854615220635259,4484,0.8210775367295676,0.954954954954955,0.7969924812030075,0.8688524590163934,133,0.898178981718255,0.9805825242718447,0.8938053097345132,0.9351851851851852,113,0.9467760725887756,1.0,0.7777777777777778,0.8750000000000001,63,0.8888888888888888,0.0,0.0,0.0,20,0.5,1.0,0.5,0.6666666666666666,6,0.75,0.8301115241635688,0.6991233562930494,0.7590074779061863,3194,0.8021452016991291,0.8271974468046936,0.8113066267315612,0.8157647368945423,8013,0.8162619430542192,28226.724952936172
