Rep.,Kfold,Num. Vars.,Precision-Background,Recall-Background,F1_score_Background,Num. Obs. Background,AUC_Background,Precision-DoS,Recall-DoS,F1_score_DoS,Num. Obs. Dos,AUC_DoS,Precision-Botnet,Recall-Botnet,F1_score_Botnet,Num. Obs. Botnet,AUC_Botnet,Precision-Scan,Recall-Scan,F1_score_Scan,Num. Obs. Scan,AUC_Scan,Precision-SSHscan,Recall-SSHscan,F1_score_SSHscan,Num. Obs. SSHscan,AUC_SSHscan,Precision-UDPscan,Recall-UDPscan,F1_score_UDPscan,Num. Obs. UDPscan,AUC_UDPscan,Precision-Spam,Recall-Spam,F1_score_Spam,Num. Obs. Spam,AUC_Spam,Precision-w,Recall-w,F1_score_w,Total Obs.,AUC_w,Time
10,1,88,0.8084415584415584,0.8884924174843889,0.8465788355291118,1121,0.8103075027263034,0.9310344827586207,0.8181818181818182,0.8709677419354839,33,0.9085830370746573,0.92,0.8214285714285714,0.8679245283018867,28,0.9102077001013171,0.9230769230769231,0.75,0.8275862068965517,16,0.8747482376636455,0.0,0.0,0.0,4,0.5,1.0,1.0,1.0,1,1.0,0.8358895705521472,0.6821026282853567,0.7512060647829084,799,0.7965791611917223,0.8223736876046043,0.8011988011988012,0.8074494115765969,2002,0.8078354085800654,24783.217173099518
