Rep.,Kfold,Num. Vars.,Precision-Background,Recall-Background,F1_score_Background,Num. Obs. Background,AUC_Background,Precision-DoS,Recall-DoS,F1_score_DoS,Num. Obs. Dos,AUC_DoS,Precision-Botnet,Recall-Botnet,F1_score_Botnet,Num. Obs. Botnet,AUC_Botnet,Precision-Scan,Recall-Scan,F1_score_Scan,Num. Obs. Scan,AUC_Scan,Precision-SSHscan,Recall-SSHscan,F1_score_SSHscan,Num. Obs. SSHscan,AUC_SSHscan,Precision-UDPscan,Recall-UDPscan,F1_score_UDPscan,Num. Obs. UDPscan,AUC_UDPscan,Precision-Spam,Recall-Spam,F1_score_Spam,Num. Obs. Spam,AUC_Spam,Precision-w,Recall-w,F1_score_w,Total Obs.,AUC_w,Time
10,2,82,0.8213624202510804,0.8900535236396075,0.8543294445039067,4484,0.8220457473681179,0.9649122807017544,0.8270676691729323,0.8906882591093117,133,0.9132800274798671,0.9714285714285714,0.9026548672566371,0.9357798165137614,113,0.951137560210597,0.9807692307692307,0.8095238095238095,0.8869565217391304,63,0.9046990116801438,0.0,0.0,0.0,19,0.5,1.0,0.2857142857142857,0.4444444444444445,7,0.6428571428571428,0.8452205882352941,0.7197871008140263,0.7774771728102807,3194,0.8162122887344669,0.8348330056998126,0.8180456757768626,0.8233207723474134,8013,0.8227849753040056,24904.13503265381
