Rep.,Kfold,Num. Vars.,Precision-Background,Recall-Background,F1_score_Background,Num. Obs. Background,AUC_Background,Precision-DoS,Recall-DoS,F1_score_DoS,Num. Obs. Dos,AUC_DoS,Precision-Botnet,Recall-Botnet,F1_score_Botnet,Num. Obs. Botnet,AUC_Botnet,Precision-Scan,Recall-Scan,F1_score_Scan,Num. Obs. Scan,AUC_Scan,Precision-SSHscan,Recall-SSHscan,F1_score_SSHscan,Num. Obs. SSHscan,AUC_SSHscan,Precision-UDPscan,Recall-UDPscan,F1_score_UDPscan,Num. Obs. UDPscan,AUC_UDPscan,Precision-Spam,Recall-Spam,F1_score_Spam,Num. Obs. Spam,AUC_Spam,Precision-w,Recall-w,F1_score_w,Total Obs.,AUC_w,Time
19,1,94,0.8011317704122878,0.8840321141837645,0.8405428329092451,1121,0.8028757855986696,0.9354838709677419,0.8787878787878788,0.90625,33,0.9388868400024587,0.9629629629629629,0.896551724137931,0.9285714285714286,29,0.9480228256317186,0.9166666666666666,0.6875,0.7857142857142857,16,0.8434986173956762,0.0,0.0,0.0,5,0.5,1.0,0.5,0.6666666666666666,2,0.75,0.8357558139534884,0.7196495619524406,0.773369199731002,799,0.8129756930823564,0.818604074970344,0.8144638403990025,0.8134214910771411,2005,0.8107547331524405,28581.049318790436
