Rep.,Kfold,Num. Vars.,Precision-Background,Recall-Background,F1_score_Background,Num. Obs. Background,AUC_Background,Precision-DoS,Recall-DoS,F1_score_DoS,Num. Obs. Dos,AUC_DoS,Precision-Botnet,Recall-Botnet,F1_score_Botnet,Num. Obs. Botnet,AUC_Botnet,Precision-Scan,Recall-Scan,F1_score_Scan,Num. Obs. Scan,AUC_Scan,Precision-SSHscan,Recall-SSHscan,F1_score_SSHscan,Num. Obs. SSHscan,AUC_SSHscan,Precision-UDPscan,Recall-UDPscan,F1_score_UDPscan,Num. Obs. UDPscan,AUC_UDPscan,Precision-Spam,Recall-Spam,F1_score_Spam,Num. Obs. Spam,AUC_Spam,Precision-w,Recall-w,F1_score_w,Total Obs.,AUC_w,Time
19,2,92,0.8084935897435898,0.9000892060660125,0.8518362178134233,1121,0.8144032863474218,0.8333333333333334,0.7575757575757576,0.7936507936507938,33,0.877518198747249,1.0,0.9285714285714286,0.962962962962963,28,0.9642857142857143,1.0,0.9375,0.967741935483871,16,0.96875,0.0,0.0,0.0,5,0.5,0.0,0.0,0.0,1,0.49975012493753124,0.8246376811594203,0.7130325814536341,0.7647849462365592,798,0.8062671212916012,0.8171239678660247,0.8211788211788211,0.8161059427506507,2002,0.8145879607741031,27008.22968363762
