Rep.,Kfold,Num. Vars.,Precision-Background,Recall-Background,F1_score_Background,Num. Obs. Background,AUC_Background,Precision-DoS,Recall-DoS,F1_score_DoS,Num. Obs. Dos,AUC_DoS,Precision-Botnet,Recall-Botnet,F1_score_Botnet,Num. Obs. Botnet,AUC_Botnet,Precision-Scan,Recall-Scan,F1_score_Scan,Num. Obs. Scan,AUC_Scan,Precision-SSHscan,Recall-SSHscan,F1_score_SSHscan,Num. Obs. SSHscan,AUC_SSHscan,Precision-UDPscan,Recall-UDPscan,F1_score_UDPscan,Num. Obs. UDPscan,AUC_UDPscan,Precision-Spam,Recall-Spam,F1_score_Spam,Num. Obs. Spam,AUC_Spam,Precision-w,Recall-w,F1_score_w,Total Obs.,AUC_w,Time
4,3,93,0.8224414303329223,0.8925066904549509,0.856042780748663,4484,0.8238043656356386,0.9576271186440678,0.849624060150376,0.9003984063745021,133,0.9244947309255497,0.9714285714285714,0.9026548672566371,0.9357798165137614,113,0.9511375361729445,0.9814814814814815,0.8412698412698413,0.905982905982906,63,0.920572019641085,0.0,0.0,0.0,20,0.5,1.0,0.5,0.6666666666666666,6,0.75,0.8406113537117904,0.7234575634199812,0.7776468607978456,3193,0.8162836686159877,0.8333585365325753,0.8216425361957065,0.8247747486015118,8012,0.8241718556464155,27919.521066904068
