Rep.,Kfold,Num. Vars.,Precision-Background,Recall-Background,F1_score_Background,Num. Obs. Background,AUC_Background,Precision-DoS,Recall-DoS,F1_score_DoS,Num. Obs. Dos,AUC_DoS,Precision-Botnet,Recall-Botnet,F1_score_Botnet,Num. Obs. Botnet,AUC_Botnet,Precision-Scan,Recall-Scan,F1_score_Scan,Num. Obs. Scan,AUC_Scan,Precision-SSHscan,Recall-SSHscan,F1_score_SSHscan,Num. Obs. SSHscan,AUC_SSHscan,Precision-UDPscan,Recall-UDPscan,F1_score_UDPscan,Num. Obs. UDPscan,AUC_UDPscan,Precision-Spam,Recall-Spam,F1_score_Spam,Num. Obs. Spam,AUC_Spam,Precision-w,Recall-w,F1_score_w,Total Obs.,AUC_w,Time
18,2,92,0.8207701761573126,0.893621766280107,0.8556480888319453,4484,0.822802946632117,0.9482758620689655,0.8270676691729323,0.8835341365461847,133,0.9131530756069002,0.9722222222222222,0.9292035398230089,0.9502262443438914,113,0.9644118724561302,0.9591836734693877,0.746031746031746,0.8392857142857143,63,0.8728900710282016,0.0,0.0,0.0,19,0.5,1.0,0.3333333333333333,0.5,6,0.6666666666666666,0.8408419497784343,0.7128991859737007,0.7716028464927144,3194,0.8117214900395693,0.8323006776930311,0.8172740888666999,0.8215159919859805,8012,0.8213937627312573,31576.81809949875
