Rep.,Kfold,Num. Vars.,Precision-Background,Recall-Background,F1_score_Background,Num. Obs. Background,AUC_Background,Precision-DoS,Recall-DoS,F1_score_DoS,Num. Obs. Dos,AUC_DoS,Precision-Botnet,Recall-Botnet,F1_score_Botnet,Num. Obs. Botnet,AUC_Botnet,Precision-Scan,Recall-Scan,F1_score_Scan,Num. Obs. Scan,AUC_Scan,Precision-SSHscan,Recall-SSHscan,F1_score_SSHscan,Num. Obs. SSHscan,AUC_SSHscan,Precision-UDPscan,Recall-UDPscan,F1_score_UDPscan,Num. Obs. UDPscan,AUC_UDPscan,Precision-Spam,Recall-Spam,F1_score_Spam,Num. Obs. Spam,AUC_Spam,Precision-w,Recall-w,F1_score_w,Total Obs.,AUC_w,Time
2,4,87,0.8012924071082391,0.8849241748438894,0.841034336583298,1121,0.8030063051090195,0.9629629629629629,0.7647058823529411,0.8524590163934426,34,0.8820990051683446,0.9629629629629629,0.9285714285714286,0.9454545454545454,28,0.9640325497287524,0.8461538461538461,0.6875,0.7586206896551724,16,0.8432467287367891,0.0,0.0,0.0,4,0.5,0.0,0.0,0.0,1,0.5,0.8258928571428571,0.6946182728410513,0.7545887151597552,799,0.798721096553416,0.8144679712769067,0.8037943085371942,0.8054468994443877,2003,0.8044555413885709,34683.586213588715
