Rep.,Kfold,Num. Vars.,Precision-Background,Recall-Background,F1_score_Background,Num. Obs. Background,AUC_Background,Precision-DoS,Recall-DoS,F1_score_DoS,Num. Obs. Dos,AUC_DoS,Precision-Botnet,Recall-Botnet,F1_score_Botnet,Num. Obs. Botnet,AUC_Botnet,Precision-Scan,Recall-Scan,F1_score_Scan,Num. Obs. Scan,AUC_Scan,Precision-SSHscan,Recall-SSHscan,F1_score_SSHscan,Num. Obs. SSHscan,AUC_SSHscan,Precision-UDPscan,Recall-UDPscan,F1_score_UDPscan,Num. Obs. UDPscan,AUC_UDPscan,Precision-Spam,Recall-Spam,F1_score_Spam,Num. Obs. Spam,AUC_Spam,Precision-w,Recall-w,F1_score_w,Total Obs.,AUC_w,Time
6,4,89,0.8184049079754602,0.8925066904549509,0.8538510774482612,4484,0.8203673231123634,0.9473684210526315,0.8120300751879699,0.8744939271255059,133,0.9056342302824846,0.9805825242718447,0.8938053097345132,0.9351851851851852,113,0.946776040534514,0.9807692307692307,0.8095238095238095,0.8869565217391304,63,0.9046989958540035,0.0,0.0,0.0,19,0.5,1.0,0.3333333333333333,0.5,6,0.6666666666666666,0.8443551333576909,0.7237707485123708,0.7794266441821248,3193,0.8176761588140933,0.8326485875613844,0.8207464735988016,0.8236474079708791,8011,0.8222816294939471,31231.70544362068
