Rep.,Kfold,Num. Vars.,Precision-Background,Recall-Background,F1_score_Background,Num. Obs. Background,AUC_Background,Precision-DoS,Recall-DoS,F1_score_DoS,Num. Obs. Dos,AUC_DoS,Precision-Botnet,Recall-Botnet,F1_score_Botnet,Num. Obs. Botnet,AUC_Botnet,Precision-Scan,Recall-Scan,F1_score_Scan,Num. Obs. Scan,AUC_Scan,Precision-SSHscan,Recall-SSHscan,F1_score_SSHscan,Num. Obs. SSHscan,AUC_SSHscan,Precision-UDPscan,Recall-UDPscan,F1_score_UDPscan,Num. Obs. UDPscan,AUC_UDPscan,Precision-Spam,Recall-Spam,F1_score_Spam,Num. Obs. Spam,AUC_Spam,Precision-w,Recall-w,F1_score_w,Total Obs.,AUC_w,Time
2,2,89,0.8161270616982285,0.8938447814451382,0.8532197977647685,4484,0.8188736102347642,0.9459459459459459,0.7894736842105263,0.8606557377049181,133,0.8943559864495566,0.9702970297029703,0.875,0.92018779342723,112,0.9373100785008864,0.9615384615384616,0.7936507936507936,0.8695652173913043,63,0.8966995631774792,0.0,0.0,0.0,19,0.5,1.0,0.5,0.6666666666666666,6,0.75,0.8429104477611941,0.7074851237081115,0.7692831602247573,3193,0.8100431638885169,0.8304604001961069,0.8143570536828963,0.8187852132895291,8010,0.8180670709187002,41293.89487028122
