Rep.,Kfold,Num. Vars.,Precision-Background,Recall-Background,F1_score_Background,Num. Obs. Background,AUC_Background,Precision-DoS,Recall-DoS,F1_score_DoS,Num. Obs. Dos,AUC_DoS,Precision-Botnet,Recall-Botnet,F1_score_Botnet,Num. Obs. Botnet,AUC_Botnet,Precision-Scan,Recall-Scan,F1_score_Scan,Num. Obs. Scan,AUC_Scan,Precision-SSHscan,Recall-SSHscan,F1_score_SSHscan,Num. Obs. SSHscan,AUC_SSHscan,Precision-UDPscan,Recall-UDPscan,F1_score_UDPscan,Num. Obs. UDPscan,AUC_UDPscan,Precision-Spam,Recall-Spam,F1_score_Spam,Num. Obs. Spam,AUC_Spam,Precision-w,Recall-w,F1_score_w,Total Obs.,AUC_w,Time
12,4,88,0.8198068625436614,0.8898305084745762,0.8533846647417387,4484,0.8205886310447732,0.9238095238095239,0.7293233082706767,0.8151260504201682,133,0.8641539110533377,0.9803921568627451,0.8928571428571429,0.9345794392523364,112,0.9463019731249886,0.9622641509433962,0.8095238095238095,0.8793103448275862,63,0.904636086946102,0.0,0.0,0.0,19,0.5,1.0,0.2857142857142857,0.4444444444444445,7,0.6428571428571428,0.8463503649635037,0.7262762292514876,0.781729310635429,3193,0.8194477866888404,0.833691663552487,0.8187492198227437,0.8231470291222411,8011,0.8223600760379388,28280.687195301056
