Rep.,Kfold,Num. Vars.,Precision-Background,Recall-Background,F1_score_Background,Num. Obs. Background,AUC_Background,Precision-DoS,Recall-DoS,F1_score_DoS,Num. Obs. Dos,AUC_DoS,Precision-Botnet,Recall-Botnet,F1_score_Botnet,Num. Obs. Botnet,AUC_Botnet,Precision-Scan,Recall-Scan,F1_score_Scan,Num. Obs. Scan,AUC_Scan,Precision-SSHscan,Recall-SSHscan,F1_score_SSHscan,Num. Obs. SSHscan,AUC_SSHscan,Precision-UDPscan,Recall-UDPscan,F1_score_UDPscan,Num. Obs. UDPscan,AUC_UDPscan,Precision-Spam,Recall-Spam,F1_score_Spam,Num. Obs. Spam,AUC_Spam,Precision-w,Recall-w,F1_score_w,Total Obs.,AUC_w,Time
18,4,95,0.8156606851549756,0.8920606601248885,0.852151682999574,4484,0.8178760913326455,0.9310344827586207,0.8120300751879699,0.8674698795180722,133,0.9055072945119844,0.9807692307692307,0.9026548672566371,0.9400921658986174,113,0.9512008192955762,0.9636363636363636,0.8412698412698413,0.8983050847457628,63,0.9205091028191179,0.0,0.0,0.0,19,0.5,1.0,0.3333333333333333,0.5,6,0.6666666666666666,0.8379992534527809,0.7031005324146571,0.7646457765667576,3193,0.8065108307569342,0.828175974123399,0.8126326301335663,0.8168467407576055,8011,0.8166216093334878,26110.30931162834
