Rep.,Kfold,Num. Vars.,Precision-Background,Recall-Background,F1_score_Background,Num. Obs. Background,AUC_Background,Precision-DoS,Recall-DoS,F1_score_DoS,Num. Obs. Dos,AUC_DoS,Precision-Botnet,Recall-Botnet,F1_score_Botnet,Num. Obs. Botnet,AUC_Botnet,Precision-Scan,Recall-Scan,F1_score_Scan,Num. Obs. Scan,AUC_Scan,Precision-SSHscan,Recall-SSHscan,F1_score_SSHscan,Num. Obs. SSHscan,AUC_SSHscan,Precision-UDPscan,Recall-UDPscan,F1_score_UDPscan,Num. Obs. UDPscan,AUC_UDPscan,Precision-Spam,Recall-Spam,F1_score_Spam,Num. Obs. Spam,AUC_Spam,Precision-w,Recall-w,F1_score_w,Total Obs.,AUC_w,Time
13,3,89,0.8219402374130168,0.8956289027653881,0.8572038420490927,4484,0.824515131654803,0.9545454545454546,0.7894736842105263,0.8641975308641975,133,0.8944195429556249,0.9807692307692307,0.9026548672566371,0.9400921658986174,113,0.9512008353247359,0.9636363636363636,0.8412698412698413,0.8983050847457628,63,0.9205091186472493,0.0,0.0,0.0,19,0.5,1.0,0.5,0.6666666666666666,6,0.75,0.8469314079422383,0.7345021916092673,0.7867203219315895,3194,0.823249435364617,0.8356427235357009,0.8268846729905143,0.8285382729266217,8012,0.8268871835963921,29799.938713788986
