Rep.,Kfold,Num. Vars.,Precision-Background,Recall-Background,F1_score_Background,Num. Obs. Background,AUC_Background,Precision-DoS,Recall-DoS,F1_score_DoS,Num. Obs. Dos,AUC_DoS,Precision-Botnet,Recall-Botnet,F1_score_Botnet,Num. Obs. Botnet,AUC_Botnet,Precision-Scan,Recall-Scan,F1_score_Scan,Num. Obs. Scan,AUC_Scan,Precision-SSHscan,Recall-SSHscan,F1_score_SSHscan,Num. Obs. SSHscan,AUC_SSHscan,Precision-UDPscan,Recall-UDPscan,F1_score_UDPscan,Num. Obs. UDPscan,AUC_UDPscan,Precision-Spam,Recall-Spam,F1_score_Spam,Num. Obs. Spam,AUC_Spam,Precision-w,Recall-w,F1_score_w,Total Obs.,AUC_w,Time
20,4,92,0.8143348856043734,0.8969669937555754,0.8536559482118221,4484,0.8184863321485563,0.9819819819819819,0.8195488721804511,0.8934426229508197,133,0.9096475003197255,0.970873786407767,0.8849557522123894,0.9259259259259259,113,0.942287954607081,0.9807692307692307,0.8095238095238095,0.8869565217391304,63,0.9046989958540035,0.0,0.0,0.0,19,0.5,1.0,0.5,0.6666666666666666,6,0.75,0.852600074822297,0.7137488255559036,0.777020115922264,3193,0.8159860773690684,0.8340944287808946,0.8193733616277619,0.8228878119177698,8011,0.8206208902191345,28097.6008746624
