Rep.,Kfold,Num. Vars.,Precision-Background,Recall-Background,F1_score_Background,Num. Obs. Background,AUC_Background,Precision-DoS,Recall-DoS,F1_score_DoS,Num. Obs. Dos,AUC_DoS,Precision-Botnet,Recall-Botnet,F1_score_Botnet,Num. Obs. Botnet,AUC_Botnet,Precision-Scan,Recall-Scan,F1_score_Scan,Num. Obs. Scan,AUC_Scan,Precision-SSHscan,Recall-SSHscan,F1_score_SSHscan,Num. Obs. SSHscan,AUC_SSHscan,Precision-UDPscan,Recall-UDPscan,F1_score_UDPscan,Num. Obs. UDPscan,AUC_UDPscan,Precision-Spam,Recall-Spam,F1_score_Spam,Num. Obs. Spam,AUC_Spam,Precision-w,Recall-w,F1_score_w,Total Obs.,AUC_w,Time
1,3,91,0.8188524590163935,0.8911685994647636,0.8534814181973515,4484,0.8202653317709415,0.9292929292929293,0.6917293233082706,0.793103448275862,133,0.8454203864573849,0.9714285714285714,0.9026548672566371,0.9357798165137614,113,0.951137512129205,0.9814814814814815,0.8412698412698413,0.905982905982906,63,0.9205720117270193,0.0,0.0,0.0,19,0.5,1.0,0.8333333333333334,0.9090909090909091,6,0.9166666666666667,0.8471104608632041,0.7253366739743188,0.7815083516112704,3193,0.8192893415533694,0.8335736923313495,0.8193733616277619,0.8233833719023747,8011,0.8222414308137616,35634.78658127785
