Rep.,Kfold,Num. Vars.,Precision-Background,Recall-Background,F1_score_Background,Num. Obs. Background,AUC_Background,Precision-DoS,Recall-DoS,F1_score_DoS,Num. Obs. Dos,AUC_DoS,Precision-Botnet,Recall-Botnet,F1_score_Botnet,Num. Obs. Botnet,AUC_Botnet,Precision-Scan,Recall-Scan,F1_score_Scan,Num. Obs. Scan,AUC_Scan,Precision-SSHscan,Recall-SSHscan,F1_score_SSHscan,Num. Obs. SSHscan,AUC_SSHscan,Precision-UDPscan,Recall-UDPscan,F1_score_UDPscan,Num. Obs. UDPscan,AUC_UDPscan,Precision-Spam,Recall-Spam,F1_score_Spam,Num. Obs. Spam,AUC_Spam,Precision-w,Recall-w,F1_score_w,Total Obs.,AUC_w,Time
16,5,93,0.8207605344295992,0.89049955396967,0.8542090063108354,4484,0.8216670105449257,0.9565217391304348,0.8270676691729323,0.8870967741935483,133,0.9132165354368278,0.9902912621359223,0.9107142857142857,0.9488372093023257,112,0.9552938517179023,0.9811320754716981,0.8125,0.8888888888888888,64,0.9061870910920987,0.0,0.0,0.0,19,0.5,1.0,0.2857142857142857,0.4444444444444445,7,0.6428571428571428,0.8397669337217771,0.7222048230504228,0.7765617107257115,3193,0.8154497864992725,0.8324498903207335,0.8193959061407888,0.8230265058730137,8012,0.8223330913643312,29569.74244785309
