Rep.,Kfold,Num. Vars.,Precision-Background,Recall-Background,F1_score_Background,Num. Obs. Background,AUC_Background,Precision-DoS,Recall-DoS,F1_score_DoS,Num. Obs. Dos,AUC_DoS,Precision-Botnet,Recall-Botnet,F1_score_Botnet,Num. Obs. Botnet,AUC_Botnet,Precision-Scan,Recall-Scan,F1_score_Scan,Num. Obs. Scan,AUC_Scan,Precision-SSHscan,Recall-SSHscan,F1_score_SSHscan,Num. Obs. SSHscan,AUC_SSHscan,Precision-UDPscan,Recall-UDPscan,F1_score_UDPscan,Num. Obs. UDPscan,AUC_UDPscan,Precision-Spam,Recall-Spam,F1_score_Spam,Num. Obs. Spam,AUC_Spam,Precision-w,Recall-w,F1_score_w,Total Obs.,AUC_w,Time
14,4,88,0.8181818181818182,0.8911685994647636,0.8531169940222032,4484,0.8196982776172698,0.9245283018867925,0.7368421052631579,0.8200836820083681,133,0.8679133095495785,0.970873786407767,0.8928571428571429,0.930232558139535,112,0.9462386739731973,0.9591836734693877,0.746031746031746,0.8392857142857143,63,0.8728900552000702,0.0,0.0,0.0,19,0.5,1.0,0.5,0.6666666666666666,6,0.75,0.8371747211895911,0.7050720100187852,0.7654656696125085,3194,0.8070720232780246,0.8289591851034842,0.8108850330795156,0.8164281770261705,8011,0.816841642032024,24293.99078154564
