Rep.,Kfold,Num. Vars.,Precision-Background,Recall-Background,F1_score_Background,Num. Obs. Background,AUC_Background,Precision-DoS,Recall-DoS,F1_score_DoS,Num. Obs. Dos,AUC_DoS,Precision-Botnet,Recall-Botnet,F1_score_Botnet,Num. Obs. Botnet,AUC_Botnet,Precision-Scan,Recall-Scan,F1_score_Scan,Num. Obs. Scan,AUC_Scan,Precision-SSHscan,Recall-SSHscan,F1_score_SSHscan,Num. Obs. SSHscan,AUC_SSHscan,Precision-UDPscan,Recall-UDPscan,F1_score_UDPscan,Num. Obs. UDPscan,AUC_UDPscan,Precision-Spam,Recall-Spam,F1_score_Spam,Num. Obs. Spam,AUC_Spam,Precision-w,Recall-w,F1_score_w,Total Obs.,AUC_w,Time
19,5,101,0.8073836276083467,0.8974130240856378,0.8500211237853823,1121,0.8123428756791825,0.9642857142857143,0.8181818181818182,0.8852459016393442,33,0.9088368440502588,0.9166666666666666,0.7857142857142857,0.8461538461538461,28,0.8923503004851205,0.9230769230769231,0.8,0.8571428571428571,15,0.8997482376636455,0.0,0.0,0.0,4,0.5,1.0,1.0,1.0,1,1.0,0.8538102643856921,0.6871088861076345,0.7614424410540915,799,0.8044529455496576,0.8293881543615061,0.808095952023988,0.8136075739476171,2001,0.8120279435096135,32219.185017108917
