Rep.,Kfold,Num. Vars.,Precision-Background,Recall-Background,F1_score_Background,Num. Obs. Background,AUC_Background,Precision-DoS,Recall-DoS,F1_score_DoS,Num. Obs. Dos,AUC_DoS,Precision-Botnet,Recall-Botnet,F1_score_Botnet,Num. Obs. Botnet,AUC_Botnet,Precision-Scan,Recall-Scan,F1_score_Scan,Num. Obs. Scan,AUC_Scan,Precision-SSHscan,Recall-SSHscan,F1_score_SSHscan,Num. Obs. SSHscan,AUC_SSHscan,Precision-UDPscan,Recall-UDPscan,F1_score_UDPscan,Num. Obs. UDPscan,AUC_UDPscan,Precision-Spam,Recall-Spam,F1_score_Spam,Num. Obs. Spam,AUC_Spam,Precision-w,Recall-w,F1_score_w,Total Obs.,AUC_w,Time
13,1,98,0.8268109908409659,0.8858162355040142,0.8552971576227391,1121,0.8248604446532557,0.9629629629629629,0.7878787878787878,0.8666666666666665,33,0.893685457931268,0.9629629629629629,0.9285714285714286,0.9454545454545454,28,0.96403242147923,0.8823529411764706,0.9375,0.9090909090909091,16,0.968246475327291,0.0,0.0,0.0,4,0.5,0.0,0.0,0.0,2,0.5,0.8157503714710252,0.6879699248120301,0.7464309993201903,798,0.7924899457947193,0.8245166358472353,0.8036963036963037,0.8112178985868054,2002,0.8152107925668695,28226.724952936172
