Rep.,Kfold,Num. Vars.,Precision-Background,Recall-Background,F1_score_Background,Num. Obs. Background,AUC_Background,Precision-DoS,Recall-DoS,F1_score_DoS,Num. Obs. Dos,AUC_DoS,Precision-Botnet,Recall-Botnet,F1_score_Botnet,Num. Obs. Botnet,AUC_Botnet,Precision-Scan,Recall-Scan,F1_score_Scan,Num. Obs. Scan,AUC_Scan,Precision-SSHscan,Recall-SSHscan,F1_score_SSHscan,Num. Obs. SSHscan,AUC_SSHscan,Precision-UDPscan,Recall-UDPscan,F1_score_UDPscan,Num. Obs. UDPscan,AUC_UDPscan,Precision-Spam,Recall-Spam,F1_score_Spam,Num. Obs. Spam,AUC_Spam,Precision-w,Recall-w,F1_score_w,Total Obs.,AUC_w,Time
8,4,71,0.8204814361485108,0.8969669937555754,0.8570210952482421,4484,0.823766943589806,0.9666666666666667,0.8721804511278195,0.91699604743083,133,0.9358363862441991,0.9716981132075472,0.911504424778761,0.9406392694063926,113,0.9555623149340063,0.9615384615384616,0.7936507936507936,0.8695652173913043,63,0.8966995948377253,0.0,0.0,0.0,19,0.5,1.0,0.5,0.6666666666666666,6,0.75,0.8407502758367047,0.7157169693174703,0.7732115677321156,3194,0.8129228267093785,0.8324189487329505,0.8212680978532202,0.8237088940185185,8012,0.8229135470543238,30007.089975118637
