Rep.,Kfold,Num. Vars.,Precision-Background,Recall-Background,F1_score_Background,Num. Obs. Background,AUC_Background,Precision-DoS,Recall-DoS,F1_score_DoS,Num. Obs. Dos,AUC_DoS,Precision-Botnet,Recall-Botnet,F1_score_Botnet,Num. Obs. Botnet,AUC_Botnet,Precision-Scan,Recall-Scan,F1_score_Scan,Num. Obs. Scan,AUC_Scan,Precision-SSHscan,Recall-SSHscan,F1_score_SSHscan,Num. Obs. SSHscan,AUC_SSHscan,Precision-UDPscan,Recall-UDPscan,F1_score_UDPscan,Num. Obs. UDPscan,AUC_UDPscan,Precision-Spam,Recall-Spam,F1_score_Spam,Num. Obs. Spam,AUC_Spam,Precision-w,Recall-w,F1_score_w,Total Obs.,AUC_w,Time
2,3,86,0.8023186088346992,0.8951828724353256,0.8462106039843997,4484,0.8074270371246922,0.9469026548672567,0.8045112781954887,0.8699186991869919,133,0.9018748801181785,0.9615384615384616,0.8849557522123894,0.9216589861751152,113,0.9422246794990293,0.9811320754716981,0.8253968253968254,0.8965517241379309,63,0.912635511704577,0.0,0.0,0.0,19,0.5,1.0,0.5,0.6666666666666666,6,0.75,0.8370259106271123,0.697871008140263,0.7611405156223322,3194,0.8038960686197372,0.8204518997208807,0.8119071392910634,0.8120095564421024,8012,0.8095436423758184,24732.95971775055
