Rep.,Kfold,Num. Vars.,Precision-Background,Recall-Background,F1_score_Background,Num. Obs. Background,AUC_Background,Precision-DoS,Recall-DoS,F1_score_DoS,Num. Obs. Dos,AUC_DoS,Precision-Botnet,Recall-Botnet,F1_score_Botnet,Num. Obs. Botnet,AUC_Botnet,Precision-Scan,Recall-Scan,F1_score_Scan,Num. Obs. Scan,AUC_Scan,Precision-SSHscan,Recall-SSHscan,F1_score_SSHscan,Num. Obs. SSHscan,AUC_SSHscan,Precision-UDPscan,Recall-UDPscan,F1_score_UDPscan,Num. Obs. UDPscan,AUC_UDPscan,Precision-Spam,Recall-Spam,F1_score_Spam,Num. Obs. Spam,AUC_Spam,Precision-w,Recall-w,F1_score_w,Total Obs.,AUC_w,Time
2,1,80,0.8129084967320261,0.8876003568242641,0.8486140724946696,1121,0.813834230625526,0.84375,0.8181818181818182,0.8307692307692308,33,0.9078212290502794,0.92,0.8214285714285714,0.8679245283018867,28,0.9102077001013171,0.9285714285714286,0.8125,0.8666666666666666,16,0.9059982376636455,0.0,0.0,0.0,5,0.5,0.0,0.0,0.0,1,0.49975012493753124,0.8403614457831325,0.6992481203007519,0.7633378932968536,798,0.8056041265955587,0.8243455301841578,0.8071928071928072,0.8121997763196394,2002,0.8132467051166445,39438.370188713074
