Rep.,Kfold,Num. Vars.,Precision-Background,Recall-Background,F1_score_Background,Num. Obs. Background,AUC_Background,Precision-DoS,Recall-DoS,F1_score_DoS,Num. Obs. Dos,AUC_DoS,Precision-Botnet,Recall-Botnet,F1_score_Botnet,Num. Obs. Botnet,AUC_Botnet,Precision-Scan,Recall-Scan,F1_score_Scan,Num. Obs. Scan,AUC_Scan,Precision-SSHscan,Recall-SSHscan,F1_score_SSHscan,Num. Obs. SSHscan,AUC_SSHscan,Precision-UDPscan,Recall-UDPscan,F1_score_UDPscan,Num. Obs. UDPscan,AUC_UDPscan,Precision-Spam,Recall-Spam,F1_score_Spam,Num. Obs. Spam,AUC_Spam,Precision-w,Recall-w,F1_score_w,Total Obs.,AUC_w,Time
1,1,98,0.8186274509803921,0.8938447814451382,0.8545842217484009,4484,0.8210720505865147,0.9482758620689655,0.8270676691729323,0.8835341365461847,133,0.9131530756069002,0.970873786407767,0.8849557522123894,0.9259259259259259,113,0.9422879786508206,0.9636363636363636,0.828125,0.8907563025210083,64,0.9139366821841973,0.0,0.0,0.0,19,0.5,1.0,0.16666666666666666,0.2857142857142857,6,0.5833333333333334,0.842609657206045,0.7159411212026308,0.7741280054182188,3193,0.8136667631329609,0.8318372791371639,0.8185222166749875,0.8218433263212812,8012,0.8211613701718078,38358.873874902725
