Rep.,Kfold,Num. Vars.,Precision-Background,Recall-Background,F1_score_Background,Num. Obs. Background,AUC_Background,Precision-DoS,Recall-DoS,F1_score_DoS,Num. Obs. Dos,AUC_DoS,Precision-Botnet,Recall-Botnet,F1_score_Botnet,Num. Obs. Botnet,AUC_Botnet,Precision-Scan,Recall-Scan,F1_score_Scan,Num. Obs. Scan,AUC_Scan,Precision-SSHscan,Recall-SSHscan,F1_score_SSHscan,Num. Obs. SSHscan,AUC_SSHscan,Precision-UDPscan,Recall-UDPscan,F1_score_UDPscan,Num. Obs. UDPscan,AUC_UDPscan,Precision-Spam,Recall-Spam,F1_score_Spam,Num. Obs. Spam,AUC_Spam,Precision-w,Recall-w,F1_score_w,Total Obs.,AUC_w,Time
10,3,87,0.8017944535073409,0.8768956289027654,0.8376651043885811,1121,0.8006927124105664,0.9666666666666667,0.8787878787878788,0.9206349206349207,33,0.9391401322873405,0.9629629629629629,0.9285714285714286,0.9454545454545454,28,0.9640325497287524,0.875,0.875,0.875,16,0.9369967287367892,0.0,0.0,0.0,5,0.5,0.3333333333333333,0.5,0.4,2,0.7495002498750625,0.8225352112676056,0.731829573934837,0.7745358090185676,798,0.8136326292910699,0.8131424416389956,0.8172740888666999,0.8131581813630034,2003,0.8106993772860434,28260.445605039597
