Rep.,Kfold,Num. Vars.,Precision-Background,Recall-Background,F1_score_Background,Num. Obs. Background,AUC_Background,Precision-DoS,Recall-DoS,F1_score_DoS,Num. Obs. Dos,AUC_DoS,Precision-Botnet,Recall-Botnet,F1_score_Botnet,Num. Obs. Botnet,AUC_Botnet,Precision-Scan,Recall-Scan,F1_score_Scan,Num. Obs. Scan,AUC_Scan,Precision-SSHscan,Recall-SSHscan,F1_score_SSHscan,Num. Obs. SSHscan,AUC_SSHscan,Precision-UDPscan,Recall-UDPscan,F1_score_UDPscan,Num. Obs. UDPscan,AUC_UDPscan,Precision-Spam,Recall-Spam,F1_score_Spam,Num. Obs. Spam,AUC_Spam,Precision-w,Recall-w,F1_score_w,Total Obs.,AUC_w,Time
6,2,88,0.8017964071856287,0.8958519179304193,0.8462186644196336,4484,0.8072345449669098,0.9464285714285714,0.7969924812030075,0.8653061224489796,133,0.8981155299416053,0.970873786407767,0.8928571428571429,0.930232558139535,112,0.9462387220424178,0.9642857142857143,0.84375,0.8999999999999999,64,0.9217491980123286,0.0,0.0,0.0,20,0.5,1.0,0.5,0.6666666666666666,6,0.75,0.8361027190332326,0.6931747025673137,0.7579596028757274,3194,0.8015572620535261,0.8196798108329539,0.8104330462997629,0.8107124951503871,8013,0.8085278479538698,23427.880040884018
