Rep.,Kfold,Num. Vars.,Precision-Background,Recall-Background,F1_score_Background,Num. Obs. Background,AUC_Background,Precision-DoS,Recall-DoS,F1_score_DoS,Num. Obs. Dos,AUC_DoS,Precision-Botnet,Recall-Botnet,F1_score_Botnet,Num. Obs. Botnet,AUC_Botnet,Precision-Scan,Recall-Scan,F1_score_Scan,Num. Obs. Scan,AUC_Scan,Precision-SSHscan,Recall-SSHscan,F1_score_SSHscan,Num. Obs. SSHscan,AUC_SSHscan,Precision-UDPscan,Recall-UDPscan,F1_score_UDPscan,Num. Obs. UDPscan,AUC_UDPscan,Precision-Spam,Recall-Spam,F1_score_Spam,Num. Obs. Spam,AUC_Spam,Precision-w,Recall-w,F1_score_w,Total Obs.,AUC_w,Time
7,2,82,0.8064777327935223,0.8884924174843889,0.8455008488964347,1121,0.8090652132670814,0.8666666666666667,0.7647058823529411,0.8125,34,0.8813382278329901,0.9629629629629629,0.896551724137931,0.9285714285714286,29,0.9480228256317186,1.0,0.6875,0.8148148148148148,16,0.84375,0.0,0.0,0.0,5,0.5,1.0,0.5,0.6666666666666666,2,0.75,0.8223201174743024,0.7017543859649122,0.7572684246112238,798,0.8007529179203187,0.815793309126496,0.8079800498753117,0.8084940629683799,2005,0.8084394485099522,26162.801784276962
