Rep.,Kfold,Num. Vars.,Precision-Background,Recall-Background,F1_score_Background,Num. Obs. Background,AUC_Background,Precision-DoS,Recall-DoS,F1_score_DoS,Num. Obs. Dos,AUC_DoS,Precision-Botnet,Recall-Botnet,F1_score_Botnet,Num. Obs. Botnet,AUC_Botnet,Precision-Scan,Recall-Scan,F1_score_Scan,Num. Obs. Scan,AUC_Scan,Precision-SSHscan,Recall-SSHscan,F1_score_SSHscan,Num. Obs. SSHscan,AUC_SSHscan,Precision-UDPscan,Recall-UDPscan,F1_score_UDPscan,Num. Obs. UDPscan,AUC_UDPscan,Precision-Spam,Recall-Spam,F1_score_Spam,Num. Obs. Spam,AUC_Spam,Precision-w,Recall-w,F1_score_w,Total Obs.,AUC_w,Time
3,3,91,0.8157467532467533,0.8965209634255129,0.8542286442838929,1121,0.819429607705946,0.9259259259259259,0.7575757575757576,0.8333333333333334,33,0.8782800067716269,1.0,0.9642857142857143,0.9818181818181818,28,0.9821428571428572,0.9285714285714286,0.8125,0.8666666666666666,16,0.9059982376636455,0.0,0.0,0.0,5,0.5,0.0,0.0,0.0,1,0.5,0.8511904761904762,0.7167919799498746,0.7782312925170067,798,0.8168677507722796,0.8327246797214329,0.8201798201798202,0.8229153134007946,2002,0.8213887449454178,39164.1082470417
