Rep.,Kfold,Num. Vars.,Precision-Background,Recall-Background,F1_score_Background,Num. Obs. Background,AUC_Background,Precision-DoS,Recall-DoS,F1_score_DoS,Num. Obs. Dos,AUC_DoS,Precision-Botnet,Recall-Botnet,F1_score_Botnet,Num. Obs. Botnet,AUC_Botnet,Precision-Scan,Recall-Scan,F1_score_Scan,Num. Obs. Scan,AUC_Scan,Precision-SSHscan,Recall-SSHscan,F1_score_SSHscan,Num. Obs. SSHscan,AUC_SSHscan,Precision-UDPscan,Recall-UDPscan,F1_score_UDPscan,Num. Obs. UDPscan,AUC_UDPscan,Precision-Spam,Recall-Spam,F1_score_Spam,Num. Obs. Spam,AUC_Spam,Precision-w,Recall-w,F1_score_w,Total Obs.,AUC_w,Time
5,5,92,0.8195812807881774,0.89049955396967,0.8535699016673793,4484,0.8206396267154842,0.944954128440367,0.7803030303030303,0.8547717842323651,132,0.8897707561719493,0.9714285714285714,0.9026548672566371,0.9357798165137614,113,0.951137512129205,0.9615384615384616,0.7936507936507936,0.8695652173913043,63,0.896699579009594,0.0,0.0,0.0,19,0.5,1.0,0.6666666666666666,0.8,6,0.8333333333333333,0.8402323892519971,0.7244834063869756,0.7780766644250169,3194,0.8165701233720222,0.8313302972072832,0.819623018349769,0.8227112606079656,8011,0.8218441408569931,26962.84130001068
