Rep.,Kfold,Num. Vars.,Precision-Background,Recall-Background,F1_score_Background,Num. Obs. Background,AUC_Background,Precision-DoS,Recall-DoS,F1_score_DoS,Num. Obs. Dos,AUC_DoS,Precision-Botnet,Recall-Botnet,F1_score_Botnet,Num. Obs. Botnet,AUC_Botnet,Precision-Scan,Recall-Scan,F1_score_Scan,Num. Obs. Scan,AUC_Scan,Precision-SSHscan,Recall-SSHscan,F1_score_SSHscan,Num. Obs. SSHscan,AUC_SSHscan,Precision-UDPscan,Recall-UDPscan,F1_score_UDPscan,Num. Obs. UDPscan,AUC_UDPscan,Precision-Spam,Recall-Spam,F1_score_Spam,Num. Obs. Spam,AUC_Spam,Precision-w,Recall-w,F1_score_w,Total Obs.,AUC_w,Time
5,4,88,0.8146341463414634,0.8938447814451382,0.8524032326669502,1121,0.817670690042297,0.8484848484848485,0.8484848484848485,0.8484848484848486,33,0.9229733887094295,1.0,0.9285714285714286,0.962962962962963,28,0.9642857142857143,0.9166666666666666,0.6875,0.7857142857142857,16,0.8434983643683945,0.0,0.0,0.0,5,0.5,1.0,1.0,1.0,2,1.0,0.8333333333333334,0.7142857142857143,0.7692307692307692,798,0.8098399525785418,0.8241994731480016,0.81827259111333,0.8182349322017956,2003,0.8179307146042919,28708.407539367676
