Rep.,Kfold,Num. Vars.,Precision-Background,Recall-Background,F1_score_Background,Num. Obs. Background,AUC_Background,Precision-DoS,Recall-DoS,F1_score_DoS,Num. Obs. Dos,AUC_DoS,Precision-Botnet,Recall-Botnet,F1_score_Botnet,Num. Obs. Botnet,AUC_Botnet,Precision-Scan,Recall-Scan,F1_score_Scan,Num. Obs. Scan,AUC_Scan,Precision-SSHscan,Recall-SSHscan,F1_score_SSHscan,Num. Obs. SSHscan,AUC_SSHscan,Precision-UDPscan,Recall-UDPscan,F1_score_UDPscan,Num. Obs. UDPscan,AUC_UDPscan,Precision-Spam,Recall-Spam,F1_score_Spam,Num. Obs. Spam,AUC_Spam,Precision-w,Recall-w,F1_score_w,Total Obs.,AUC_w,Time
1,5,80,0.818928351467871,0.889607493309545,0.8528059861036879,4484,0.8198745681845175,0.908256880733945,0.7443609022556391,0.8181818181818182,133,0.8715460138736639,0.9811320754716981,0.9203539823008849,0.949771689497717,113,0.9600504248930066,0.9607843137254902,0.7777777777777778,0.8596491228070176,63,0.8887631185455358,0.0,0.0,0.0,20,0.5,1.0,0.2857142857142857,0.4444444444444445,7,0.6428571428571428,0.8513612950699043,0.7244834063869756,0.7828146143437078,3194,0.8203329895005417,0.8348537816154019,0.8181931619665586,0.8232721872326074,8014,0.8224799758585702,37444.196865320206
