Rep.,Kfold,Num. Vars.,Precision-Background,Recall-Background,F1_score_Background,Num. Obs. Background,AUC_Background,Precision-DoS,Recall-DoS,F1_score_DoS,Num. Obs. Dos,AUC_DoS,Precision-Botnet,Recall-Botnet,F1_score_Botnet,Num. Obs. Botnet,AUC_Botnet,Precision-Scan,Recall-Scan,F1_score_Scan,Num. Obs. Scan,AUC_Scan,Precision-SSHscan,Recall-SSHscan,F1_score_SSHscan,Num. Obs. SSHscan,AUC_SSHscan,Precision-UDPscan,Recall-UDPscan,F1_score_UDPscan,Num. Obs. UDPscan,AUC_UDPscan,Precision-Spam,Recall-Spam,F1_score_Spam,Num. Obs. Spam,AUC_Spam,Precision-w,Recall-w,F1_score_w,Total Obs.,AUC_w,Time
11,3,87,0.8200535309862055,0.8882694023193577,0.852799486136388,4484,0.8202684880077513,0.9649122807017544,0.8270676691729323,0.8906882591093117,133,0.9132799952667555,1.0,0.8938053097345132,0.9439252336448598,113,0.9469026548672566,0.9807692307692307,0.8095238095238095,0.8869565217391304,63,0.904699003768069,0.0,0.0,0.0,19,0.5,1.0,0.42857142857142855,0.6,7,0.7142857142857143,0.8371239911958914,0.7146883808330724,0.7710761953032608,3193,0.811276541526725,0.8312754283203222,0.8150274588117823,0.8201700621782138,8012,0.8198267815688288,28156.735256910324
