Rep.,Kfold,Num. Vars.,Precision-Background,Recall-Background,F1_score_Background,Num. Obs. Background,AUC_Background,Precision-DoS,Recall-DoS,F1_score_DoS,Num. Obs. Dos,AUC_DoS,Precision-Botnet,Recall-Botnet,F1_score_Botnet,Num. Obs. Botnet,AUC_Botnet,Precision-Scan,Recall-Scan,F1_score_Scan,Num. Obs. Scan,AUC_Scan,Precision-SSHscan,Recall-SSHscan,F1_score_SSHscan,Num. Obs. SSHscan,AUC_SSHscan,Precision-UDPscan,Recall-UDPscan,F1_score_UDPscan,Num. Obs. UDPscan,AUC_UDPscan,Precision-Spam,Recall-Spam,F1_score_Spam,Num. Obs. Spam,AUC_Spam,Precision-w,Recall-w,F1_score_w,Total Obs.,AUC_w,Time
18,1,75,0.8154713940370669,0.9027653880463872,0.8569009314140559,1121,0.8212690576595573,0.9333333333333333,0.8484848484848485,0.888888888888889,33,0.9237342941611235,0.9642857142857143,0.9642857142857143,0.9642857142857143,28,0.9818894359568461,1.0,0.7333333333333333,0.846153846153846,15,0.8666666666666667,0.0,0.0,0.0,5,0.5,0.0,0.0,0.0,1,0.5,0.8464977645305514,0.7117794486215538,0.7733151803948264,798,0.813080081750511,0.8308089199454932,0.8225887056471765,0.8229470760099296,2001,0.8213176685594104,27002.951862335205
