Rep.,Kfold,Num. Vars.,Precision-Background,Recall-Background,F1_score_Background,Num. Obs. Background,AUC_Background,Precision-DoS,Recall-DoS,F1_score_DoS,Num. Obs. Dos,AUC_DoS,Precision-Botnet,Recall-Botnet,F1_score_Botnet,Num. Obs. Botnet,AUC_Botnet,Precision-Scan,Recall-Scan,F1_score_Scan,Num. Obs. Scan,AUC_Scan,Precision-SSHscan,Recall-SSHscan,F1_score_SSHscan,Num. Obs. SSHscan,AUC_SSHscan,Precision-UDPscan,Recall-UDPscan,F1_score_UDPscan,Num. Obs. UDPscan,AUC_UDPscan,Precision-Spam,Recall-Spam,F1_score_Spam,Num. Obs. Spam,AUC_Spam,Precision-w,Recall-w,F1_score_w,Total Obs.,AUC_w,Time
20,2,94,0.8174273858921162,0.8786797502230151,0.8469475494411007,1121,0.814481759333982,0.8125,0.7878787878787878,0.8,33,0.8924157778906381,1.0,0.9642857142857143,0.9818181818181818,28,0.9821428571428572,0.9285714285714286,0.8666666666666667,0.896551724137931,15,0.9330816977017278,0.0,0.0,0.0,5,0.5,1.0,0.5,0.6666666666666666,2,0.75,0.8100407055630936,0.7481203007518797,0.7778501628664496,798,0.815920615492219,0.8159288981283628,0.8236763236763237,0.818593981606999,2002,0.8187236011548957,28936.599700689316
