Rep.,Kfold,Num. Vars.,Precision-Background,Recall-Background,F1_score_Background,Num. Obs. Background,AUC_Background,Precision-DoS,Recall-DoS,F1_score_DoS,Num. Obs. Dos,AUC_DoS,Precision-Botnet,Recall-Botnet,F1_score_Botnet,Num. Obs. Botnet,AUC_Botnet,Precision-Scan,Recall-Scan,F1_score_Scan,Num. Obs. Scan,AUC_Scan,Precision-SSHscan,Recall-SSHscan,F1_score_SSHscan,Num. Obs. SSHscan,AUC_SSHscan,Precision-UDPscan,Recall-UDPscan,F1_score_UDPscan,Num. Obs. UDPscan,AUC_UDPscan,Precision-Spam,Recall-Spam,F1_score_Spam,Num. Obs. Spam,AUC_Spam,Precision-w,Recall-w,F1_score_w,Total Obs.,AUC_w,Time
15,2,89,0.8197362999587968,0.8873773416592329,0.8522167487684729,4484,0.8196103951631388,0.9357798165137615,0.7669172932330827,0.8429752066115702,133,0.883014315018217,0.970873786407767,0.8928571428571429,0.930232558139535,112,0.9462386499294577,0.9629629629629629,0.8253968253968254,0.8888888888888888,63,0.9125725790504952,0.0,0.0,0.0,19,0.5,1.0,0.5,0.6666666666666666,6,0.75,0.841971728887278,0.7275289696210461,0.7805779569892474,3193,0.8185081011692525,0.8319571218093621,0.8188514357053683,0.8227249771704701,8010,0.821915241462502,29035.753323316574
