Rep.,Kfold,Num. Vars.,Precision-Background,Recall-Background,F1_score_Background,Num. Obs. Background,AUC_Background,Precision-DoS,Recall-DoS,F1_score_DoS,Num. Obs. Dos,AUC_DoS,Precision-Botnet,Recall-Botnet,F1_score_Botnet,Num. Obs. Botnet,AUC_Botnet,Precision-Scan,Recall-Scan,F1_score_Scan,Num. Obs. Scan,AUC_Scan,Precision-SSHscan,Recall-SSHscan,F1_score_SSHscan,Num. Obs. SSHscan,AUC_SSHscan,Precision-UDPscan,Recall-UDPscan,F1_score_UDPscan,Num. Obs. UDPscan,AUC_UDPscan,Precision-Spam,Recall-Spam,F1_score_Spam,Num. Obs. Spam,AUC_Spam,Precision-w,Recall-w,F1_score_w,Total Obs.,AUC_w,Time
4,1,81,0.8191119296091672,0.8927297056199821,0.8543378508163482,4484,0.8211169072163385,0.9459459459459459,0.7894736842105263,0.8606557377049181,133,0.8943561314453646,0.9705882352941176,0.8839285714285714,0.9252336448598131,112,0.9417744363281321,0.9622641509433962,0.796875,0.8717948717948717,64,0.8983116980123286,0.0,0.0,0.0,19,0.5,1.0,0.2857142857142857,0.4444444444444445,7,0.6428571428571428,0.8485620677102294,0.7298058860363181,0.7847163777141895,3194,0.8217404611754531,0.8344323892996515,0.8225383751403968,0.8254379630256661,8013,0.8239669656778025,29005.84655570984
