Rep.,Kfold,Num. Vars.,Precision-Background,Recall-Background,F1_score_Background,Num. Obs. Background,AUC_Background,Precision-DoS,Recall-DoS,F1_score_DoS,Num. Obs. Dos,AUC_DoS,Precision-Botnet,Recall-Botnet,F1_score_Botnet,Num. Obs. Botnet,AUC_Botnet,Precision-Scan,Recall-Scan,F1_score_Scan,Num. Obs. Scan,AUC_Scan,Precision-SSHscan,Recall-SSHscan,F1_score_SSHscan,Num. Obs. SSHscan,AUC_SSHscan,Precision-UDPscan,Recall-UDPscan,F1_score_UDPscan,Num. Obs. UDPscan,AUC_UDPscan,Precision-Spam,Recall-Spam,F1_score_Spam,Num. Obs. Spam,AUC_Spam,Precision-w,Recall-w,F1_score_w,Total Obs.,AUC_w,Time
10,4,89,0.814966264567573,0.8889384478144514,0.8503466666666666,4484,0.8161732216390092,0.9074074074074074,0.7368421052631579,0.8132780082987552,133,0.8677863737790784,0.970873786407767,0.8849557522123894,0.9259259259259259,113,0.942287954607081,0.9636363636363636,0.8412698412698413,0.8983050847457628,63,0.9205091028191179,0.0,0.0,0.0,19,0.5,1.0,0.5,0.6666666666666666,6,0.75,0.8443465491923642,0.7203257124960852,0.7774209903667398,3193,0.8161611958080259,0.8297853296530484,0.8163774809636749,0.8199536263446112,8011,0.8188253182006199,26588.783311367035
