Rep.,Kfold,Num. Vars.,Precision-Background,Recall-Background,F1_score_Background,Num. Obs. Background,AUC_Background,Precision-DoS,Recall-DoS,F1_score_DoS,Num. Obs. Dos,AUC_DoS,Precision-Botnet,Recall-Botnet,F1_score_Botnet,Num. Obs. Botnet,AUC_Botnet,Precision-Scan,Recall-Scan,F1_score_Scan,Num. Obs. Scan,AUC_Scan,Precision-SSHscan,Recall-SSHscan,F1_score_SSHscan,Num. Obs. SSHscan,AUC_SSHscan,Precision-UDPscan,Recall-UDPscan,F1_score_UDPscan,Num. Obs. UDPscan,AUC_UDPscan,Precision-Spam,Recall-Spam,F1_score_Spam,Num. Obs. Spam,AUC_Spam,Precision-w,Recall-w,F1_score_w,Total Obs.,AUC_w,Time
4,5,87,0.8122581958867847,0.889607493309545,0.8491750931346461,4484,0.8140977642334513,0.956140350877193,0.8257575757575758,0.8861788617886179,132,0.9125614887291496,0.9901960784313726,0.8938053097345132,0.9395348837209303,113,0.9468393477008854,0.9807692307692307,0.8095238095238095,0.8869565217391304,63,0.9046989958540035,0.0,0.0,0.0,19,0.5,1.0,0.42857142857142855,0.6,7,0.7142857142857143,0.836824696802646,0.7131224553711243,0.7700371998647276,3193,0.81048401722479,0.8264933406521268,0.8151291973536388,0.8175822255985464,8011,0.8160325603998002,24898.635332345963
