Rep.,Kfold,Num. Vars.,Precision-Background,Recall-Background,F1_score_Background,Num. Obs. Background,AUC_Background,Precision-DoS,Recall-DoS,F1_score_DoS,Num. Obs. Dos,AUC_DoS,Precision-Botnet,Recall-Botnet,F1_score_Botnet,Num. Obs. Botnet,AUC_Botnet,Precision-Scan,Recall-Scan,F1_score_Scan,Num. Obs. Scan,AUC_Scan,Precision-SSHscan,Recall-SSHscan,F1_score_SSHscan,Num. Obs. SSHscan,AUC_SSHscan,Precision-UDPscan,Recall-UDPscan,F1_score_UDPscan,Num. Obs. UDPscan,AUC_UDPscan,Precision-Spam,Recall-Spam,F1_score_Spam,Num. Obs. Spam,AUC_Spam,Precision-w,Recall-w,F1_score_w,Total Obs.,AUC_w,Time
15,4,80,0.8131600324939074,0.8929527207850134,0.8511904761904763,1121,0.816090872864162,0.9375,0.45454545454545453,0.6122448979591837,33,0.7270189201661283,0.9642857142857143,0.9642857142857143,0.9642857142857143,28,0.9818896925858952,1.0,0.875,0.9333333333333333,16,0.9375,0.0,0.0,0.0,5,0.5,1.0,0.5,0.6666666666666666,2,0.75,0.8635658914728682,0.6979949874686717,0.772002772002772,798,0.8124829709127591,0.8370521606695053,0.8062905641537693,0.8156332921453098,2003,0.8156184797938066,24496.083043813705
