Rep.,Kfold,Num. Vars.,Precision-Background,Recall-Background,F1_score_Background,Num. Obs. Background,AUC_Background,Precision-DoS,Recall-DoS,F1_score_DoS,Num. Obs. Dos,AUC_DoS,Precision-Botnet,Recall-Botnet,F1_score_Botnet,Num. Obs. Botnet,AUC_Botnet,Precision-Scan,Recall-Scan,F1_score_Scan,Num. Obs. Scan,AUC_Scan,Precision-SSHscan,Recall-SSHscan,F1_score_SSHscan,Num. Obs. SSHscan,AUC_SSHscan,Precision-UDPscan,Recall-UDPscan,F1_score_UDPscan,Num. Obs. UDPscan,AUC_UDPscan,Precision-Spam,Recall-Spam,F1_score_Spam,Num. Obs. Spam,AUC_Spam,Precision-w,Recall-w,F1_score_w,Total Obs.,AUC_w,Time
16,3,88,0.8232510288065844,0.8922836752899197,0.8563784246575342,4484,0.8244014748331684,0.9734513274336283,0.8270676691729323,0.8943089430894309,133,0.9133434550966831,0.9705882352941176,0.8761061946902655,0.9209302325581395,113,0.9378631998897586,0.9629629629629629,0.8253968253968254,0.8888888888888888,63,0.9125726107107412,0.0,0.0,0.0,19,0.5,1.0,0.5,0.6666666666666666,6,0.75,0.8451166180758017,0.7260488415779587,0.781071067699562,3194,0.818918982847925,0.8358178051805305,0.8217673489765353,0.8259797868330939,8012,0.8251608512179702,28740.286343812943
