Rep.,Kfold,Num. Vars.,Precision-Background,Recall-Background,F1_score_Background,Num. Obs. Background,AUC_Background,Precision-DoS,Recall-DoS,F1_score_DoS,Num. Obs. Dos,AUC_DoS,Precision-Botnet,Recall-Botnet,F1_score_Botnet,Num. Obs. Botnet,AUC_Botnet,Precision-Scan,Recall-Scan,F1_score_Scan,Num. Obs. Scan,AUC_Scan,Precision-SSHscan,Recall-SSHscan,F1_score_SSHscan,Num. Obs. SSHscan,AUC_SSHscan,Precision-UDPscan,Recall-UDPscan,F1_score_UDPscan,Num. Obs. UDPscan,AUC_UDPscan,Precision-Spam,Recall-Spam,F1_score_Spam,Num. Obs. Spam,AUC_Spam,Precision-w,Recall-w,F1_score_w,Total Obs.,AUC_w,Time
16,4,87,0.8025682182985554,0.8920606601248885,0.8449514152936206,4484,0.806574547749519,0.9223300970873787,0.7196969696969697,0.8085106382978723,132,0.8593408706352869,0.9809523809523809,0.911504424778761,0.944954128440367,113,0.9556256140857977,0.9607843137254902,0.7777777777777778,0.8596491228070176,63,0.8887630869012174,0.0,0.0,0.0,19,0.5,1.0,0.42857142857142855,0.6,7,0.7142857142857143,0.8362815205118554,0.6956793988728867,0.7595282857631174,3194,0.8026964864850111,0.820010443209367,0.8077883175237144,0.8096051680491656,8012,0.8078386936760232,23924.910935163498
