Rep.,Kfold,Num. Vars.,Precision-Background,Recall-Background,F1_score_Background,Num. Obs. Background,AUC_Background,Precision-DoS,Recall-DoS,F1_score_DoS,Num. Obs. Dos,AUC_DoS,Precision-Botnet,Recall-Botnet,F1_score_Botnet,Num. Obs. Botnet,AUC_Botnet,Precision-Scan,Recall-Scan,F1_score_Scan,Num. Obs. Scan,AUC_Scan,Precision-SSHscan,Recall-SSHscan,F1_score_SSHscan,Num. Obs. SSHscan,AUC_SSHscan,Precision-UDPscan,Recall-UDPscan,F1_score_UDPscan,Num. Obs. UDPscan,AUC_UDPscan,Precision-Spam,Recall-Spam,F1_score_Spam,Num. Obs. Spam,AUC_Spam,Precision-w,Recall-w,F1_score_w,Total Obs.,AUC_w,Time
8,2,88,0.8206075533661741,0.8916146297948261,0.8546387345019238,4484,0.8219411017454856,0.9385964912280702,0.8045112781954887,0.8663967611336033,133,0.9018114202882508,0.9807692307692307,0.9026548672566371,0.9400921658986174,113,0.9512008353247359,0.9636363636363636,0.8412698412698413,0.8983050847457628,63,0.9205091186472493,0.0,0.0,0.0,19,0.5,1.0,0.16666666666666666,0.2857142857142857,6,0.5833333333333334,0.8427509293680298,0.7097683155917345,0.7705642420122365,3194,0.8109862748568885,0.8329655622834197,0.8147778332501248,0.8204132506895022,8012,0.8205557600954155,26676.928159713745
