Rep,Kfold,Num_Vars_,Precision_background,Recall_background,F1_score_background,Num_Obs_background,AUC_background,Accuracy_background,Precision_dos,Recall_dos,F1_score_dos,Num_Obs_dos,AUC_dos,Accuracy_dos,Precision_scan,Recall_scan,F1_score_scan,Num_Obs_scan,AUC_scan,Accuracy_scan,Precision_w,Recall_w,F1_score_w,Total_Obs,AUC_w,Accuracy_w,Hyper_time,Training_time,Testing_time,Total_time
1.0,1.0,52.0,0.9929148129840172,0.5161898235394895,0.679253790227132,11674.0,0.7022507559255889,0.5280703209221328,0.020687460216422662,0.24904214559386972,0.03820158683514546,261.0,0.4941176145836783,0.7285844597396136,0.07518115942028986,0.6693548387096774,0.13517915309446255,124.0,0.7919040636782573,0.911932996102496,0.9624354770428741,0.5119827514719297,0.6597845241113877,12059.0,0.6986678933558146,0.5363573399082616,232.88903093338013,13.848811388015747,7.865423917770386,259.09103655815125
