Rep.,Kfold,Num. Vars.,Precision-Background,Recall-Background,F1_score_Background,Num. Obs. Background,AUC_Background,Precision-DoS,Recall-DoS,F1_score_DoS,Num. Obs. Dos,AUC_DoS,Precision-Botnet,Recall-Botnet,F1_score_Botnet,Num. Obs. Botnet,AUC_Botnet,Precision-Scan,Recall-Scan,F1_score_Scan,Num. Obs. Scan,AUC_Scan,Precision-SSHscan,Recall-SSHscan,F1_score_SSHscan,Num. Obs. SSHscan,AUC_SSHscan,Precision-UDPscan,Recall-UDPscan,F1_score_UDPscan,Num. Obs. UDPscan,AUC_UDPscan,Precision-Spam,Recall-Spam,F1_score_Spam,Num. Obs. Spam,AUC_Spam,Precision-w,Recall-w,F1_score_w,Total Obs.,AUC_w,Time
13,5,83,0.8644207066557108,0.9384478144513827,0.8999144568006844,1121,0.8756864922597051,1.0,0.5757575757575758,0.7307692307692308,33,0.7878787878787878,0.9615384615384616,0.8928571428571429,0.9259259259259259,28,0.9461754068716094,0.8823529411764706,0.9375,0.9090909090909091,16,0.9682467287367892,0.0,0.0,0.0,5,0.5,1.0,1.0,1.0,1,1.0,0.9309352517985612,0.8097622027534418,0.8661311914323961,799,0.884947546559445,0.8925979043085385,0.8781827259111333,0.8818920085445915,2003,0.8787830786701546,12758.058556318283
