Rep.,Kfold,Num. Vars.,Precision-Background,Recall-Background,F1_score_Background,Num. Obs. Background,AUC_Background,Precision-DoS,Recall-DoS,F1_score_DoS,Num. Obs. Dos,AUC_DoS,Precision-Botnet,Recall-Botnet,F1_score_Botnet,Num. Obs. Botnet,AUC_Botnet,Precision-Scan,Recall-Scan,F1_score_Scan,Num. Obs. Scan,AUC_Scan,Precision-SSHscan,Recall-SSHscan,F1_score_SSHscan,Num. Obs. SSHscan,AUC_SSHscan,Precision-UDPscan,Recall-UDPscan,F1_score_UDPscan,Num. Obs. UDPscan,AUC_UDPscan,Precision-Spam,Recall-Spam,F1_score_Spam,Num. Obs. Spam,AUC_Spam,Precision-w,Recall-w,F1_score_w,Total Obs.,AUC_w,Time
11,3,87,0.8480392156862745,0.9259589652096343,0.8852878464818764,1121,0.8575373057340688,1.0,0.7575757575757576,0.8620689655172413,33,0.8787878787878788,0.896551724137931,0.9285714285714286,0.912280701754386,28,0.9635262206148283,0.9285714285714286,0.8125,0.8666666666666666,16,0.9059983643683944,0.0,0.0,0.0,5,0.5,0.0,0.0,0.0,1,0.5,0.9175257731958762,0.7797246558197747,0.8430311231393776,799,0.866606513956399,0.877042258961969,0.8612081877184223,0.8656257341349998,2003,0.8623028619002314,12050.667444705963
