Rep.,Kfold,Num. Vars.,Precision-Background,Recall-Background,F1_score_Background,Num. Obs. Background,AUC_Background,Precision-DoS,Recall-DoS,F1_score_DoS,Num. Obs. Dos,AUC_DoS,Precision-Botnet,Recall-Botnet,F1_score_Botnet,Num. Obs. Botnet,AUC_Botnet,Precision-Scan,Recall-Scan,F1_score_Scan,Num. Obs. Scan,AUC_Scan,Precision-SSHscan,Recall-SSHscan,F1_score_SSHscan,Num. Obs. SSHscan,AUC_SSHscan,Precision-UDPscan,Recall-UDPscan,F1_score_UDPscan,Num. Obs. UDPscan,AUC_UDPscan,Precision-Spam,Recall-Spam,F1_score_Spam,Num. Obs. Spam,AUC_Spam,Precision-w,Recall-w,F1_score_w,Total Obs.,AUC_w,Time
13,1,98,0.8798999165971643,0.9411239964317574,0.9094827586206896,1121,0.8888366860705892,0.9655172413793104,0.8484848484848485,0.9032258064516129,33,0.9239884882342984,0.9629629629629629,0.9285714285714286,0.9454545454545454,28,0.96403242147923,0.8888888888888888,1.0,0.9411764705882353,16,0.999496475327291,0.0,0.0,0.0,4,0.5,0.0,0.0,0.0,2,0.5,0.9258202567760342,0.8132832080200502,0.8659106070713809,798,0.8850469196246431,0.8982116011805189,0.8861138861138861,0.89004237725864,2002,0.8886762429890022,12475.284318685532
