Rep.,Kfold,Num. Vars.,Precision-Background,Recall-Background,F1_score_Background,Num. Obs. Background,AUC_Background,Precision-DoS,Recall-DoS,F1_score_DoS,Num. Obs. Dos,AUC_DoS,Precision-Botnet,Recall-Botnet,F1_score_Botnet,Num. Obs. Botnet,AUC_Botnet,Precision-Scan,Recall-Scan,F1_score_Scan,Num. Obs. Scan,AUC_Scan,Precision-SSHscan,Recall-SSHscan,F1_score_SSHscan,Num. Obs. SSHscan,AUC_SSHscan,Precision-UDPscan,Recall-UDPscan,F1_score_UDPscan,Num. Obs. UDPscan,AUC_UDPscan,Precision-Spam,Recall-Spam,F1_score_Spam,Num. Obs. Spam,AUC_Spam,Precision-w,Recall-w,F1_score_w,Total Obs.,AUC_w,Time
17,4,89,0.8952789699570816,0.9304192685102587,0.9125109361329834,1121,0.896048636522703,0.9629629629629629,0.7878787878787878,0.8666666666666665,33,0.893685586832795,0.9583333333333334,0.8214285714285714,0.8846153846153847,28,0.9104611211573237,1.0,1.0,1.0,16,1.0,0.0,0.0,0.0,5,0.5,0.6666666666666666,1.0,0.8,2,0.9997501249375312,0.9181692094313454,0.8295739348370927,0.8716260697827518,798,0.8903056396177165,0.904768446776109,0.8846729905142287,0.893385718352941,2003,0.8938684263428109,13590.032004117966
