Rep.,Kfold,Num. Vars.,Precision-Background,Recall-Background,F1_score_Background,Num. Obs. Background,AUC_Background,Precision-DoS,Recall-DoS,F1_score_DoS,Num. Obs. Dos,AUC_DoS,Precision-Botnet,Recall-Botnet,F1_score_Botnet,Num. Obs. Botnet,AUC_Botnet,Precision-Scan,Recall-Scan,F1_score_Scan,Num. Obs. Scan,AUC_Scan,Precision-SSHscan,Recall-SSHscan,F1_score_SSHscan,Num. Obs. SSHscan,AUC_SSHscan,Precision-UDPscan,Recall-UDPscan,F1_score_UDPscan,Num. Obs. UDPscan,AUC_UDPscan,Precision-Spam,Recall-Spam,F1_score_Spam,Num. Obs. Spam,AUC_Spam,Precision-w,Recall-w,F1_score_w,Total Obs.,AUC_w,Time
12,1,89,0.8440731901352426,0.9464763603925067,0.8923465096719932,1121,0.8621270690851421,0.9615384615384616,0.7575757575757576,0.8474576271186441,33,0.8785340716812797,1.0,0.9285714285714286,0.962962962962963,28,0.9642857142857143,0.8,0.75,0.7741935483870969,16,0.8742450931051836,0.0,0.0,0.0,5,0.5,1.0,0.5,0.6666666666666666,2,0.75,0.9318885448916409,0.7543859649122807,0.8337950138504155,798,0.8589357210453521,0.880870631151226,0.8622066899650525,0.8658703710236352,2003,0.8616348955036449,12216.084284305573
