Rep.,Kfold,Num. Vars.,Precision-Background,Recall-Background,F1_score_Background,Num. Obs. Background,AUC_Background,Precision-DoS,Recall-DoS,F1_score_DoS,Num. Obs. Dos,AUC_DoS,Precision-Botnet,Recall-Botnet,F1_score_Botnet,Num. Obs. Botnet,AUC_Botnet,Precision-Scan,Recall-Scan,F1_score_Scan,Num. Obs. Scan,AUC_Scan,Precision-SSHscan,Recall-SSHscan,F1_score_SSHscan,Num. Obs. SSHscan,AUC_SSHscan,Precision-UDPscan,Recall-UDPscan,F1_score_UDPscan,Num. Obs. UDPscan,AUC_UDPscan,Precision-Spam,Recall-Spam,F1_score_Spam,Num. Obs. Spam,AUC_Spam,Precision-w,Recall-w,F1_score_w,Total Obs.,AUC_w,Time
16,5,93,0.8562197092084006,0.9455842997323818,0.8986858838490884,1121,0.8718851203877329,1.0,0.7272727272727273,0.8421052631578948,33,0.8636363636363636,0.9259259259259259,0.8620689655172413,0.8928571428571429,29,0.9305278971456521,0.9285714285714286,0.8666666666666667,0.896551724137931,15,0.9330818242790073,0.0,0.0,0.0,5,0.5,1.0,1.0,1.0,1,1.0,0.932761087267525,0.8160200250312891,0.8704939919893191,799,0.8884917400903953,0.8886065032600065,0.8861707438841737,0.8842147688883828,2003,0.8788166034289983,11664.835656404495
