Rep.,Kfold,Num. Vars.,Precision-Background,Recall-Background,F1_score_Background,Num. Obs. Background,AUC_Background,Precision-DoS,Recall-DoS,F1_score_DoS,Num. Obs. Dos,AUC_DoS,Precision-Botnet,Recall-Botnet,F1_score_Botnet,Num. Obs. Botnet,AUC_Botnet,Precision-Scan,Recall-Scan,F1_score_Scan,Num. Obs. Scan,AUC_Scan,Precision-SSHscan,Recall-SSHscan,F1_score_SSHscan,Num. Obs. SSHscan,AUC_SSHscan,Precision-UDPscan,Recall-UDPscan,F1_score_UDPscan,Num. Obs. UDPscan,AUC_UDPscan,Precision-Spam,Recall-Spam,F1_score_Spam,Num. Obs. Spam,AUC_Spam,Precision-w,Recall-w,F1_score_w,Total Obs.,AUC_w,Time
5,3,89,0.8632974316487159,0.9295272078501338,0.8951890034364262,1121,0.8714378120698633,1.0,0.6363636363636364,0.7777777777777778,33,0.8181818181818181,0.9615384615384616,0.8620689655172413,0.9090909090909091,29,0.9307814463213737,0.8823529411764706,0.9375,0.9090909090909091,16,0.9682472347913524,0.0,0.0,0.0,5,0.5,0.0,0.0,0.0,2,0.5,0.917910447761194,0.769712140175219,0.8373042886317222,799,0.8620534166879413,0.8858698908143858,0.856857855361596,0.8673759386756795,2005,0.8671556533486101,21166.633895874023
