Rep.,Kfold,Num. Vars.,Precision-Background,Recall-Background,F1_score_Background,Num. Obs. Background,AUC_Background,Precision-DoS,Recall-DoS,F1_score_DoS,Num. Obs. Dos,AUC_DoS,Precision-Botnet,Recall-Botnet,F1_score_Botnet,Num. Obs. Botnet,AUC_Botnet,Precision-Scan,Recall-Scan,F1_score_Scan,Num. Obs. Scan,AUC_Scan,Precision-SSHscan,Recall-SSHscan,F1_score_SSHscan,Num. Obs. SSHscan,AUC_SSHscan,Precision-UDPscan,Recall-UDPscan,F1_score_UDPscan,Num. Obs. UDPscan,AUC_UDPscan,Precision-Spam,Recall-Spam,F1_score_Spam,Num. Obs. Spam,AUC_Spam,Precision-w,Recall-w,F1_score_w,Total Obs.,AUC_w,Time
6,4,89,0.8648208469055375,0.9473684210526315,0.9042145593869733,1121,0.8796864755319782,1.0,0.7878787878787878,0.8813559322033898,33,0.8939393939393939,1.0,0.8928571428571429,0.9433962264150945,28,0.9464285714285714,0.8888888888888888,1.0,0.9411764705882353,16,0.9994969818913482,0.0,0.0,0.0,5,0.5,1.0,0.5,0.6666666666666666,2,0.75,0.9465317919075145,0.8197747183979975,0.8786049631120053,799,0.894534662103563,0.8996832801085,0.8907185628742516,0.8919769878065712,2004,0.8866535358295189,22122.061616420746
