Rep.,Kfold,Num. Vars.,Precision-Background,Recall-Background,F1_score_Background,Num. Obs. Background,AUC_Background,Precision-DoS,Recall-DoS,F1_score_DoS,Num. Obs. Dos,AUC_DoS,Precision-Botnet,Recall-Botnet,F1_score_Botnet,Num. Obs. Botnet,AUC_Botnet,Precision-Scan,Recall-Scan,F1_score_Scan,Num. Obs. Scan,AUC_Scan,Precision-SSHscan,Recall-SSHscan,F1_score_SSHscan,Num. Obs. SSHscan,AUC_SSHscan,Precision-UDPscan,Recall-UDPscan,F1_score_UDPscan,Num. Obs. UDPscan,AUC_UDPscan,Precision-Spam,Recall-Spam,F1_score_Spam,Num. Obs. Spam,AUC_Spam,Precision-w,Recall-w,F1_score_w,Total Obs.,AUC_w,Time
6,1,85,0.8814129520605551,0.9348795718108831,0.9073593073593074,1121,0.8875078131163259,0.9642857142857143,0.8181818181818182,0.8852459016393442,33,0.9088371019843101,1.0,0.8928571428571429,0.9433962264150945,28,0.9464285714285714,0.9285714285714286,0.8125,0.8666666666666666,16,0.9059983643683944,0.0,0.0,0.0,5,0.5,1.0,0.5,0.6666666666666666,2,0.75,0.9154727793696275,0.8007518796992481,0.8542780748663102,798,0.8758946120487942,0.8963004336622149,0.8751872191712431,0.883520667192621,2003,0.8830992297122893,24331.59225344658
