Rep.,Kfold,Num. Vars.,Precision-Background,Recall-Background,F1_score_Background,Num. Obs. Background,AUC_Background,Precision-DoS,Recall-DoS,F1_score_DoS,Num. Obs. Dos,AUC_DoS,Precision-Botnet,Recall-Botnet,F1_score_Botnet,Num. Obs. Botnet,AUC_Botnet,Precision-Scan,Recall-Scan,F1_score_Scan,Num. Obs. Scan,AUC_Scan,Precision-SSHscan,Recall-SSHscan,F1_score_SSHscan,Num. Obs. SSHscan,AUC_SSHscan,Precision-UDPscan,Recall-UDPscan,F1_score_UDPscan,Num. Obs. UDPscan,AUC_UDPscan,Precision-Spam,Recall-Spam,F1_score_Spam,Num. Obs. Spam,AUC_Spam,Precision-w,Recall-w,F1_score_w,Total Obs.,AUC_w,Time
6,3,84,0.8592351505288853,0.9420160570918823,0.8987234042553192,1121,0.8729354661876645,1.0,0.5454545454545454,0.7058823529411764,33,0.7727272727272727,0.9583333333333334,0.8214285714285714,0.8846153846153847,28,0.9104611211573237,0.8888888888888888,1.0,0.9411764705882353,16,0.9994967287367892,0.0,0.0,0.0,5,0.5,0.0,0.0,0.0,1,0.5,0.9259259259259259,0.7822277847309136,0.8480325644504749,799,0.8703497727641278,0.8872056785388173,0.8676984523215178,0.8727754004552388,2003,0.8706714853155785,24653.013048887253
