Rep.,Kfold,Num. Vars.,Precision-Background,Recall-Background,F1_score_Background,Num. Obs. Background,AUC_Background,Precision-DoS,Recall-DoS,F1_score_DoS,Num. Obs. Dos,AUC_DoS,Precision-Botnet,Recall-Botnet,F1_score_Botnet,Num. Obs. Botnet,AUC_Botnet,Precision-Scan,Recall-Scan,F1_score_Scan,Num. Obs. Scan,AUC_Scan,Precision-SSHscan,Recall-SSHscan,F1_score_SSHscan,Num. Obs. SSHscan,AUC_SSHscan,Precision-UDPscan,Recall-UDPscan,F1_score_UDPscan,Num. Obs. UDPscan,AUC_UDPscan,Precision-Spam,Recall-Spam,F1_score_Spam,Num. Obs. Spam,AUC_Spam,Precision-w,Recall-w,F1_score_w,Total Obs.,AUC_w,Time
7,1,97,0.8651778329197684,0.9330954504906334,0.8978540772532189,1121,0.8742487444978648,1.0,0.7575757575757576,0.8620689655172413,33,0.8787878787878788,0.9583333333333334,0.8214285714285714,0.8846153846153847,28,0.9104612492770388,0.8235294117647058,0.875,0.8484848484848485,16,0.9367454728370221,0.0,0.0,0.0,5,0.5,1.0,0.5,0.6666666666666666,2,0.75,0.9266862170087976,0.7909887359198998,0.8534773801485481,799,0.8747474799931448,0.8908664880312666,0.8687624750499002,0.8765216790818058,2004,0.8744695217773346,23526.48778963089
