Rep.,Kfold,Num. Vars.,Precision-Background,Recall-Background,F1_score_Background,Num. Obs. Background,AUC_Background,Precision-DoS,Recall-DoS,F1_score_DoS,Num. Obs. Dos,AUC_DoS,Precision-Botnet,Recall-Botnet,F1_score_Botnet,Num. Obs. Botnet,AUC_Botnet,Precision-Scan,Recall-Scan,F1_score_Scan,Num. Obs. Scan,AUC_Scan,Precision-SSHscan,Recall-SSHscan,F1_score_SSHscan,Num. Obs. SSHscan,AUC_SSHscan,Precision-UDPscan,Recall-UDPscan,F1_score_UDPscan,Num. Obs. UDPscan,AUC_UDPscan,Precision-Spam,Recall-Spam,F1_score_Spam,Num. Obs. Spam,AUC_Spam,Precision-w,Recall-w,F1_score_w,Total Obs.,AUC_w,Time
7,2,82,0.8741721854304636,0.9420160570918823,0.9068269643623874,1121,0.885035177867208,1.0,0.8529411764705882,0.9206349206349206,34,0.9264705882352942,0.9642857142857143,0.9310344827586207,0.9473684210526316,29,0.9652642049420633,1.0,0.9375,0.967741935483871,16,0.96875,0.0,0.0,0.0,5,0.5,1.0,0.5,0.6666666666666666,2,0.75,0.9236311239193083,0.8032581453634086,0.8592493297587132,798,0.8796738117040738,0.8962438615807697,0.8822942643391521,0.8866964927735054,2005,0.8843375551482847,23370.83575105667
