Rep.,Kfold,Num. Vars.,Precision-Background,Recall-Background,F1_score_Background,Num. Obs. Background,AUC_Background,Precision-DoS,Recall-DoS,F1_score_DoS,Num. Obs. Dos,AUC_DoS,Precision-Botnet,Recall-Botnet,F1_score_Botnet,Num. Obs. Botnet,AUC_Botnet,Precision-Scan,Recall-Scan,F1_score_Scan,Num. Obs. Scan,AUC_Scan,Precision-SSHscan,Recall-SSHscan,F1_score_SSHscan,Num. Obs. SSHscan,AUC_SSHscan,Precision-UDPscan,Recall-UDPscan,F1_score_UDPscan,Num. Obs. UDPscan,AUC_UDPscan,Precision-Spam,Recall-Spam,F1_score_Spam,Num. Obs. Spam,AUC_Spam,Precision-w,Recall-w,F1_score_w,Total Obs.,AUC_w,Time
9,2,90,0.8721311475409836,0.9491525423728814,0.9090132422041863,1121,0.8860405163623772,1.0,0.696969696969697,0.8214285714285715,33,0.8484848484848485,0.9642857142857143,0.9642857142857143,0.9642857142857143,28,0.981889564336373,1.0,0.8666666666666667,0.9285714285714286,15,0.9333333333333333,0.0,0.0,0.0,5,0.5,0.0,0.0,0.0,2,0.5,0.9409158050221565,0.7982456140350878,0.8637288135593221,798,0.8825115113364808,0.9008540603402215,0.8811188811188811,0.8872603156927803,2002,0.8843598964486289,19924.726714372635
