Rep,Kfold,Num_Vars_,Precision_background,Recall_background,F1_score_background,Num_Obs_background,AUC_background,Accuracy_background,Precision_dos,Recall_dos,F1_score_dos,Num_Obs_dos,AUC_dos,Accuracy_dos,Precision_scan,Recall_scan,F1_score_scan,Num_Obs_scan,AUC_scan,Accuracy_scan,Precision_w,Recall_w,F1_score_w,Total_Obs,AUC_w,Accuracy_w,Hyper_time,Training_time,Testing_time,Total_time
11.0,1.0,34.0,0.9164118246687054,0.6313202247191011,0.7476091476091475,1424.0,0.5577984771394248,0.6165508528111181,0.09148936170212765,0.6142857142857143,0.15925925925925924,70.0,0.6660324804078935,0.7132027795325332,0.3333333333333333,0.033707865168539325,0.061224489795918366,89.0,0.5148459004557556,0.9418825015792799,0.847151838480134,0.5969677826910929,0.6830022450634308,1583.0,0.5601696716460238,0.6391156990592959,0.0,2.291403293609619,0.0014281272888183594,0.0014281272888183594
