Rep,Kfold,Num_Vars_,Precision_background,Recall_background,F1_score_background,Num_Obs_background,AUC_background,Accuracy_background,Precision_dos,Recall_dos,F1_score_dos,Num_Obs_dos,AUC_dos,Accuracy_dos,Precision_scan,Recall_scan,F1_score_scan,Num_Obs_scan,AUC_scan,Accuracy_scan,Precision_w,Recall_w,F1_score_w,Total_Obs,AUC_w,Accuracy_w,Hyper_time,Training_time,Testing_time,Total_time
18.0,4.0,43.0,0.9620123203285421,0.9845022327291831,0.9731273529793587,3807.0,0.9750338059876721,0.9744602097470697,0.8021007400334209,0.9827434922491957,0.8832807570977919,3419.0,0.9029167738668088,0.8904380012338063,0.7741935483870968,0.027303754266211604,0.052747252747252754,879.0,0.5131675151070887,0.8936458975940778,0.8741862384574071,0.8799506477483036,0.8354099415761387,8105.0,0.8945219488001009,0.930251978866215,0.0,2.524528741836548,0.030778169631958008,4.102816343307495
