Rep,Kfold,Num_Vars_,Precision_background,Recall_background,F1_score_background,Num_Obs_background,AUC_background,Accuracy_background,Precision_dos,Recall_dos,F1_score_dos,Num_Obs_dos,AUC_dos,Accuracy_dos,Precision_scan,Recall_scan,F1_score_scan,Num_Obs_scan,AUC_scan,Accuracy_scan,Precision_w,Recall_w,F1_score_w,Total_Obs,AUC_w,Accuracy_w,Hyper_time,Training_time,Testing_time,Total_time
11.0,3.0,25.0,0.01157556270096463,0.7346938775510204,0.02279202279202279,49.0,0.48905503624043756,0.2492704280155642,0.8169014084507042,0.24628450106157113,0.3784665579119087,3297.0,0.5114858088129941,0.35141050583657585,0.125,0.0026109660574412533,0.005115089514066496,766.0,0.4992134328195156,0.8107976653696498,0.6784146756406418,0.20671206225680933,0.3046787959922536,4112.0,0.5089323681838454,0.43576986877166946,0.0,2.1944503784179688,0.0023550987243652344,0.0023550987243652344
