Rep,Kfold,Num_Vars_,Precision_background,Recall_background,F1_score_background,Num_Obs_background,AUC_background,Accuracy_background,Precision_dos,Recall_dos,F1_score_dos,Num_Obs_dos,AUC_dos,Accuracy_dos,Precision_scan,Recall_scan,F1_score_scan,Num_Obs_scan,AUC_scan,Accuracy_scan,Precision_w,Recall_w,F1_score_w,Total_Obs,AUC_w,Accuracy_w,Hyper_time,Training_time,Testing_time,Total_time
15.0,1.0,60.0,0.005121042830540037,0.22448979591836735,0.010013654984069184,49.0,0.34926188048441137,0.4710603112840467,0.8433818433818434,0.36912344555656657,0.5135021097046414,3297.0,0.5459114160298171,0.4392023346303502,0.2683333333333333,0.21018276762402088,0.23572474377745242,766.0,0.539490666537653,0.7461089494163424,0.7262704771551478,0.33779182879377434,0.4557568770729452,4112.0,0.5423719896308086,0.49675377134778725,0.0,2.138545036315918,0.0026209354400634766,0.0026209354400634766
