Rep,Kfold,Num_Vars_,Precision_background,Recall_background,F1_score_background,Num_Obs_background,AUC_background,Accuracy_background,Precision_dos,Recall_dos,F1_score_dos,Num_Obs_dos,AUC_dos,Accuracy_dos,Precision_scan,Recall_scan,F1_score_scan,Num_Obs_scan,AUC_scan,Accuracy_scan,Precision_w,Recall_w,F1_score_w,Total_Obs,AUC_w,Accuracy_w,Hyper_time,Training_time,Testing_time,Total_time
18.0,1.0,35.0,0.9121900826446281,0.6200842696629213,0.7382943143812708,1424.0,0.5410547930593087,0.6042983565107459,0.08284023668639054,0.6,0.14558058925476605,70.0,0.6462301587301588,0.6883691529709229,0.1875,0.10227272727272728,0.1323529411764706,88.0,0.5380841548010222,0.9254108723135271,0.8351817283527166,0.5903919089759797,0.6783620756955074,1582.0,0.5455433262010472,0.625880440671844,0.0,2.052870035171509,0.0015087127685546875,0.0015087127685546875
