Rep,Kfold,Num_Vars_,Precision_background,Recall_background,F1_score_background,Num_Obs_background,AUC_background,Accuracy_background,Precision_dos,Recall_dos,F1_score_dos,Num_Obs_dos,AUC_dos,Accuracy_dos,Precision_scan,Recall_scan,F1_score_scan,Num_Obs_scan,AUC_scan,Accuracy_scan,Precision_w,Recall_w,F1_score_w,Total_Obs,AUC_w,Accuracy_w,Hyper_time,Training_time,Testing_time,Total_time
10.0,4.0,56.0,0.004635482511588706,0.22448979591836735,0.00908340214698596,49.0,0.3216445042583963,0.4164843180160467,0.8394625176803394,0.3599151000606428,0.5038200339558574,3298.0,0.5406937463493399,0.43155847313396545,0.29961089494163423,0.10052219321148825,0.15053763440860216,766.0,0.5233713445890128,0.7887186968149769,0.7289755573737221,0.3099927060539752,0.4321311419033818,4113.0,0.5348580126729803,0.4978959634667826,0.0,2.919654130935669,0.0068132877349853516,0.0068132877349853516
