Rep,Kfold,Num_Vars_,Precision_background,Recall_background,F1_score_background,Num_Obs_background,AUC_background,Accuracy_background,Precision_dos,Recall_dos,F1_score_dos,Num_Obs_dos,AUC_dos,Accuracy_dos,Precision_scan,Recall_scan,F1_score_scan,Num_Obs_scan,AUC_scan,Accuracy_scan,Precision_w,Recall_w,F1_score_w,Total_Obs,AUC_w,Accuracy_w,Hyper_time,Training_time,Testing_time,Total_time
14.0,1.0,34.0,0.009108341323106424,0.38,0.017790262172284643,50.0,0.4356313069160718,0.4899100413323608,0.8494288681204569,0.2481043372763118,0.384037558685446,3297.0,0.5352041294224696,0.36202285436421106,0.4186046511627907,0.02349869451697128,0.04449938195302843,766.0,0.5080146594783841,0.812059324094335,0.7589772813153415,0.20787746170678337,0.31635007796512266,4113.0,0.528929931731614,0.44739175666464437,0.0,2.1927242279052734,0.04881167411804199,0.04881167411804199
