Rep,Kfold,Num_Vars_,Precision_background,Recall_background,F1_score_background,Num_Obs_background,AUC_background,Accuracy_background,Precision_dos,Recall_dos,F1_score_dos,Num_Obs_dos,AUC_dos,Accuracy_dos,Precision_scan,Recall_scan,F1_score_scan,Num_Obs_scan,AUC_scan,Accuracy_scan,Precision_w,Recall_w,F1_score_w,Total_Obs,AUC_w,Accuracy_w,Hyper_time,Training_time,Testing_time,Total_time
14.0,5.0,41.0,0.9598157153826465,0.9847689075630253,0.9721322099805574,3808.0,0.9741286398280242,0.9734829797730636,0.8034044593622632,0.9798245614035088,0.8828876300882624,3420.0,0.9024549428177953,0.8903552047360631,0.9615384615384616,0.028409090909090908,0.05518763796909492,880.0,0.5141353700256577,0.8944252590034534,0.8940275458004323,0.8788850518006907,0.8349679664430961,8108.0,0.8939710027780655,0.9298387043779232,0.0,2.379737615585327,0.008219480514526367,4.045040845870972
