Rep,Kfold,Num_Vars_,Precision_background,Recall_background,F1_score_background,Num_Obs_background,AUC_background,Accuracy_background,Precision_dos,Recall_dos,F1_score_dos,Num_Obs_dos,AUC_dos,Accuracy_dos,Precision_scan,Recall_scan,F1_score_scan,Num_Obs_scan,AUC_scan,Accuracy_scan,Precision_w,Recall_w,F1_score_w,Total_Obs,AUC_w,Accuracy_w,Hyper_time,Training_time,Testing_time,Total_time
15.0,5.0,50.0,0.9084712755598832,0.6556570625439213,0.7616326530612244,1423.0,0.5303601768415809,0.6306135357368754,0.09029345372460497,0.5714285714285714,0.15594541910331386,70.0,0.6523588919353314,0.726122707147375,0.21951219512195122,0.10227272727272728,0.13953488372093026,88.0,0.5404196858064909,0.9297912713472486,0.8338976850431169,0.6211258697027198,0.7001888136690677,1581.0,0.5363216865477635,0.6514948024873167,0.0,2.1628081798553467,0.001399993896484375,0.001399993896484375
