Rep,Kfold,Num_Vars_,Precision_background,Recall_background,F1_score_background,Num_Obs_background,AUC_background,Accuracy_background,Precision_dos,Recall_dos,F1_score_dos,Num_Obs_dos,AUC_dos,Accuracy_dos,Precision_scan,Recall_scan,F1_score_scan,Num_Obs_scan,AUC_scan,Accuracy_scan,Precision_w,Recall_w,F1_score_w,Total_Obs,AUC_w,Accuracy_w,Hyper_time,Training_time,Testing_time,Total_time
18.0,4.0,43.0,0.9099804305283757,0.6535488404778637,0.7607361963190183,1423.0,0.5356351797326027,0.6299810246679317,0.07956989247311828,0.5285714285714286,0.1383177570093458,70.0,0.6226576533988843,0.7084123972169513,0.2,0.07954545454545454,0.11382113821138212,88.0,0.5303956341715886,0.931056293485136,0.833695158200504,0.6160657811511702,0.6971702153796452,1581.0,0.5391965289718629,0.6502117771880742,0.0,2.524528741836548,0.013178348541259766,0.013178348541259766
