Rep,Kfold,Num_Vars_,Precision_background,Recall_background,F1_score_background,Num_Obs_background,AUC_background,Accuracy_background,Precision_dos,Recall_dos,F1_score_dos,Num_Obs_dos,AUC_dos,Accuracy_dos,Precision_scan,Recall_scan,F1_score_scan,Num_Obs_scan,AUC_scan,Accuracy_scan,Precision_w,Recall_w,F1_score_w,Total_Obs,AUC_w,Accuracy_w,Hyper_time,Training_time,Testing_time,Total_time
11.0,4.0,48.0,0.921421889616464,0.6921995783555868,0.7905296950240771,1423.0,0.5802770043676668,0.6698292220113852,0.11219512195121951,0.6571428571428571,0.19166666666666668,70.0,0.7081213954807601,0.7545857052498419,0.2972972972972973,0.125,0.176,88.0,0.5537926992632284,0.9348513598987982,0.8508533647204147,0.6590765338393422,0.7298092490107074,1581.0,0.5844632716217629,0.6883332713224443,0.0,2.1204607486724854,0.0015752315521240234,0.0015752315521240234
