Rep,Kfold,Num_Vars_,Precision_background,Recall_background,F1_score_background,Num_Obs_background,AUC_background,Accuracy_background,Precision_dos,Recall_dos,F1_score_dos,Num_Obs_dos,AUC_dos,Accuracy_dos,Precision_scan,Recall_scan,F1_score_scan,Num_Obs_scan,AUC_scan,Accuracy_scan,Precision_w,Recall_w,F1_score_w,Total_Obs,AUC_w,Accuracy_w,Hyper_time,Training_time,Testing_time,Total_time
15.0,1.0,60.0,0.9066410009624639,0.6619817287420942,0.7652315190901706,1423.0,0.5240288390545913,0.6344086021505376,0.08747044917257683,0.5285714285714286,0.15010141987829614,70.0,0.6365557341401153,0.734977862112587,0.18181818181818182,0.11363636363636363,0.13986013986013987,88.0,0.5417478536199233,0.9222011385199241,0.8300272459276828,0.6255534471853258,0.7031873772071384,1581.0,0.5299973121334881,0.6548801969625867,0.0,2.138545036315918,0.0015566349029541016,0.0015566349029541016
