Rep,Kfold,Num_Vars_,Precision_background,Recall_background,F1_score_background,Num_Obs_background,AUC_background,Accuracy_background,Precision_dos,Recall_dos,F1_score_dos,Num_Obs_dos,AUC_dos,Accuracy_dos,Precision_scan,Recall_scan,F1_score_scan,Num_Obs_scan,AUC_scan,Accuracy_scan,Precision_w,Recall_w,F1_score_w,Total_Obs,AUC_w,Accuracy_w,Hyper_time,Training_time,Testing_time,Total_time
12.0,4.0,67.0,0.9973856209150327,0.6538131962296486,0.7898550724637682,2334.0,0.8005908086411401,0.6630705394190871,0.0703448275862069,0.9807692307692307,0.13127413127413126,52.0,0.8474668884974229,0.7199170124481328,0.05263157894736842,0.9166666666666666,0.09954751131221719,24.0,0.8753492595697121,0.8348547717842324,0.9679747419688406,0.6634854771784231,0.7687705951154287,2410.0,0.8023467252281992,0.6660078166698232,0.0,3.0177552700042725,0.008120536804199219,0.008120536804199219
