Rep,Kfold,Num_Vars_,Precision_background,Recall_background,F1_score_background,Num_Obs_background,AUC_background,Accuracy_background,Precision_dos,Recall_dos,F1_score_dos,Num_Obs_dos,AUC_dos,Accuracy_dos,Precision_scan,Recall_scan,F1_score_scan,Num_Obs_scan,AUC_scan,Accuracy_scan,Precision_w,Recall_w,F1_score_w,Total_Obs,AUC_w,Accuracy_w,Hyper_time,Training_time,Testing_time,Total_time
10.0,4.0,56.0,0.922723091076357,0.7043539325842697,0.7988849064117882,1424.0,0.5863541814820082,0.6807838179519595,0.11586901763224182,0.6571428571428571,0.19700214132762314,70.0,0.7124999999999999,0.7629582806573957,0.16,0.045454545454545456,0.07079646017699115,88.0,0.5156991602774735,0.9336283185840708,0.8445945088034066,0.6656131479140329,0.7317524305429174,1582.0,0.5880056134859655,0.6984845312547447,0.0,2.919654130935669,0.0015425682067871094,0.0015425682067871094
