Rep,Kfold,Num_Vars_,Precision_background,Recall_background,F1_score_background,Num_Obs_background,AUC_background,Accuracy_background,Precision_dos,Recall_dos,F1_score_dos,Num_Obs_dos,AUC_dos,Accuracy_dos,Precision_scan,Recall_scan,F1_score_scan,Num_Obs_scan,AUC_scan,Accuracy_scan,Precision_w,Recall_w,F1_score_w,Total_Obs,AUC_w,Accuracy_w,Hyper_time,Training_time,Testing_time,Total_time
1.0,5.0,98.0,0.006412674462466994,0.3469387755102041,0.012592592592592591,49.0,0.34932466710533583,0.3516536964980545,0.8612204724409449,0.2653927813163482,0.40575005796429403,3297.0,0.5461933231735115,0.3767023346303502,0.2594594594594595,0.06266318537859007,0.10094637223974763,766.0,0.5108593870706459,0.7920719844357976,0.7389358133833663,0.22859922178988326,0.34428499496132325,4112.0,0.5372652202547042,0.45378058572044994,0.0,128.702734708786,0.0030159950256347656,0.0030159950256347656
