Rep,Kfold,Num_Vars_,Precision_background,Recall_background,F1_score_background,Num_Obs_background,AUC_background,Accuracy_background,Precision_dos,Recall_dos,F1_score_dos,Num_Obs_dos,AUC_dos,Accuracy_dos,Precision_scan,Recall_scan,F1_score_scan,Num_Obs_scan,AUC_scan,Accuracy_scan,Precision_w,Recall_w,F1_score_w,Total_Obs,AUC_w,Accuracy_w,Hyper_time,Training_time,Testing_time,Total_time
18.0,2.0,51.0,0.9173913043478261,0.7408707865168539,0.8197358197358198,1424.0,0.573560393258427,0.7070707070707071,0.11989100817438691,0.6197183098591549,0.2009132420091324,71.0,0.7031175818958696,0.7790404040404041,0.2857142857142857,0.0898876404494382,0.13675213675213674,89.0,0.5382548570140168,0.9362373737373737,0.8461528095961219,0.6988636363636364,0.7536234770564368,1584.0,0.5773838576949837,0.7231727789256198,0.0,2.4520509243011475,0.0014598369598388672,0.0014598369598388672
