Rep,Kfold,Num_Vars_,Precision_background,Recall_background,F1_score_background,Num_Obs_background,AUC_background,Accuracy_background,Precision_dos,Recall_dos,F1_score_dos,Num_Obs_dos,AUC_dos,Accuracy_dos,Precision_scan,Recall_scan,F1_score_scan,Num_Obs_scan,AUC_scan,Accuracy_scan,Precision_w,Recall_w,F1_score_w,Total_Obs,AUC_w,Accuracy_w,Hyper_time,Training_time,Testing_time,Total_time
18.0,5.0,31.0,0.9595597645252112,0.9847649067507224,0.9719989629245528,3807.0,0.974006086778478,0.9733530717986677,0.8026852073843203,0.9789473684210527,0.8820972203925702,3420.0,0.9016589168182941,0.8895879595361461,0.9166666666666666,0.02502844141069397,0.048726467331118496,879.0,0.5123758507039633,0.8940291142363681,0.8887216176661552,0.8782383419689119,0.833950544088381,8106.0,0.893423765192822,0.9294100120114626,0.0,2.0050995349884033,0.011008024215698242,3.6964194774627686
