Rep,Kfold,Num_Vars_,Precision_background,Recall_background,F1_score_background,Num_Obs_background,AUC_background,Accuracy_background,Precision_dos,Recall_dos,F1_score_dos,Num_Obs_dos,AUC_dos,Accuracy_dos,Precision_scan,Recall_scan,F1_score_scan,Num_Obs_scan,AUC_scan,Accuracy_scan,Precision_w,Recall_w,F1_score_w,Total_Obs,AUC_w,Accuracy_w,Hyper_time,Training_time,Testing_time,Total_time
16.0,2.0,50.0,0.9965776865160849,0.6235546038543898,0.767123287671233,2335.0,0.7793097694596625,0.6334991708126037,0.05601907032181168,0.9038461538461539,0.10549943883277217,52.0,0.7841264667535853,0.6695688225538972,0.07796610169491526,0.92,0.14375000000000002,25.0,0.9030247172182656,0.8864013266998342,0.966779039060599,0.632669983416252,0.7463982576830983,2412.0,0.7806958979643263,0.636898082830733,0.0,2.1148979663848877,0.05835747718811035,0.05835747718811035
