Rep,Kfold,Num_Vars_,Precision_background,Recall_background,F1_score_background,Num_Obs_background,AUC_background,Accuracy_background,Precision_dos,Recall_dos,F1_score_dos,Num_Obs_dos,AUC_dos,Accuracy_dos,Precision_scan,Recall_scan,F1_score_scan,Num_Obs_scan,AUC_scan,Accuracy_scan,Precision_w,Recall_w,F1_score_w,Total_Obs,AUC_w,Accuracy_w,Hyper_time,Training_time,Testing_time,Total_time
1.0,4.0,40.0,0.9590583418628454,0.9845022327291831,0.9716137394685678,3807.0,0.9736378078490029,0.9729796421961752,0.8021082894106373,0.9792336940625914,0.8818648755432636,3419.0,0.9014819772062851,0.8893275755706355,0.9545454545454546,0.023890784982935155,0.04661487236403995,879.0,0.5118761979163222,0.8940160394818013,0.8923613576202685,0.8780999383096854,0.8334366426214989,8105.0,0.8931209367696348,0.9291282637163905,0.0,126.35361123085022,0.0039196014404296875,143.52974605560303
