Rep,Kfold,Num_Vars_,Precision_background,Recall_background,F1_score_background,Num_Obs_background,AUC_background,Accuracy_background,Precision_dos,Recall_dos,F1_score_dos,Num_Obs_dos,AUC_dos,Accuracy_dos,Precision_scan,Recall_scan,F1_score_scan,Num_Obs_scan,AUC_scan,Accuracy_scan,Precision_w,Recall_w,F1_score_w,Total_Obs,AUC_w,Accuracy_w,Hyper_time,Training_time,Testing_time,Total_time
10.0,2.0,66.0,0.9600716662400819,0.9850315126050421,0.9723914452365522,3808.0,0.9743720019410417,0.9737264092759343,0.803019410496046,0.9801111436092425,0.8827713382507902,3419.0,0.9023849233404573,0.8902183298384112,0.8571428571428571,0.02727272727272727,0.05286343612334802,880.0,0.5133596236335963,0.8939188355741952,0.8826646088335917,0.8789934624398668,0.8347824907769568,8107.0,0.8939705322671858,0.9298452216042405,0.0,2.656670093536377,0.015544414520263672,5.137593746185303
