Rep,Kfold,Num_Vars_,Precision_background,Recall_background,F1_score_background,Num_Obs_background,AUC_background,Accuracy_background,Precision_dos,Recall_dos,F1_score_dos,Num_Obs_dos,AUC_dos,Accuracy_dos,Precision_scan,Recall_scan,F1_score_scan,Num_Obs_scan,AUC_scan,Accuracy_scan,Precision_w,Recall_w,F1_score_w,Total_Obs,AUC_w,Accuracy_w,Hyper_time,Training_time,Testing_time,Total_time
18.0,5.0,31.0,0.9115853658536586,0.6299157303370787,0.7450166112956811,1424.0,0.5396414094723367,0.6118836915297092,0.08932038834951456,0.6571428571428571,0.15726495726495726,70.0,0.673478835978836,0.6883691529709229,0.26666666666666666,0.045454545454545456,0.07766990291262135,88.0,0.5190458804916637,0.9399494310998736,0.8393278475516704,0.5986093552465235,0.6818882129898278,1582.0,0.5444177769218663,0.6335169199640073,0.0,2.0050995349884033,0.0013306140899658203,0.0013306140899658203
