Rep,Kfold,Num_Vars_,Precision_background,Recall_background,F1_score_background,Num_Obs_background,AUC_background,Accuracy_background,Precision_dos,Recall_dos,F1_score_dos,Num_Obs_dos,AUC_dos,Accuracy_dos,Precision_scan,Recall_scan,F1_score_scan,Num_Obs_scan,AUC_scan,Accuracy_scan,Precision_w,Recall_w,F1_score_w,Total_Obs,AUC_w,Accuracy_w,Hyper_time,Training_time,Testing_time,Total_time
18.0,3.0,33.0,0.005698005698005698,0.24,0.011131725417439705,50.0,0.36224519940915806,0.48151750972762647,0.8347639484978541,0.2359720958447073,0.36793568219437217,3297.0,0.5235075203149917,0.34995136186770426,0.3490566037735849,0.048366013071895426,0.08495981630309989,765.0,0.5138752682628674,0.8061770428015564,0.734321483552801,0.20111867704280156,0.31095204035447194,4112.0,0.5197546533730738,0.43642776101833486,0.0,2.176356315612793,0.0023932456970214844,0.0023932456970214844
