Rep,Kfold,Num_Vars_,Precision_background,Recall_background,F1_score_background,Num_Obs_background,AUC_background,Accuracy_background,Precision_dos,Recall_dos,F1_score_dos,Num_Obs_dos,AUC_dos,Accuracy_dos,Precision_scan,Recall_scan,F1_score_scan,Num_Obs_scan,AUC_scan,Accuracy_scan,Precision_w,Recall_w,F1_score_w,Total_Obs,AUC_w,Accuracy_w,Hyper_time,Training_time,Testing_time,Total_time
10.0,4.0,56.0,0.959518319241609,0.9834558823529411,0.9713396446634677,3808.0,0.9733472990173268,0.9727362447569702,0.8016726403823178,0.9809941520467836,0.8823142669296516,3420.0,0.9019354029546764,0.8895879595361461,0.8695652173913043,0.022779043280182234,0.044395116537180916,878.0,0.5111819953534281,0.8937823834196891,0.883178441974974,0.8783617073772514,0.8333771369476362,8106.0,0.8931585720063266,0.929103303021299,0.0,2.919654130935669,0.008089065551757812,4.613386631011963
