Rep,Kfold,Num_Vars_,Precision_background,Recall_background,F1_score_background,Num_Obs_background,AUC_background,Accuracy_background,Precision_dos,Recall_dos,F1_score_dos,Num_Obs_dos,AUC_dos,Accuracy_dos,Precision_scan,Recall_scan,F1_score_scan,Num_Obs_scan,AUC_scan,Accuracy_scan,Precision_w,Recall_w,F1_score_w,Total_Obs,AUC_w,Accuracy_w,Hyper_time,Training_time,Testing_time,Total_time
12.0,1.0,25.0,0.013385569702905649,0.82,0.026341150016061677,50.0,0.5381988188976378,0.2632474477394264,0.8277189605389798,0.2607640994542147,0.39658750288217665,3298.0,0.5207006771780878,0.36387943607194945,0.13333333333333333,0.0026109660574412533,0.005121638924455826,766.0,0.4993640254421017,0.8111327175498299,0.6885317801837709,0.21949440933398157,0.31919927501758744,4114.0,0.516940597415378,0.44593204039752804,0.0,2.1676933765411377,0.002351045608520508,0.002351045608520508
