Rep,Kfold,Num_Vars_,Precision_background,Recall_background,F1_score_background,Num_Obs_background,AUC_background,Accuracy_background,Precision_dos,Recall_dos,F1_score_dos,Num_Obs_dos,AUC_dos,Accuracy_dos,Precision_scan,Recall_scan,F1_score_scan,Num_Obs_scan,AUC_scan,Accuracy_scan,Precision_w,Recall_w,F1_score_w,Total_Obs,AUC_w,Accuracy_w,Hyper_time,Training_time,Testing_time,Total_time
18.0,4.0,43.0,0.9987507807620237,0.684796573875803,0.8125,2335.0,0.8294112739508884,0.6940298507462687,0.07262569832402235,1.0,0.13541666666666669,52.0,0.8593220338983051,0.724709784411277,0.06382978723404255,0.96,0.1197007481296758,25.0,0.9062672811059908,0.853648424543947,0.9690942595659311,0.6944444444444444,0.790722091778569,2412.0,0.8308527166109809,0.6963456968886907,0.0,2.524528741836548,0.01553654670715332,0.01553654670715332
