Rep,Kfold,Num_Vars_,Precision_background,Recall_background,F1_score_background,Num_Obs_background,AUC_background,Accuracy_background,Precision_dos,Recall_dos,F1_score_dos,Num_Obs_dos,AUC_dos,Accuracy_dos,Precision_scan,Recall_scan,F1_score_scan,Num_Obs_scan,AUC_scan,Accuracy_scan,Precision_w,Recall_w,F1_score_w,Total_Obs,AUC_w,Accuracy_w,Hyper_time,Training_time,Testing_time,Total_time
17.0,2.0,34.0,0.9973386560212908,0.6419700214132762,0.7811360083376759,2335.0,0.7950109847326121,0.6517412935323383,0.06090133982947625,0.9615384615384616,0.1145475372279496,52.0,0.8174217731421122,0.6795190713101161,0.03686635944700461,0.96,0.07100591715976332,25.0,0.8486635944700461,0.7396351575456053,0.9671949794639395,0.6521558872305141,0.7594047260917582,2412.0,0.7960502369053857,0.6532511571495756,0.0,2.3690032958984375,0.010949850082397461,0.010949850082397461
