Rep,Kfold,Num_Vars_,Precision_background,Recall_background,F1_score_background,Num_Obs_background,AUC_background,Accuracy_background,Precision_dos,Recall_dos,F1_score_dos,Num_Obs_dos,AUC_dos,Accuracy_dos,Precision_scan,Recall_scan,F1_score_scan,Num_Obs_scan,AUC_scan,Accuracy_scan,Precision_w,Recall_w,F1_score_w,Total_Obs,AUC_w,Accuracy_w,Hyper_time,Training_time,Testing_time,Total_time
10.0,2.0,66.0,0.002586206896551724,0.12244897959183673,0.005065428450823132,49.0,0.2764595377900114,0.4267996108949416,0.83451536643026,0.32120109190172885,0.4638633377135349,3297.0,0.5317661901226435,0.4046692607003891,0.23905723905723905,0.0926892950391645,0.13358419567262467,766.0,0.5125729798567011,0.7760214007782101,0.7136774640993053,0.27626459143968873,0.39687040961110054,4112.0,0.5251484797559094,0.4741099529326712,0.0,2.656670093536377,0.009219169616699219,0.009219169616699219
