Rep,Kfold,Num_Vars_,Precision_background,Recall_background,F1_score_background,Num_Obs_background,AUC_background,Accuracy_background,Precision_dos,Recall_dos,F1_score_dos,Num_Obs_dos,AUC_dos,Accuracy_dos,Precision_scan,Recall_scan,F1_score_scan,Num_Obs_scan,AUC_scan,Accuracy_scan,Precision_w,Recall_w,F1_score_w,Total_Obs,AUC_w,Accuracy_w,Hyper_time,Training_time,Testing_time,Total_time
11.0,2.0,29.0,0.9267782426778243,0.6221910112359551,0.7445378151260504,1424.0,0.5895765182762055,0.6156763590391909,0.09108527131782945,0.6714285714285714,0.16040955631399317,70.0,0.6806216931216931,0.6890012642225032,0.07692307692307693,0.011363636363636364,0.019801980198019802,88.0,0.5016657539247902,0.9374209860935525,0.8425268124745263,0.5903919089759798,0.6783774285328072,1582.0,0.5887149601069638,0.6368181229732085,0.0,1.8735744953155518,0.0013997554779052734,0.0013997554779052734
