Rep,Kfold,Num_Vars_,Precision_background,Recall_background,F1_score_background,Num_Obs_background,AUC_background,Accuracy_background,Precision_dos,Recall_dos,F1_score_dos,Num_Obs_dos,AUC_dos,Accuracy_dos,Precision_scan,Recall_scan,F1_score_scan,Num_Obs_scan,AUC_scan,Accuracy_scan,Precision_w,Recall_w,F1_score_w,Total_Obs,AUC_w,Accuracy_w,Hyper_time,Training_time,Testing_time,Total_time
19.0,5.0,53.0,0.9980842911877394,0.6693790149892933,0.8013329915406306,2335.0,0.8152089880141271,0.6786898839137645,0.06864064602960969,0.9807692307692307,0.1283018867924528,52.0,0.84377444589309,0.7126865671641791,0.08455882352941177,0.92,0.1548821548821549,25.0,0.9078424801005446,0.8959369817578773,0.9685779867765947,0.6786898839137644,0.7801228388195,2412.0,0.8167849586243536,0.6816745460095872,0.0,2.1174631118774414,0.0018410682678222656,0.0018410682678222656
