Rep,Kfold,Num_Vars_,Precision_background,Recall_background,F1_score_background,Num_Obs_background,AUC_background,Accuracy_background,Precision_dos,Recall_dos,F1_score_dos,Num_Obs_dos,AUC_dos,Accuracy_dos,Precision_scan,Recall_scan,F1_score_scan,Num_Obs_scan,AUC_scan,Accuracy_scan,Precision_w,Recall_w,F1_score_w,Total_Obs,AUC_w,Accuracy_w,Hyper_time,Training_time,Testing_time,Total_time
18.0,5.0,31.0,0.9967170059093894,0.6503856041131105,0.7871402644542391,2334.0,0.7931415200052733,0.6596185737976783,0.05861664712778429,0.9433962264150944,0.11037527593818985,53.0,0.8014988762427315,0.6658374792703151,0.04633204633204633,0.96,0.08839779005524863,25.0,0.8765228320067029,0.7947761194029851,0.9662530991909571,0.6600331674958541,0.7650270363235072,2412.0,0.7941893942509702,0.6611561113723808,0.0,2.0050995349884033,0.010610103607177734,0.010610103607177734
