Rep,Kfold,Num_Vars_,Precision_background,Recall_background,F1_score_background,Num_Obs_background,AUC_background,Accuracy_background,Precision_dos,Recall_dos,F1_score_dos,Num_Obs_dos,AUC_dos,Accuracy_dos,Precision_scan,Recall_scan,F1_score_scan,Num_Obs_scan,AUC_scan,Accuracy_scan,Precision_w,Recall_w,F1_score_w,Total_Obs,AUC_w,Accuracy_w,Hyper_time,Training_time,Testing_time,Total_time
1.0,1.0,51.0,0.9105769230769231,0.6650280898876404,0.7686688311688311,1424.0,0.5382102474754658,0.6396965865992414,0.0883054892601432,0.5285714285714286,0.1513292433537832,70.0,0.637962962962963,0.7376738305941846,0.21153846153846154,0.125,0.15714285714285714,88.0,0.5487784471218206,0.9254108723135271,0.8353086645544455,0.6289506953223767,0.7073363047078076,1582.0,0.5432119488996149,0.6599249457790791,0.0,127.49548768997192,0.0015933513641357422,0.0015933513641357422
