Rep,Kfold,Num_Vars_,Precision_background,Recall_background,F1_score_background,Num_Obs_background,AUC_background,Accuracy_background,Precision_dos,Recall_dos,F1_score_dos,Num_Obs_dos,AUC_dos,Accuracy_dos,Precision_scan,Recall_scan,F1_score_scan,Num_Obs_scan,AUC_scan,Accuracy_scan,Precision_w,Recall_w,F1_score_w,Total_Obs,AUC_w,Accuracy_w,Hyper_time,Training_time,Testing_time,Total_time
14.0,2.0,46.0,0.9966644429619747,0.6398286937901498,0.7793427230046949,2335.0,0.7874468144275425,0.6492537313432836,0.06455862977602109,0.9423076923076923,0.12083847102342789,52.0,0.8207301173402869,0.7043946932006634,0.0756578947368421,0.92,0.1398176291793313,25.0,0.9011395056556346,0.882669983416252,0.9670232049887999,0.6492537313432835,0.7585175370807066,2412.0,0.789342771737727,0.652861830977781,0.0,2.669757604598999,0.0019092559814453125,0.0019092559814453125
