Rep,Kfold,Num_Vars_,Precision_background,Recall_background,F1_score_background,Num_Obs_background,AUC_background,Accuracy_background,Precision_dos,Recall_dos,F1_score_dos,Num_Obs_dos,AUC_dos,Accuracy_dos,Precision_scan,Recall_scan,F1_score_scan,Num_Obs_scan,AUC_scan,Accuracy_scan,Precision_w,Recall_w,F1_score_w,Total_Obs,AUC_w,Accuracy_w,Hyper_time,Training_time,Testing_time,Total_time
18.0,4.0,43.0,0.005237711522965351,0.2653061224489796,0.010272619517977083,49.0,0.3288135337817135,0.39080739299610895,0.8322091062394603,0.29936305732484075,0.44033013606959626,3297.0,0.5275956390918681,0.38983463035019456,0.3969465648854962,0.06788511749347259,0.11594202898550726,766.0,0.5221374182805081,0.8071498054474708,0.7412721643575915,0.25583657587548636,0.37477709415873983,4112.0,0.5242101039990423,0.4675853816863238,0.0,2.524528741836548,0.05993247032165527,0.05993247032165527
