Rep,Kfold,Num_Vars_,Precision_background,Recall_background,F1_score_background,Num_Obs_background,AUC_background,Accuracy_background,Precision_dos,Recall_dos,F1_score_dos,Num_Obs_dos,AUC_dos,Accuracy_dos,Precision_scan,Recall_scan,F1_score_scan,Num_Obs_scan,AUC_scan,Accuracy_scan,Precision_w,Recall_w,F1_score_w,Total_Obs,AUC_w,Accuracy_w,Hyper_time,Training_time,Testing_time,Total_time
17.0,4.0,36.0,0.008534850640113799,0.3673469387755102,0.016682113067655237,49.0,0.42635129365553753,0.48394941634241245,0.8340206185567011,0.24537458295420078,0.379189125849543,3297.0,0.5239142853421311,0.3557879377431907,0.36363636363636365,0.10966057441253264,0.16850551654964896,766.0,0.5328637600096137,0.7983949416342413,0.7365587649825542,0.22154669260700388,0.3356223728461307,4112.0,0.5244188356832421,0.4397657775855805,0.0,2.6909897327423096,0.0023469924926757812,0.0023469924926757812
