Rep,Kfold,Num_Vars_,Precision_background,Recall_background,F1_score_background,Num_Obs_background,AUC_background,Accuracy_background,Precision_dos,Recall_dos,F1_score_dos,Num_Obs_dos,AUC_dos,Accuracy_dos,Precision_scan,Recall_scan,F1_score_scan,Num_Obs_scan,AUC_scan,Accuracy_scan,Precision_w,Recall_w,F1_score_w,Total_Obs,AUC_w,Accuracy_w,Hyper_time,Training_time,Testing_time,Total_time
17.0,3.0,85.0,0.9993742177722152,0.6842330762639246,0.8123092573753815,2334.0,0.8356230316384557,0.6939029448361675,0.07412790697674419,0.9622641509433962,0.1376518218623482,53.0,0.846059980475939,0.7349647449191207,0.03723404255319149,0.875,0.07142857142857141,24.0,0.8237589023879346,0.7735379510576524,0.9694574120163395,0.6922438822065533,0.7901035416786107,2411.0,0.835734362698752,0.6955983059119502,0.0,3.1031484603881836,0.022921085357666016,0.022921085357666016
