Rep,Kfold,Num_Vars_,Precision_background,Recall_background,F1_score_background,Num_Obs_background,AUC_background,Accuracy_background,Precision_dos,Recall_dos,F1_score_dos,Num_Obs_dos,AUC_dos,Accuracy_dos,Precision_scan,Recall_scan,F1_score_scan,Num_Obs_scan,AUC_scan,Accuracy_scan,Precision_w,Recall_w,F1_score_w,Total_Obs,AUC_w,Accuracy_w,Hyper_time,Training_time,Testing_time,Total_time
12.0,3.0,40.0,0.9620707329574577,0.9858193277310925,0.9738002594033722,3808.0,0.9756923534886268,0.9750801875154207,0.8033492822966507,0.9821585258847616,0.8838005000657981,3419.0,0.9033899094113373,0.8910683444362201,0.8461538461538461,0.02502844141069397,0.04861878453038674,879.0,0.5122374807025796,0.8937823834196891,0.8825543767633207,0.8800888230940045,0.8355145829182352,8106.0,0.8949399614976092,0.9308293534063735,0.0,1.8573849201202393,0.009488582611083984,3.7479639053344727
