Rep,Kfold,Num_Vars_,Precision_background,Recall_background,F1_score_background,Num_Obs_background,AUC_background,Accuracy_background,Precision_dos,Recall_dos,F1_score_dos,Num_Obs_dos,AUC_dos,Accuracy_dos,Precision_scan,Recall_scan,F1_score_scan,Num_Obs_scan,AUC_scan,Accuracy_scan,Precision_w,Recall_w,F1_score_w,Total_Obs,AUC_w,Accuracy_w,Hyper_time,Training_time,Testing_time,Total_time
17.0,3.0,85.0,0.004061738424045491,0.20408163265306123,0.007964954201513339,49.0,0.30029333909295935,0.3942120622568093,0.8629737609329446,0.2692540933899333,0.4104460365149064,3298.0,0.54801771008563,0.37962062256809337,0.21226415094339623,0.058823529411764705,0.09211873080859774,765.0,0.5044640503348038,0.7842898832684825,0.7316800983004202,0.22932879377431906,0.3464280496718416,4112.0,0.53696298151364,0.455079514829899,0.0,3.1031484603881836,0.003209352493286133,0.003209352493286133
