Rep,Kfold,Num_Vars_,Precision_background,Recall_background,F1_score_background,Num_Obs_background,AUC_background,Accuracy_background,Precision_dos,Recall_dos,F1_score_dos,Num_Obs_dos,AUC_dos,Accuracy_dos,Precision_scan,Recall_scan,F1_score_scan,Num_Obs_scan,AUC_scan,Accuracy_scan,Precision_w,Recall_w,F1_score_w,Total_Obs,AUC_w,Accuracy_w,Hyper_time,Training_time,Testing_time,Total_time
14.0,4.0,28.0,0.9580777096114519,0.9842436974789915,0.9709844559585492,3808.0,0.9730476454364021,0.9723695571728136,0.8016786570743405,0.9774853801169591,0.8808959156785244,3420.0,0.9005199462991452,0.8884914271617121,0.8214285714285714,0.026166097838452786,0.050716648291069456,879.0,0.5127371717747882,0.8937954853830024,0.8772834142938655,0.8775132601455532,0.8332000461031897,8107.0,0.8925422010799229,0.9284655465966187,0.0,2.1256675720214844,0.031870126724243164,4.105769395828247
