Rep,Kfold,Num_Vars_,Precision_background,Recall_background,F1_score_background,Num_Obs_background,AUC_background,Accuracy_background,Precision_dos,Recall_dos,F1_score_dos,Num_Obs_dos,AUC_dos,Accuracy_dos,Precision_scan,Recall_scan,F1_score_scan,Num_Obs_scan,AUC_scan,Accuracy_scan,Precision_w,Recall_w,F1_score_w,Total_Obs,AUC_w,Accuracy_w,Hyper_time,Training_time,Testing_time,Total_time
15.0,5.0,50.0,0.003789473684210526,0.1836734693877551,0.0074257425742574245,49.0,0.30060089028225767,0.4147409389442958,0.8388928317955997,0.35850773430391264,0.5023374415639609,3297.0,0.5398189777170669,0.43030892726830455,0.17894736842105263,0.022222222222222223,0.03953488372093023,765.0,0.4994554028026831,0.799075650693262,0.7061323491809107,0.29384577961566527,0.410317341831435,4111.0,0.5294565790077969,0.49874573388280613,0.0,2.1628081798553467,0.00225830078125,0.00225830078125
