Rep,Kfold,Num_Vars_,Precision_background,Recall_background,F1_score_background,Num_Obs_background,AUC_background,Accuracy_background,Precision_dos,Recall_dos,F1_score_dos,Num_Obs_dos,AUC_dos,Accuracy_dos,Precision_scan,Recall_scan,F1_score_scan,Num_Obs_scan,AUC_scan,Accuracy_scan,Precision_w,Recall_w,F1_score_w,Total_Obs,AUC_w,Accuracy_w,Hyper_time,Training_time,Testing_time,Total_time
14.0,2.0,46.0,0.9133858267716536,0.6521433591004919,0.7609676096760969,1423.0,0.5475906668920181,0.6312460468058191,0.1,0.6142857142857143,0.17200000000000001,70.0,0.6790819703129432,0.7381404174573055,0.2972972972972973,0.125,0.176,88.0,0.5537926992632284,0.9348513598987982,0.8430804513967268,0.6211258697027198,0.7023307454579923,1581.0,0.553757757396845,0.6528778453496434,0.0,2.669757604598999,0.0014159679412841797,0.0014159679412841797
