Rep,Kfold,Num_Vars_,Precision_background,Recall_background,F1_score_background,Num_Obs_background,AUC_background,Accuracy_background,Precision_dos,Recall_dos,F1_score_dos,Num_Obs_dos,AUC_dos,Accuracy_dos,Precision_scan,Recall_scan,F1_score_scan,Num_Obs_scan,AUC_scan,Accuracy_scan,Precision_w,Recall_w,F1_score_w,Total_Obs,AUC_w,Accuracy_w,Hyper_time,Training_time,Testing_time,Total_time
1.0,1.0,51.0,0.9642581640524557,0.9845103701758992,0.9742790335151988,3809.0,0.9760848733150319,0.9755766621438263,0.8032003821351803,0.9836209417958467,0.884301866947147,3419.0,0.9039265118535547,0.8914518317503393,0.9615384615384616,0.02844141069397042,0.055248618784530384,879.0,0.5141515299180975,0.8945355865301591,0.8960396892917594,0.8804736647341803,0.8366868703174157,8107.0,0.895568178275844,0.9313114714962692,0.0,127.49548768997192,0.004618406295776367,145.04196095466614
