Rep,Kfold,Num_Vars_,Precision_background,Recall_background,F1_score_background,Num_Obs_background,AUC_background,Accuracy_background,Precision_dos,Recall_dos,F1_score_dos,Num_Obs_dos,AUC_dos,Accuracy_dos,Precision_scan,Recall_scan,F1_score_scan,Num_Obs_scan,AUC_scan,Accuracy_scan,Precision_w,Recall_w,F1_score_w,Total_Obs,AUC_w,Accuracy_w,Hyper_time,Training_time,Testing_time,Total_time
11.0,5.0,36.0,0.907520325203252,0.6275474349964862,0.7420024927295388,1423.0,0.5257990339539393,0.6072106261859582,0.08225108225108226,0.5428571428571428,0.14285714285714288,70.0,0.6311241372790015,0.7115749525616698,0.15315315315315314,0.19318181818181818,0.1708542713567839,88.0,0.5651106679656579,0.8956356736242884,0.8289920784309177,0.5996204933586337,0.6836842017922395,1581.0,0.5326505083535507,0.627885456686194,0.0,2.104104995727539,0.0013630390167236328,0.0013630390167236328
