Rep,Kfold,Num_Vars_,Precision_background,Recall_background,F1_score_background,Num_Obs_background,AUC_background,Accuracy_background,Precision_dos,Recall_dos,F1_score_dos,Num_Obs_dos,AUC_dos,Accuracy_dos,Precision_scan,Recall_scan,F1_score_scan,Num_Obs_scan,AUC_scan,Accuracy_scan,Precision_w,Recall_w,F1_score_w,Total_Obs,AUC_w,Accuracy_w,Hyper_time,Training_time,Testing_time,Total_time
16.0,1.0,29.0,0.9959486833220796,0.6319622964867181,0.7732634338138926,2334.0,0.7765074640328327,0.6410788381742739,0.06197854588796186,1.0,0.11672278338945007,52.0,0.8331212892281594,0.6734439834024897,0.04819277108433735,0.8333333333333334,0.09111617312072894,24.0,0.8338921486448729,0.8344398340248963,0.9663583974132498,0.6419087136929461,0.7523042437397404,2410.0,0.7783004728879553,0.6437027599387064,0.0,2.1289474964141846,0.01070547103881836,0.01070547103881836
