Rep,Kfold,Num_Vars_,Precision_background,Recall_background,F1_score_background,Num_Obs_background,AUC_background,Accuracy_background,Precision_dos,Recall_dos,F1_score_dos,Num_Obs_dos,AUC_dos,Accuracy_dos,Precision_scan,Recall_scan,F1_score_scan,Num_Obs_scan,AUC_scan,Accuracy_scan,Precision_w,Recall_w,F1_score_w,Total_Obs,AUC_w,Accuracy_w,Hyper_time,Training_time,Testing_time,Total_time
10.0,3.0,46.0,0.9981000633312223,0.6749464668094218,0.8053142565150742,2335.0,0.8179927139241915,0.6840796019900498,0.06710526315789474,0.9807692307692307,0.12561576354679804,52.0,0.8401727509778356,0.7056384742951907,0.05486284289276808,0.88,0.10328638497652581,25.0,0.860611646418098,0.8416252072968491,0.9682523601305696,0.6836650082918739,0.7833843152120832,2412.0,0.8189126290316281,0.6861773223435064,0.0,2.6715049743652344,0.006374359130859375,0.006374359130859375
