Rep,Kfold,Num_Vars_,Precision_background,Recall_background,F1_score_background,Num_Obs_background,AUC_background,Accuracy_background,Precision_dos,Recall_dos,F1_score_dos,Num_Obs_dos,AUC_dos,Accuracy_dos,Precision_scan,Recall_scan,F1_score_scan,Num_Obs_scan,AUC_scan,Accuracy_scan,Precision_w,Recall_w,F1_score_w,Total_Obs,AUC_w,Accuracy_w,Hyper_time,Training_time,Testing_time,Total_time
11.0,5.0,36.0,0.9595216779639341,0.9852265265922522,0.972204224439549,15230.0,0.9742056792551815,0.9735381199111769,0.8030420983292412,0.9803348197967687,0.882875765356508,13679.0,0.9024373485486912,0.8902664692820134,0.989010989010989,0.025604551920341393,0.04991680532445923,3515.0,0.5127849803082976,0.8943375277572169,0.8967031101902921,0.8791327411793733,0.8345356989650098,32424.0,0.8939067416616588,0.9298216447576642,0.0,2.104104995727539,0.0036835670471191406,3.516364812850952
