Rep,Kfold,Num_Vars_,Precision_background,Recall_background,F1_score_background,Num_Obs_background,AUC_background,Accuracy_background,Precision_dos,Recall_dos,F1_score_dos,Num_Obs_dos,AUC_dos,Accuracy_dos,Precision_scan,Recall_scan,F1_score_scan,Num_Obs_scan,AUC_scan,Accuracy_scan,Precision_w,Recall_w,F1_score_w,Total_Obs,AUC_w,Accuracy_w,Hyper_time,Training_time,Testing_time,Total_time
1.0,5.0,98.0,0.9624775122076586,0.9837142106645653,0.9729799948038451,3807.0,0.9748764121478212,0.9743399950653837,0.8024838786720803,0.9824561403508771,0.8833968713027475,3420.0,0.9029864995395017,0.8905748828028621,0.8461538461538461,0.02502844141069397,0.04861878453038674,879.0,0.5122374807025796,0.8937823834196891,0.8823607185791144,0.8792252652356279,0.8349479461726925,8106.0,0.8943776307684947,0.9302631600574401,0.0,128.702734708786,0.014329195022583008,146.7170705795288
