Rep,Kfold,Num_Vars_,Precision_background,Recall_background,F1_score_background,Num_Obs_background,AUC_background,Accuracy_background,Precision_dos,Recall_dos,F1_score_dos,Num_Obs_dos,AUC_dos,Accuracy_dos,Precision_scan,Recall_scan,F1_score_scan,Num_Obs_scan,AUC_scan,Accuracy_scan,Precision_w,Recall_w,F1_score_w,Total_Obs,AUC_w,Accuracy_w,Hyper_time,Training_time,Testing_time,Total_time
14.0,5.0,41.0,0.9949717159019484,0.6779443254817987,0.8064187468160978,2335.0,0.7876901114588482,0.6850393700787402,0.06258322237017311,0.8867924528301887,0.11691542288557215,53.0,0.794243684042213,0.7057604641525073,0.04127579737335835,0.88,0.07885304659498207,25.0,0.8330067001675041,0.7869871529216743,0.9646115882101131,0.6846249481972648,0.7837362691228339,2413.0,0.7883035611333756,0.6865507304421812,0.0,2.379737615585327,0.018900394439697266,0.018900394439697266
