Rep,Kfold,Num_Vars_,Precision_background,Recall_background,F1_score_background,Num_Obs_background,AUC_background,Accuracy_background,Precision_dos,Recall_dos,F1_score_dos,Num_Obs_dos,AUC_dos,Accuracy_dos,Precision_scan,Recall_scan,F1_score_scan,Num_Obs_scan,AUC_scan,Accuracy_scan,Precision_w,Recall_w,F1_score_w,Total_Obs,AUC_w,Accuracy_w,Hyper_time,Training_time,Testing_time,Total_time
11.0,4.0,48.0,0.9644715708319949,0.9856214299783337,0.9749318093258865,15231.0,0.9767295238759878,0.9761912104857363,0.8035948883315419,0.9837707434754003,0.8846014790468365,13679.0,0.9041599903229982,0.8917193523515806,0.979381443298969,0.02702702702702703,0.05260243632336655,3515.0,0.5134789234062842,0.8944641480339245,0.8982194833006987,0.8809252120277563,0.8368403263963267,32425.0,0.8958966939570255,0.931695877503925,0.0,2.1204607486724854,0.0054662227630615234,3.7255160808563232
