Rep,Kfold,Num_Vars_,Precision_background,Recall_background,F1_score_background,Num_Obs_background,AUC_background,Accuracy_background,Precision_dos,Recall_dos,F1_score_dos,Num_Obs_dos,AUC_dos,Accuracy_dos,Precision_scan,Recall_scan,F1_score_scan,Num_Obs_scan,AUC_scan,Accuracy_scan,Precision_w,Recall_w,F1_score_w,Total_Obs,AUC_w,Accuracy_w,Hyper_time,Training_time,Testing_time,Total_time
16.0,1.0,29.0,0.004947433518862091,0.16326530612244897,0.009603841536614647,49.0,0.3836262538488199,0.5987354085603113,0.8346774193548387,0.25113739763421294,0.3861039869433435,3297.0,0.5249552018845912,0.35967898832684825,0.31868131868131866,0.037859007832898174,0.0676779463243874,766.0,0.5096647101328269,0.8056906614785992,0.7286682310226696,0.21035992217898836,0.3222997908735356,4112.0,0.5204227030675669,0.4456125258330936,0.0,2.1289474964141846,0.0018494129180908203,0.0018494129180908203
