Rep,Kfold,Num_Vars_,Precision_background,Recall_background,F1_score_background,Num_Obs_background,AUC_background,Accuracy_background,Precision_dos,Recall_dos,F1_score_dos,Num_Obs_dos,AUC_dos,Accuracy_dos,Precision_scan,Recall_scan,F1_score_scan,Num_Obs_scan,AUC_scan,Accuracy_scan,Precision_w,Recall_w,F1_score_w,Total_Obs,AUC_w,Accuracy_w,Hyper_time,Training_time,Testing_time,Total_time
19.0,1.0,64.0,0.01395572666025024,0.5918367346938775,0.027268453220498354,49.0,0.5437027100352696,0.4967161274629044,0.8525179856115108,0.2875341219290264,0.4300294851440236,3297.0,0.5430299602274125,0.38871320846509366,0.24354243542435425,0.08627450980392157,0.1274131274131274,765.0,0.5125036625528872,0.7801021649233764,0.7292010684181792,0.2537095597178302,0.36891617835044827,4111.0,0.5373574588942996,0.46283256986657234,0.0,2.3883423805236816,0.002923727035522461,0.002923727035522461
