Rep,Kfold,Num_Vars_,Precision_background,Recall_background,F1_score_background,Num_Obs_background,AUC_background,Accuracy_background,Precision_dos,Recall_dos,F1_score_dos,Num_Obs_dos,AUC_dos,Accuracy_dos,Precision_scan,Recall_scan,F1_score_scan,Num_Obs_scan,AUC_scan,Accuracy_scan,Precision_w,Recall_w,F1_score_w,Total_Obs,AUC_w,Accuracy_w,Hyper_time,Training_time,Testing_time,Total_time
11.0,2.0,29.0,0.010773751224289911,0.673469387755102,0.02120822622107969,49.0,0.463857509531009,0.2592412451361868,0.7982708933717579,0.25204731574158323,0.38312586445366525,3297.0,0.4971893020425707,0.34922178988326846,0.16129032258064516,0.006527415143603133,0.012547051442910915,766.0,0.4993784714689923,0.8086089494163424,0.6702274893855668,0.2113326848249027,0.3097802090451938,4112.0,0.4971999163294317,0.4337260499780466,0.0,1.8735744953155518,0.0021283626556396484,0.0021283626556396484
