Rep,Kfold,Num_Vars_,Precision_background,Recall_background,F1_score_background,Num_Obs_background,AUC_background,Accuracy_background,Precision_dos,Recall_dos,F1_score_dos,Num_Obs_dos,AUC_dos,Accuracy_dos,Precision_scan,Recall_scan,F1_score_scan,Num_Obs_scan,AUC_scan,Accuracy_scan,Precision_w,Recall_w,F1_score_w,Total_Obs,AUC_w,Accuracy_w,Hyper_time,Training_time,Testing_time,Total_time
11.0,2.0,29.0,0.9572999232932754,0.9831932773109243,0.9700738437621453,3808.0,0.9721735169992631,0.9715061058344641,0.8013419602204649,0.9777777777777777,0.8808112735414196,3420.0,0.9004527890382382,0.8883680769705193,0.9333333333333333,0.015927189988623434,0.03131991051454139,879.0,0.507894419565424,0.8931787344270383,0.8889092897316865,0.8760330578512396,0.8306335208955454,8107.0,0.8915782022994914,0.9279410610359173,0.0,1.8735744953155518,0.003436565399169922,3.0712437629699707
