Rep,Kfold,Num_Vars_,Precision_background,Recall_background,F1_score_background,Num_Obs_background,AUC_background,Accuracy_background,Precision_dos,Recall_dos,F1_score_dos,Num_Obs_dos,AUC_dos,Accuracy_dos,Precision_scan,Recall_scan,F1_score_scan,Num_Obs_scan,AUC_scan,Accuracy_scan,Precision_w,Recall_w,F1_score_w,Total_Obs,AUC_w,Accuracy_w,Hyper_time,Training_time,Testing_time,Total_time
11.0,3.0,25.0,0.9571209800918836,0.9847689075630253,0.9707481232202951,3808.0,0.9728404798401445,0.9721194177152727,0.8021608643457383,0.9769005847953216,0.8809492419248516,3420.0,0.9005288241945025,0.8886010362694301,1.0,0.02619589977220957,0.051054384017758046,878.0,0.5130979498861048,0.8945225758697262,0.8963862383730962,0.8776215149272144,0.833244634810445,8106.0,0.8925345578554735,0.9284773141271686,0.0,2.1944503784179688,0.0035715103149414062,3.2562966346740723
