Rep,Kfold,Num_Vars_,Precision_background,Recall_background,F1_score_background,Num_Obs_background,AUC_background,Accuracy_background,Precision_dos,Recall_dos,F1_score_dos,Num_Obs_dos,AUC_dos,Accuracy_dos,Precision_scan,Recall_scan,F1_score_scan,Num_Obs_scan,AUC_scan,Accuracy_scan,Precision_w,Recall_w,F1_score_w,Total_Obs,AUC_w,Accuracy_w,Hyper_time,Training_time,Testing_time,Total_time
11.0,5.0,36.0,0.002646669607410675,0.12,0.005179110919292189,50.0,0.28175732217573224,0.43958181376124483,0.8492063492063492,0.4218986957840461,0.5637284701114489,3297.0,0.5596013086763367,0.4765378069535619,0.26506024096385544,0.08616187989556136,0.13004926108374384,766.0,0.5157430253974372,0.7853148553367372,0.7301244374889417,0.35570143447605157,0.47617054595029407,4113.0,0.548055564859982,0.5335948017023819,0.0,2.104104995727539,0.0024423599243164062,0.0024423599243164062
