Rep,Kfold,Num_Vars_,Precision_background,Recall_background,F1_score_background,Num_Obs_background,AUC_background,Accuracy_background,Precision_dos,Recall_dos,F1_score_dos,Num_Obs_dos,AUC_dos,Accuracy_dos,Precision_scan,Recall_scan,F1_score_scan,Num_Obs_scan,AUC_scan,Accuracy_scan,Precision_w,Recall_w,F1_score_w,Total_Obs,AUC_w,Accuracy_w,Hyper_time,Training_time,Testing_time,Total_time
19.0,4.0,30.0,0.9600512163892445,0.9845063025210085,0.9721249837935951,3808.0,0.9741051754578052,0.9734764372070072,0.8018234165067178,0.9771929824561404,0.8808645229309436,3420.0,0.9004616214030596,0.8884776708610905,1.0,0.014806378132118452,0.029180695847362517,878.0,0.5074031890660592,0.8932889217863311,0.8976204190060718,0.8763878608438194,0.8314864615918853,8106.0,0.8924835002888953,0.9289291365109316,0.0,2.1075336933135986,0.006481170654296875,4.198970556259155
