Rep,Kfold,Num_Vars_,Precision_background,Recall_background,F1_score_background,Num_Obs_background,AUC_background,Accuracy_background,Precision_dos,Recall_dos,F1_score_dos,Num_Obs_dos,AUC_dos,Accuracy_dos,Precision_scan,Recall_scan,F1_score_scan,Num_Obs_scan,AUC_scan,Accuracy_scan,Precision_w,Recall_w,F1_score_w,Total_Obs,AUC_w,Accuracy_w,Hyper_time,Training_time,Testing_time,Total_time
13.0,3.0,74.0,0.9629820051413882,0.9839768846861046,0.9733662465895804,3807.0,0.9752403613939944,0.9747100912904022,0.8017179670722978,0.9824561403508771,0.8829325975561687,3420.0,0.902559696295797,0.8900814211695041,0.7666666666666667,0.026166097838452786,0.050605060506050605,879.0,0.5125987539143835,0.8935356526030102,0.8736550630348537,0.879471996052307,0.8351488567226064,8106.0,0.8944076636873064,0.9302020252381338,0.0,2.8991153240203857,0.00410151481628418,4.788073778152466
