Rep,Kfold,Num_Vars_,Precision_background,Recall_background,F1_score_background,Num_Obs_background,AUC_background,Accuracy_background,Precision_dos,Recall_dos,F1_score_dos,Num_Obs_dos,AUC_dos,Accuracy_dos,Precision_scan,Recall_scan,F1_score_scan,Num_Obs_scan,AUC_scan,Accuracy_scan,Precision_w,Recall_w,F1_score_w,Total_Obs,AUC_w,Accuracy_w,Hyper_time,Training_time,Testing_time,Total_time
12.0,5.0,26.0,0.9568106312292359,0.983451536643026,0.9699481865284975,3807.0,0.9720608858453668,0.9713721618953604,0.8020658179197694,0.9766013454226382,0.8807702453178581,3419.0,0.9003604379194301,0.8884501480750246,0.8518518518518519,0.02619589977220957,0.05082872928176796,878.0,0.5128211715855235,0.8940029615004936,0.8801538783913276,0.8768509378084897,0.8327460314863202,8104.0,0.892056406504434,0.9280058584404713,0.0,2.187995433807373,0.0038814544677734375,3.9567065238952637
