Rep,Kfold,Num_Vars_,Precision_background,Recall_background,F1_score_background,Num_Obs_background,AUC_background,Accuracy_background,Precision_dos,Recall_dos,F1_score_dos,Num_Obs_dos,AUC_dos,Accuracy_dos,Precision_scan,Recall_scan,F1_score_scan,Num_Obs_scan,AUC_scan,Accuracy_scan,Precision_w,Recall_w,F1_score_w,Total_Obs,AUC_w,Accuracy_w,Hyper_time,Training_time,Testing_time,Total_time
18.0,5.0,31.0,0.006819288845591817,0.2857142857142857,0.013320647002854425,49.0,0.39193417952955234,0.49562256809338523,0.827482447342026,0.2502274795268426,0.384257102934327,3297.0,0.5195922673707832,0.35700389105058367,0.30434782608695654,0.018276762402088774,0.034482758620689655,766.0,0.5043565521514329,0.8093385214007782,0.7202515099276999,0.20744163424124515,0.3146795168241888,4112.0,0.5152328791990316,0.44291844407182546,0.0,2.0050995349884033,0.0020096302032470703,0.0020096302032470703
