Rep,Kfold,Num_Vars_,Precision_background,Recall_background,F1_score_background,Num_Obs_background,AUC_background,Accuracy_background,Precision_dos,Recall_dos,F1_score_dos,Num_Obs_dos,AUC_dos,Accuracy_dos,Precision_scan,Recall_scan,F1_score_scan,Num_Obs_scan,AUC_scan,Accuracy_scan,Precision_w,Recall_w,F1_score_w,Total_Obs,AUC_w,Accuracy_w,Hyper_time,Training_time,Testing_time,Total_time
10.0,3.0,46.0,0.9605583301318991,0.9849648742695818,0.9726085124315214,15231.0,0.9745692115909964,0.9739398612181959,0.8030448333732918,0.979457562687331,0.8825214899713467,13679.0,0.9020834169992721,0.8899922898997688,0.9696969696969697,0.027311522048364154,0.053126729385722195,3515.0,0.5136038758633381,0.8944641480339245,0.8950994310080822,0.878828064764842,0.8349283629284,32425.0,0.8940194401398656,0.9299097622233623,0.0,2.6715049743652344,0.005181789398193359,5.029040813446045
