Rep,Kfold,Num_Vars_,Precision_background,Recall_background,F1_score_background,Num_Obs_background,AUC_background,Accuracy_background,Precision_dos,Recall_dos,F1_score_dos,Num_Obs_dos,AUC_dos,Accuracy_dos,Precision_scan,Recall_scan,F1_score_scan,Num_Obs_scan,AUC_scan,Accuracy_scan,Precision_w,Recall_w,F1_score_w,Total_Obs,AUC_w,Accuracy_w,Hyper_time,Training_time,Testing_time,Total_time
10.0,1.0,30.0,0.9603276170975172,0.9850354423733263,0.9725246241575946,3809.0,0.9744902729428856,0.9738529847064628,0.8026378896882495,0.9786549707602339,0.8819499341238473,3420.0,0.9015501816258508,0.8894918598914652,0.8333333333333334,0.02844141069397042,0.055005500550055,879.0,0.5138748760483269,0.8940552540700543,0.8800455693461096,0.8786383818450912,0.8348501360512252,8108.0,0.8937877512143981,0.9296180004814141,0.0,2.3516018390655518,0.018999338150024414,3.844944715499878
