Rep,Kfold,Num_Vars_,Precision_background,Recall_background,F1_score_background,Num_Obs_background,AUC_background,Accuracy_background,Precision_dos,Recall_dos,F1_score_dos,Num_Obs_dos,AUC_dos,Accuracy_dos,Precision_scan,Recall_scan,F1_score_scan,Num_Obs_scan,AUC_scan,Accuracy_scan,Precision_w,Recall_w,F1_score_w,Total_Obs,AUC_w,Accuracy_w,Hyper_time,Training_time,Testing_time,Total_time
18.0,1.0,35.0,0.9980916030534351,0.6719486081370449,0.8031737906321986,2335.0,0.8164937845880029,0.6811774461028193,0.0657030223390276,0.9615384615384616,0.12300123001230012,52.0,0.8301336375488918,0.7043946932006634,0.07868852459016394,0.96,0.14545454545454548,25.0,0.9211395056556346,0.8830845771144279,0.9684608886426844,0.6811774461028193,0.7816928808968437,2412.0,0.8178724808486402,0.6837707193716328,0.0,2.052870035171509,0.0019469261169433594,0.0019469261169433594
