Rep,Kfold,Num_Vars_,Precision_background,Recall_background,F1_score_background,Num_Obs_background,AUC_background,Accuracy_background,Precision_dos,Recall_dos,F1_score_dos,Num_Obs_dos,AUC_dos,Accuracy_dos,Precision_scan,Recall_scan,F1_score_scan,Num_Obs_scan,AUC_scan,Accuracy_scan,Precision_w,Recall_w,F1_score_w,Total_Obs,AUC_w,Accuracy_w,Hyper_time,Training_time,Testing_time,Total_time
16.0,3.0,47.0,0.9632579650565262,0.9845063025210085,0.9737662337662337,3808.0,0.975621376429148,0.9750832613790551,0.8032473734479465,0.9839134249780638,0.8844485342447745,3419.0,0.9040727534446632,0.891575181941532,0.88,0.025,0.04861878453038675,880.0,0.5122924449979244,0.8937954853830024,0.8867385100226693,0.8801036141606019,0.8356748349761247,8107.0,0.895153360931007,0.9310414004596745,0.0,2.6634886264801025,0.0053806304931640625,4.69535756111145
