Rep,Kfold,Num_Vars_,Precision_background,Recall_background,F1_score_background,Num_Obs_background,AUC_background,Accuracy_background,Precision_dos,Recall_dos,F1_score_dos,Num_Obs_dos,AUC_dos,Accuracy_dos,Precision_scan,Recall_scan,F1_score_scan,Num_Obs_scan,AUC_scan,Accuracy_scan,Precision_w,Recall_w,F1_score_w,Total_Obs,AUC_w,Accuracy_w,Hyper_time,Training_time,Testing_time,Total_time
13.0,1.0,49.0,0.9960886571056062,0.6546700942587832,0.7900723888314374,2334.0,0.7883740081683527,0.6632102861883036,0.06306306306306306,0.9423076923076923,0.11821471652593485,52.0,0.8168511755307007,0.6968063044379925,0.12953367875647667,1.0,0.2293577981651376,25.0,0.9647946353730092,0.9303193695562008,0.9669799033316782,0.6644545831605143,0.7697677585010585,2411.0,0.7908175288580908,0.6667045707313071,0.0,2.406310558319092,0.0019664764404296875,0.0019664764404296875
