Rep,Kfold,Num_Vars_,Precision_background,Recall_background,F1_score_background,Num_Obs_background,AUC_background,Accuracy_background,Precision_dos,Recall_dos,F1_score_dos,Num_Obs_dos,AUC_dos,Accuracy_dos,Precision_scan,Recall_scan,F1_score_scan,Num_Obs_scan,AUC_scan,Accuracy_scan,Precision_w,Recall_w,F1_score_w,Total_Obs,AUC_w,Accuracy_w,Hyper_time,Training_time,Testing_time,Total_time
16.0,4.0,72.0,0.9610156450371891,0.9839810924369747,0.9723627870766836,3808.0,0.9743079031286782,0.9737231680236862,0.8014336917562724,0.9809885931558935,0.8821672803787481,3419.0,0.9018448406359796,0.8894645941278065,0.7857142857142857,0.02502844141069397,0.04851157662624035,879.0,0.5120991107011958,0.8935356526030102,0.8746967956525005,0.8787318036022699,0.8341387985020252,8106.0,0.893622887189091,0.9294886639273642,0.0,3.1508326530456543,0.004288196563720703,5.096854209899902
