Rep,Kfold,Num_Vars_,Precision_background,Recall_background,F1_score_background,Num_Obs_background,AUC_background,Accuracy_background,Precision_dos,Recall_dos,F1_score_dos,Num_Obs_dos,AUC_dos,Accuracy_dos,Precision_scan,Recall_scan,F1_score_scan,Num_Obs_scan,AUC_scan,Accuracy_scan,Precision_w,Recall_w,F1_score_w,Total_Obs,AUC_w,Accuracy_w,Hyper_time,Training_time,Testing_time,Total_time
19.0,3.0,36.0,0.960297131147541,0.9845063025210085,0.9722510373443984,3808.0,0.9742215086360277,0.9735998026153466,0.8020086083213773,0.9809885931558935,0.8825154584923036,3419.0,0.9021648747729543,0.889834690352825,0.9545454545454546,0.023890784982935155,0.04661487236403995,879.0,0.5118762074907757,0.8940291142363681,0.8929094944246336,0.8788551690106094,0.8340274828029418,8106.0,0.8936931159781787,0.9296403215012727,0.0,2.3267529010772705,0.0039017200469970703,3.7575886249542236
