Rep,Kfold,Num_Vars_,Precision_background,Recall_background,F1_score_background,Num_Obs_background,AUC_background,Accuracy_background,Precision_dos,Recall_dos,F1_score_dos,Num_Obs_dos,AUC_dos,Accuracy_dos,Precision_scan,Recall_scan,F1_score_scan,Num_Obs_scan,AUC_scan,Accuracy_scan,Precision_w,Recall_w,F1_score_w,Total_Obs,AUC_w,Accuracy_w,Hyper_time,Training_time,Testing_time,Total_time
17.0,2.0,34.0,0.9012345679012346,0.6156008432888265,0.7315240083507307,1423.0,0.5059136291915831,0.5935524652338812,0.06395348837209303,0.4714285714285714,0.11262798634812288,70.0,0.5759920634920634,0.6713021491782554,0.18421052631578946,0.15730337078651685,0.1696969696969697,89.0,0.55788812209788,0.9134007585335019,0.8238484646976034,0.5834386852085968,0.6725320184769208,1582.0,0.5119384207653468,0.6149867104802607,0.0,2.3690032958984375,0.008717775344848633,0.008717775344848633
