Rep,Kfold,Num_Vars_,Precision_background,Recall_background,F1_score_background,Num_Obs_background,AUC_background,Accuracy_background,Precision_dos,Recall_dos,F1_score_dos,Num_Obs_dos,AUC_dos,Accuracy_dos,Precision_scan,Recall_scan,F1_score_scan,Num_Obs_scan,AUC_scan,Accuracy_scan,Precision_w,Recall_w,F1_score_w,Total_Obs,AUC_w,Accuracy_w,Hyper_time,Training_time,Testing_time,Total_time
17.0,4.0,36.0,0.994535519125683,0.6235546038543898,0.7665175046064755,2335.0,0.7598292499791429,0.6322553897180763,0.059718969555035126,0.9807692307692307,0.11258278145695363,52.0,0.8202574967405476,0.6666666666666666,0.11538461538461539,0.84,0.2028985507246377,25.0,0.8862756598240469,0.931592039800995,0.9652696678938419,0.6334991708126037,0.7465775877529013,2412.0,0.762442611951662,0.6360998352626036,0.0,2.6909897327423096,0.001897573471069336,0.001897573471069336
