Rep,Kfold,Num_Vars_,Precision_background,Recall_background,F1_score_background,Num_Obs_background,AUC_background,Accuracy_background,Precision_dos,Recall_dos,F1_score_dos,Num_Obs_dos,AUC_dos,Accuracy_dos,Precision_scan,Recall_scan,F1_score_scan,Num_Obs_scan,AUC_scan,Accuracy_scan,Precision_w,Recall_w,F1_score_w,Total_Obs,AUC_w,Accuracy_w,Hyper_time,Training_time,Testing_time,Total_time
11.0,5.0,36.0,0.9607893388006151,0.9845063025210085,0.9725032425421531,3808.0,0.9744541749924726,0.9738465334320257,0.8033061811212266,0.9806961099736765,0.8831818780455682,3419.0,0.9027653795014531,0.8905748828028621,0.8928571428571429,0.02844141069397042,0.055126791620727665,879.0,0.5140131503449097,0.8942758450530471,0.8869986508731366,0.8792252652356279,0.8353500664289337,8106.0,0.8942874278361681,0.9300951876898307,0.0,2.104104995727539,0.0036835670471191406,3.516364812850952
