Rep,Kfold,Num_Vars_,Precision_background,Recall_background,F1_score_background,Num_Obs_background,AUC_background,Accuracy_background,Precision_dos,Recall_dos,F1_score_dos,Num_Obs_dos,AUC_dos,Accuracy_dos,Precision_scan,Recall_scan,F1_score_scan,Num_Obs_scan,AUC_scan,Accuracy_scan,Precision_w,Recall_w,F1_score_w,Total_Obs,AUC_w,Accuracy_w,Hyper_time,Training_time,Testing_time,Total_time
15.0,2.0,41.0,0.9602869587496797,0.9845022327291831,0.9722438391699092,3807.0,0.974223668120814,0.9735998026153466,0.8017241379310345,0.9792336940625914,0.8816326530612244,3419.0,0.9012874252263032,0.889094497902788,0.9615384615384616,0.028409090909090908,0.05518763796909492,880.0,0.5141353508794001,0.8943992104613866,0.893543193399961,0.878485072785591,0.8344682282197106,8106.0,0.8935122526719148,0.929358480396284,0.0,2.5256118774414062,0.01967334747314453,4.563313961029053
