Rep,Kfold,Num_Vars_,Precision_background,Recall_background,F1_score_background,Num_Obs_background,AUC_background,Accuracy_background,Precision_dos,Recall_dos,F1_score_dos,Num_Obs_dos,AUC_dos,Accuracy_dos,Precision_scan,Recall_scan,F1_score_scan,Num_Obs_scan,AUC_scan,Accuracy_scan,Precision_w,Recall_w,F1_score_w,Total_Obs,AUC_w,Accuracy_w,Hyper_time,Training_time,Testing_time,Total_time
15.0,5.0,50.0,0.9953395472703063,0.6402569593147751,0.7792546260099035,2335.0,0.774673934202842,0.6488391376451078,0.05958549222797927,0.8846153846153846,0.11165048543689321,52.0,0.7884941329856584,0.6965174129353234,0.06313131313131314,1.0,0.11876484560570072,25.0,0.9222873900293256,0.8461857379767828,0.9655035536070907,0.6492537313432835,0.7580159610762792,2412.0,0.7765018723174225,0.6519124939151671,0.0,2.1628081798553467,0.008221864700317383,0.008221864700317383
