Rep,Kfold,Num_Vars_,Precision_background,Recall_background,F1_score_background,Num_Obs_background,AUC_background,Accuracy_background,Precision_dos,Recall_dos,F1_score_dos,Num_Obs_dos,AUC_dos,Accuracy_dos,Precision_scan,Recall_scan,F1_score_scan,Num_Obs_scan,AUC_scan,Accuracy_scan,Precision_w,Recall_w,F1_score_w,Total_Obs,AUC_w,Accuracy_w,Hyper_time,Training_time,Testing_time,Total_time
19.0,4.0,30.0,0.9961783439490446,0.6698072805139186,0.8010243277848912,2335.0,0.7954299560464329,0.6777270841974284,0.06071871127633209,0.9423076923076923,0.11408614668218858,52.0,0.8104925489940327,0.6843633347158855,0.032586558044806514,0.6666666666666666,0.062135922330097085,24.0,0.7338360564167016,0.7996681874740772,0.9664105696808227,0.6756532559104105,0.7788533998926243,2411.0,0.7951416944297435,0.6790840611802569,0.0,2.1075336933135986,0.07210087776184082,0.07210087776184082
