Rep,Kfold,Num_Vars_,Precision_background,Recall_background,F1_score_background,Num_Obs_background,AUC_background,Accuracy_background,Precision_dos,Recall_dos,F1_score_dos,Num_Obs_dos,AUC_dos,Accuracy_dos,Precision_scan,Recall_scan,F1_score_scan,Num_Obs_scan,AUC_scan,Accuracy_scan,Precision_w,Recall_w,F1_score_w,Total_Obs,AUC_w,Accuracy_w,Hyper_time,Training_time,Testing_time,Total_time
16.0,3.0,47.0,0.9108216432865731,0.6383426966292135,0.7506193228736582,1424.0,0.5392971344781288,0.6184459886291851,0.0861344537815126,0.5857142857142857,0.15018315018315018,70.0,0.6491030119913135,0.7068856601389766,0.13953488372093023,0.1348314606741573,0.13714285714285712,89.0,0.5426500007520719,0.9046114971572963,0.8309905473505677,0.607706885660139,0.6895770376314745,1583.0,0.5443412384100957,0.6384456773624051,0.0,2.6634886264801025,0.006855964660644531,0.006855964660644531
