Rep,Kfold,Num_Vars_,Precision_background,Recall_background,F1_score_background,Num_Obs_background,AUC_background,Accuracy_background,Precision_dos,Recall_dos,F1_score_dos,Num_Obs_dos,AUC_dos,Accuracy_dos,Precision_scan,Recall_scan,F1_score_scan,Num_Obs_scan,AUC_scan,Accuracy_scan,Precision_w,Recall_w,F1_score_w,Total_Obs,AUC_w,Accuracy_w,Hyper_time,Training_time,Testing_time,Total_time
1.0,3.0,36.0,0.00984251968503937,0.40816326530612246,0.019221528111484865,49.0,0.45654226257432107,0.5037685387794797,0.8548223350253807,0.2553062462098241,0.3931823488209199,3298.0,0.5399230617552188,0.36810114271821054,0.43137254901960786,0.11488250652741515,0.1814432989690722,766.0,0.5401123019640363,0.8069535618769754,0.7658929533010679,0.2309749574519815,0.34929317002167903,4113.0,0.5389649530365439,0.45144873704901917,0.0,128.47394800186157,0.009891033172607422,0.009891033172607422
