Rep,Kfold,Num_Vars_,Precision_background,Recall_background,F1_score_background,Num_Obs_background,AUC_background,Accuracy_background,Precision_dos,Recall_dos,F1_score_dos,Num_Obs_dos,AUC_dos,Accuracy_dos,Precision_scan,Recall_scan,F1_score_scan,Num_Obs_scan,AUC_scan,Accuracy_scan,Precision_w,Recall_w,F1_score_w,Total_Obs,AUC_w,Accuracy_w,Hyper_time,Training_time,Testing_time,Total_time
19.0,5.0,53.0,0.9055666003976143,0.640196767392832,0.7501029230135858,1423.0,0.5213562453316362,0.6163084702907712,0.08409090909090909,0.5285714285714286,0.1450980392156863,70.0,0.6310185185185185,0.7243994943109987,0.23529411764705882,0.1348314606741573,0.17142857142857143,89.0,0.5543547792319212,0.9266750948166877,0.8315099952419451,0.606826801517067,0.6907777908031438,1582.0,0.5280649865707052,0.6385518339217588,0.0,2.1174631118774414,0.0014667510986328125,0.0014667510986328125
