Rep,Kfold,Num_Vars_,Precision_background,Recall_background,F1_score_background,Num_Obs_background,AUC_background,Accuracy_background,Precision_dos,Recall_dos,F1_score_dos,Num_Obs_dos,AUC_dos,Accuracy_dos,Precision_scan,Recall_scan,F1_score_scan,Num_Obs_scan,AUC_scan,Accuracy_scan,Precision_w,Recall_w,F1_score_w,Total_Obs,AUC_w,Accuracy_w,Hyper_time,Training_time,Testing_time,Total_time
15.0,4.0,33.0,0.010184287099903006,0.42,0.019886363636363636,50.0,0.4588309131183854,0.49671772428884026,0.8361344537815126,0.24143160448892934,0.3746763944457519,3297.0,0.525127566950347,0.35399951373693167,0.4358974358974359,0.022193211488250653,0.0422360248447205,766.0,0.5078100804976359,0.812545587162655,0.7515540832409624,0.20277169948942378,0.308450081619382,4113.0,0.5210964394729887,0.4411335285124482,0.0,2.359767436981201,0.003306150436401367,0.003306150436401367
