Rep,Kfold,Num_Vars_,Precision_background,Recall_background,F1_score_background,Num_Obs_background,AUC_background,Accuracy_background,Precision_dos,Recall_dos,F1_score_dos,Num_Obs_dos,AUC_dos,Accuracy_dos,Precision_scan,Recall_scan,F1_score_scan,Num_Obs_scan,AUC_scan,Accuracy_scan,Precision_w,Recall_w,F1_score_w,Total_Obs,AUC_w,Accuracy_w,Hyper_time,Training_time,Testing_time,Total_time
18.0,1.0,35.0,0.9602564102564103,0.9834558823529411,0.9717176959003632,3808.0,0.973700492932693,0.9731096583199704,0.8016271835367312,0.97953216374269,0.8816949598631397,3420.0,0.9013299820206943,0.8891081781176761,0.9259259259259259,0.02844141069397042,0.05518763796909492,879.0,0.5140823544892099,0.8944122363389663,0.8896151803183571,0.87825336129271,0.8343663109035839,8107.0,0.8933364259522,0.9291402372994759,0.0,2.052870035171509,0.003593921661376953,3.5164906978607178
