Rep,Kfold,Num_Vars_,Precision_background,Recall_background,F1_score_background,Num_Obs_background,AUC_background,Accuracy_background,Precision_dos,Recall_dos,F1_score_dos,Num_Obs_dos,AUC_dos,Accuracy_dos,Precision_scan,Recall_scan,F1_score_scan,Num_Obs_scan,AUC_scan,Accuracy_scan,Precision_w,Recall_w,F1_score_w,Total_Obs,AUC_w,Accuracy_w,Hyper_time,Training_time,Testing_time,Total_time
15.0,4.0,33.0,0.9596011250319612,0.9852979784720399,0.9722797927461141,3809.0,0.9742768962127641,0.9736095696140091,0.8026347305389222,0.979538146740719,0.882306477093207,3421.0,0.9018851143259907,0.8897521272660007,0.8846153846153846,0.026166097838452786,0.05082872928176795,879.0,0.5128755800395584,0.89406831915156,0.885252314896697,0.8788999876680231,0.8344386042353538,8109.0,0.8937214587049456,0.9296099310113418,0.0,2.359767436981201,0.003742694854736328,3.630136251449585
