Rep,Kfold,Num_Vars_,Precision_background,Recall_background,F1_score_background,Num_Obs_background,AUC_background,Accuracy_background,Precision_dos,Recall_dos,F1_score_dos,Num_Obs_dos,AUC_dos,Accuracy_dos,Precision_scan,Recall_scan,F1_score_scan,Num_Obs_scan,AUC_scan,Accuracy_scan,Precision_w,Recall_w,F1_score_w,Total_Obs,AUC_w,Accuracy_w,Hyper_time,Training_time,Testing_time,Total_time
19.0,1.0,64.0,0.9980132450331126,0.6456726649528706,0.7840790842872009,2334.0,0.8033558129959157,0.6557445043550394,0.06212664277180406,1.0,0.1169853768278965,52.0,0.8336159389571852,0.6744089589382,0.06459948320413436,1.0,0.12135922330097086,25.0,0.924140821458508,0.8498548320199087,0.9681495173834601,0.6569888013272501,0.7628194951903366,2411.0,0.8052608946058496,0.6581598132849217,0.0,2.3883423805236816,0.015333175659179688,0.015333175659179688
