Rep,Kfold,Num_Vars_,Precision_background,Recall_background,F1_score_background,Num_Obs_background,AUC_background,Accuracy_background,Precision_dos,Recall_dos,F1_score_dos,Num_Obs_dos,AUC_dos,Accuracy_dos,Precision_scan,Recall_scan,F1_score_scan,Num_Obs_scan,AUC_scan,Accuracy_scan,Precision_w,Recall_w,F1_score_w,Total_Obs,AUC_w,Accuracy_w,Hyper_time,Training_time,Testing_time,Total_time
15.0,2.0,41.0,0.9167473378509197,0.6650280898876404,0.7708587708587709,1424.0,0.5620737933714932,0.6443461781427668,0.10513447432762836,0.6142857142857143,0.17954070981210857,70.0,0.6861911056557455,0.7517372078332281,0.10738255033557047,0.1797752808988764,0.13445378151260504,89.0,0.54537626160071,0.8698673404927353,0.8353535497678519,0.6355022109917877,0.7089305912472262,1583.0,0.5666234658492557,0.6617743244014399,0.0,2.5256118774414062,0.008256912231445312,0.008256912231445312
