Rep,Kfold,Num_Vars_,Precision_background,Recall_background,F1_score_background,Num_Obs_background,AUC_background,Accuracy_background,Precision_dos,Recall_dos,F1_score_dos,Num_Obs_dos,AUC_dos,Accuracy_dos,Precision_scan,Recall_scan,F1_score_scan,Num_Obs_scan,AUC_scan,Accuracy_scan,Precision_w,Recall_w,F1_score_w,Total_Obs,AUC_w,Accuracy_w,Hyper_time,Training_time,Testing_time,Total_time
16.0,5.0,26.0,0.9980952380952381,0.6732334047109207,0.8040920716112532,2335.0,0.8173859331246911,0.6825528387898881,0.06845637583892618,0.9622641509433962,0.12781954887218044,53.0,0.8340981771666134,0.7115623704931621,0.08571428571428572,0.84,0.15555555555555556,25.0,0.8730988274706867,0.905511811023622,0.9682235499439293,0.681309573145462,0.7825189855745507,2413.0,0.8183302229269588,0.6854999914985981,0.0,1.717491626739502,0.001581430435180664,0.001581430435180664
