Rep,Kfold,Num_Vars_,Precision_background,Recall_background,F1_score_background,Num_Obs_background,AUC_background,Accuracy_background,Precision_dos,Recall_dos,F1_score_dos,Num_Obs_dos,AUC_dos,Accuracy_dos,Precision_scan,Recall_scan,F1_score_scan,Num_Obs_scan,AUC_scan,Accuracy_scan,Precision_w,Recall_w,F1_score_w,Total_Obs,AUC_w,Accuracy_w,Hyper_time,Training_time,Testing_time,Total_time
10.0,2.0,66.0,0.8972602739726028,0.6439606741573034,0.749795584627964,1424.0,0.49179165783336865,0.6133922931143398,0.07142857142857142,0.4857142857142857,0.12454212454212453,70.0,0.5967897271268058,0.6980416929879975,0.25,0.10112359550561797,0.144,89.0,0.5415256531744957,0.932406822488945,0.8243516299033394,0.6064434617814277,0.6880877202957483,1583.0,0.4992308179318531,0.6350712262195174,0.0,2.656670093536377,0.007810831069946289,0.007810831069946289
