Rep,Kfold,Num_Vars_,Precision_background,Recall_background,F1_score_background,Num_Obs_background,AUC_background,Accuracy_background,Precision_dos,Recall_dos,F1_score_dos,Num_Obs_dos,AUC_dos,Accuracy_dos,Precision_scan,Recall_scan,F1_score_scan,Num_Obs_scan,AUC_scan,Accuracy_scan,Precision_w,Recall_w,F1_score_w,Total_Obs,AUC_w,Accuracy_w,Hyper_time,Training_time,Testing_time,Total_time
14.0,3.0,73.0,0.003028991778450887,0.14285714285714285,0.005932203389830509,49.0,0.287894237192785,0.4294747081712062,0.8134135855546002,0.2868405093996361,0.4241201524321901,3298.0,0.5101278714074348,0.3752431906614786,0.3381294964028777,0.06143790849673202,0.10398230088495575,765.0,0.5169753032175922,0.8030155642023347,0.7153345064456267,0.2431906614785992,0.3595781616888267,4112.0,0.5087535614021459,0.4554725705536798,0.0,2.6848037242889404,0.0023908615112304688,0.0023908615112304688
