Rep,Kfold,Num_Vars_,Precision_background,Recall_background,F1_score_background,Num_Obs_background,AUC_background,Accuracy_background,Precision_dos,Recall_dos,F1_score_dos,Num_Obs_dos,AUC_dos,Accuracy_dos,Precision_scan,Recall_scan,F1_score_scan,Num_Obs_scan,AUC_scan,Accuracy_scan,Precision_w,Recall_w,F1_score_w,Total_Obs,AUC_w,Accuracy_w,Hyper_time,Training_time,Testing_time,Total_time
11.0,4.0,48.0,0.9622205088666153,0.983451536643026,0.9727201870615745,3807.0,0.974624791122816,0.974090067859346,0.8033922599139991,0.9836209417958467,0.8844181459566075,3419.0,0.9039957035056913,0.8915484268969772,0.88,0.02502844141069397,0.04867256637168142,879.0,0.5123066369799111,0.8938926588525602,0.886303715472075,0.8795805058605799,0.8352565797667814,8105.0,0.894691600739773,0.9305733012995308,0.0,2.1204607486724854,0.0054662227630615234,3.7255160808563232
