Rep,Kfold,Num_Vars_,Precision_background,Recall_background,F1_score_background,Num_Obs_background,AUC_background,Accuracy_background,Precision_dos,Recall_dos,F1_score_dos,Num_Obs_dos,AUC_dos,Accuracy_dos,Precision_scan,Recall_scan,F1_score_scan,Num_Obs_scan,AUC_scan,Accuracy_scan,Precision_w,Recall_w,F1_score_w,Total_Obs,AUC_w,Accuracy_w,Hyper_time,Training_time,Testing_time,Total_time
18.0,1.0,35.0,0.01353874883286648,0.5918367346938775,0.026471930625285262,49.0,0.5359528161658365,0.4814004376367615,0.8576494427558258,0.5133414190418435,0.6422610015174507,3298.0,0.5842780714841119,0.5414539265742767,0.2619047619047619,0.014360313315926894,0.027227722772277228,766.0,0.5025491438106375,0.8088986141502553,0.7366424285243306,0.4213469486992462,0.5203817999632279,4113.0,0.5684812574533613,0.5905470483163777,0.0,2.052870035171509,0.0023479461669921875,0.0023479461669921875
