Rep,Kfold,Num_Vars_,Precision_background,Recall_background,F1_score_background,Num_Obs_background,AUC_background,Accuracy_background,Precision_dos,Recall_dos,F1_score_dos,Num_Obs_dos,AUC_dos,Accuracy_dos,Precision_scan,Recall_scan,F1_score_scan,Num_Obs_scan,AUC_scan,Accuracy_scan,Precision_w,Recall_w,F1_score_w,Total_Obs,AUC_w,Accuracy_w,Hyper_time,Training_time,Testing_time,Total_time
16.0,3.0,47.0,0.9980595084087969,0.660813704496788,0.7951558876578201,2335.0,0.8109263327678745,0.6703980099502488,0.06666666666666667,0.9423076923076923,0.12452350698856417,52.0,0.8258148631029987,0.7143449419568823,0.0761904761904762,0.96,0.14117647058823532,25.0,0.9190448261416003,0.87893864013267,0.9684247017852278,0.6699834162520729,0.7739194161729357,2412.0,0.8123679438424057,0.6735069470227635,0.0,2.6634886264801025,0.028414487838745117,0.028414487838745117
