Rep,Kfold,Num_Vars_,Precision_background,Recall_background,F1_score_background,Num_Obs_background,AUC_background,Accuracy_background,Precision_dos,Recall_dos,F1_score_dos,Num_Obs_dos,AUC_dos,Accuracy_dos,Precision_scan,Recall_scan,F1_score_scan,Num_Obs_scan,AUC_scan,Accuracy_scan,Precision_w,Recall_w,F1_score_w,Total_Obs,AUC_w,Accuracy_w,Hyper_time,Training_time,Testing_time,Total_time
15.0,2.0,41.0,1.0,0.6696658097686375,0.8021555042340262,2334.0,0.8348329048843188,0.6802156781418498,0.07212205270457697,1.0,0.13454075032341525,52.0,0.8582026282323019,0.7225217751970137,0.042884990253411304,0.88,0.08178438661710037,25.0,0.8371081307627828,0.7951057652426379,0.9700632399406774,0.6789713811696392,0.7802868832702041,2411.0,0.8353605308739732,0.6823194397446654,0.0,2.5256118774414062,0.02954864501953125,0.02954864501953125
