Rep,Kfold,Num_Vars_,Precision_background,Recall_background,F1_score_background,Num_Obs_background,AUC_background,Accuracy_background,Precision_dos,Recall_dos,F1_score_dos,Num_Obs_dos,AUC_dos,Accuracy_dos,Precision_scan,Recall_scan,F1_score_scan,Num_Obs_scan,AUC_scan,Accuracy_scan,Precision_w,Recall_w,F1_score_w,Total_Obs,AUC_w,Accuracy_w,Hyper_time,Training_time,Testing_time,Total_time
12.0,3.0,40.0,0.00861244019138756,0.3673469387755102,0.016830294530154277,49.0,0.4286894674187667,0.4885700389105058,0.8311546840958606,0.23142250530785563,0.36204033214709375,3297.0,0.5206192281140505,0.3460603112840467,0.3157894736842105,0.015665796344647518,0.029850746268656712,766.0,0.5039476620695145,0.8103112840466926,0.7253486721487198,0.1928501945525292,0.29604507080805853,4112.0,0.5164181148202316,0.4342410558827537,0.0,1.8573849201202393,0.00688481330871582,0.00688481330871582
