Rep,Kfold,Num_Vars_,Precision_background,Recall_background,F1_score_background,Num_Obs_background,AUC_background,Accuracy_background,Precision_dos,Recall_dos,F1_score_dos,Num_Obs_dos,AUC_dos,Accuracy_dos,Precision_scan,Recall_scan,F1_score_scan,Num_Obs_scan,AUC_scan,Accuracy_scan,Precision_w,Recall_w,F1_score_w,Total_Obs,AUC_w,Accuracy_w,Hyper_time,Training_time,Testing_time,Total_time
13.0,4.0,35.0,0.9966865473823724,0.6441113490364025,0.7825182101977107,2335.0,0.7895881420506687,0.6533996683250415,0.0585480093676815,0.9615384615384616,0.11037527593818985,52.0,0.8104302477183833,0.6658374792703151,0.058997050147492625,0.8,0.10989010989010989,25.0,0.8331797235023042,0.8656716417910447,0.966742334526802,0.6525704809286899,0.7610558822171198,2412.0,0.7904892942194134,0.6558679790654247,0.0,2.1085309982299805,0.001913309097290039,0.001913309097290039
