Rep,Kfold,Num_Vars_,Precision_background,Recall_background,F1_score_background,Num_Obs_background,AUC_background,Accuracy_background,Precision_dos,Recall_dos,F1_score_dos,Num_Obs_dos,AUC_dos,Accuracy_dos,Precision_scan,Recall_scan,F1_score_scan,Num_Obs_scan,AUC_scan,Accuracy_scan,Precision_w,Recall_w,F1_score_w,Total_Obs,AUC_w,Accuracy_w,Hyper_time,Training_time,Testing_time,Total_time
10.0,1.0,30.0,0.011010052656773576,0.46,0.02150537634408602,50.0,0.4757543686930839,0.4911256990031607,0.8379237288135594,0.23991507430997877,0.3730252298986088,3297.0,0.5262075371549894,0.3535132506686117,0.4,0.02349869451697128,0.044389642416769425,766.0,0.5077158844559759,0.8115730610260151,0.746312919166337,0.2022854364211038,0.30754726911844465,4113.0,0.5221503369627843,0.44049463582555276,0.0,2.3516018390655518,0.006824493408203125,0.006824493408203125
