Rep,Kfold,Num_Vars_,Precision_background,Recall_background,F1_score_background,Num_Obs_background,AUC_background,Accuracy_background,Precision_dos,Recall_dos,F1_score_dos,Num_Obs_dos,AUC_dos,Accuracy_dos,Precision_scan,Recall_scan,F1_score_scan,Num_Obs_scan,AUC_scan,Accuracy_scan,Precision_w,Recall_w,F1_score_w,Total_Obs,AUC_w,Accuracy_w,Hyper_time,Training_time,Testing_time,Total_time
11.0,1.0,34.0,0.998678122934567,0.6473864610111397,0.7855471796204835,2334.0,0.8107062175185569,0.6578183326420572,0.0630407911001236,0.9807692307692307,0.11846689895470383,52.0,0.8297233182248018,0.6851928660306926,0.1375,0.88,0.23783783783783785,25.0,0.9110813076278289,0.941518042306097,0.969568793059513,0.6569888013272502,0.7654804404503521,2411.0,0.8121571783188293,0.6613504639061841,0.0,2.291403293609619,0.0018510818481445312,0.0018510818481445312
