Rep,Kfold,Num_Vars_,Precision_background,Recall_background,F1_score_background,Num_Obs_background,AUC_background,Accuracy_background,Precision_dos,Recall_dos,F1_score_dos,Num_Obs_dos,AUC_dos,Accuracy_dos,Precision_scan,Recall_scan,F1_score_scan,Num_Obs_scan,AUC_scan,Accuracy_scan,Precision_w,Recall_w,F1_score_w,Total_Obs,AUC_w,Accuracy_w,Hyper_time,Training_time,Testing_time,Total_time
10.0,2.0,66.0,0.9987146529562982,0.665524625267666,0.7987663839629916,2335.0,0.81977529964682,0.6753731343283582,0.06594885598923284,0.9423076923076923,0.12327044025157233,52.0,0.8241199478487615,0.711028192371476,0.048723897911832945,0.84,0.09210526315789473,25.0,0.8341181399245915,0.8283582089552238,0.968758769739715,0.6733001658374793,0.7768790219840855,2412.0,0.8200176266424442,0.6777274833681235,0.0,2.656670093536377,0.018915176391601562,0.018915176391601562
