Rep,Kfold,Num_Vars_,Precision_background,Recall_background,F1_score_background,Num_Obs_background,AUC_background,Accuracy_background,Precision_dos,Recall_dos,F1_score_dos,Num_Obs_dos,AUC_dos,Accuracy_dos,Precision_scan,Recall_scan,F1_score_scan,Num_Obs_scan,AUC_scan,Accuracy_scan,Precision_w,Recall_w,F1_score_w,Total_Obs,AUC_w,Accuracy_w,Hyper_time,Training_time,Testing_time,Total_time
14.0,1.0,34.0,0.9595390524967989,0.9837227618797585,0.9714804252009334,3809.0,0.9734807387807354,0.9728629579375848,0.8023952095808383,0.9798186604270255,0.8822754806426126,3419.0,0.9019187158790417,0.8897249290736401,0.8518518518518519,0.026166097838452786,0.05077262693156733,879.0,0.5128063472036758,0.8939188355741952,0.8815901381885989,0.87825336129271,0.8340320645097193,8107.0,0.8933520417908345,0.9292412971206062,0.0,2.1927242279052734,0.013277530670166016,4.0565221309661865
