Rep,Kfold,Num_Vars_,Precision_background,Recall_background,F1_score_background,Num_Obs_background,AUC_background,Accuracy_background,Precision_dos,Recall_dos,F1_score_dos,Num_Obs_dos,AUC_dos,Accuracy_dos,Precision_scan,Recall_scan,F1_score_scan,Num_Obs_scan,AUC_scan,Accuracy_scan,Precision_w,Recall_w,F1_score_w,Total_Obs,AUC_w,Accuracy_w,Hyper_time,Training_time,Testing_time,Total_time
10.0,5.0,61.0,0.9641290322580646,0.9816079873883342,0.9727900013019138,3806.0,0.9746336819212494,0.9742102665350444,0.8027162258756254,0.9850877192982456,0.8846002363135091,3420.0,0.9041578647729485,0.8915350444225074,0.8846153846153846,0.02619589977220957,0.050884955752212385,878.0,0.5128903661606689,0.8941263573543929,0.8873959645805948,0.8795656465942744,0.8356920711127503,8104.0,0.8948659220637742,0.930643764574841,0.0,2.5900700092315674,0.015577077865600586,4.455259561538696
