Rep,Kfold,Num_Vars_,Precision_background,Recall_background,F1_score_background,Num_Obs_background,AUC_background,Accuracy_background,Precision_dos,Recall_dos,F1_score_dos,Num_Obs_dos,AUC_dos,Accuracy_dos,Precision_scan,Recall_scan,F1_score_scan,Num_Obs_scan,AUC_scan,Accuracy_scan,Precision_w,Recall_w,F1_score_w,Total_Obs,AUC_w,Accuracy_w,Hyper_time,Training_time,Testing_time,Total_time
10.0,5.0,61.0,0.9129593810444874,0.6633872101194659,0.7684167684167683,1423.0,0.5486747371352046,0.6403286978508217,0.11989100817438691,0.6197183098591549,0.2009132420091324,71.0,0.702976295895825,0.7787610619469026,0.10606060606060606,0.07954545454545454,0.09090909090909091,88.0,0.5200270780090057,0.911504424778761,0.8324821707585464,0.6289506953223767,0.705260367661005,1582.0,0.5540062268121316,0.6616258924276108,0.0,2.5900700092315674,0.012740612030029297,0.012740612030029297
