Rep,Kfold,Num_Vars_,Precision_background,Recall_background,F1_score_background,Num_Obs_background,AUC_background,Accuracy_background,Precision_dos,Recall_dos,F1_score_dos,Num_Obs_dos,AUC_dos,Accuracy_dos,Precision_scan,Recall_scan,F1_score_scan,Num_Obs_scan,AUC_scan,Accuracy_scan,Precision_w,Recall_w,F1_score_w,Total_Obs,AUC_w,Accuracy_w,Hyper_time,Training_time,Testing_time,Total_time
13.0,4.0,35.0,0.9125,0.6156008432888265,0.7352077213596308,1423.0,0.5436494782481869,0.6011378002528445,0.07602339181286549,0.5492957746478874,0.13356164383561642,71.0,0.6177981189586228,0.6801517067003793,0.3333333333333333,0.056818181818181816,0.09708737864077668,88.0,0.5250623706949008,0.9412136536030341,0.8427424109684238,0.5815423514538559,0.6727099579819669,1582.0,0.5459433391999895,0.6236009244327381,0.0,2.1085309982299805,0.001478433609008789,0.001478433609008789
