Rep,Kfold,Num_Vars_,Precision_background,Recall_background,F1_score_background,Num_Obs_background,AUC_background,Accuracy_background,Precision_dos,Recall_dos,F1_score_dos,Num_Obs_dos,AUC_dos,Accuracy_dos,Precision_scan,Recall_scan,F1_score_scan,Num_Obs_scan,AUC_scan,Accuracy_scan,Precision_w,Recall_w,F1_score_w,Total_Obs,AUC_w,Accuracy_w,Hyper_time,Training_time,Testing_time,Total_time
14.0,5.0,41.0,0.917228103946102,0.6692415730337079,0.7738530247665448,1424.0,0.5641805349445269,0.6481364497789008,0.10085836909871244,0.6714285714285714,0.1753731343283582,70.0,0.6972476631101878,0.7207833228048011,0.18461538461538463,0.1348314606741573,0.15584415584415584,89.0,0.5496781132018711,0.917877447883765,0.8399391504023553,0.6392924826279217,0.7126424235885501,1583.0,0.569249381082556,0.6665143587764661,0.0,2.379737615585327,0.0022940635681152344,0.0022940635681152344
