Rep,Kfold,Num_Vars_,Precision_background,Recall_background,F1_score_background,Num_Obs_background,AUC_background,Accuracy_background,Precision_dos,Recall_dos,F1_score_dos,Num_Obs_dos,AUC_dos,Accuracy_dos,Precision_scan,Recall_scan,F1_score_scan,Num_Obs_scan,AUC_scan,Accuracy_scan,Precision_w,Recall_w,F1_score_w,Total_Obs,AUC_w,Accuracy_w,Hyper_time,Training_time,Testing_time,Total_time
18.0,3.0,33.0,0.9068783068783068,0.6022487702037947,0.7238175675675675,1423.0,0.5226433724436695,0.5863377609108159,0.08113590263691683,0.5714285714285714,0.14209591474245115,70.0,0.6358135577195801,0.6944971537001897,0.09090909090909091,0.011363636363636364,0.0202020202020202,88.0,0.502332856359983,0.9386464263124604,0.8249002807542156,0.5679949399114483,0.6588974639205554,1581.0,0.5265235669749467,0.6107364453197981,0.0,2.176356315612793,0.0016205310821533203,0.0016205310821533203
