Rep,Kfold,Num_Vars_,Precision_background,Recall_background,F1_score_background,Num_Obs_background,AUC_background,Accuracy_background,Precision_dos,Recall_dos,F1_score_dos,Num_Obs_dos,AUC_dos,Accuracy_dos,Precision_scan,Recall_scan,F1_score_scan,Num_Obs_scan,AUC_scan,Accuracy_scan,Precision_w,Recall_w,F1_score_w,Total_Obs,AUC_w,Accuracy_w,Hyper_time,Training_time,Testing_time,Total_time
10.0,4.0,56.0,0.9623645572866577,0.9855548260013132,0.973821649852402,15230.0,0.9757075048931774,0.9751110288675056,0.8034903179536218,0.9828922357069747,0.8841828345938835,13678.0,0.9037474087955549,0.8913767579570688,1.0,0.027872582480091012,0.05423353624792474,3516.0,0.5139362912400455,0.8945842585738959,0.8994248944129483,0.8805822847273624,0.8362892194755405,32424.0,0.8952776448627155,0.9310557154618403,0.0,2.919654130935669,0.008089065551757812,4.613386631011963
