Rep,Kfold,Num_Vars_,Precision_background,Recall_background,F1_score_background,Num_Obs_background,AUC_background,Accuracy_background,Precision_dos,Recall_dos,F1_score_dos,Num_Obs_dos,AUC_dos,Accuracy_dos,Precision_scan,Recall_scan,F1_score_scan,Num_Obs_scan,AUC_scan,Accuracy_scan,Precision_w,Recall_w,F1_score_w,Total_Obs,AUC_w,Accuracy_w,Hyper_time,Training_time,Testing_time,Total_time
20.0,4.0,33.0,0.9610954696698234,0.9860819327731093,0.9734283862605314,3808.0,0.9753583232967454,0.9747100912904022,0.8035028790786948,0.9795261772448084,0.8828258863846052,3419.0,0.9023937692283356,0.8903281519861831,0.9166666666666666,0.02502844141069397,0.048726467331118496,879.0,0.5123758507039633,0.8940291142363681,0.8898072899176839,0.8791018998272885,0.8349404842355196,8106.0,0.8943778885855502,0.9303700432628151,0.0,1.8258211612701416,0.0037260055541992188,3.5536859035491943
