Rep,Kfold,Num_Vars_,Precision_background,Recall_background,F1_score_background,Num_Obs_background,AUC_background,Accuracy_background,Precision_dos,Recall_dos,F1_score_dos,Num_Obs_dos,AUC_dos,Accuracy_dos,Precision_scan,Recall_scan,F1_score_scan,Num_Obs_scan,AUC_scan,Accuracy_scan,Precision_w,Recall_w,F1_score_w,Total_Obs,AUC_w,Accuracy_w,Hyper_time,Training_time,Testing_time,Total_time
2.0,4.0,28.0,0.009704027171276079,0.40816326530612246,0.018957345971563982,49.0,0.4529125457714467,0.4965953307392996,0.835030549898167,0.24871094934789204,0.38326711848562756,3297.0,0.5249689716064614,0.35821984435797666,0.2631578947368421,0.013054830287206266,0.02487562189054726,766.0,0.5023433147251931,0.8093385214007782,0.7186649240549782,0.20671206225680933,0.31216326020619645,4112.0,0.5198955236402728,0.44390498673333434,0.0,127.41199159622192,0.007613658905029297,0.007613658905029297
