Rep,Kfold,Num_Vars_,Precision_background,Recall_background,F1_score_background,Num_Obs_background,AUC_background,Accuracy_background,Precision_dos,Recall_dos,F1_score_dos,Num_Obs_dos,AUC_dos,Accuracy_dos,Precision_scan,Recall_scan,F1_score_scan,Num_Obs_scan,AUC_scan,Accuracy_scan,Precision_w,Recall_w,F1_score_w,Total_Obs,AUC_w,Accuracy_w,Hyper_time,Training_time,Testing_time,Total_time
2.0,1.0,25.0,0.9954098360655738,0.6501070663811563,0.7865284974093265,2335.0,0.7790009016116308,0.6582330982994608,0.0606826801517067,0.9230769230769231,0.11387900355871886,52.0,0.8040564776469821,0.6901700539195355,0.03861003861003861,0.8333333333333334,0.07380073800738007,24.0,0.812351626867756,0.7917876399834094,0.9657254697252776,0.6578183326420572,0.7649261581700573,2411.0,0.7798732812715168,0.6602513607186472,0.0,127.67282247543335,0.04082036018371582,0.04082036018371582
