Rep,Kfold,Num_Vars_,Precision_background,Recall_background,F1_score_background,Num_Obs_background,AUC_background,Accuracy_background,Precision_dos,Recall_dos,F1_score_dos,Num_Obs_dos,AUC_dos,Accuracy_dos,Precision_scan,Recall_scan,F1_score_scan,Num_Obs_scan,AUC_scan,Accuracy_scan,Precision_w,Recall_w,F1_score_w,Total_Obs,AUC_w,Accuracy_w,Hyper_time,Training_time,Testing_time,Total_time
20.0,3.0,60.0,0.9164265129682997,0.6699438202247191,0.7740365111561865,1424.0,0.5596554544161569,0.6479140328697851,0.10688836104513064,0.6428571428571429,0.18329938900203663,70.0,0.6970899470899472,0.7465233881163085,0.11538461538461539,0.03409090909090909,0.05263157894736841,88.0,0.5093479980528174,0.93173198482933,0.836047652271722,0.6333754740834386,0.7077689810770673,1582.0,0.5629382346482628,0.6680648765105541,0.0,2.6799113750457764,0.0024938583374023438,0.0024938583374023438
