Rep,Kfold,Num_Vars_,Precision_background,Recall_background,F1_score_background,Num_Obs_background,AUC_background,Accuracy_background,Precision_dos,Recall_dos,F1_score_dos,Num_Obs_dos,AUC_dos,Accuracy_dos,Precision_scan,Recall_scan,F1_score_scan,Num_Obs_scan,AUC_scan,Accuracy_scan,Precision_w,Recall_w,F1_score_w,Total_Obs,AUC_w,Accuracy_w,Hyper_time,Training_time,Testing_time,Total_time
2.0,5.0,41.0,0.9960132890365448,0.6422450728363325,0.7809325345141964,2334.0,0.7821614974571273,0.6511820821236002,0.05917159763313609,0.9615384615384616,0.11148272017837235,52.0,0.8122656275475267,0.6694317710493571,0.058666666666666666,0.88,0.11,25.0,0.8660268231349538,0.8523434259643301,0.9660881818145521,0.6515968477810037,0.7595369709686477,2411.0,0.7836803891645708,0.6536615584488418,0.0,126.47942209243774,0.07258033752441406,0.07258033752441406
