Rep,Kfold,Num_Vars_,Precision_background,Recall_background,F1_score_background,Num_Obs_background,AUC_background,Accuracy_background,Precision_dos,Recall_dos,F1_score_dos,Num_Obs_dos,AUC_dos,Accuracy_dos,Precision_scan,Recall_scan,F1_score_scan,Num_Obs_scan,AUC_scan,Accuracy_scan,Precision_w,Recall_w,F1_score_w,Total_Obs,AUC_w,Accuracy_w,Hyper_time,Training_time,Testing_time,Total_time
2.0,4.0,28.0,0.9973684210526316,0.6492505353319058,0.7865110246433203,2335.0,0.7986512416919269,0.6587893864013267,0.06390977443609022,0.9807692307692307,0.11999999999999998,52.0,0.8321219035202087,0.6898839137645107,0.09523809523809523,0.96,0.17328519855595664,25.0,0.9322413070800167,0.9050580431177446,0.9678936665876963,0.6596185737976783,0.7657858094967048,2412.0,0.8007574713974712,0.6620122851744594,0.0,127.41199159622192,0.012248754501342773,0.012248754501342773
