Rep,Kfold,Num_Vars_,Precision_background,Recall_background,F1_score_background,Num_Obs_background,AUC_background,Accuracy_background,Precision_dos,Recall_dos,F1_score_dos,Num_Obs_dos,AUC_dos,Accuracy_dos,Precision_scan,Recall_scan,F1_score_scan,Num_Obs_scan,AUC_scan,Accuracy_scan,Precision_w,Recall_w,F1_score_w,Total_Obs,AUC_w,Accuracy_w,Hyper_time,Training_time,Testing_time,Total_time
2.0,1.0,25.0,0.956200662083015,0.9860819327731093,0.9709114414996768,3808.0,0.9730316597322968,0.9722427831236121,0.8026916606584955,0.9766081871345029,0.8811502440311304,3420.0,0.9007027277968715,0.888847767086109,1.0,0.022779043280182234,0.044543429844098,878.0,0.5113895216400911,0.8941524796447077,0.8961778436545985,0.8777448803355539,0.8327009295855359,8106.0,0.8925126929837018,0.9285992793853024,0.0,127.67282247543335,0.009293079376220703,144.61253213882446
