Rep,Kfold,Num_Vars_,Precision_background,Recall_background,F1_score_background,Num_Obs_background,AUC_background,Accuracy_background,Precision_dos,Recall_dos,F1_score_dos,Num_Obs_dos,AUC_dos,Accuracy_dos,Precision_scan,Recall_scan,F1_score_scan,Num_Obs_scan,AUC_scan,Accuracy_scan,Precision_w,Recall_w,F1_score_w,Total_Obs,AUC_w,Accuracy_w,Hyper_time,Training_time,Testing_time,Total_time
20.0,5.0,40.0,0.903448275862069,0.6444132115249473,0.7522559474979492,1423.0,0.5120800234839927,0.6179633143580012,0.07676348547717843,0.5285714285714286,0.13405797101449274,70.0,0.6170322397655288,0.6976597090449083,0.12790697674418605,0.125,0.12643678160919541,88.0,0.5373827863362357,0.9038583175205566,0.8236787820927356,0.6103731815306769,0.6900510487300479,1581.0,0.5181352406065132,0.6374051283405365,0.0,1.8445851802825928,0.0013892650604248047,0.0013892650604248047
