Rep,Kfold,Num_Vars_,Precision_background,Recall_background,F1_score_background,Num_Obs_background,AUC_background,Accuracy_background,Precision_dos,Recall_dos,F1_score_dos,Num_Obs_dos,AUC_dos,Accuracy_dos,Precision_scan,Recall_scan,F1_score_scan,Num_Obs_scan,AUC_scan,Accuracy_scan,Precision_w,Recall_w,F1_score_w,Total_Obs,AUC_w,Accuracy_w,Hyper_time,Training_time,Testing_time,Total_time
2.0,2.0,38.0,0.9598362752622154,0.9855529288153402,0.9725246241575947,3807.0,0.9745164039284888,0.9738465334320257,0.8028304149676181,0.9783688979830459,0.8819499341238471,3421.0,0.9014576613714589,0.8894645941278065,0.9285714285714286,0.014806378132118452,0.029147982062780266,878.0,0.5073340136371715,0.8931655563779917,0.8901881647931398,0.8773747841105354,0.832117431169105,8106.0,0.8930804186134906,0.9294956190213205,0.0,125.65041160583496,0.013244152069091797,133.13902473449707
