Rep,Kfold,Num_Vars_,Precision_background,Recall_background,F1_score_background,Num_Obs_background,AUC_background,Accuracy_background,Precision_dos,Recall_dos,F1_score_dos,Num_Obs_dos,AUC_dos,Accuracy_dos,Precision_scan,Recall_scan,F1_score_scan,Num_Obs_scan,AUC_scan,Accuracy_scan,Precision_w,Recall_w,F1_score_w,Total_Obs,AUC_w,Accuracy_w,Hyper_time,Training_time,Testing_time,Total_time
3.0,2.0,47.0,0.9152046783625731,0.6594101123595506,0.7665306122448979,1424.0,0.5543886004835727,0.638432364096081,0.08879492600422834,0.6,0.1546961325966851,70.0,0.657473544973545,0.7098609355246523,0.07920792079207921,0.09090909090909091,0.08465608465608467,88.0,0.5143300474625775,0.8906447534766119,0.8321348949673217,0.6251580278128951,0.7015284807637409,1582.0,0.5567215925495971,0.6556224337961357,0.0,128.73693227767944,0.005064964294433594,0.005064964294433594
