Rep,Kfold,Num_Vars_,Precision_background,Recall_background,F1_score_background,Num_Obs_background,AUC_background,Accuracy_background,Precision_dos,Recall_dos,F1_score_dos,Num_Obs_dos,AUC_dos,Accuracy_dos,Precision_scan,Recall_scan,F1_score_scan,Num_Obs_scan,AUC_scan,Accuracy_scan,Precision_w,Recall_w,F1_score_w,Total_Obs,AUC_w,Accuracy_w,Hyper_time,Training_time,Testing_time,Total_time
3.0,4.0,49.0,0.9125127161749745,0.6299157303370787,0.7453261321146656,1424.0,0.5428059664343622,0.6125158027812895,0.0859538784067086,0.5857142857142857,0.14990859232175502,70.0,0.6486772486772487,0.7060682680151706,0.2,0.045454545454545456,0.07407407407407407,88.0,0.5173725203845685,0.9367888748419722,0.8363052334523599,0.595448798988622,0.6816412971632902,1582.0,0.5460757809126303,0.6346932382476054,0.0,223.74590802192688,0.0017230510711669922,0.0017230510711669922
