Rep,Kfold,Num_Vars_,Precision_background,Recall_background,F1_score_background,Num_Obs_background,AUC_background,Accuracy_background,Precision_dos,Recall_dos,F1_score_dos,Num_Obs_dos,AUC_dos,Accuracy_dos,Precision_scan,Recall_scan,F1_score_scan,Num_Obs_scan,AUC_scan,Accuracy_scan,Precision_w,Recall_w,F1_score_w,Total_Obs,AUC_w,Accuracy_w,Hyper_time,Training_time,Testing_time,Total_time
3.0,4.0,49.0,0.9974731522425774,0.6762312633832976,0.806023481368045,2335.0,0.8121416057176228,0.6849087893864013,0.06805555555555555,0.9423076923076923,0.12694300518134716,52.0,0.8289928292046936,0.7205638474295191,0.07,0.84,0.12923076923076926,25.0,0.8615584415584414,0.882669983416252,0.9678228438537758,0.6836650082918739,0.7843684222614363,2412.0,0.8130170968110508,0.6877272358494977,0.0,223.74590802192688,0.01060628890991211,0.01060628890991211
