Rep,Kfold,Num_Vars_,Precision_background,Recall_background,F1_score_background,Num_Obs_background,AUC_background,Accuracy_background,Precision_dos,Recall_dos,F1_score_dos,Num_Obs_dos,AUC_dos,Accuracy_dos,Precision_scan,Recall_scan,F1_score_scan,Num_Obs_scan,AUC_scan,Accuracy_scan,Precision_w,Recall_w,F1_score_w,Total_Obs,AUC_w,Accuracy_w,Hyper_time,Training_time,Testing_time,Total_time
3.0,2.0,47.0,0.9948287007110537,0.6593830334190232,0.7930945632568925,2334.0,0.7777434647614595,0.6669431771049357,0.062103929024081114,0.9423076923076923,0.1165279429250892,52.0,0.8143077249160335,0.6918291165491497,0.010248901903367497,0.28,0.019774011299435033,25.0,0.4983403185247276,0.7121526337619245,0.9645026189616074,0.6615512235586893,0.7704838299279044,2411.0,0.7756349051895473,0.6679486956729671,0.0,128.73693227767944,0.020955801010131836,0.020955801010131836
