Rep,Kfold,Num_Vars_,Precision_background,Recall_background,F1_score_background,Num_Obs_background,AUC_background,Accuracy_background,Precision_dos,Recall_dos,F1_score_dos,Num_Obs_dos,AUC_dos,Accuracy_dos,Precision_scan,Recall_scan,F1_score_scan,Num_Obs_scan,AUC_scan,Accuracy_scan,Precision_w,Recall_w,F1_score_w,Total_Obs,AUC_w,Accuracy_w,Hyper_time,Training_time,Testing_time,Total_time
3.0,3.0,50.0,0.9118217054263565,0.6612789880534083,0.7665987780040734,1423.0,0.5462644940267042,0.6380290587492103,0.08624708624708624,0.5211267605633803,0.148,71.0,0.6309337506520605,0.7308907138344914,0.18681318681318682,0.19101123595505617,0.18888888888888886,89.0,0.5707398883925214,0.9077700568540745,0.8340317141955921,0.6285533796588756,0.7063734505438456,1583.0,0.551438105725351,0.6573595239054882,0.0,219.4964518547058,0.04763484001159668,0.04763484001159668
