Rep,Kfold,Num_Vars_,Precision_background,Recall_background,F1_score_background,Num_Obs_background,AUC_background,Accuracy_background,Precision_dos,Recall_dos,F1_score_dos,Num_Obs_dos,AUC_dos,Accuracy_dos,Precision_scan,Recall_scan,F1_score_scan,Num_Obs_scan,AUC_scan,Accuracy_scan,Precision_w,Recall_w,F1_score_w,Total_Obs,AUC_w,Accuracy_w,Hyper_time,Training_time,Testing_time,Total_time
3.0,5.0,57.0,0.0032377428307123032,0.14,0.006329113924050633,50.0,0.3048018705390106,0.4655968879163628,0.8177777777777778,0.2232332423415226,0.3507267095544437,3297.0,0.51112642509233,0.337466569414053,0.2922374429223744,0.0835509138381201,0.1299492385786802,766.0,0.5186203926824302,0.7916362752248967,0.7099997816079281,0.1962071480671043,0.30542269240176817,4113.0,0.5100138920133975,0.4236081961041142,0.0,222.06315755844116,0.02053236961364746,0.02053236961364746
