Rep,Kfold,Num_Vars_,Precision_background,Recall_background,F1_score_background,Num_Obs_background,AUC_background,Accuracy_background,Precision_dos,Recall_dos,F1_score_dos,Num_Obs_dos,AUC_dos,Accuracy_dos,Precision_scan,Recall_scan,F1_score_scan,Num_Obs_scan,AUC_scan,Accuracy_scan,Precision_w,Recall_w,F1_score_w,Total_Obs,AUC_w,Accuracy_w,Hyper_time,Training_time,Testing_time,Total_time
3.0,2.0,47.0,0.003108348134991119,0.14285714285714285,0.006084311169056932,49.0,0.29522286276715415,0.44395818137612447,0.8253467843631778,0.39690721649484534,0.536036036036036,3298.0,0.5285149579406742,0.44906394359348406,0.34765625,0.11618798955613577,0.1741682974559687,766.0,0.5331462804069893,0.7947969851689765,0.7265866013587102,0.34159980549477265,0.4623286880489673,4113.0,0.5265981770862358,0.5133920076581999,0.0,128.73693227767944,0.002649068832397461,0.002649068832397461
