Rep,Kfold,Num_Vars_,Precision_background,Recall_background,F1_score_background,Num_Obs_background,AUC_background,Accuracy_background,Precision_dos,Recall_dos,F1_score_dos,Num_Obs_dos,AUC_dos,Accuracy_dos,Precision_scan,Recall_scan,F1_score_scan,Num_Obs_scan,AUC_scan,Accuracy_scan,Precision_w,Recall_w,F1_score_w,Total_Obs,AUC_w,Accuracy_w,Hyper_time,Training_time,Testing_time,Total_time
3.0,3.0,50.0,0.9588024564994883,0.9842395587076438,0.9713545042125729,3807.0,0.9734032018137149,0.9727429699062654,0.8026347305389222,0.979538146740719,0.882306477093207,3421.0,0.9018663637479998,0.8897385298470646,0.8461538461538461,0.025,0.04856512141280354,880.0,0.5122232982844493,0.8936852491366551,0.8806844782538961,0.8781450419338924,0.8336278197479517,8108.0,0.8931656786108825,0.929140480547634,0.0,219.4964518547058,0.008512258529663086,223.80632948875427
