Rep,Kfold,Num_Vars_,Precision_background,Recall_background,F1_score_background,Num_Obs_background,AUC_background,Accuracy_background,Precision_dos,Recall_dos,F1_score_dos,Num_Obs_dos,AUC_dos,Accuracy_dos,Precision_scan,Recall_scan,F1_score_scan,Num_Obs_scan,AUC_scan,Accuracy_scan,Precision_w,Recall_w,F1_score_w,Total_Obs,AUC_w,Accuracy_w,Hyper_time,Training_time,Testing_time,Total_time
4.0,2.0,34.0,0.9211873080859775,0.6320224719101124,0.7496876301541026,1424.0,0.5723403498791069,0.6201011378002529,0.09911894273127753,0.6428571428571429,0.1717557251908397,70.0,0.6861772486772486,0.7256637168141593,0.13953488372093023,0.06818181818181818,0.09160305343511449,88.0,0.5217080442984058,0.9247787610619469,0.8413325679349325,0.6011378002528446,0.687508947411562,1582.0,0.5745609187948896,0.6417199819077133,0.0,222.95148062705994,0.0018427371978759766,0.0018427371978759766
