Rep,Kfold,Num_Vars_,Precision_background,Recall_background,F1_score_background,Num_Obs_background,AUC_background,Accuracy_background,Precision_dos,Recall_dos,F1_score_dos,Num_Obs_dos,AUC_dos,Accuracy_dos,Precision_scan,Recall_scan,F1_score_scan,Num_Obs_scan,AUC_scan,Accuracy_scan,Precision_w,Recall_w,F1_score_w,Total_Obs,AUC_w,Accuracy_w,Hyper_time,Training_time,Testing_time,Total_time
4.0,4.0,61.0,0.9080882352941176,0.6943078004216444,0.7869374751095182,1423.0,0.5326884914057908,0.6618204804045512,0.10858585858585859,0.6056338028169014,0.18415417558886513,71.0,0.6860068418452475,0.7591656131479141,0.19230769230769232,0.056818181818181816,0.08771929824561403,88.0,0.5213809784592918,0.934260429835651,0.8323907912175743,0.6548672566371682,0.7209900580235573,1582.0,0.5389404141250762,0.6813440075693524,0.0,224.63045001029968,0.0029730796813964844,0.0029730796813964844
