Rep,Kfold,Num_Vars_,Precision_background,Recall_background,F1_score_background,Num_Obs_background,AUC_background,Accuracy_background,Precision_dos,Recall_dos,F1_score_dos,Num_Obs_dos,AUC_dos,Accuracy_dos,Precision_scan,Recall_scan,F1_score_scan,Num_Obs_scan,AUC_scan,Accuracy_scan,Precision_w,Recall_w,F1_score_w,Total_Obs,AUC_w,Accuracy_w,Hyper_time,Training_time,Testing_time,Total_time
4.0,2.0,34.0,0.9960159362549801,0.6423982869379015,0.7810466024472793,2335.0,0.7822381045079118,0.6513266998341625,0.05889281507656066,0.9615384615384616,0.11098779134295227,52.0,0.8114895697522817,0.667910447761194,0.12060301507537688,0.96,0.21428571428571425,25.0,0.9433431085043987,0.9270315091210614,0.9667391015407315,0.6525704809286899,0.7607265027866391,2412.0,0.7845385610968916,0.6545418636502396,0.0,222.95148062705994,0.017760753631591797,0.017760753631591797
