Rep,Kfold,Num_Vars_,Precision_background,Recall_background,F1_score_background,Num_Obs_background,AUC_background,Accuracy_background,Precision_dos,Recall_dos,F1_score_dos,Num_Obs_dos,AUC_dos,Accuracy_dos,Precision_scan,Recall_scan,F1_score_scan,Num_Obs_scan,AUC_scan,Accuracy_scan,Precision_w,Recall_w,F1_score_w,Total_Obs,AUC_w,Accuracy_w,Hyper_time,Training_time,Testing_time,Total_time
4.0,4.0,61.0,0.9626769626769627,0.9826589595375722,0.9725653361071381,3806.0,0.9744650927020265,0.9739666872301048,0.8018125447173862,0.9830409356725146,0.8832260606856693,3420.0,0.9028331679429809,0.8903146206045651,0.7586206896551724,0.02502844141069397,0.048458149779735685,879.0,0.5120298586793298,0.8933991363355953,0.8726681072287326,0.8789636027143738,0.8346467008544286,8105.0,0.8940873316431879,0.9299310370023911,0.0,224.63045001029968,0.008412361145019531,235.1518201828003
