Rep,Kfold,Num_Vars_,Precision_background,Recall_background,F1_score_background,Num_Obs_background,AUC_background,Accuracy_background,Precision_dos,Recall_dos,F1_score_dos,Num_Obs_dos,AUC_dos,Accuracy_dos,Precision_scan,Recall_scan,F1_score_scan,Num_Obs_scan,AUC_scan,Accuracy_scan,Precision_w,Recall_w,F1_score_w,Total_Obs,AUC_w,Accuracy_w,Hyper_time,Training_time,Testing_time,Total_time
4.0,5.0,32.0,0.959345435949885,0.9852941176470589,0.9721466511206115,3808.0,0.9741457788607647,0.97347316471314,0.8025905492923963,0.9786487276981574,0.8819188191881918,3419.0,0.9015095964568466,0.8894509561998766,0.8214285714285714,0.02619589977220957,0.05077262693156733,878.0,0.5127520248826456,0.8938926588525602,0.878279925211863,0.8785934608266502,0.8342743068127862,8105.0,0.8935230985854056,0.9294085607584902,0.0,223.45137572288513,0.009983062744140625,231.85767936706543
