Rep,Kfold,Num_Vars_,Precision_background,Recall_background,F1_score_background,Num_Obs_background,AUC_background,Accuracy_background,Precision_dos,Recall_dos,F1_score_dos,Num_Obs_dos,AUC_dos,Accuracy_dos,Precision_scan,Recall_scan,F1_score_scan,Num_Obs_scan,AUC_scan,Accuracy_scan,Precision_w,Recall_w,F1_score_w,Total_Obs,AUC_w,Accuracy_w,Hyper_time,Training_time,Testing_time,Total_time
4.0,5.0,32.0,0.00815347721822542,0.3469387755102041,0.015932521087160263,49.0,0.41891498105889324,0.48917538311846265,0.8373253493013972,0.25447376402790417,0.390323331007211,3297.0,0.527114031891102,0.3624422281683289,0.3693379790940767,0.13856209150326798,0.20152091254752852,765.0,0.542233825189769,0.7956701532473851,0.7403563004226145,0.23400632449525663,0.3507273690009498,4111.0,0.5286379648472445,0.44457049070251387,0.0,223.45137572288513,0.00519871711730957,0.00519871711730957
