Rep,Kfold,Num_Vars_,Precision_background,Recall_background,F1_score_background,Num_Obs_background,AUC_background,Accuracy_background,Precision_dos,Recall_dos,F1_score_dos,Num_Obs_dos,AUC_dos,Accuracy_dos,Precision_scan,Recall_scan,F1_score_scan,Num_Obs_scan,AUC_scan,Accuracy_scan,Precision_w,Recall_w,F1_score_w,Total_Obs,AUC_w,Accuracy_w,Hyper_time,Training_time,Testing_time,Total_time
4.0,3.0,76.0,0.004347826086956522,0.22,0.008527131782945736,50.0,0.3000073837066207,0.37806953561876977,0.8515709642470206,0.2383985441310282,0.3725118483412323,3297.0,0.5352531936341416,0.3561876975443715,0.27610208816705334,0.15535248041775457,0.19883040935672514,766.0,0.5310673367132095,0.7668368587405786,0.7340970240609622,0.22270848529054219,0.3357408252218433,4113.0,0.5316138411182626,0.43293249437880243,0.0,224.90556263923645,0.015132665634155273,0.015132665634155273
