Rep,Kfold,Num_Vars_,Precision_background,Recall_background,F1_score_background,Num_Obs_background,AUC_background,Accuracy_background,Precision_dos,Recall_dos,F1_score_dos,Num_Obs_dos,AUC_dos,Accuracy_dos,Precision_scan,Recall_scan,F1_score_scan,Num_Obs_scan,AUC_scan,Accuracy_scan,Precision_w,Recall_w,F1_score_w,Total_Obs,AUC_w,Accuracy_w,Hyper_time,Training_time,Testing_time,Total_time
4.0,2.0,34.0,0.9610855094726063,0.9858193277310925,0.9732953072336012,3808.0,0.975231133974874,0.974589860614284,0.8034085453672588,0.9786549707602339,0.8824149749538623,3420.0,0.9019581659860483,0.8899716294560257,0.88,0.02502844141069397,0.04867256637168142,879.0,0.512306694418684,0.8939188355741952,0.8857765937125583,0.8786234118662883,0.834704691023618,8107.0,0.8941278734726322,0.9301462709298777,0.0,222.95148062705994,0.011304616928100586,232.65967178344727
