Rep,Kfold,Num_Vars_,Precision_background,Recall_background,F1_score_background,Num_Obs_background,AUC_background,Accuracy_background,Precision_dos,Recall_dos,F1_score_dos,Num_Obs_dos,AUC_dos,Accuracy_dos,Precision_scan,Recall_scan,F1_score_scan,Num_Obs_scan,AUC_scan,Accuracy_scan,Precision_w,Recall_w,F1_score_w,Total_Obs,AUC_w,Accuracy_w,Hyper_time,Training_time,Testing_time,Total_time
4.0,4.0,61.0,0.9987357774968394,0.676949443016281,0.8069458631256384,2334.0,0.8254877085211275,0.6864371630029034,0.06995884773662552,0.9807692307692307,0.1306017925736236,52.0,0.8466796556559169,0.7183741186229781,0.08135593220338982,0.96,0.15,25.0,0.9232103939647945,0.8871837411862298,0.9691916478909218,0.6864371630029034,0.7855466353169094,2411.0,0.8269580728459308,0.6892075429891442,0.0,224.63045001029968,0.017662763595581055,0.017662763595581055
