Rep,Kfold,Num_Vars_,Precision_background,Recall_background,F1_score_background,Num_Obs_background,AUC_background,Accuracy_background,Precision_dos,Recall_dos,F1_score_dos,Num_Obs_dos,AUC_dos,Accuracy_dos,Precision_scan,Recall_scan,F1_score_scan,Num_Obs_scan,AUC_scan,Accuracy_scan,Precision_w,Recall_w,F1_score_w,Total_Obs,AUC_w,Accuracy_w,Hyper_time,Training_time,Testing_time,Total_time
4.0,5.0,32.0,0.9202825428859738,0.6404494382022472,0.7552795031055901,1424.0,0.5702247191011236,0.6264222503160556,0.11085972850678733,0.7,0.19140624999999997,70.0,0.7200396825396825,0.7383059418457648,0.15789473684210525,0.03409090909090909,0.056074766355140186,88.0,0.5116907022027505,0.9361567635903919,0.8420589500045557,0.6093552465233881,0.6914355432121444,1582.0,0.5735976988442604,0.6486020831701778,0.0,223.45137572288513,0.003461122512817383,0.003461122512817383
