Rep,Kfold,Num_Vars_,Precision_background,Recall_background,F1_score_background,Num_Obs_background,AUC_background,Accuracy_background,Precision_dos,Recall_dos,F1_score_dos,Num_Obs_dos,AUC_dos,Accuracy_dos,Precision_scan,Recall_scan,F1_score_scan,Num_Obs_scan,AUC_scan,Accuracy_scan,Precision_w,Recall_w,F1_score_w,Total_Obs,AUC_w,Accuracy_w,Hyper_time,Training_time,Testing_time,Total_time
5.0,3.0,52.0,0.9101964452759589,0.6832865168539326,0.780585639791416,1424.0,0.5378457900725359,0.6542351453855879,0.10978520286396182,0.6571428571428571,0.1881390593047035,70.0,0.7052248677248677,0.7490518331226296,0.17073170731707318,0.07954545454545454,0.10852713178294573,88.0,0.5283938785444809,0.927307206068268,0.8336467082916215,0.6485461441213654,0.7169874037997503,1582.0,0.5447261739038851,0.6736204231868955,0.0,216.22874426841736,0.006800651550292969,0.006800651550292969
