Rep,Kfold,Num_Vars_,Precision_background,Recall_background,F1_score_background,Num_Obs_background,AUC_background,Accuracy_background,Precision_dos,Recall_dos,F1_score_dos,Num_Obs_dos,AUC_dos,Accuracy_dos,Precision_scan,Recall_scan,F1_score_scan,Num_Obs_scan,AUC_scan,Accuracy_scan,Precision_w,Recall_w,F1_score_w,Total_Obs,AUC_w,Accuracy_w,Hyper_time,Training_time,Testing_time,Total_time
5.0,2.0,77.0,0.9052224371373307,0.6573033707865169,0.7615947925142392,1424.0,0.5185251031147775,0.629582806573957,0.09490740740740741,0.5857142857142857,0.16334661354581675,70.0,0.6635582010582011,0.7345132743362832,0.13793103448275862,0.045454545454545456,0.06837606837606837,88.0,0.5143604721917975,0.9310998735777497,0.8266865992645767,0.6201011378002529,0.6965627948834247,1582.0,0.5247108359433599,0.6509978727178867,0.0,222.08029747009277,0.0047473907470703125,0.0047473907470703125
