Rep,Kfold,Num_Vars_,Precision_background,Recall_background,F1_score_background,Num_Obs_background,AUC_background,Accuracy_background,Precision_dos,Recall_dos,F1_score_dos,Num_Obs_dos,AUC_dos,Accuracy_dos,Precision_scan,Recall_scan,F1_score_scan,Num_Obs_scan,AUC_scan,Accuracy_scan,Precision_w,Recall_w,F1_score_w,Total_Obs,AUC_w,Accuracy_w,Hyper_time,Training_time,Testing_time,Total_time
5.0,3.0,52.0,0.9605026929982047,0.9834558823529411,0.971843778383288,3808.0,0.9738084624703964,0.9732264034546576,0.8010033444816054,0.9806961099736765,0.8817882971729125,3419.0,0.9014662794853445,0.889080814312153,0.8571428571428571,0.02733485193621868,0.052980132450331126,878.0,0.5133906859653419,0.8941394201110425,0.8820229633918817,0.8787168414558915,0.8343160829622627,8105.0,0.8934155283066296,0.9291632152185173,0.0,216.22874426841736,0.022283315658569336,224.96415042877197
