Rep,Kfold,Num_Vars_,Precision_background,Recall_background,F1_score_background,Num_Obs_background,AUC_background,Accuracy_background,Precision_dos,Recall_dos,F1_score_dos,Num_Obs_dos,AUC_dos,Accuracy_dos,Precision_scan,Recall_scan,F1_score_scan,Num_Obs_scan,AUC_scan,Accuracy_scan,Precision_w,Recall_w,F1_score_w,Total_Obs,AUC_w,Accuracy_w,Hyper_time,Training_time,Testing_time,Total_time
5.0,2.0,77.0,0.0025906735751295338,0.12244897959183673,0.00507399577167019,49.0,0.2770217338904065,0.42791150012156576,0.8193091231178034,0.2804730139478472,0.41789021911000673,3298.0,0.5150831327407948,0.37345003646973013,0.2631578947368421,0.0587467362924282,0.096051227321238,766.0,0.5105505417345021,0.7940675905664965,0.7060022801886986,0.23729637734014103,0.353033262471598,4113.0,0.5114028572108922,0.452434149807212,0.0,222.08029747009277,0.01136469841003418,0.01136469841003418
