Rep,Kfold,Num_Vars_,Precision_background,Recall_background,F1_score_background,Num_Obs_background,AUC_background,Accuracy_background,Precision_dos,Recall_dos,F1_score_dos,Num_Obs_dos,AUC_dos,Accuracy_dos,Precision_scan,Recall_scan,F1_score_scan,Num_Obs_scan,AUC_scan,Accuracy_scan,Precision_w,Recall_w,F1_score_w,Total_Obs,AUC_w,Accuracy_w,Hyper_time,Training_time,Testing_time,Total_time
5.0,1.0,54.0,0.9981214777708203,0.6829477292202228,0.8109895700839481,2334.0,0.8217370225048483,0.691701244813278,0.06948228882833787,0.9807692307692307,0.1297709923664122,52.0,0.8455584915508579,0.7161825726141079,0.06811145510835913,0.9166666666666666,0.12680115273775214,24.0,0.8952570550433081,0.8742738589211618,0.9688229390285347,0.6917012448132781,0.7894775833380474,2410.0,0.8229831624099585,0.6940476231469844,0.0,223.43293929100037,0.010994911193847656,0.010994911193847656
