Rep,Kfold,Num_Vars_,Precision_background,Recall_background,F1_score_background,Num_Obs_background,AUC_background,Accuracy_background,Precision_dos,Recall_dos,F1_score_dos,Num_Obs_dos,AUC_dos,Accuracy_dos,Precision_scan,Recall_scan,F1_score_scan,Num_Obs_scan,AUC_scan,Accuracy_scan,Precision_w,Recall_w,F1_score_w,Total_Obs,AUC_w,Accuracy_w,Hyper_time,Training_time,Testing_time,Total_time
5.0,5.0,45.0,0.0055511498810467885,0.2857142857142857,0.01089070400622326,49.0,0.33421820611089625,0.38156614785992216,0.8424460431654677,0.3551713679102214,0.4996799658630254,3297.0,0.5432298557342518,0.42971789883268485,0.2564102564102564,0.0783289817232376,0.12,766.0,0.5131632954043563,0.7859922178988327,0.7233041991904121,0.302772373540856,0.42312706516213516,4112.0,0.5351382808207682,0.4955123279686294,0.0,211.45314073562622,0.007010936737060547,0.007010936737060547
