Rep,Kfold,Num_Vars_,Precision_background,Recall_background,F1_score_background,Num_Obs_background,AUC_background,Accuracy_background,Precision_dos,Recall_dos,F1_score_dos,Num_Obs_dos,AUC_dos,Accuracy_dos,Precision_scan,Recall_scan,F1_score_scan,Num_Obs_scan,AUC_scan,Accuracy_scan,Precision_w,Recall_w,F1_score_w,Total_Obs,AUC_w,Accuracy_w,Hyper_time,Training_time,Testing_time,Total_time
5.0,1.0,54.0,0.003305785123966942,0.16,0.006477732793522267,50.0,0.28317499384691114,0.4033552151714077,0.8398648648648649,0.3770094024871095,0.5204102993510572,3297.0,0.5432841130082606,0.4429856552394846,0.35406698564593303,0.09660574412532637,0.1517948717948718,766.0,0.5281355580501146,0.798930221249696,0.7392207779529401,0.32214928276197424,0.44551216031971397,4113.0,0.5373008285307486,0.5087945576368632,0.0,223.43293929100037,0.0028150081634521484,0.0028150081634521484
