Rep,Kfold,Num_Vars_,Precision_background,Recall_background,F1_score_background,Num_Obs_background,AUC_background,Accuracy_background,Precision_dos,Recall_dos,F1_score_dos,Num_Obs_dos,AUC_dos,Accuracy_dos,Precision_scan,Recall_scan,F1_score_scan,Num_Obs_scan,AUC_scan,Accuracy_scan,Precision_w,Recall_w,F1_score_w,Total_Obs,AUC_w,Accuracy_w,Hyper_time,Training_time,Testing_time,Total_time
5.0,1.0,54.0,0.9624735390339342,0.9850961854113321,0.9736534717715769,15231.0,0.9755363444213808,0.9749575944487279,0.8032747699294849,0.982674172088603,0.8839640943017788,13679.0,0.9035316875592914,0.8911642251349268,0.98989898989899,0.027880512091038406,0.05423353624792473,3515.0,0.5139229609919045,0.8945875096376253,0.8982860447304927,0.8803084040092521,0.8361477796273978,32425.0,0.8951192975757022,0.930895594542652,0.0,223.43293929100037,0.008694648742675781,232.84539413452148
