Rep,Kfold,Num_Vars_,Precision_background,Recall_background,F1_score_background,Num_Obs_background,AUC_background,Accuracy_background,Precision_dos,Recall_dos,F1_score_dos,Num_Obs_dos,AUC_dos,Accuracy_dos,Precision_scan,Recall_scan,F1_score_scan,Num_Obs_scan,AUC_scan,Accuracy_scan,Precision_w,Recall_w,F1_score_w,Total_Obs,AUC_w,Accuracy_w,Hyper_time,Training_time,Testing_time,Total_time
5.0,2.0,77.0,0.9624775122076586,0.9834558823529411,0.9728536173529029,3808.0,0.9747511969904241,0.9742229896398619,0.8013845786583911,0.9812920198772289,0.8822601839684625,3421.0,0.9018898759509892,0.8894918598914652,0.875,0.023890784982935155,0.04651162790697675,879.0,0.5117378949122726,0.8938085841144549,0.88502417489851,0.8785150468672915,0.8342035502178338,8108.0,0.8938129542915338,0.9297546303248523,0.0,222.08029747009277,0.019169092178344727,230.78034448623657
