Rep,Kfold,Num_Vars_,Precision_background,Recall_background,F1_score_background,Num_Obs_background,AUC_background,Accuracy_background,Precision_dos,Recall_dos,F1_score_dos,Num_Obs_dos,AUC_dos,Accuracy_dos,Precision_scan,Recall_scan,F1_score_scan,Num_Obs_scan,AUC_scan,Accuracy_scan,Precision_w,Recall_w,F1_score_w,Total_Obs,AUC_w,Accuracy_w,Hyper_time,Training_time,Testing_time,Total_time
6.0,4.0,47.0,0.9114173228346457,0.6502808988764045,0.759016393442623,1424.0,0.542121581513674,0.6285533796588756,0.07606263982102908,0.4857142857142857,0.13152804642166346,70.0,0.6063733358511945,0.7163613392293114,0.3,0.10112359550561797,0.15126050420168066,89.0,0.5435336853030098,0.936197094125079,0.8401027495287477,0.6121288692356286,0.697099489820443,1583.0,0.5450421753487196,0.6497326896761988,0.0,238.64691019058228,0.002947092056274414,0.002947092056274414
