Rep,Kfold,Num_Vars_,Precision_background,Recall_background,F1_score_background,Num_Obs_background,AUC_background,Accuracy_background,Precision_dos,Recall_dos,F1_score_dos,Num_Obs_dos,AUC_dos,Accuracy_dos,Precision_scan,Recall_scan,F1_score_scan,Num_Obs_scan,AUC_scan,Accuracy_scan,Precision_w,Recall_w,F1_score_w,Total_Obs,AUC_w,Accuracy_w,Hyper_time,Training_time,Testing_time,Total_time
6.0,1.0,41.0,0.999348109517601,0.6568123393316195,0.7926577042399172,2334.0,0.8219959132555534,0.6674958540630183,0.0678191489361702,0.9622641509433962,0.12670807453416147,53.0,0.832552168731554,0.7085406301824212,0.020463847203274217,0.6,0.0395778364116095,25.0,0.6496020108923335,0.6981757877280266,0.9687332084111856,0.6629353233830846,0.7702189285060396,2412.0,0.8204410351382846,0.6687157427346407,0.0,209.28196001052856,0.0020117759704589844,0.0020117759704589844
