Rep,Kfold,Num_Vars_,Precision_background,Recall_background,F1_score_background,Num_Obs_background,AUC_background,Accuracy_background,Precision_dos,Recall_dos,F1_score_dos,Num_Obs_dos,AUC_dos,Accuracy_dos,Precision_scan,Recall_scan,F1_score_scan,Num_Obs_scan,AUC_scan,Accuracy_scan,Precision_w,Recall_w,F1_score_w,Total_Obs,AUC_w,Accuracy_w,Hyper_time,Training_time,Testing_time,Total_time
6.0,3.0,50.0,0.9962025316455696,0.6740899357601713,0.8040868454661557,2335.0,0.7980839289190467,0.6820066334991708,0.0673854447439353,0.9615384615384616,0.12594458438287154,52.0,0.8341590612777054,0.7122719734660033,0.06927710843373494,0.92,0.12885154061624648,25.0,0.8952744030163384,0.87106135986733,0.9665708466956605,0.6828358208955224,0.7824681555003272,2412.0,0.7998690320430444,0.684618642552852,0.0,185.41334080696106,0.0018718242645263672,0.0018718242645263672
