Rep,Kfold,Num_Vars_,Precision_background,Recall_background,F1_score_background,Num_Obs_background,AUC_background,Accuracy_background,Precision_dos,Recall_dos,F1_score_dos,Num_Obs_dos,AUC_dos,Accuracy_dos,Precision_scan,Recall_scan,F1_score_scan,Num_Obs_scan,AUC_scan,Accuracy_scan,Precision_w,Recall_w,F1_score_w,Total_Obs,AUC_w,Accuracy_w,Hyper_time,Training_time,Testing_time,Total_time
6.0,5.0,62.0,0.9119555143651529,0.691496837666901,0.7865707434052758,1423.0,0.5451155074410454,0.6622390891840607,0.10966057441253264,0.6,0.18543046357615897,70.0,0.6871608206485772,0.7666034155597723,0.125,0.07954545454545454,0.09722222222222222,88.0,0.5233628143457346,0.9177735610373181,0.8326305737827261,0.6533839342188489,0.721584981575961,1581.0,0.5501938976574527,0.6810831982096056,0.0,234.66465878486633,0.06796884536743164,0.06796884536743164
