Rep,Kfold,Num_Vars_,Precision_background,Recall_background,F1_score_background,Num_Obs_background,AUC_background,Accuracy_background,Precision_dos,Recall_dos,F1_score_dos,Num_Obs_dos,AUC_dos,Accuracy_dos,Precision_scan,Recall_scan,F1_score_scan,Num_Obs_scan,AUC_scan,Accuracy_scan,Precision_w,Recall_w,F1_score_w,Total_Obs,AUC_w,Accuracy_w,Hyper_time,Training_time,Testing_time,Total_time
6.0,3.0,50.0,0.003751563151313047,0.1836734693877551,0.007352941176470587,49.0,0.297719087635054,0.4090466926070039,0.8249286393910561,0.2629663330300273,0.39880404783808654,3297.0,0.5185997309321916,0.3642996108949416,0.28793774319066145,0.09660574412532637,0.14467253176930595,766.0,0.5209567871851974,0.7872081712062257,0.7151103749880284,0.23103112840466927,0.34679873520795396,4112.0,0.5164067235314724,0.443613950438311,0.0,185.41334080696106,0.008228302001953125,0.008228302001953125
