Rep,Kfold,Num_Vars_,Precision_background,Recall_background,F1_score_background,Num_Obs_background,AUC_background,Accuracy_background,Precision_dos,Recall_dos,F1_score_dos,Num_Obs_dos,AUC_dos,Accuracy_dos,Precision_scan,Recall_scan,F1_score_scan,Num_Obs_scan,AUC_scan,Accuracy_scan,Precision_w,Recall_w,F1_score_w,Total_Obs,AUC_w,Accuracy_w,Hyper_time,Training_time,Testing_time,Total_time
6.0,1.0,41.0,0.911219512195122,0.6563598032326071,0.7630718954248366,1423.0,0.5402052180719998,0.6331435800126503,0.09649122807017543,0.6285714285714286,0.16730038022813687,70.0,0.6779521603479246,0.7229601518026565,0.13580246913580246,0.25,0.176,88.0,0.5781145344943067,0.8697027197975965,0.8319863182179136,0.6325110689437065,0.7040166564234738,1581.0,0.5484141401494683,0.6502873904657659,0.0,209.28196001052856,0.002722024917602539,0.002722024917602539
