Rep,Kfold,Num_Vars_,Precision_background,Recall_background,F1_score_background,Num_Obs_background,AUC_background,Accuracy_background,Precision_dos,Recall_dos,F1_score_dos,Num_Obs_dos,AUC_dos,Accuracy_dos,Precision_scan,Recall_scan,F1_score_scan,Num_Obs_scan,AUC_scan,Accuracy_scan,Precision_w,Recall_w,F1_score_w,Total_Obs,AUC_w,Accuracy_w,Hyper_time,Training_time,Testing_time,Total_time
6.0,1.0,41.0,0.9626865671641791,0.9829217025748818,0.9726989079563183,3806.0,0.9745964642206811,0.974090067859346,0.8022396950202526,0.9842151417714119,0.8839590443686008,3421.0,0.9035080832682849,0.8909315237507711,1.0,0.022779043280182234,0.044543429844098,878.0,0.5113895216400911,0.8941394201110425,0.8990064245886674,0.8794571252313387,0.8346977255854224,8105.0,0.894412744686578,0.9303291735819315,0.0,209.28196001052856,0.009496927261352539,217.9140396118164
