Rep,Kfold,Num_Vars_,Precision_background,Recall_background,F1_score_background,Num_Obs_background,AUC_background,Accuracy_background,Precision_dos,Recall_dos,F1_score_dos,Num_Obs_dos,AUC_dos,Accuracy_dos,Precision_scan,Recall_scan,F1_score_scan,Num_Obs_scan,AUC_scan,Accuracy_scan,Precision_w,Recall_w,F1_score_w,Total_Obs,AUC_w,Accuracy_w,Hyper_time,Training_time,Testing_time,Total_time
6.0,5.0,62.0,0.0024968789013732834,0.12,0.004891969017529555,50.0,0.26502092050209203,0.40651592511548745,0.8396946564885496,0.23354564755838642,0.3654485049833887,3297.0,0.5266992943674285,0.34986627765621203,0.25650557620817843,0.09007832898172324,0.13333333333333333,766.0,0.515161662250049,0.7819110138584975,0.7209047891474061,0.20544614636518357,0.31783653117297406,4113.0,0.5213694268995998,0.4310184172876038,0.0,234.66465878486633,0.004080057144165039,0.004080057144165039
