Rep,Kfold,Num_Vars_,Precision_background,Recall_background,F1_score_background,Num_Obs_background,AUC_background,Accuracy_background,Precision_dos,Recall_dos,F1_score_dos,Num_Obs_dos,AUC_dos,Accuracy_dos,Precision_scan,Recall_scan,F1_score_scan,Num_Obs_scan,AUC_scan,Accuracy_scan,Precision_w,Recall_w,F1_score_w,Total_Obs,AUC_w,Accuracy_w,Hyper_time,Training_time,Testing_time,Total_time
6.0,4.0,47.0,0.9612522453169104,0.9837184873949579,0.972355613238157,3808.0,0.9742970199245085,0.9737264092759343,0.801961253288687,0.9806961099736765,0.8823684210526317,3419.0,0.90203747478206,0.8897249290736401,0.7352941176470589,0.028409090909090908,0.054704595185995616,880.0,0.5135818804483188,0.8934254348094239,0.8695464288504043,0.8787467620574811,0.8347955902989422,8107.0,0.8938129064940067,0.9295835798270417,0.0,238.64691019058228,0.007292985916137695,247.4463984966278
