Rep,Kfold,Num_Vars_,Precision_background,Recall_background,F1_score_background,Num_Obs_background,AUC_background,Accuracy_background,Precision_dos,Recall_dos,F1_score_dos,Num_Obs_dos,AUC_dos,Accuracy_dos,Precision_scan,Recall_scan,F1_score_scan,Num_Obs_scan,AUC_scan,Accuracy_scan,Precision_w,Recall_w,F1_score_w,Total_Obs,AUC_w,Accuracy_w,Hyper_time,Training_time,Testing_time,Total_time
7.0,1.0,34.0,0.009082217973231358,0.3877551020408163,0.017748715553479684,49.0,0.43877048727440765,0.4885700389105058,0.8548387096774194,0.2411282984531392,0.376153300212917,3297.0,0.5377420633369991,0.35870622568093385,0.34285714285714286,0.015665796344647518,0.029962546816479398,766.0,0.5043959585429155,0.8110408560311284,0.7493863876254162,0.20087548638132297,0.30739261398967194,4112.0,0.5303508368050597,0.4445164527472028,0.0,237.08926391601562,0.0022013187408447266,0.0022013187408447266
