Rep,Kfold,Num_Vars_,Precision_background,Recall_background,F1_score_background,Num_Obs_background,AUC_background,Accuracy_background,Precision_dos,Recall_dos,F1_score_dos,Num_Obs_dos,AUC_dos,Accuracy_dos,Precision_scan,Recall_scan,F1_score_scan,Num_Obs_scan,AUC_scan,Accuracy_scan,Precision_w,Recall_w,F1_score_w,Total_Obs,AUC_w,Accuracy_w,Hyper_time,Training_time,Testing_time,Total_time
7.0,4.0,53.0,0.9590373783922171,0.9839768846861046,0.9713470763645794,3807.0,0.9733751338274637,0.9727328809376928,0.8018664752333095,0.9801111436092425,0.8820742300605423,3419.0,0.9017073003577583,0.8894509561998766,0.71875,0.026166097838452786,0.05049396267837541,879.0,0.5124602977429187,0.8932757557063541,0.8666771163925793,0.878470080197409,0.8338203954955261,8105.0,0.8931559526366879,0.9289841192156768,0.0,232.63558912277222,0.022995710372924805,237.24016761779785
