Rep,Kfold,Num_Vars_,Precision_background,Recall_background,F1_score_background,Num_Obs_background,AUC_background,Accuracy_background,Precision_dos,Recall_dos,F1_score_dos,Num_Obs_dos,AUC_dos,Accuracy_dos,Precision_scan,Recall_scan,F1_score_scan,Num_Obs_scan,AUC_scan,Accuracy_scan,Precision_w,Recall_w,F1_score_w,Total_Obs,AUC_w,Accuracy_w,Hyper_time,Training_time,Testing_time,Total_time
7.0,2.0,91.0,0.9974489795918368,0.6698072805139186,0.8014347937483987,2335.0,0.8089296142829333,0.6786898839137645,0.06860158311345646,0.9811320754716981,0.1282367447595561,53.0,0.8409263599062603,0.706882255389718,0.03932584269662921,0.875,0.07526881720430108,24.0,0.8300879396984926,0.7860696517412935,0.9675054193518537,0.6786898839137644,0.7794167672005267,2412.0,0.8098432242862541,0.6803778234312132,0.0,235.97989010810852,0.017617225646972656,0.017617225646972656
