Rep,Kfold,Num_Vars_,Precision_background,Recall_background,F1_score_background,Num_Obs_background,AUC_background,Accuracy_background,Precision_dos,Recall_dos,F1_score_dos,Num_Obs_dos,AUC_dos,Accuracy_dos,Precision_scan,Recall_scan,F1_score_scan,Num_Obs_scan,AUC_scan,Accuracy_scan,Precision_w,Recall_w,F1_score_w,Total_Obs,AUC_w,Accuracy_w,Hyper_time,Training_time,Testing_time,Total_time
7.0,3.0,43.0,0.9121621621621622,0.663623595505618,0.7682926829268293,1424.0,0.5438371142085052,0.6396965865992414,0.09280742459396751,0.5714285714285714,0.1596806387225549,70.0,0.656415343915344,0.7338811630847029,0.12307692307692308,0.09090909090909091,0.10457516339869283,88.0,0.5263782402336619,0.9134007585335019,0.8320140378453008,0.6276864728192162,0.7044431350047209,1582.0,0.547847288146364,0.6590890565639678,0.0,233.84264755249023,0.02118372917175293,0.02118372917175293
