Rep,Kfold,Num_Vars_,Precision_background,Recall_background,F1_score_background,Num_Obs_background,AUC_background,Accuracy_background,Precision_dos,Recall_dos,F1_score_dos,Num_Obs_dos,AUC_dos,Accuracy_dos,Precision_scan,Recall_scan,F1_score_scan,Num_Obs_scan,AUC_scan,Accuracy_scan,Precision_w,Recall_w,F1_score_w,Total_Obs,AUC_w,Accuracy_w,Hyper_time,Training_time,Testing_time,Total_time
7.0,2.0,91.0,0.005030959752321981,0.2653061224489796,0.009874667679453096,49.0,0.3162612325264834,0.3660019455252918,0.8449531737773153,0.24628450106157113,0.38139971817754814,3297.0,0.5317312075860002,0.35943579766536965,0.2868421052631579,0.1422976501305483,0.19022687609075042,766.0,0.530652710301377,0.77431906614786,0.730977184728417,0.22714007782101167,0.3413600478193542,4112.0,0.528962686745062,0.43680017628957296,0.0,235.97989010810852,0.004945516586303711,0.004945516586303711
