Rep,Kfold,Num_Vars_,Precision_background,Recall_background,F1_score_background,Num_Obs_background,AUC_background,Accuracy_background,Precision_dos,Recall_dos,F1_score_dos,Num_Obs_dos,AUC_dos,Accuracy_dos,Precision_scan,Recall_scan,F1_score_scan,Num_Obs_scan,AUC_scan,Accuracy_scan,Precision_w,Recall_w,F1_score_w,Total_Obs,AUC_w,Accuracy_w,Hyper_time,Training_time,Testing_time,Total_time
7.0,4.0,53.0,0.9968253968253968,0.6723768736616702,0.80306905370844,2335.0,0.8037209043633026,0.6807628524046434,0.06886657101865136,0.9230769230769231,0.1281708945260347,52.0,0.8240384615384615,0.7292703150912107,0.08389261744966443,1.0,0.15479876160990713,25.0,0.9428152492668621,0.8868159203980099,0.9673572465657184,0.6811774461028193,0.7817997910301862,2412.0,0.8056006189552167,0.6839443261855455,0.0,232.63558912277222,0.02664780616760254,0.02664780616760254
