Rep,Kfold,Num_Vars_,Precision_background,Recall_background,F1_score_background,Num_Obs_background,AUC_background,Accuracy_background,Precision_dos,Recall_dos,F1_score_dos,Num_Obs_dos,AUC_dos,Accuracy_dos,Precision_scan,Recall_scan,F1_score_scan,Num_Obs_scan,AUC_scan,Accuracy_scan,Precision_w,Recall_w,F1_score_w,Total_Obs,AUC_w,Accuracy_w,Hyper_time,Training_time,Testing_time,Total_time
7.0,5.0,41.0,0.9146459747817652,0.6626844694307801,0.7685411572942136,1423.0,0.5528612220571621,0.6407337128399747,0.09761388286334056,0.6428571428571429,0.16949152542372883,70.0,0.6837713907535218,0.7210626185958254,0.16346153846153846,0.19318181818181818,0.17708333333333331,88.0,0.5674549412409425,0.9000632511068943,0.836659588424732,0.635673624288425,0.709096652082644,1581.0,0.5594696718338338,0.6587248720875386,0.0,238.11959624290466,0.01634526252746582,0.01634526252746582
