Rep,Kfold,Num_Vars_,Precision_background,Recall_background,F1_score_background,Num_Obs_background,AUC_background,Accuracy_background,Precision_dos,Recall_dos,F1_score_dos,Num_Obs_dos,AUC_dos,Accuracy_dos,Precision_scan,Recall_scan,F1_score_scan,Num_Obs_scan,AUC_scan,Accuracy_scan,Precision_w,Recall_w,F1_score_w,Total_Obs,AUC_w,Accuracy_w,Hyper_time,Training_time,Testing_time,Total_time
7.0,5.0,41.0,0.9599897409592203,0.9829306722689075,0.9713247696898923,3808.0,0.9733173603317548,0.9727362447569702,0.8010045443673762,0.9795261772448084,0.8813157894736842,3419.0,0.9010069546347789,0.8887244016777696,0.9583333333333334,0.026166097838452786,0.050941306755260235,879.0,0.5130138639185345,0.8942758450530471,0.8927523403361424,0.8777448803355539,0.8335554917132383,8106.0,0.8929033398006444,0.9287930936556211,0.0,238.11959624290466,0.024663448333740234,241.70879483222961
