Rep,Kfold,Num_Vars_,Precision_background,Recall_background,F1_score_background,Num_Obs_background,AUC_background,Accuracy_background,Precision_dos,Recall_dos,F1_score_dos,Num_Obs_dos,AUC_dos,Accuracy_dos,Precision_scan,Recall_scan,F1_score_scan,Num_Obs_scan,AUC_scan,Accuracy_scan,Precision_w,Recall_w,F1_score_w,Total_Obs,AUC_w,Accuracy_w,Hyper_time,Training_time,Testing_time,Total_time
8.0,4.0,45.0,0.9178605539637058,0.6753338018271258,0.7781376518218625,1423.0,0.5655150021793857,0.6533839342188489,0.10772833723653395,0.6571428571428571,0.18511066398390338,70.0,0.7024959818474047,0.7438330170777988,0.07352941176470588,0.056818181818181816,0.06410256410256411,88.0,0.507310631431529,0.9076533839342188,0.8349950285466191,0.640101201771031,0.7121370339420678,1581.0,0.5683402292198347,0.6715415226913848,0.0,226.85855150222778,0.004000425338745117,0.004000425338745117
