Rep,Kfold,Num_Vars_,Precision_background,Recall_background,F1_score_background,Num_Obs_background,AUC_background,Accuracy_background,Precision_dos,Recall_dos,F1_score_dos,Num_Obs_dos,AUC_dos,Accuracy_dos,Precision_scan,Recall_scan,F1_score_scan,Num_Obs_scan,AUC_scan,Accuracy_scan,Precision_w,Recall_w,F1_score_w,Total_Obs,AUC_w,Accuracy_w,Hyper_time,Training_time,Testing_time,Total_time
8.0,2.0,32.0,0.9205020920502092,0.6179775280898876,0.7394957983193277,1424.0,0.56999505335312,0.6083385975994946,0.09533468559837728,0.6619718309859155,0.16666666666666663,71.0,0.6834991430061852,0.7030953885028427,0.07142857142857142,0.011363636363636364,0.0196078431372549,88.0,0.5013339920948617,0.9368288060644346,0.8362915072916594,0.5862286797220466,0.6737844853671094,1583.0,0.571268974373108,0.6308495707511387,0.0,222.66793727874756,0.0017461776733398438,0.0017461776733398438
