Rep,Kfold,Num_Vars_,Precision_background,Recall_background,F1_score_background,Num_Obs_background,AUC_background,Accuracy_background,Precision_dos,Recall_dos,F1_score_dos,Num_Obs_dos,AUC_dos,Accuracy_dos,Precision_scan,Recall_scan,F1_score_scan,Num_Obs_scan,AUC_scan,Accuracy_scan,Precision_w,Recall_w,F1_score_w,Total_Obs,AUC_w,Accuracy_w,Hyper_time,Training_time,Testing_time,Total_time
8.0,5.0,57.0,0.9083969465648855,0.6690091356289529,0.7705382436260624,1423.0,0.530707099460046,0.6413662239089184,0.09026128266033254,0.5428571428571428,0.15478615071283094,70.0,0.6446913113359176,0.7375079063883618,0.28125,0.10227272727272728,0.15,88.0,0.5434337514461426,0.9354838709677419,0.8372657462037035,0.6318785578747628,0.7087355795254807,1581.0,0.5364622166049463,0.6619938461193785,0.0,218.9826464653015,0.00272369384765625,0.00272369384765625
