Rep,Kfold,Num_Vars_,Precision_background,Recall_background,F1_score_background,Num_Obs_background,AUC_background,Accuracy_background,Precision_dos,Recall_dos,F1_score_dos,Num_Obs_dos,AUC_dos,Accuracy_dos,Precision_scan,Recall_scan,F1_score_scan,Num_Obs_scan,AUC_scan,Accuracy_scan,Precision_w,Recall_w,F1_score_w,Total_Obs,AUC_w,Accuracy_w,Hyper_time,Training_time,Testing_time,Total_time
8.0,5.0,57.0,0.0027945971122496508,0.12244897959183673,0.00546448087431694,49.0,0.29774922521309777,0.4688715953307393,0.8358895705521472,0.33060357901122234,0.4738100412953706,3297.0,0.5340134459473289,0.41123540856031127,0.20754716981132076,0.028720626631853787,0.05045871559633028,766.0,0.5018080120606968,0.7986381322957199,0.7089119604679964,0.2718871595330739,0.38936547710614483,4112.0,0.5251986820433557,0.48408916817438563,0.0,218.9826464653015,0.004517316818237305,0.004517316818237305
