Rep,Kfold,Num_Vars_,Precision_background,Recall_background,F1_score_background,Num_Obs_background,AUC_background,Accuracy_background,Precision_dos,Recall_dos,F1_score_dos,Num_Obs_dos,AUC_dos,Accuracy_dos,Precision_scan,Recall_scan,F1_score_scan,Num_Obs_scan,AUC_scan,Accuracy_scan,Precision_w,Recall_w,F1_score_w,Total_Obs,AUC_w,Accuracy_w,Hyper_time,Training_time,Testing_time,Total_time
8.0,3.0,38.0,0.9610356318892591,0.9845063025210085,0.9726293942145544,3808.0,0.9745705081706949,0.9739698988403651,0.8022477283596365,0.9812810763381106,0.8827785817655571,3419.0,0.902417794409721,0.8900814211695041,0.8518518518518519,0.026166097838452786,0.05077262693156733,879.0,0.5128063089164591,0.8939057488280286,0.8822213727206604,0.8792252652356279,0.834767066777487,8106.0,0.8940646039647681,0.9299048737950262,0.0,222.86051392555237,0.0048906803131103516,228.89047241210938
