Rep,Kfold,Num_Vars_,Precision_background,Recall_background,F1_score_background,Num_Obs_background,AUC_background,Accuracy_background,Precision_dos,Recall_dos,F1_score_dos,Num_Obs_dos,AUC_dos,Accuracy_dos,Precision_scan,Recall_scan,F1_score_scan,Num_Obs_scan,AUC_scan,Accuracy_scan,Precision_w,Recall_w,F1_score_w,Total_Obs,AUC_w,Accuracy_w,Hyper_time,Training_time,Testing_time,Total_time
8.0,2.0,32.0,0.9945280437756497,0.6229648671808055,0.7660695468914647,2334.0,0.7602003823083515,0.6318407960199005,0.056433408577878104,0.9433962264150944,0.10649627263045794,53.0,0.7945043870523967,0.6521558872305141,0.05116279069767442,0.88,0.0967032967032967,25.0,0.8545370758273984,0.8296019900497512,0.9641370209761344,0.632669983416252,0.7446385602453048,2412.0,0.7619319451563659,0.6343369526056836,0.0,222.66793727874756,0.01335763931274414,0.01335763931274414
