Rep,Kfold,Num_Vars_,Precision_background,Recall_background,F1_score_background,Num_Obs_background,AUC_background,Accuracy_background,Precision_dos,Recall_dos,F1_score_dos,Num_Obs_dos,AUC_dos,Accuracy_dos,Precision_scan,Recall_scan,F1_score_scan,Num_Obs_scan,AUC_scan,Accuracy_scan,Precision_w,Recall_w,F1_score_w,Total_Obs,AUC_w,Accuracy_w,Hyper_time,Training_time,Testing_time,Total_time
9.0,1.0,74.0,0.9620415491151577,0.985290254793801,0.9735271217233324,3807.0,0.9754358250713191,0.9748365609966696,0.8028673835125448,0.9821689564454837,0.8835130160399683,3421.0,0.9030563092086574,0.8907117306031824,0.7096774193548387,0.02502844141069397,0.04835164835164835,879.0,0.5118916418453581,0.8931787344270383,0.867510540038328,0.8798569137782164,0.8352308966540715,8107.0,0.8946333505651164,0.9304837456110984,0.0,219.54441118240356,0.023059844970703125,226.5105061531067
