Rep,Kfold,Num_Vars_,Precision_background,Recall_background,F1_score_background,Num_Obs_background,AUC_background,Accuracy_background,Precision_dos,Recall_dos,F1_score_dos,Num_Obs_dos,AUC_dos,Accuracy_dos,Precision_scan,Recall_scan,F1_score_scan,Num_Obs_scan,AUC_scan,Accuracy_scan,Precision_w,Recall_w,F1_score_w,Total_Obs,AUC_w,Accuracy_w,Hyper_time,Training_time,Testing_time,Total_time
9.0,1.0,74.0,0.9138613861386139,0.6486296556570625,0.758734073160707,1423.0,0.5507299221681539,0.6289506953223767,0.08149779735682819,0.5211267605633803,0.14095238095238097,71.0,0.6225752929223255,0.7149178255372945,0.1111111111111111,0.10227272727272728,0.10650887573964497,88.0,0.527039978094195,0.904551201011378,0.8318513741247535,0.6125158027812895,0.6947275513403247,1582.0,0.5526365632838541,0.6481393873235722,0.0,219.54441118240356,0.004105091094970703,0.004105091094970703
