Rep,Kfold,Num_Vars_,Precision_background,Recall_background,F1_score_background,Num_Obs_background,AUC_background,Accuracy_background,Precision_dos,Recall_dos,F1_score_dos,Num_Obs_dos,AUC_dos,Accuracy_dos,Precision_scan,Recall_scan,F1_score_scan,Num_Obs_scan,AUC_scan,Accuracy_scan,Precision_w,Recall_w,F1_score_w,Total_Obs,AUC_w,Accuracy_w,Hyper_time,Training_time,Testing_time,Total_time
9.0,4.0,57.0,0.9624855713736052,0.9854244632657081,0.9738199513381995,15231.0,0.9757004833485688,0.9751117964533539,0.8034356856407494,0.9812851816653264,0.8834989797933258,13679.0,0.9030505712018085,0.8908249807247495,0.97,0.02759601706970128,0.05366528354080221,3515.0,0.5137461233740067,0.8944949884348496,0.8962024512404376,0.879845797995374,0.8359681633021107,32425.0,0.8949742621129138,0.930814882574044,0.0,184.19060826301575,0.011324405670166016,187.15171360969543
