Rep,Kfold,Num_Vars_,Precision_background,Recall_background,F1_score_background,Num_Obs_background,AUC_background,Accuracy_background,Precision_dos,Recall_dos,F1_score_dos,Num_Obs_dos,AUC_dos,Accuracy_dos,Precision_scan,Recall_scan,F1_score_scan,Num_Obs_scan,AUC_scan,Accuracy_scan,Precision_w,Recall_w,F1_score_w,Total_Obs,AUC_w,Accuracy_w,Hyper_time,Training_time,Testing_time,Total_time
9.0,2.0,38.0,0.9135932560590094,0.6088483146067416,0.7307206068268015,1424.0,0.5449304864172948,0.5960809102402023,0.07518796992481203,0.5714285714285714,0.13289036544850497,70.0,0.623015873015873,0.6700379266750948,0.15,0.03409090909090909,0.055555555555555546,88.0,0.5113560301813315,0.9355246523388117,0.8340201988133795,0.5752212389380531,0.6667113518278442,1582.0,0.5465179863623868,0.6182351709577245,0.0,211.56043767929077,0.0018761157989501953,0.0018761157989501953
