Rep,Kfold,Num_Vars_,Precision_background,Recall_background,F1_score_background,Num_Obs_background,AUC_background,Accuracy_background,Precision_dos,Recall_dos,F1_score_dos,Num_Obs_dos,AUC_dos,Accuracy_dos,Precision_scan,Recall_scan,F1_score_scan,Num_Obs_scan,AUC_scan,Accuracy_scan,Precision_w,Recall_w,F1_score_w,Total_Obs,AUC_w,Accuracy_w,Hyper_time,Training_time,Testing_time,Total_time
9.0,3.0,63.0,0.0046439628482972135,0.24,0.009111617312072893,50.0,0.30348510952498153,0.36542669584245074,0.8409756097560975,0.2614498028510767,0.3988894030541416,3297.0,0.5308474504451463,0.36834427425237054,0.24528301886792453,0.06788511749347259,0.10633946830265849,766.0,0.5100405569540862,0.787503039144177,0.7198676333481884,0.22513980063214195,0.33966690383052395,4113.0,0.5242084527645822,0.44637241307722536,0.0,200.1661820411682,0.0067102909088134766,0.0067102909088134766
