Rep,Kfold,Num_Vars_,Precision_background,Recall_background,F1_score_background,Num_Obs_background,AUC_background,Accuracy_background,Precision_dos,Recall_dos,F1_score_dos,Num_Obs_dos,AUC_dos,Accuracy_dos,Precision_scan,Recall_scan,F1_score_scan,Num_Obs_scan,AUC_scan,Accuracy_scan,Precision_w,Recall_w,F1_score_w,Total_Obs,AUC_w,Accuracy_w,Hyper_time,Training_time,Testing_time,Total_time
9.0,4.0,57.0,0.9095427435387674,0.6430077301475755,0.7533964594483326,1423.0,0.533529181529484,0.6211258697027198,0.08869179600886919,0.5714285714285714,0.15355086372360843,70.0,0.6497116384608111,0.7210626185958254,0.08620689655172414,0.056818181818181816,0.0684931506849315,88.0,0.5106595932533642,0.9139784946236559,0.8273712565925607,0.6072106261859582,0.6887154456141076,1581.0,0.5374003062713527,0.64185110905475,0.0,184.19060826301575,0.002095937728881836,0.002095937728881836
