Rep,Kfold,Num_Vars_,Precision_background,Recall_background,F1_score_background,Num_Obs_background,AUC_background,Accuracy_background,Precision_dos,Recall_dos,F1_score_dos,Num_Obs_dos,AUC_dos,Accuracy_dos,Precision_scan,Recall_scan,F1_score_scan,Num_Obs_scan,AUC_scan,Accuracy_scan,Precision_w,Recall_w,F1_score_w,Total_Obs,AUC_w,Accuracy_w,Hyper_time,Training_time,Testing_time,Total_time
9.0,2.0,38.0,0.961518727552591,0.9845022327291831,0.972874756651525,3807.0,0.9748011396312272,0.9742134484885873,0.8026347305389222,0.9801111436092425,0.8825388464577297,3419.0,0.902134103601463,0.8899444787168415,0.92,0.026166097838452786,0.050884955752212385,879.0,0.5129446597689358,0.8941394201110425,0.8899925896983699,0.8787168414558915,0.8347763591261601,8105.0,0.8940583337108425,0.9299814091803256,0.0,211.56043767929077,0.0113372802734375,217.67374682426453
