{"C": 2.2746418062396825, "gamma": 0.0020000000000000005}