{"C": 3.0711627285841163, "gamma": 0.0020000000000000005}