{"C": 1.760742000204821, "gamma": 0.0020000000000000005}