{"C": 1.0185495597187715, "gamma": 0.0020161143067452887}