{"C": 1.5561739467482243, "gamma": 0.0020000000000000005}