{"C": 2.0667116091468998, "gamma": 0.0020000000000000005}