{"C": 2.8915452496553526, "gamma": 0.0020000000000000005}