{"C": 1.1800859723174377, "gamma": 0.0020121442830109883}