{"C": 4.344001163424178, "gamma": 0.0020000000000000005}