{"C": 1.7820343541527948, "gamma": 0.0020000000000000005}