{"C": 1.3048355918355656, "gamma": 0.0020000000000000005}