{"C": 1.752480971235769, "gamma": 0.0020000000000000005}