{"C": 1.2117180431698913, "gamma": 0.0020000000000000005}