{"C": 0.8762351142621656, "gamma": 0.002011419650813486}