{"C": 1.3216564649209679, "gamma": 0.0020000000000000005}