{"C": 1.8366685581238478, "gamma": 0.0020000000000000005}