{"C": 2.648958784133399, "gamma": 0.0020000000000000005}