{"C": 2.386299765602822, "gamma": 0.0020000000000000005}