{"C": 0.8527852681835396, "gamma": 0.0020000000000000005}