{"C": 1.6849672985341884, "gamma": 0.0020000000000000005}