{"C": 2.253062380953522, "gamma": 0.0020000000000000005}