{"C": 1.3573032738921722, "gamma": 0.0020000000000000005}