{"C": 4.510721597598846, "gamma": 0.0020000000000000005}