{"C": 1.8488240663206787, "gamma": 0.0020000000000000005}