{"C": 2.080235074251224, "gamma": 0.0022044538799484465}