{"C": 4.144806349701315, "gamma": 0.002015520560347322}