{"C": 2.647803160547893, "gamma": 0.0020000000000000005}