{"C": 1.5267791876011871, "gamma": 0.0020000000000000005}