{"C": 2.7408779965815455, "gamma": 0.0020000000000000005}