{"C": 2.4114107423310287, "gamma": 0.0020000000000000005}