{"C": 1.524358022170379, "gamma": 0.0020000000000000005}