{"C": 4.425594365850055, "gamma": 0.0020000000000000005}