{"C": 2.8986762931540726, "gamma": 0.0020000000000000005}