{"C": 0.9994351921505646, "gamma": 0.002686285425207069}