{"C": 2.0993147880128897, "gamma": 0.0020000000000000005}