{"C": 1.968512576463744, "gamma": 0.0020000000000000005}