{"C": 1.7218235803360709, "gamma": 0.0020000000000000005}