{"C": 1.603937552443762, "gamma": 0.0020000000000000005}