{"C": 1.8962973480000929, "gamma": 0.0020000000000000005}