{"C": 1.3745398538148736, "gamma": 0.0020000000000000005}