{"C": 3.648822614893391, "gamma": 0.0020000000000000005}