{"C": 2.601826998072239, "gamma": 0.0020000000000000005}