{"C": 1.8971847656445373, "gamma": 0.0020000000000000005}