{"C": 2.808802452471891, "gamma": 0.0020000000000000005}