{"C": 2.3282433343584237, "gamma": 0.0020000000000000005}