{"C": 1.769971867209292, "gamma": 0.0020000000000000005}