{"C": 1.0029886945266828, "gamma": 0.0020000000000000005}