{"C": 2.977544058007634, "gamma": 0.0020000000000000005}