{"C": 1.927707848131631, "gamma": 0.0020000000000000005}