{"C": 2.135860532459558, "gamma": 0.0020000000000000005}