{"C": 1.0712677182044197, "gamma": 0.0020000000000000005}