{"C": 1.257025546919837, "gamma": 0.0020175740003482317}