{"C": 1.9354424763907838, "gamma": 0.0020000000000000005}