{"C": 1.5844818943977441, "gamma": 0.0020000000000000005}