{"C": 1.8355505855922893, "gamma": 0.0020000000000000005}