{"C": 1.7218515980658131, "gamma": 0.0020000000000000005}