{"C": 1.2334406218273601, "gamma": 0.0020000000000000005}