{"C": 5.0364337248786, "gamma": 0.0020000000000000005}