{"C": 1.7251999658325856, "gamma": 0.0020000000000000005}