{"C": 3.4894748082680733, "gamma": 0.0020000000000000005}