{"C": 2.6134316058362628, "gamma": 0.0020000000000000005}