{"C": 1.4719672391379637, "gamma": 0.0020000000000000005}