{"C": 1.686974909033646, "gamma": 0.0020000000000000005}