{"C": 1.9852207238467632, "gamma": 0.0020000000000000005}