{"C": 4.621565454968805, "gamma": 0.0020000000000000005}