{"C": 2.0016677377214496, "gamma": 0.0020000000000000005}