{"C": 2.6569445467875217, "gamma": 0.0020000000000000005}