{"C": 0.8667135685312057, "gamma": 0.0020000000000000005}