{"C": 3.5710066647525, "gamma": 0.0020000000000000005}