{"C": 2.5741198993075765, "gamma": 0.0020000000000000005}