{"C": 0.7372355919302166, "gamma": 0.0020000000000000005}