{"C": 1.6753289659960549, "gamma": 0.0020000000000000005}