{"C": 2.425291027424477, "gamma": 0.0020000000000000005}