{"C": 3.907662776295223, "gamma": 0.0020000000000000005}