{"C": 2.6840776885355515, "gamma": 0.0020000000000000005}