{"C": 1.8075148807867945, "gamma": 0.0020000000000000005}