{"C": 1.2592411389441838, "gamma": 0.0020140476470637005}