{"C": 1.7458462099957361, "gamma": 0.0020000000000000005}