{"C": 2.1347204259158667, "gamma": 0.0020000000000000005}