{"C": 1.1207318687819534, "gamma": 0.0020000000000000005}