{"C": 0.9732930141837866, "gamma": 0.0020000000000000005}