{"C": 1.6098539202468527, "gamma": 0.0020000000000000005}