{"C": 1.3729748197172955, "gamma": 0.0020000000000000005}