{"C": 1.9027088427821348, "gamma": 0.0020000000000000005}