{"C": 2.726588625856756, "gamma": 0.002013592067990236}