{"C": 1.8584694658901943, "gamma": 0.0020000000000000005}