{"C": 1.6474321813723034, "gamma": 0.0020000000000000005}