{"C": 3.1873809106818802, "gamma": 0.0020000000000000005}