{"C": 2.275906991919979, "gamma": 0.0020000000000000005}