{"C": 2.9525912922615234, "gamma": 0.0020018889252159206}