{"C": 1.763197425498938, "gamma": 0.0020000000000000005}