{"C": 4.09692558230337, "gamma": 0.0020000000000000005}