{"C": 4.719089746728917, "gamma": 0.0020000000000000005}