{"C": 1.9153951252336392, "gamma": 0.002231761957841894}