{"C": 3.2151550761115386, "gamma": 0.0020000000000000005}