{"C": 2.458437272597467, "gamma": 0.0020000000000000005}