{"C": 2.525494529176713, "gamma": 0.0020000000000000005}