{"C": 2.011374057701851, "gamma": 0.0020000000000000005}