{"C": 3.265894834132794, "gamma": 0.0020000000000000005}