Rep.,Kfold,Num. Vars.,Precision-Background,Recall-Background,F1_score_Background,Num. Obs. Background,AUC_Background,Precision-DoS,Recall-DoS,F1_score_DoS,Num. Obs. Dos,AUC_DoS,Precision-Botnet,Recall-Botnet,F1_score_Botnet,Num. Obs. Botnet,AUC_Botnet,Precision-Scan,Recall-Scan,F1_score_Scan,Num. Obs. Scan,AUC_Scan,Precision-SSHscan,Recall-SSHscan,F1_score_SSHscan,Num. Obs. SSHscan,AUC_SSHscan,Precision-UDPscan,Recall-UDPscan,F1_score_UDPscan,Num. Obs. UDPscan,AUC_UDPscan,Precision-Spam,Recall-Spam,F1_score_Spam,Num. Obs. Spam,AUC_Spam,Precision-w,Recall-w,F1_score_w,Total Obs.,AUC_w,Time
12,4,90,0.8297073546399691,0.9228051391862955,0.8737834549878345,9340,0.8288534912176045,0.9891304347826086,0.8708133971291866,0.9262086513994909,209,0.9353434234443705,0.9904761904761905,0.9674418604651163,0.9788235294117648,215,0.9836576310807668,0.9886363636363636,0.87,0.925531914893617,100,0.9349685791491233,1.0,1.0,1.0,19,1.0,1.0,0.7777777777777778,0.8750000000000001,9,0.8888888888888888,0.8561825218985537,0.68665250776017,0.7621033544877607,6121,0.8076408515347554,0.8453571589998089,0.8321363891837882,0.8336617099145284,16013,0.8251128011187044,28666.606844186783
