Rep.,Kfold,Num. Vars.,Precision-Background,Recall-Background,F1_score_Background,Num. Obs. Background,AUC_Background,Precision-DoS,Recall-DoS,F1_score_DoS,Num. Obs. Dos,AUC_DoS,Precision-Botnet,Recall-Botnet,F1_score_Botnet,Num. Obs. Botnet,AUC_Botnet,Precision-Scan,Recall-Scan,F1_score_Scan,Num. Obs. Scan,AUC_Scan,Precision-SSHscan,Recall-SSHscan,F1_score_SSHscan,Num. Obs. SSHscan,AUC_SSHscan,Precision-UDPscan,Recall-UDPscan,F1_score_UDPscan,Num. Obs. UDPscan,AUC_UDPscan,Precision-Spam,Recall-Spam,F1_score_Spam,Num. Obs. Spam,AUC_Spam,Precision-w,Recall-w,F1_score_w,Total Obs.,AUC_w,Time
15,2,93,0.8357393679282091,0.9173447537473234,0.874642711310739,2335,0.8324733361062756,0.9767441860465116,0.8076923076923077,0.8842105263157894,52,0.9037196036057084,0.9387755102040817,0.8679245283018868,0.9019607843137256,53,0.9335825173155003,1.0,0.64,0.7804878048780487,25,0.8200000000000001,0.0,0.0,0.0,5,0.5,1.0,0.3333333333333333,0.5,3,0.6666666666666666,0.8441660140955364,0.7045751633986929,0.7680798004987531,1530,0.8120530487434225,0.8422611105155567,0.8306270297277042,0.832437644200017,4003,0.826315187906772,50048.709543943405
