Rep.,Kfold,Num. Vars.,Precision-Background,Recall-Background,F1_score_Background,Num. Obs. Background,AUC_Background,Precision-DoS,Recall-DoS,F1_score_DoS,Num. Obs. Dos,AUC_DoS,Precision-Botnet,Recall-Botnet,F1_score_Botnet,Num. Obs. Botnet,AUC_Botnet,Precision-Scan,Recall-Scan,F1_score_Scan,Num. Obs. Scan,AUC_Scan,Precision-SSHscan,Recall-SSHscan,F1_score_SSHscan,Num. Obs. SSHscan,AUC_SSHscan,Precision-UDPscan,Recall-UDPscan,F1_score_UDPscan,Num. Obs. UDPscan,AUC_UDPscan,Precision-Spam,Recall-Spam,F1_score_Spam,Num. Obs. Spam,AUC_Spam,Precision-w,Recall-w,F1_score_w,Total Obs.,AUC_w,Time
2,4,89,0.8370721330497003,0.9269729093050648,0.8797317209491389,9339,0.8371746105745713,0.9421965317919075,0.7836538461538461,0.8556430446194225,208,0.8915104874082945,0.9858490566037735,0.9720930232558139,0.9789227166276346,215,0.9859515388534357,0.9850746268656716,0.6666666666666666,0.7951807228915662,99,0.8333019065577205,0.0,0.0,0.0,19,0.5,1.0,0.625,0.7692307692307693,8,0.8125,0.8750239969283932,0.7446495670642052,0.8045895851721094,6121,0.8394060942117143,0.8549500499464099,0.8531451058779437,0.8503982927015042,16009,0.8402953989511808,23809.568758010864
