Rep.,Kfold,Num. Vars.,Precision-Background,Recall-Background,F1_score_Background,Num. Obs. Background,AUC_Background,Precision-DoS,Recall-DoS,F1_score_DoS,Num. Obs. Dos,AUC_DoS,Precision-Botnet,Recall-Botnet,F1_score_Botnet,Num. Obs. Botnet,AUC_Botnet,Precision-Scan,Recall-Scan,F1_score_Scan,Num. Obs. Scan,AUC_Scan,Precision-SSHscan,Recall-SSHscan,F1_score_SSHscan,Num. Obs. SSHscan,AUC_SSHscan,Precision-UDPscan,Recall-UDPscan,F1_score_UDPscan,Num. Obs. UDPscan,AUC_UDPscan,Precision-Spam,Recall-Spam,F1_score_Spam,Num. Obs. Spam,AUC_Spam,Precision-w,Recall-w,F1_score_w,Total Obs.,AUC_w,Time
7,5,95,0.8394075229000195,0.9223685619445336,0.8789347482271312,9339,0.8377200915805978,1.0,0.9186602870813397,0.9576059850374066,209,0.9593301435406698,0.9601990049751243,0.8935185185185185,0.9256594724220624,216,0.9465060466239487,1.0,0.9595959595959596,0.979381443298969,99,0.9797979797979798,0.0,0.0,0.0,19,0.5,1.0,0.5555555555555556,0.7142857142857143,9,0.7777777777777778,0.8601711396343835,0.7224763149297615,0.7853338068181817,6122,0.8248919841760323,0.8511582812889281,0.8444388933991133,0.8442924255458214,16013,0.8363143676055483,20039.136114358902
