Rep.,Kfold,Num. Vars.,Precision-Background,Recall-Background,F1_score_Background,Num. Obs. Background,AUC_Background,Precision-DoS,Recall-DoS,F1_score_DoS,Num. Obs. Dos,AUC_DoS,Precision-Botnet,Recall-Botnet,F1_score_Botnet,Num. Obs. Botnet,AUC_Botnet,Precision-Scan,Recall-Scan,F1_score_Scan,Num. Obs. Scan,AUC_Scan,Precision-SSHscan,Recall-SSHscan,F1_score_SSHscan,Num. Obs. SSHscan,AUC_SSHscan,Precision-UDPscan,Recall-UDPscan,F1_score_UDPscan,Num. Obs. UDPscan,AUC_UDPscan,Precision-Spam,Recall-Spam,F1_score_Spam,Num. Obs. Spam,AUC_Spam,Precision-w,Recall-w,F1_score_w,Total Obs.,AUC_w,Time
6,4,89,0.8347885137757082,0.92140486133419,0.8759607064691811,9339,0.8331177737896602,0.9241379310344827,0.6411483253588517,0.7570621468926554,209,0.8202261495182008,0.9952830188679245,0.9813953488372092,0.9882903981264638,215,0.9906660248427089,1.0,0.94,0.9690721649484536,100,0.97,1.0,0.8421052631578947,0.9142857142857143,19,0.9210526315789473,1.0,0.8888888888888888,0.9411764705882353,9,0.9444444444444444,0.8562118126272913,0.686703691604051,0.7621464829586657,6122,0.8076628355907223,0.8476206409603713,0.8288265784050459,0.8330678488720389,16013,0.8263547885779383,20486.7077832222
