Rep.,Kfold,Num. Vars.,Precision-Background,Recall-Background,F1_score_Background,Num. Obs. Background,AUC_Background,Precision-DoS,Recall-DoS,F1_score_DoS,Num. Obs. Dos,AUC_DoS,Precision-Botnet,Recall-Botnet,F1_score_Botnet,Num. Obs. Botnet,AUC_Botnet,Precision-Scan,Recall-Scan,F1_score_Scan,Num. Obs. Scan,AUC_Scan,Precision-SSHscan,Recall-SSHscan,F1_score_SSHscan,Num. Obs. SSHscan,AUC_SSHscan,Precision-UDPscan,Recall-UDPscan,F1_score_UDPscan,Num. Obs. UDPscan,AUC_UDPscan,Precision-Spam,Recall-Spam,F1_score_Spam,Num. Obs. Spam,AUC_Spam,Precision-w,Recall-w,F1_score_w,Total Obs.,AUC_w,Time
12,3,88,0.8313725490196079,0.9079229122055674,0.8679631525076766,2335,0.8250645736087789,1.0,0.6346153846153846,0.7764705882352941,52,0.8173076923076923,1.0,0.9629629629629629,0.9811320754716981,54,0.9814814814814814,0.9047619047619048,0.76,0.8260869565217391,25,0.8797486173956762,0.0,0.0,0.0,5,0.5,0.5,0.5,0.5,2,0.7498750312421895,0.8397003745318352,0.7326797385620915,0.7825479930191973,1530,0.8230725825847256,0.8382751742726804,0.8358730951786161,0.8341249480393573,4003,0.8262104162449426,26828.358275175095
