Rep.,Kfold,Num. Vars.,Precision-Background,Recall-Background,F1_score_Background,Num. Obs. Background,AUC_Background,Precision-DoS,Recall-DoS,F1_score_DoS,Num. Obs. Dos,AUC_DoS,Precision-Botnet,Recall-Botnet,F1_score_Botnet,Num. Obs. Botnet,AUC_Botnet,Precision-Scan,Recall-Scan,F1_score_Scan,Num. Obs. Scan,AUC_Scan,Precision-SSHscan,Recall-SSHscan,F1_score_SSHscan,Num. Obs. SSHscan,AUC_SSHscan,Precision-UDPscan,Recall-UDPscan,F1_score_UDPscan,Num. Obs. UDPscan,AUC_UDPscan,Precision-Spam,Recall-Spam,F1_score_Spam,Num. Obs. Spam,AUC_Spam,Precision-w,Recall-w,F1_score_w,Total Obs.,AUC_w,Time
12,5,103,0.8233486943164362,0.9182012847965739,0.8681919416886008,2335,0.8212109541488863,1.0,0.8867924528301887,0.9400000000000001,53,0.9433962264150944,0.9555555555555556,0.8113207547169812,0.8775510204081634,53,0.9054072128015287,0.9230769230769231,0.48,0.631578947368421,25,0.7398743086978381,0.0,0.0,0.0,4,0.5,0.0,0.0,0.0,3,0.5,0.8538522637013503,0.7026143790849673,0.7708856220867695,1530,0.814105410326956,0.8382799231109948,0.8296277791656258,0.829078906670368,4003,0.8201579554668547,30071.783509254456
