Rep.,Kfold,Num. Vars.,Precision-Background,Recall-Background,F1_score_Background,Num. Obs. Background,AUC_Background,Precision-DoS,Recall-DoS,F1_score_DoS,Num. Obs. Dos,AUC_DoS,Precision-Botnet,Recall-Botnet,F1_score_Botnet,Num. Obs. Botnet,AUC_Botnet,Precision-Scan,Recall-Scan,F1_score_Scan,Num. Obs. Scan,AUC_Scan,Precision-SSHscan,Recall-SSHscan,F1_score_SSHscan,Num. Obs. SSHscan,AUC_SSHscan,Precision-UDPscan,Recall-UDPscan,F1_score_UDPscan,Num. Obs. UDPscan,AUC_UDPscan,Precision-Spam,Recall-Spam,F1_score_Spam,Num. Obs. Spam,AUC_Spam,Precision-w,Recall-w,F1_score_w,Total Obs.,AUC_w,Time
13,5,96,0.846304838551379,0.9233322625548774,0.8831421548545678,9339,0.8443100161695252,0.9777777777777777,0.8421052631578947,0.9048843187660668,209,0.9209260653215114,0.9951219512195122,0.9488372093023256,0.9714285714285715,215,0.9743869510679771,1.0,0.9393939393939394,0.96875,99,0.9696969696969697,0.0,0.0,0.0,19,0.5,1.0,0.6666666666666666,0.8,9,0.8333333333333333,0.8593330778075892,0.7325600392092795,0.7908986683129023,6121,0.8291718295136387,0.8550325046255282,0.8485416276310037,0.8487814345393376,16011,0.8416300513142209,24039.74069738388
