Rep.,Kfold,Num. Vars.,Precision-Background,Recall-Background,F1_score_Background,Num. Obs. Background,AUC_Background,Precision-DoS,Recall-DoS,F1_score_DoS,Num. Obs. Dos,AUC_DoS,Precision-Botnet,Recall-Botnet,F1_score_Botnet,Num. Obs. Botnet,AUC_Botnet,Precision-Scan,Recall-Scan,F1_score_Scan,Num. Obs. Scan,AUC_Scan,Precision-SSHscan,Recall-SSHscan,F1_score_SSHscan,Num. Obs. SSHscan,AUC_SSHscan,Precision-UDPscan,Recall-UDPscan,F1_score_UDPscan,Num. Obs. UDPscan,AUC_UDPscan,Precision-Spam,Recall-Spam,F1_score_Spam,Num. Obs. Spam,AUC_Spam,Precision-w,Recall-w,F1_score_w,Total Obs.,AUC_w,Time
4,3,91,0.8390300905638329,0.9225827176357212,0.8788249694002448,9339,0.8374154595372851,0.9781420765027322,0.8564593301435407,0.913265306122449,209,0.9281030988143345,0.9702970297029703,0.9116279069767442,0.9400479616306955,215,0.9556240319892585,1.0,1.0,1.0,99,1.0,1.0,1.0,1.0,19,1.0,1.0,0.8888888888888888,0.9411764705882353,9,0.9444444444444444,0.8544657097288676,0.7002123835974514,0.7696866301517463,6121,0.8132002261768855,0.8497865330336172,0.8371119855099619,0.8393012055057903,16011,0.8321875133081824,41235.824397563934
