Rep.,Kfold,Num. Vars.,Precision-Background,Recall-Background,F1_score_Background,Num. Obs. Background,AUC_Background,Precision-DoS,Recall-DoS,F1_score_DoS,Num. Obs. Dos,AUC_DoS,Precision-Botnet,Recall-Botnet,F1_score_Botnet,Num. Obs. Botnet,AUC_Botnet,Precision-Scan,Recall-Scan,F1_score_Scan,Num. Obs. Scan,AUC_Scan,Precision-SSHscan,Recall-SSHscan,F1_score_SSHscan,Num. Obs. SSHscan,AUC_SSHscan,Precision-UDPscan,Recall-UDPscan,F1_score_UDPscan,Num. Obs. UDPscan,AUC_UDPscan,Precision-Spam,Recall-Spam,F1_score_Spam,Num. Obs. Spam,AUC_Spam,Precision-w,Recall-w,F1_score_w,Total Obs.,AUC_w,Time
1,4,82,0.8124762267021681,0.9151670951156813,0.8607696957485392,2334,0.8098903180791109,1.0,0.5094339622641509,0.6749999999999999,53,0.7547169811320755,0.9795918367346939,0.8888888888888888,0.9320388349514563,54,0.9443178301117019,0.8888888888888888,0.64,0.7441860465116279,25,0.8197486173956763,0.0,0.0,0.0,5,0.5,0.0,0.0,0.0,2,0.5,0.862015503875969,0.726797385620915,0.7886524822695036,1530,0.8274100150910884,0.835204450526852,0.8341244066949788,0.8294740234822884,4003,0.817189159067433,24657.775619983673
