Rep.,Kfold,Num. Vars.,Precision-Background,Recall-Background,F1_score_Background,Num. Obs. Background,AUC_Background,Precision-DoS,Recall-DoS,F1_score_DoS,Num. Obs. Dos,AUC_DoS,Precision-Botnet,Recall-Botnet,F1_score_Botnet,Num. Obs. Botnet,AUC_Botnet,Precision-Scan,Recall-Scan,F1_score_Scan,Num. Obs. Scan,AUC_Scan,Precision-SSHscan,Recall-SSHscan,F1_score_SSHscan,Num. Obs. SSHscan,AUC_SSHscan,Precision-UDPscan,Recall-UDPscan,F1_score_UDPscan,Num. Obs. UDPscan,AUC_UDPscan,Precision-Spam,Recall-Spam,F1_score_Spam,Num. Obs. Spam,AUC_Spam,Precision-w,Recall-w,F1_score_w,Total Obs.,AUC_w,Time
3,1,102,0.8301008533747091,0.9164882226980728,0.8711581518420517,2335,0.8268703860940875,1.0,0.8269230769230769,0.9052631578947368,52,0.9134615384615384,1.0,0.8301886792452831,0.9072164948453608,53,0.9150943396226415,0.9090909090909091,0.4,0.5555555555555556,25,0.6998742770932864,0.0,0.0,0.0,5,0.5,1.0,0.5,0.6666666666666666,2,0.75,0.8615269461077845,0.7522875816993464,0.8032100488485693,1530,0.8387246969985405,0.8461141911299671,0.8468265867066467,0.8429395402171549,4002,0.8324557708307829,16181.466097354889
