Rep.,Kfold,Num. Vars.,Precision-Background,Recall-Background,F1_score_Background,Num. Obs. Background,AUC_Background,Precision-DoS,Recall-DoS,F1_score_DoS,Num. Obs. Dos,AUC_DoS,Precision-Botnet,Recall-Botnet,F1_score_Botnet,Num. Obs. Botnet,AUC_Botnet,Precision-Scan,Recall-Scan,F1_score_Scan,Num. Obs. Scan,AUC_Scan,Precision-SSHscan,Recall-SSHscan,F1_score_SSHscan,Num. Obs. SSHscan,AUC_SSHscan,Precision-UDPscan,Recall-UDPscan,F1_score_UDPscan,Num. Obs. UDPscan,AUC_UDPscan,Precision-Spam,Recall-Spam,F1_score_Spam,Num. Obs. Spam,AUC_Spam,Precision-w,Recall-w,F1_score_w,Total Obs.,AUC_w,Time
6,4,89,0.8319719953325554,0.9160599571734476,0.8719934773746432,2335,0.8284558934037602,0.9629629629629629,0.5,0.6582278481012659,52,0.749873417721519,0.9423076923076923,0.9074074074074074,0.9245283018867925,54,0.9533237644939773,1.0,0.7916666666666666,0.8837209302325582,24,0.8958333333333333,0.0,0.0,0.0,5,0.5,0.0,0.0,0.0,2,0.5,0.8622078968573731,0.6993464052287581,0.7722843738722481,1530,0.8150858239736023,0.8462747078340798,0.8253373313343328,0.8303502100007659,4002,0.8238377618144891,20486.7077832222
