Rep.,Kfold,Num. Vars.,Precision-Background,Recall-Background,F1_score_Background,Num. Obs. Background,AUC_Background,Precision-DoS,Recall-DoS,F1_score_DoS,Num. Obs. Dos,AUC_DoS,Precision-Botnet,Recall-Botnet,F1_score_Botnet,Num. Obs. Botnet,AUC_Botnet,Precision-Scan,Recall-Scan,F1_score_Scan,Num. Obs. Scan,AUC_Scan,Precision-SSHscan,Recall-SSHscan,F1_score_SSHscan,Num. Obs. SSHscan,AUC_SSHscan,Precision-UDPscan,Recall-UDPscan,F1_score_UDPscan,Num. Obs. UDPscan,AUC_UDPscan,Precision-Spam,Recall-Spam,F1_score_Spam,Num. Obs. Spam,AUC_Spam,Precision-w,Recall-w,F1_score_w,Total Obs.,AUC_w,Time
15,5,105,0.834219429676172,0.9240818074740336,0.8768542979069294,9339,0.8335379815131295,0.9662921348314607,0.8229665071770335,0.888888888888889,209,0.9112934162158659,0.9583333333333334,0.8558139534883721,0.9041769041769042,215,0.9276537641088756,1.0,0.98,0.98989898989899,100,0.99,0.0,0.0,0.0,19,0.5,1.0,0.6666666666666666,0.8,9,0.8333333333333333,0.8496097869647754,0.6580624081032511,0.7416682010679433,6121,0.7929883367985673,0.8436318687611543,0.819260554584062,0.8253221994788537,16012,0.8208967463257352,22606.411621809006
