Rep.,Kfold,Num. Vars.,Precision-Background,Recall-Background,F1_score_Background,Num. Obs. Background,AUC_Background,Precision-DoS,Recall-DoS,F1_score_DoS,Num. Obs. Dos,AUC_DoS,Precision-Botnet,Recall-Botnet,F1_score_Botnet,Num. Obs. Botnet,AUC_Botnet,Precision-Scan,Recall-Scan,F1_score_Scan,Num. Obs. Scan,AUC_Scan,Precision-SSHscan,Recall-SSHscan,F1_score_SSHscan,Num. Obs. SSHscan,AUC_SSHscan,Precision-UDPscan,Recall-UDPscan,F1_score_UDPscan,Num. Obs. UDPscan,AUC_UDPscan,Precision-Spam,Recall-Spam,F1_score_Spam,Num. Obs. Spam,AUC_Spam,Precision-w,Recall-w,F1_score_w,Total Obs.,AUC_w,Time
5,4,95,0.846092820309401,0.913490364025696,0.878500823723229,2335,0.8405079141878029,1.0,0.46153846153846156,0.631578947368421,52,0.7307692307692308,1.0,0.8888888888888888,0.9411764705882353,54,0.9444444444444444,1.0,0.3333333333333333,0.5,24,0.6666666666666666,0.0,0.0,0.0,5,0.5,1.0,0.6666666666666666,0.8,3,0.8333333333333333,0.8530280649926145,0.7544088830829523,0.8006932409012132,1531,0.8369699085855522,0.8528003753561799,0.8416583416583416,0.8429636388332716,4004,0.8376590683499001,42603.60865688324
