Rep.,Kfold,Num. Vars.,Precision-Background,Recall-Background,F1_score_Background,Num. Obs. Background,AUC_Background,Precision-DoS,Recall-DoS,F1_score_DoS,Num. Obs. Dos,AUC_DoS,Precision-Botnet,Recall-Botnet,F1_score_Botnet,Num. Obs. Botnet,AUC_Botnet,Precision-Scan,Recall-Scan,F1_score_Scan,Num. Obs. Scan,AUC_Scan,Precision-SSHscan,Recall-SSHscan,F1_score_SSHscan,Num. Obs. SSHscan,AUC_SSHscan,Precision-UDPscan,Recall-UDPscan,F1_score_UDPscan,Num. Obs. UDPscan,AUC_UDPscan,Precision-Spam,Recall-Spam,F1_score_Spam,Num. Obs. Spam,AUC_Spam,Precision-w,Recall-w,F1_score_w,Total Obs.,AUC_w,Time
19,2,100,0.8227946916471507,0.9027837259100643,0.8609352664896874,2335,0.8153822763762425,0.9772727272727273,0.8269230769230769,0.8958333333333334,52,0.9133350202429149,0.9387755102040817,0.8518518518518519,0.8932038834951458,54,0.9255461790904829,1.0,0.4,0.5714285714285715,25,0.7,0.0,0.0,0.0,5,0.5,1.0,0.5,0.6666666666666666,2,0.75,0.8368167202572347,0.6799477465708688,0.7502702702702703,1531,0.7989306059987381,0.8318941216481331,0.8114385614385614,0.8165292261983823,4004,0.8107026193421858,33329.14326500893
