Rep.,Kfold,Num. Vars.,Precision-Background,Recall-Background,F1_score_Background,Num. Obs. Background,AUC_Background,Precision-DoS,Recall-DoS,F1_score_DoS,Num. Obs. Dos,AUC_DoS,Precision-Botnet,Recall-Botnet,F1_score_Botnet,Num. Obs. Botnet,AUC_Botnet,Precision-Scan,Recall-Scan,F1_score_Scan,Num. Obs. Scan,AUC_Scan,Precision-SSHscan,Recall-SSHscan,F1_score_SSHscan,Num. Obs. SSHscan,AUC_SSHscan,Precision-UDPscan,Recall-UDPscan,F1_score_UDPscan,Num. Obs. UDPscan,AUC_UDPscan,Precision-Spam,Recall-Spam,F1_score_Spam,Num. Obs. Spam,AUC_Spam,Precision-w,Recall-w,F1_score_w,Total Obs.,AUC_w,Time
15,2,93,0.8518300461191247,0.9295427775993147,0.8889912954429083,9339,0.8516288741885379,1.0,0.9138755980861244,0.955,209,0.9569377990430622,0.9752475247524752,0.9120370370370371,0.9425837320574163,216,0.9558602506025905,1.0,0.8686868686868687,0.9297297297297298,99,0.9343434343434344,1.0,1.0,1.0,19,1.0,1.0,0.625,0.7692307692307693,8,0.8125,0.8669519548725929,0.7280300555374061,0.7914410015093669,6122,0.8294346435422116,0.8623766009107579,0.8516112915313515,0.853602404128351,16012,0.8465917285749648,50048.709543943405
