Rep.,Kfold,Num. Vars.,Precision-Background,Recall-Background,F1_score_Background,Num. Obs. Background,AUC_Background,Precision-DoS,Recall-DoS,F1_score_DoS,Num. Obs. Dos,AUC_DoS,Precision-Botnet,Recall-Botnet,F1_score_Botnet,Num. Obs. Botnet,AUC_Botnet,Precision-Scan,Recall-Scan,F1_score_Scan,Num. Obs. Scan,AUC_Scan,Precision-SSHscan,Recall-SSHscan,F1_score_SSHscan,Num. Obs. SSHscan,AUC_SSHscan,Precision-UDPscan,Recall-UDPscan,F1_score_UDPscan,Num. Obs. UDPscan,AUC_UDPscan,Precision-Spam,Recall-Spam,F1_score_Spam,Num. Obs. Spam,AUC_Spam,Precision-w,Recall-w,F1_score_w,Total Obs.,AUC_w,Time
1,3,98,0.8376093294460641,0.9229039511725025,0.8781904325233073,9339,0.8362459213377872,0.9153846153846154,0.569377990430622,0.7020648967551621,209,0.784340960032118,0.9738219895287958,0.8651162790697674,0.916256157635468,215,0.9323998816378146,1.0,0.9393939393939394,0.96875,99,0.9696969696969697,1.0,0.75,0.8571428571428571,20,0.875,1.0,0.5555555555555556,0.7142857142857143,9,0.7777777777777778,0.8716035208572522,0.7441594510700866,0.8028553802767252,6121,0.8381600005325157,0.854746801850369,0.8488633524856358,0.8480453752119587,16012,0.8384318797047194,27210.669184684753
