Rep.,Kfold,Num. Vars.,Precision-Background,Recall-Background,F1_score_Background,Num. Obs. Background,AUC_Background,Precision-DoS,Recall-DoS,F1_score_DoS,Num. Obs. Dos,AUC_DoS,Precision-Botnet,Recall-Botnet,F1_score_Botnet,Num. Obs. Botnet,AUC_Botnet,Precision-Scan,Recall-Scan,F1_score_Scan,Num. Obs. Scan,AUC_Scan,Precision-SSHscan,Recall-SSHscan,F1_score_SSHscan,Num. Obs. SSHscan,AUC_SSHscan,Precision-UDPscan,Recall-UDPscan,F1_score_UDPscan,Num. Obs. UDPscan,AUC_UDPscan,Precision-Spam,Recall-Spam,F1_score_Spam,Num. Obs. Spam,AUC_Spam,Precision-w,Recall-w,F1_score_w,Total Obs.,AUC_w,Time
10,4,85,0.8297625940938043,0.9206553164150337,0.8728490939546216,9339,0.8281730283004146,0.967391304347826,0.8516746411483254,0.905852417302799,209,0.9256474952134944,0.964824120603015,0.8930232558139535,0.927536231884058,215,0.946290080875707,1.0,0.9696969696969697,0.9846153846153847,99,0.9848484848484849,0.0,0.0,0.0,20,0.5,1.0,0.5555555555555556,0.7142857142857143,9,0.7777777777777778,0.8489513609995538,0.6215289121202221,0.7176537155790268,6122,0.7765414250217935,0.8408202752026261,0.8039717729344907,0.8141923858611044,16013,0.81182209512077,41757.522554636
