Rep.,Kfold,Num. Vars.,Precision-Background,Recall-Background,F1_score_Background,Num. Obs. Background,AUC_Background,Precision-DoS,Recall-DoS,F1_score_DoS,Num. Obs. Dos,AUC_DoS,Precision-Botnet,Recall-Botnet,F1_score_Botnet,Num. Obs. Botnet,AUC_Botnet,Precision-Scan,Recall-Scan,F1_score_Scan,Num. Obs. Scan,AUC_Scan,Precision-SSHscan,Recall-SSHscan,F1_score_SSHscan,Num. Obs. SSHscan,AUC_SSHscan,Precision-UDPscan,Recall-UDPscan,F1_score_UDPscan,Num. Obs. UDPscan,AUC_UDPscan,Precision-Spam,Recall-Spam,F1_score_Spam,Num. Obs. Spam,AUC_Spam,Precision-w,Recall-w,F1_score_w,Total Obs.,AUC_w,Time
3,2,97,0.8398361295357003,0.9218415417558886,0.87893017558187,9340,0.8378692121249467,0.9725274725274725,0.8509615384615384,0.9076923076923077,208,0.9253225814302123,0.9702970297029703,0.9116279069767442,0.9400479616306955,215,0.9556240440118892,1.0,0.9393939393939394,0.96875,99,0.9696969696969697,0.0,0.0,0.0,19,0.5,1.0,0.5555555555555556,0.7142857142857143,9,0.7777777777777778,0.8725416036308623,0.7536752695197648,0.8087642418930762,6122,0.842762811706293,0.8558998702825027,0.8552960279790157,0.8527171909807174,16012,0.8428377867170227,49359.95188546181
