Rep.,Kfold,Num. Vars.,Precision-Background,Recall-Background,F1_score_Background,Num. Obs. Background,AUC_Background,Precision-DoS,Recall-DoS,F1_score_DoS,Num. Obs. Dos,AUC_DoS,Precision-Botnet,Recall-Botnet,F1_score_Botnet,Num. Obs. Botnet,AUC_Botnet,Precision-Scan,Recall-Scan,F1_score_Scan,Num. Obs. Scan,AUC_Scan,Precision-SSHscan,Recall-SSHscan,F1_score_SSHscan,Num. Obs. SSHscan,AUC_SSHscan,Precision-UDPscan,Recall-UDPscan,F1_score_UDPscan,Num. Obs. UDPscan,AUC_UDPscan,Precision-Spam,Recall-Spam,F1_score_Spam,Num. Obs. Spam,AUC_Spam,Precision-w,Recall-w,F1_score_w,Total Obs.,AUC_w,Time
11,3,89,0.8281174771304767,0.9207708779443254,0.8719898605830165,9340,0.8266174533606518,1.0,0.8899521531100478,0.9417721518987342,209,0.9449760765550239,0.9597989949748744,0.8883720930232558,0.9227053140096618,215,0.9439328338763173,1.0,0.98989898989899,0.9949238578680203,99,0.994949494949495,1.0,1.0,1.0,19,1.0,1.0,0.75,0.8571428571428571,8,0.875,0.8570307903510492,0.7138190133943156,0.7788967115230372,6122,0.8200540971926078,0.8445363801428537,0.8412440669497877,0.8388931796673992,16012,0.8284988606473297,28089.5093626976
