Rep.,Kfold,Num. Vars.,Precision-Background,Recall-Background,F1_score_Background,Num. Obs. Background,AUC_Background,Precision-DoS,Recall-DoS,F1_score_DoS,Num. Obs. Dos,AUC_DoS,Precision-Botnet,Recall-Botnet,F1_score_Botnet,Num. Obs. Botnet,AUC_Botnet,Precision-Scan,Recall-Scan,F1_score_Scan,Num. Obs. Scan,AUC_Scan,Precision-SSHscan,Recall-SSHscan,F1_score_SSHscan,Num. Obs. SSHscan,AUC_SSHscan,Precision-UDPscan,Recall-UDPscan,F1_score_UDPscan,Num. Obs. UDPscan,AUC_UDPscan,Precision-Spam,Recall-Spam,F1_score_Spam,Num. Obs. Spam,AUC_Spam,Precision-w,Recall-w,F1_score_w,Total Obs.,AUC_w,Time
13,4,107,0.8161228406909788,0.910492505353319,0.8607287449392712,2335,0.8115749869298089,0.9411764705882353,0.6153846153846154,0.744186046511628,52,0.8074391431353458,0.9607843137254902,0.9074074074074074,0.9333333333333333,54,0.9534504108972194,1.0,0.3333333333333333,0.5,24,0.6666666666666666,0.0,0.0,0.0,5,0.5,0.0,0.0,0.0,2,0.5,0.8509505703422053,0.7313725490196078,0.7866432337434095,1530,0.8260422615648202,0.8326898388427724,0.8330834582708646,0.8282017594900599,4002,0.8175525767882974,25396.979741096497
