Rep.,Kfold,Num. Vars.,Precision-Background,Recall-Background,F1_score_Background,Num. Obs. Background,AUC_Background,Precision-DoS,Recall-DoS,F1_score_DoS,Num. Obs. Dos,AUC_DoS,Precision-Botnet,Recall-Botnet,F1_score_Botnet,Num. Obs. Botnet,AUC_Botnet,Precision-Scan,Recall-Scan,F1_score_Scan,Num. Obs. Scan,AUC_Scan,Precision-SSHscan,Recall-SSHscan,F1_score_SSHscan,Num. Obs. SSHscan,AUC_SSHscan,Precision-UDPscan,Recall-UDPscan,F1_score_UDPscan,Num. Obs. UDPscan,AUC_UDPscan,Precision-Spam,Recall-Spam,F1_score_Spam,Num. Obs. Spam,AUC_Spam,Precision-w,Recall-w,F1_score_w,Total Obs.,AUC_w,Time
15,4,95,0.8378720093367049,0.9224756397901275,0.8781407675449773,9339,0.8363127599430253,0.9431818181818182,0.7980769230769231,0.8645833333333335,208,0.898722065917377,0.9752475247524752,0.9162790697674419,0.9448441247002397,215,0.9579812669677928,1.0,0.9393939393939394,0.96875,99,0.9696969696969697,0.0,0.0,0.0,19,0.5,1.0,0.5555555555555556,0.7142857142857143,9,0.7777777777777778,0.8687774175090597,0.7440378961123816,0.8015838099428069,6122,0.8372328220576066,0.8530011917550153,0.8513521953656861,0.8490139500433991,16011,0.8395018652085111,22506.161230802536
