Rep.,Kfold,Num. Vars.,Precision-Background,Recall-Background,F1_score_Background,Num. Obs. Background,AUC_Background,Precision-DoS,Recall-DoS,F1_score_DoS,Num. Obs. Dos,AUC_DoS,Precision-Botnet,Recall-Botnet,F1_score_Botnet,Num. Obs. Botnet,AUC_Botnet,Precision-Scan,Recall-Scan,F1_score_Scan,Num. Obs. Scan,AUC_Scan,Precision-SSHscan,Recall-SSHscan,F1_score_SSHscan,Num. Obs. SSHscan,AUC_SSHscan,Precision-UDPscan,Recall-UDPscan,F1_score_UDPscan,Num. Obs. UDPscan,AUC_UDPscan,Precision-Spam,Recall-Spam,F1_score_Spam,Num. Obs. Spam,AUC_Spam,Precision-w,Recall-w,F1_score_w,Total Obs.,AUC_w,Time
16,1,90,0.8210626185958254,0.9266516757682836,0.8706675386085819,9339,0.8220100878466774,0.9887005649717514,0.8373205741626795,0.9067357512953367,209,0.9185970079571228,0.9906103286384976,0.9768518518518519,0.9836829836829837,216,0.9883626187595547,1.0,0.8787878787878788,0.9354838709677419,99,0.9393939393939394,0.0,0.0,0.0,19,0.5,1.0,0.5555555555555556,0.7142857142857143,9,0.7777777777777778,0.856441430909516,0.5984316288188205,0.7045585689555682,6121,0.7681774967468888,0.839295031396988,0.7990881838621035,0.8084431623028484,16012,0.8052547944231158,20182.76811814308
