Rep.,Kfold,Num. Vars.,Precision-Background,Recall-Background,F1_score_Background,Num. Obs. Background,AUC_Background,Precision-DoS,Recall-DoS,F1_score_DoS,Num. Obs. Dos,AUC_DoS,Precision-Botnet,Recall-Botnet,F1_score_Botnet,Num. Obs. Botnet,AUC_Botnet,Precision-Scan,Recall-Scan,F1_score_Scan,Num. Obs. Scan,AUC_Scan,Precision-SSHscan,Recall-SSHscan,F1_score_SSHscan,Num. Obs. SSHscan,AUC_SSHscan,Precision-UDPscan,Recall-UDPscan,F1_score_UDPscan,Num. Obs. UDPscan,AUC_UDPscan,Precision-Spam,Recall-Spam,F1_score_Spam,Num. Obs. Spam,AUC_Spam,Precision-w,Recall-w,F1_score_w,Total Obs.,AUC_w,Time
16,3,92,0.8297045101088647,0.9143101970865467,0.8699551569506726,2334,0.8258601345144964,1.0,0.8269230769230769,0.9052631578947368,52,0.9134615384615384,0.9787234042553191,0.8518518518518519,0.9108910891089108,54,0.9257992795226837,1.0,0.5416666666666666,0.7027027027027027,24,0.7708333333333333,0.0,0.0,0.0,5,0.5,1.0,0.5,0.6666666666666666,2,0.75,0.8488721804511278,0.7374265186152841,0.7892345333799371,1531,0.8280414665112034,0.8413305094189292,0.841079460269865,0.8378944048346226,4002,0.8284063468964797,23433.30480980873
