Rep.,Kfold,Num. Vars.,Precision-Background,Recall-Background,F1_score_Background,Num. Obs. Background,AUC_Background,Precision-DoS,Recall-DoS,F1_score_DoS,Num. Obs. Dos,AUC_DoS,Precision-Botnet,Recall-Botnet,F1_score_Botnet,Num. Obs. Botnet,AUC_Botnet,Precision-Scan,Recall-Scan,F1_score_Scan,Num. Obs. Scan,AUC_Scan,Precision-SSHscan,Recall-SSHscan,F1_score_SSHscan,Num. Obs. SSHscan,AUC_SSHscan,Precision-UDPscan,Recall-UDPscan,F1_score_UDPscan,Num. Obs. UDPscan,AUC_UDPscan,Precision-Spam,Recall-Spam,F1_score_Spam,Num. Obs. Spam,AUC_Spam,Precision-w,Recall-w,F1_score_w,Total Obs.,AUC_w,Time
19,5,102,0.8141194141945175,0.9288774635818338,0.8677206323794276,2334,0.8160574368268882,1.0,0.5769230769230769,0.7317073170731707,52,0.7884615384615384,0.9795918367346939,0.8888888888888888,0.9320388349514563,54,0.9443177980412023,0.9285714285714286,0.5416666666666666,0.6842105263157894,24,0.7707076420311714,0.0,0.0,0.0,5,0.5,1.0,0.5,0.6666666666666666,2,0.75,0.8682042833607908,0.6884389288047028,0.7679417122040073,1531,0.8118439079474749,0.8392201759182315,0.8280859570214892,0.8263648128180947,4002,0.8151177474074247,19015.47556257248
