Rep.,Kfold,Num. Vars.,Precision-Background,Recall-Background,F1_score_Background,Num. Obs. Background,AUC_Background,Precision-DoS,Recall-DoS,F1_score_DoS,Num. Obs. Dos,AUC_DoS,Precision-Botnet,Recall-Botnet,F1_score_Botnet,Num. Obs. Botnet,AUC_Botnet,Precision-Scan,Recall-Scan,F1_score_Scan,Num. Obs. Scan,AUC_Scan,Precision-SSHscan,Recall-SSHscan,F1_score_SSHscan,Num. Obs. SSHscan,AUC_SSHscan,Precision-UDPscan,Recall-UDPscan,F1_score_UDPscan,Num. Obs. UDPscan,AUC_UDPscan,Precision-Spam,Recall-Spam,F1_score_Spam,Num. Obs. Spam,AUC_Spam,Precision-w,Recall-w,F1_score_w,Total Obs.,AUC_w,Time
1,5,89,0.825115562403698,0.9173447537473234,0.8687892922328129,2335,0.822662790294872,0.9487179487179487,0.7115384615384616,0.8131868131868132,52,0.8555161943319839,0.9622641509433962,0.9444444444444444,0.9532710280373832,54,0.9719690576652602,0.9565217391304348,0.88,0.9166666666666666,25,0.9398743402865041,0.0,0.0,0.0,5,0.5,0.0,0.0,0.0,3,0.5,0.8508839354342813,0.7235294117647059,0.7820558106676087,1530,0.8225569451709545,0.8375888862111945,0.8389110889110889,0.8346272238140507,4004,0.8251497930011079,25812.56039261818
