Rep.,Kfold,Num. Vars.,Precision-Background,Recall-Background,F1_score_Background,Num. Obs. Background,AUC_Background,Precision-DoS,Recall-DoS,F1_score_DoS,Num. Obs. Dos,AUC_DoS,Precision-Botnet,Recall-Botnet,F1_score_Botnet,Num. Obs. Botnet,AUC_Botnet,Precision-Scan,Recall-Scan,F1_score_Scan,Num. Obs. Scan,AUC_Scan,Precision-SSHscan,Recall-SSHscan,F1_score_SSHscan,Num. Obs. SSHscan,AUC_SSHscan,Precision-UDPscan,Recall-UDPscan,F1_score_UDPscan,Num. Obs. UDPscan,AUC_UDPscan,Precision-Spam,Recall-Spam,F1_score_Spam,Num. Obs. Spam,AUC_Spam,Precision-w,Recall-w,F1_score_w,Total Obs.,AUC_w,Time
5,2,103,0.8348969919721443,0.9242959631652211,0.8773249313954671,9339,0.8342636543425745,0.9806451612903225,0.7272727272727273,0.8351648351648351,209,0.8635414509560296,0.9603960396039604,0.8981481481481481,0.9282296650717703,216,0.9488208614387635,1.0,0.98989898989899,0.9949238578680203,99,0.994949494949495,0.0,0.0,0.0,19,0.5,1.0,1.0,1.0,9,1.0,0.8603351955307262,0.7043449852989219,0.7745643973414765,6122,0.8167867884739478,0.8483404395385682,0.8366327359020795,0.8379295132055625,16013,0.8301993665311557,43532.79596209526
