Rep.,Kfold,Num. Vars.,Precision-Background,Recall-Background,F1_score_Background,Num. Obs. Background,AUC_Background,Precision-DoS,Recall-DoS,F1_score_DoS,Num. Obs. Dos,AUC_DoS,Precision-Botnet,Recall-Botnet,F1_score_Botnet,Num. Obs. Botnet,AUC_Botnet,Precision-Scan,Recall-Scan,F1_score_Scan,Num. Obs. Scan,AUC_Scan,Precision-SSHscan,Recall-SSHscan,F1_score_SSHscan,Num. Obs. SSHscan,AUC_SSHscan,Precision-UDPscan,Recall-UDPscan,F1_score_UDPscan,Num. Obs. UDPscan,AUC_UDPscan,Precision-Spam,Recall-Spam,F1_score_Spam,Num. Obs. Spam,AUC_Spam,Precision-w,Recall-w,F1_score_w,Total Obs.,AUC_w,Time
5,5,88,0.831636648394675,0.910025706940874,0.8690671031096563,2334,0.8261932009839181,0.9767441860465116,0.7924528301886793,0.875,53,0.8960998328158587,0.9607843137254902,0.9074074074074074,0.9333333333333333,54,0.9534504750382188,0.8823529411764706,0.6,0.7142857142857143,25,0.7997486173956763,0.0,0.0,0.0,5,0.5,0.0,0.0,0.0,2,0.4995001249687578,0.8440731901352426,0.6934640522875817,0.7613921779691424,1530,0.8071040439359461,0.8389159471873959,0.8221333999500374,0.8263714198870518,4003,0.8208035100660995,41637.41208720207
