Rep.,Kfold,Num. Vars.,Precision-Background,Recall-Background,F1_score_Background,Num. Obs. Background,AUC_Background,Precision-DoS,Recall-DoS,F1_score_DoS,Num. Obs. Dos,AUC_DoS,Precision-Botnet,Recall-Botnet,F1_score_Botnet,Num. Obs. Botnet,AUC_Botnet,Precision-Scan,Recall-Scan,F1_score_Scan,Num. Obs. Scan,AUC_Scan,Precision-SSHscan,Recall-SSHscan,F1_score_SSHscan,Num. Obs. SSHscan,AUC_SSHscan,Precision-UDPscan,Recall-UDPscan,F1_score_UDPscan,Num. Obs. UDPscan,AUC_UDPscan,Precision-Spam,Recall-Spam,F1_score_Spam,Num. Obs. Spam,AUC_Spam,Precision-w,Recall-w,F1_score_w,Total Obs.,AUC_w,Time
8,2,97,0.8379400640093104,0.9251525859299711,0.8793893129770993,9339,0.837332701299568,0.9550561797752809,0.8173076923076923,0.8808290155440415,208,0.9084007136389746,0.9867549668874173,0.6930232558139535,0.8142076502732241,215,0.8464483167325546,0.9893617021276596,0.9393939393939394,0.9637305699481866,99,0.9696655448965172,1.0,1.0,1.0,20,1.0,1.0,0.625,0.7692307692307693,8,0.8125,0.8818372403278064,0.7559222349289332,0.814039408866995,6121,0.8466131550820215,0.8594627618747123,0.8559650218613367,0.8541650386126564,16010,0.8429356555385934,51501.53797578812
