Rep.,Kfold,Num. Vars.,Precision-Background,Recall-Background,F1_score_Background,Num. Obs. Background,AUC_Background,Precision-DoS,Recall-DoS,F1_score_DoS,Num. Obs. Dos,AUC_DoS,Precision-Botnet,Recall-Botnet,F1_score_Botnet,Num. Obs. Botnet,AUC_Botnet,Precision-Scan,Recall-Scan,F1_score_Scan,Num. Obs. Scan,AUC_Scan,Precision-SSHscan,Recall-SSHscan,F1_score_SSHscan,Num. Obs. SSHscan,AUC_SSHscan,Precision-UDPscan,Recall-UDPscan,F1_score_UDPscan,Num. Obs. UDPscan,AUC_UDPscan,Precision-Spam,Recall-Spam,F1_score_Spam,Num. Obs. Spam,AUC_Spam,Precision-w,Recall-w,F1_score_w,Total Obs.,AUC_w,Time
17,3,92,0.8242612752721618,0.9079229122055674,0.8640717342571838,2335,0.8183885706798681,0.975609756097561,0.7692307692307693,0.860215053763441,52,0.8844888023369036,0.9795918367346939,0.9056603773584906,0.9411764705882353,53,0.9527035743465029,1.0,0.64,0.7804878048780487,25,0.8200000000000001,0.0,0.0,0.0,5,0.5,0.0,0.0,0.0,2,0.5,0.8483231707317073,0.7274509803921568,0.7832512315270935,1530,0.8234746811345898,0.8371400808705701,0.8338330834582709,0.8321108482223398,4002,0.8224238585295597,33726.193997621536
