Rep.,Kfold,Num. Vars.,Precision-Background,Recall-Background,F1_score_Background,Num. Obs. Background,AUC_Background,Precision-DoS,Recall-DoS,F1_score_DoS,Num. Obs. Dos,AUC_DoS,Precision-Botnet,Recall-Botnet,F1_score_Botnet,Num. Obs. Botnet,AUC_Botnet,Precision-Scan,Recall-Scan,F1_score_Scan,Num. Obs. Scan,AUC_Scan,Precision-SSHscan,Recall-SSHscan,F1_score_SSHscan,Num. Obs. SSHscan,AUC_SSHscan,Precision-UDPscan,Recall-UDPscan,F1_score_UDPscan,Num. Obs. UDPscan,AUC_UDPscan,Precision-Spam,Recall-Spam,F1_score_Spam,Num. Obs. Spam,AUC_Spam,Precision-w,Recall-w,F1_score_w,Total Obs.,AUC_w,Time
5,5,88,0.8490008859139679,0.9234475374732334,0.8846607518334274,9340,0.8467657351634752,1.0,0.9134615384615384,0.9547738693467337,208,0.9567307692307692,0.9903381642512077,0.9534883720930233,0.9715639810426541,215,0.976680882887684,1.0,1.0,1.0,99,1.0,0.0,0.0,0.0,19,0.5,1.0,0.8888888888888888,0.9411764705882353,9,0.9444444444444444,0.8558840806735852,0.7139823587063051,0.7785199038204648,6122,0.8197818770275712,0.8555029553855957,0.8429927554334249,0.8458518662438598,16012,0.8402125285667312,41637.41208720207
