Rep.,Kfold,Num. Vars.,Precision-Background,Recall-Background,F1_score_Background,Num. Obs. Background,AUC_Background,Precision-DoS,Recall-DoS,F1_score_DoS,Num. Obs. Dos,AUC_DoS,Precision-Botnet,Recall-Botnet,F1_score_Botnet,Num. Obs. Botnet,AUC_Botnet,Precision-Scan,Recall-Scan,F1_score_Scan,Num. Obs. Scan,AUC_Scan,Precision-SSHscan,Recall-SSHscan,F1_score_SSHscan,Num. Obs. SSHscan,AUC_SSHscan,Precision-UDPscan,Recall-UDPscan,F1_score_UDPscan,Num. Obs. UDPscan,AUC_UDPscan,Precision-Spam,Recall-Spam,F1_score_Spam,Num. Obs. Spam,AUC_Spam,Precision-w,Recall-w,F1_score_w,Total Obs.,AUC_w,Time
9,2,94,0.8081979891724671,0.8950749464668094,0.8494208494208495,2335,0.7988564180775295,0.9565217391304348,0.4230769230769231,0.5866666666666667,52,0.7114119112980162,0.96,0.8888888888888888,0.923076923076923,54,0.9441912157789595,0.875,0.56,0.6829268292682927,25,0.7797486173956762,0.0,0.0,0.0,4,0.5,0.5,0.5,0.5,2,0.7498750312421895,0.8361801242236024,0.7034617896799478,0.764100744945016,1531,0.8090529013124658,0.8223303036070019,0.8123907069697727,0.8123062491014317,4003,0.8031383808786793,17590.177986621857
