Rep.,Kfold,Num. Vars.,Precision-Background,Recall-Background,F1_score_Background,Num. Obs. Background,AUC_Background,Precision-DoS,Recall-DoS,F1_score_DoS,Num. Obs. Dos,AUC_DoS,Precision-Botnet,Recall-Botnet,F1_score_Botnet,Num. Obs. Botnet,AUC_Botnet,Precision-Scan,Recall-Scan,F1_score_Scan,Num. Obs. Scan,AUC_Scan,Precision-SSHscan,Recall-SSHscan,F1_score_SSHscan,Num. Obs. SSHscan,AUC_SSHscan,Precision-UDPscan,Recall-UDPscan,F1_score_UDPscan,Num. Obs. UDPscan,AUC_UDPscan,Precision-Spam,Recall-Spam,F1_score_Spam,Num. Obs. Spam,AUC_Spam,Precision-w,Recall-w,F1_score_w,Total Obs.,AUC_w,Time
11,2,95,0.8288132333140988,0.9227968733269086,0.8732836803972235,9339,0.8280051512917517,0.9746835443037974,0.7368421052631579,0.8392370572207085,209,0.8682944863741431,0.9705882352941176,0.9209302325581395,0.9451073985680192,215,0.9602751947799563,0.989247311827957,0.9292929292929293,0.9583333333333333,99,0.9646150418209242,0.0,0.0,0.0,19,0.5,1.0,1.0,1.0,9,1.0,0.8695987654320988,0.7364809671622284,0.7975232198142416,6121,0.8340645482929443,0.8483181340546463,0.8481044282056086,0.8444013213018483,16011,0.833175867321525,49855.015125989914
