Rep.,Kfold,Num. Vars.,Precision-Background,Recall-Background,F1_score_Background,Num. Obs. Background,AUC_Background,Precision-DoS,Recall-DoS,F1_score_DoS,Num. Obs. Dos,AUC_DoS,Precision-Botnet,Recall-Botnet,F1_score_Botnet,Num. Obs. Botnet,AUC_Botnet,Precision-Scan,Recall-Scan,F1_score_Scan,Num. Obs. Scan,AUC_Scan,Precision-SSHscan,Recall-SSHscan,F1_score_SSHscan,Num. Obs. SSHscan,AUC_SSHscan,Precision-UDPscan,Recall-UDPscan,F1_score_UDPscan,Num. Obs. UDPscan,AUC_UDPscan,Precision-Spam,Recall-Spam,F1_score_Spam,Num. Obs. Spam,AUC_Spam,Precision-w,Recall-w,F1_score_w,Total Obs.,AUC_w,Time
9,3,88,0.8327859350850078,0.9230192719486081,0.8755839934998985,9340,0.8318078526684446,0.9090909090909091,0.5741626794258373,0.7038123167155426,209,0.7867016889915821,0.9754901960784313,0.9255813953488372,0.9498806682577566,215,0.9626324497949401,1.0,0.9292929292929293,0.9633507853403142,99,0.9646464646464646,0.0,0.0,0.0,19,0.5,0.8333333333333334,0.5555555555555556,0.6666666666666667,9,0.7777465355883252,0.8586400194979283,0.5754655341391702,0.6890953545232275,6122,0.7584131836098742,0.8456282536200058,0.7843627053019422,0.8024285958469934,16013,0.8053130083374989,41093.588280677795
