Rep.,Kfold,Num. Vars.,Precision-Background,Recall-Background,F1_score_Background,Num. Obs. Background,AUC_Background,Precision-DoS,Recall-DoS,F1_score_DoS,Num. Obs. Dos,AUC_DoS,Precision-Botnet,Recall-Botnet,F1_score_Botnet,Num. Obs. Botnet,AUC_Botnet,Precision-Scan,Recall-Scan,F1_score_Scan,Num. Obs. Scan,AUC_Scan,Precision-SSHscan,Recall-SSHscan,F1_score_SSHscan,Num. Obs. SSHscan,AUC_SSHscan,Precision-UDPscan,Recall-UDPscan,F1_score_UDPscan,Num. Obs. UDPscan,AUC_UDPscan,Precision-Spam,Recall-Spam,F1_score_Spam,Num. Obs. Spam,AUC_Spam,Precision-w,Recall-w,F1_score_w,Total Obs.,AUC_w,Time
18,4,90,0.8480454589987264,0.926865831459471,0.8857055151949248,9339,0.8472183195960624,0.9491525423728814,0.8038277511961722,0.8704663212435234,209,0.90162911953911,0.97,0.9023255813953488,0.9349397590361446,215,0.9509728812211915,1.0,0.9191919191919192,0.9578947368421054,99,0.9595959595959596,0.0,0.0,0.0,20,0.5,0.8333333333333334,0.5555555555555556,0.6666666666666667,9,0.7777465336360543,0.8667307692307692,0.7363175951641888,0.796219415246003,6121,0.8331269504483364,0.8580176406074554,0.850674494129403,0.8511762387838011,16012,0.8441569650668779,31080.46111536026
