Rep.,Kfold,Num. Vars.,Precision-Background,Recall-Background,F1_score_Background,Num. Obs. Background,AUC_Background,Precision-DoS,Recall-DoS,F1_score_DoS,Num. Obs. Dos,AUC_DoS,Precision-Botnet,Recall-Botnet,F1_score_Botnet,Num. Obs. Botnet,AUC_Botnet,Precision-Scan,Recall-Scan,F1_score_Scan,Num. Obs. Scan,AUC_Scan,Precision-SSHscan,Recall-SSHscan,F1_score_SSHscan,Num. Obs. SSHscan,AUC_SSHscan,Precision-UDPscan,Recall-UDPscan,F1_score_UDPscan,Num. Obs. UDPscan,AUC_UDPscan,Precision-Spam,Recall-Spam,F1_score_Spam,Num. Obs. Spam,AUC_Spam,Precision-w,Recall-w,F1_score_w,Total Obs.,AUC_w,Time
10,4,85,0.813732928679818,0.9186295503211992,0.8630054315027158,2335,0.8120442292697777,0.975609756097561,0.7692307692307693,0.860215053763441,52,0.8844888023369036,0.9574468085106383,0.8333333333333334,0.8910891089108911,54,0.9164133738601825,0.95,0.76,0.8444444444444444,25,0.8798742770932865,0.0,0.0,0.0,4,0.5,0.5,0.5,0.5,2,0.749875,0.8563636363636363,0.615686274509804,0.7163498098859316,1530,0.7758852084523129,0.8339546694353788,0.7976011994002998,0.8061204391485045,4002,0.8006506724423464,41757.522554636
