Rep.,Kfold,Num. Vars.,Precision-Background,Recall-Background,F1_score_Background,Num. Obs. Background,AUC_Background,Precision-DoS,Recall-DoS,F1_score_DoS,Num. Obs. Dos,AUC_DoS,Precision-Botnet,Recall-Botnet,F1_score_Botnet,Num. Obs. Botnet,AUC_Botnet,Precision-Scan,Recall-Scan,F1_score_Scan,Num. Obs. Scan,AUC_Scan,Precision-SSHscan,Recall-SSHscan,F1_score_SSHscan,Num. Obs. SSHscan,AUC_SSHscan,Precision-UDPscan,Recall-UDPscan,F1_score_UDPscan,Num. Obs. UDPscan,AUC_UDPscan,Precision-Spam,Recall-Spam,F1_score_Spam,Num. Obs. Spam,AUC_Spam,Precision-w,Recall-w,F1_score_w,Total Obs.,AUC_w,Time
20,5,82,0.818809980806142,0.913490364025696,0.8635627530364373,2335,0.8153431448648552,0.9555555555555556,0.8269230769230769,0.88659793814433,52,0.9132085020242915,0.9803921568627451,0.9259259259259259,0.9523809523809523,54,0.9628363806844821,1.0,0.8,0.888888888888889,25,0.9,0.0,0.0,0.0,5,0.5,1.0,0.5,0.6666666666666666,2,0.75,0.8536585365853658,0.7086871325930765,0.7744468236973591,1531,0.8167374199156244,0.8362893581553481,0.8321678321678322,0.8299661176794131,4004,0.8192385713817391,13995.522998809814
