Rep.,Kfold,Num. Vars.,Precision-Background,Recall-Background,F1_score_Background,Num. Obs. Background,AUC_Background,Precision-DoS,Recall-DoS,F1_score_DoS,Num. Obs. Dos,AUC_DoS,Precision-Botnet,Recall-Botnet,F1_score_Botnet,Num. Obs. Botnet,AUC_Botnet,Precision-Scan,Recall-Scan,F1_score_Scan,Num. Obs. Scan,AUC_Scan,Precision-SSHscan,Recall-SSHscan,F1_score_SSHscan,Num. Obs. SSHscan,AUC_SSHscan,Precision-UDPscan,Recall-UDPscan,F1_score_UDPscan,Num. Obs. UDPscan,AUC_UDPscan,Precision-Spam,Recall-Spam,F1_score_Spam,Num. Obs. Spam,AUC_Spam,Precision-w,Recall-w,F1_score_w,Total Obs.,AUC_w,Time
7,2,79,0.8478624078624079,0.923661670235546,0.8841404048168077,9340,0.8458410254369698,0.967391304347826,0.8516746411483254,0.905852417302799,209,0.9256474952134944,0.9603960396039604,0.9023255813953488,0.9304556354916067,215,0.950909594090509,1.0,0.898989898989899,0.9468085106382979,99,0.9494949494949495,0.0,0.0,0.0,20,0.5,0.8333333333333334,0.5555555555555556,0.6666666666666667,9,0.7777465355883252,0.8627748294162244,0.743669335075968,0.7988067035184697,6121,0.8352394390705355,0.8565071848757351,0.8521201523761943,0.8515876083573164,16013,0.8444115026654231,17686.792124271393
