Rep.,Kfold,Num. Vars.,Precision-Background,Recall-Background,F1_score_Background,Num. Obs. Background,AUC_Background,Precision-DoS,Recall-DoS,F1_score_DoS,Num. Obs. Dos,AUC_DoS,Precision-Botnet,Recall-Botnet,F1_score_Botnet,Num. Obs. Botnet,AUC_Botnet,Precision-Scan,Recall-Scan,F1_score_Scan,Num. Obs. Scan,AUC_Scan,Precision-SSHscan,Recall-SSHscan,F1_score_SSHscan,Num. Obs. SSHscan,AUC_SSHscan,Precision-UDPscan,Recall-UDPscan,F1_score_UDPscan,Num. Obs. UDPscan,AUC_UDPscan,Precision-Spam,Recall-Spam,F1_score_Spam,Num. Obs. Spam,AUC_Spam,Precision-w,Recall-w,F1_score_w,Total Obs.,AUC_w,Time
13,1,85,0.8167996959331053,0.9203426124197002,0.8654853000402738,2335,0.8156868937398261,0.9565217391304348,0.8461538461538461,0.8979591836734695,52,0.9228238225960324,0.9807692307692307,0.9444444444444444,0.9622641509433962,54,0.9720956078894797,1.0,0.68,0.8095238095238095,25,0.8400000000000001,0.0,0.0,0.0,5,0.5,0.5,0.5,0.5,2,0.7498750312421895,0.8503086419753086,0.7202614379084967,0.7799009200283085,1530,0.8209071039117899,0.8335998453965386,0.8403697227079691,0.8328880390150913,4003,0.8209084480467255,26639.61202931404
