Rep.,Kfold,Num. Vars.,Precision-Background,Recall-Background,F1_score_Background,Num. Obs. Background,AUC_Background,Precision-DoS,Recall-DoS,F1_score_DoS,Num. Obs. Dos,AUC_DoS,Precision-Botnet,Recall-Botnet,F1_score_Botnet,Num. Obs. Botnet,AUC_Botnet,Precision-Scan,Recall-Scan,F1_score_Scan,Num. Obs. Scan,AUC_Scan,Precision-SSHscan,Recall-SSHscan,F1_score_SSHscan,Num. Obs. SSHscan,AUC_SSHscan,Precision-UDPscan,Recall-UDPscan,F1_score_UDPscan,Num. Obs. UDPscan,AUC_UDPscan,Precision-Spam,Recall-Spam,F1_score_Spam,Num. Obs. Spam,AUC_Spam,Precision-w,Recall-w,F1_score_w,Total Obs.,AUC_w,Time
12,1,93,0.8486067503924647,0.9261162865403149,0.885668936562388,9339,0.8474256492653613,0.988950276243094,0.8564593301435407,0.9179487179487179,209,0.9281663819430525,0.9644670050761421,0.8837209302325582,0.9223300970873786,215,0.9416388900339797,1.0,0.9393939393939394,0.96875,99,0.9696969696969697,1.0,1.0,1.0,19,1.0,1.0,0.7777777777777778,0.8750000000000001,9,0.8888888888888888,0.8816765578635015,0.7766704786799542,0.8258490402154086,6121,0.8560804365088345,0.8658379655501779,0.8675910311660733,0.8643568594491118,16011,0.8540138420800193,27597.643733501434
