Rep.,Kfold,Num. Vars.,Precision-Background,Recall-Background,F1_score_Background,Num. Obs. Background,AUC_Background,Precision-DoS,Recall-DoS,F1_score_DoS,Num. Obs. Dos,AUC_DoS,Precision-Botnet,Recall-Botnet,F1_score_Botnet,Num. Obs. Botnet,AUC_Botnet,Precision-Scan,Recall-Scan,F1_score_Scan,Num. Obs. Scan,AUC_Scan,Precision-SSHscan,Recall-SSHscan,F1_score_SSHscan,Num. Obs. SSHscan,AUC_SSHscan,Precision-UDPscan,Recall-UDPscan,F1_score_UDPscan,Num. Obs. UDPscan,AUC_UDPscan,Precision-Spam,Recall-Spam,F1_score_Spam,Num. Obs. Spam,AUC_Spam,Precision-w,Recall-w,F1_score_w,Total Obs.,AUC_w,Time
9,5,85,0.8317233384853169,0.9219402505621587,0.8745111980092427,9339,0.8304441249813641,0.9942857142857143,0.8325358851674641,0.90625,209,0.9162363030216237,0.9605911330049262,0.9069767441860465,0.9330143540669857,215,0.9532351594577126,0.9753086419753086,0.79,0.8729281767955802,100,0.8949371543489191,1.0,1.0,1.0,19,1.0,1.0,0.75,0.8571428571428571,8,0.875,0.8590882178804026,0.7110421430904933,0.7780856198051658,6122,0.8194240038000495,0.8472187109703662,0.839120659505371,0.838974178073735,16012,0.829625536879508,40804.3557434082
