Rep.,Kfold,Num. Vars.,Precision-Background,Recall-Background,F1_score_Background,Num. Obs. Background,AUC_Background,Precision-DoS,Recall-DoS,F1_score_DoS,Num. Obs. Dos,AUC_DoS,Precision-Botnet,Recall-Botnet,F1_score_Botnet,Num. Obs. Botnet,AUC_Botnet,Precision-Scan,Recall-Scan,F1_score_Scan,Num. Obs. Scan,AUC_Scan,Precision-SSHscan,Recall-SSHscan,F1_score_SSHscan,Num. Obs. SSHscan,AUC_SSHscan,Precision-UDPscan,Recall-UDPscan,F1_score_UDPscan,Num. Obs. UDPscan,AUC_UDPscan,Precision-Spam,Recall-Spam,F1_score_Spam,Num. Obs. Spam,AUC_Spam,Precision-w,Recall-w,F1_score_w,Total Obs.,AUC_w,Time
11,4,96,0.8258014677481653,0.9156316916488223,0.8683996750609261,2335,0.8225429004134933,1.0,0.7307692307692307,0.8444444444444443,52,0.8653846153846154,0.9583333333333334,0.8518518518518519,0.9019607843137256,54,0.9256726331194417,1.0,0.5833333333333334,0.7368421052631579,24,0.7916666666666667,0.0,0.0,0.0,5,0.5,0.0,0.0,0.0,2,0.5,0.8465732087227414,0.7104575163398693,0.7725657427149966,1530,0.8153824798527827,0.8373946618035384,0.8303348325837081,0.8295952102977451,4002,0.8210042950596487,30277.194239139557
