Rep.,Kfold,Num. Vars.,Precision-Background,Recall-Background,F1_score_Background,Num. Obs. Background,AUC_Background,Precision-DoS,Recall-DoS,F1_score_DoS,Num. Obs. Dos,AUC_DoS,Precision-Botnet,Recall-Botnet,F1_score_Botnet,Num. Obs. Botnet,AUC_Botnet,Precision-Scan,Recall-Scan,F1_score_Scan,Num. Obs. Scan,AUC_Scan,Precision-SSHscan,Recall-SSHscan,F1_score_SSHscan,Num. Obs. SSHscan,AUC_SSHscan,Precision-UDPscan,Recall-UDPscan,F1_score_UDPscan,Num. Obs. UDPscan,AUC_UDPscan,Precision-Spam,Recall-Spam,F1_score_Spam,Num. Obs. Spam,AUC_Spam,Precision-w,Recall-w,F1_score_w,Total Obs.,AUC_w,Time
1,1,100,0.8158597026305757,0.9164882226980728,0.8632513110125051,2335,0.8134599386871659,0.9782608695652174,0.8653846153846154,0.9183673469387755,52,0.9325657574518623,1.0,0.8490566037735849,0.9183673469387755,53,0.9245283018867925,0.9523809523809523,0.8,0.8695652173913043,25,0.8998743086978381,0.0,0.0,0.0,5,0.5,1.0,0.5,0.6666666666666666,2,0.75,0.8507936507936508,0.7001959503592423,0.7681834467932639,1531,0.8120720852119836,0.8336938731037693,0.830127404446665,0.8272000258434609,4003,0.816063351586066,29218.407367944717
