Rep.,Kfold,Num. Vars.,Precision-Background,Recall-Background,F1_score_Background,Num. Obs. Background,AUC_Background,Precision-DoS,Recall-DoS,F1_score_DoS,Num. Obs. Dos,AUC_DoS,Precision-Botnet,Recall-Botnet,F1_score_Botnet,Num. Obs. Botnet,AUC_Botnet,Precision-Scan,Recall-Scan,F1_score_Scan,Num. Obs. Scan,AUC_Scan,Precision-SSHscan,Recall-SSHscan,F1_score_SSHscan,Num. Obs. SSHscan,AUC_SSHscan,Precision-UDPscan,Recall-UDPscan,F1_score_UDPscan,Num. Obs. UDPscan,AUC_UDPscan,Precision-Spam,Recall-Spam,F1_score_Spam,Num. Obs. Spam,AUC_Spam,Precision-w,Recall-w,F1_score_w,Total Obs.,AUC_w,Time
18,2,84,0.8298510350164442,0.9186208373487526,0.8719825176602124,9339,0.8275106284750656,1.0,0.9330143540669856,0.9653465346534654,209,0.9665071770334928,0.9903381642512077,0.9490740740740741,0.9692671394799054,216,0.9744737298706658,1.0,0.8686868686868687,0.9297297297297298,99,0.9343434343434344,0.0,0.0,0.0,19,0.5,0.8,0.4444444444444444,0.5714285714285714,9,0.7221909780804987,0.8480421992290526,0.6828949518052606,0.7565610859728507,6121,0.8035847724348313,0.8412414539706385,0.8274419185610792,0.8295441149091228,16012,0.822373856848428,30755.617993354797
