Rep.,Kfold,Num. Vars.,Precision-Background,Recall-Background,F1_score_Background,Num. Obs. Background,AUC_Background,Precision-DoS,Recall-DoS,F1_score_DoS,Num. Obs. Dos,AUC_DoS,Precision-Botnet,Recall-Botnet,F1_score_Botnet,Num. Obs. Botnet,AUC_Botnet,Precision-Scan,Recall-Scan,F1_score_Scan,Num. Obs. Scan,AUC_Scan,Precision-SSHscan,Recall-SSHscan,F1_score_SSHscan,Num. Obs. SSHscan,AUC_SSHscan,Precision-UDPscan,Recall-UDPscan,F1_score_UDPscan,Num. Obs. UDPscan,AUC_UDPscan,Precision-Spam,Recall-Spam,F1_score_Spam,Num. Obs. Spam,AUC_Spam,Precision-w,Recall-w,F1_score_w,Total Obs.,AUC_w,Time
16,1,90,0.8238524911730091,0.8993576017130621,0.85995085995086,2335,0.8150864747174424,0.9361702127659575,0.8461538461538461,0.8888888888888888,52,0.9226972723555866,0.9795918367346939,0.9056603773584906,0.9411764705882353,53,0.9527036064007643,1.0,0.88,0.9361702127659575,25,0.94,0.0,0.0,0.0,5,0.5,0.5,0.5,0.5,2,0.7498750312421895,0.8383838383838383,0.5963422599608099,0.6969465648854961,1531,0.7625724244787868,0.8328404801062707,0.781413939545341,0.7982811089951287,4003,0.7985757181380131,20182.76811814308
