Rep.,Kfold,Num. Vars.,Precision-Background,Recall-Background,F1_score_Background,Num. Obs. Background,AUC_Background,Precision-DoS,Recall-DoS,F1_score_DoS,Num. Obs. Dos,AUC_DoS,Precision-Botnet,Recall-Botnet,F1_score_Botnet,Num. Obs. Botnet,AUC_Botnet,Precision-Scan,Recall-Scan,F1_score_Scan,Num. Obs. Scan,AUC_Scan,Precision-SSHscan,Recall-SSHscan,F1_score_SSHscan,Num. Obs. SSHscan,AUC_SSHscan,Precision-UDPscan,Recall-UDPscan,F1_score_UDPscan,Num. Obs. UDPscan,AUC_UDPscan,Precision-Spam,Recall-Spam,F1_score_Spam,Num. Obs. Spam,AUC_Spam,Precision-w,Recall-w,F1_score_w,Total Obs.,AUC_w,Time
1,2,87,0.8427746795812543,0.9223685619445336,0.8807770961145195,9339,0.8407917127972594,0.9655172413793104,0.8038277511961722,0.8772845953002611,209,0.9017240502374179,0.9607843137254902,0.9116279069767442,0.9355608591885441,215,0.9555607568812066,0.989247311827957,0.92,0.9533678756476685,100,0.9599685791491233,1.0,1.0,1.0,19,1.0,1.0,1.0,1.0,9,1.0,0.8552785352551616,0.7172492649460961,0.7802061122956645,6122,0.8210652350410392,0.851931205116061,0.8423780678198963,0.843679134003348,16013,0.83660887540616,24368.85522222519
