Rep.,Kfold,Num. Vars.,Precision-Background,Recall-Background,F1_score_Background,Num. Obs. Background,AUC_Background,Precision-DoS,Recall-DoS,F1_score_DoS,Num. Obs. Dos,AUC_DoS,Precision-Botnet,Recall-Botnet,F1_score_Botnet,Num. Obs. Botnet,AUC_Botnet,Precision-Scan,Recall-Scan,F1_score_Scan,Num. Obs. Scan,AUC_Scan,Precision-SSHscan,Recall-SSHscan,F1_score_SSHscan,Num. Obs. SSHscan,AUC_SSHscan,Precision-UDPscan,Recall-UDPscan,F1_score_UDPscan,Num. Obs. UDPscan,AUC_UDPscan,Precision-Spam,Recall-Spam,F1_score_Spam,Num. Obs. Spam,AUC_Spam,Precision-w,Recall-w,F1_score_w,Total Obs.,AUC_w,Time
12,4,90,0.8151515151515152,0.9220222793487575,0.8652995577000403,2334,0.8147281660532757,1.0,0.7692307692307693,0.8695652173913044,52,0.8846153846153846,0.94,0.8703703703703703,0.9038461538461539,54,0.9348052459754587,1.0,0.7916666666666666,0.8837209302325582,24,0.8958333333333333,0.0,0.0,0.0,5,0.5,1.0,0.5,0.6666666666666666,2,0.75,0.8515429524603837,0.666884389288047,0.747985347985348,1531,0.7974243880879734,0.8333423029936242,0.8195902048975512,0.8199256508516783,4002,0.8106975914576979,28666.606844186783
