Rep.,Kfold,Num. Vars.,Precision-Background,Recall-Background,F1_score_Background,Num. Obs. Background,AUC_Background,Precision-DoS,Recall-DoS,F1_score_DoS,Num. Obs. Dos,AUC_DoS,Precision-Botnet,Recall-Botnet,F1_score_Botnet,Num. Obs. Botnet,AUC_Botnet,Precision-Scan,Recall-Scan,F1_score_Scan,Num. Obs. Scan,AUC_Scan,Precision-SSHscan,Recall-SSHscan,F1_score_SSHscan,Num. Obs. SSHscan,AUC_SSHscan,Precision-UDPscan,Recall-UDPscan,F1_score_UDPscan,Num. Obs. UDPscan,AUC_UDPscan,Precision-Spam,Recall-Spam,F1_score_Spam,Num. Obs. Spam,AUC_Spam,Precision-w,Recall-w,F1_score_w,Total Obs.,AUC_w,Time
14,1,93,0.8388100330546374,0.9237687366167023,0.8792418220727606,9340,0.837689611754044,1.0,0.9569377990430622,0.9779951100244498,209,0.9784688995215312,0.9705882352941176,0.9166666666666666,0.9428571428571428,216,0.9581434478975462,1.0,0.9494949494949495,0.9740932642487047,99,0.9747474747474747,0.0,0.0,0.0,20,0.5,1.0,1.0,1.0,9,1.0,0.8735912847483095,0.759719046063378,0.8126856543770749,6122,0.8458455737746385,0.8560261387938178,0.8604433343740243,0.8555025631138877,16015,0.844785923270495,22481.41911959648
