Rep.,Kfold,Num. Vars.,Precision-Background,Recall-Background,F1_score_Background,Num. Obs. Background,AUC_Background,Precision-DoS,Recall-DoS,F1_score_DoS,Num. Obs. Dos,AUC_DoS,Precision-Botnet,Recall-Botnet,F1_score_Botnet,Num. Obs. Botnet,AUC_Botnet,Precision-Scan,Recall-Scan,F1_score_Scan,Num. Obs. Scan,AUC_Scan,Precision-SSHscan,Recall-SSHscan,F1_score_SSHscan,Num. Obs. SSHscan,AUC_SSHscan,Precision-UDPscan,Recall-UDPscan,F1_score_UDPscan,Num. Obs. UDPscan,AUC_UDPscan,Precision-Spam,Recall-Spam,F1_score_Spam,Num. Obs. Spam,AUC_Spam,Precision-w,Recall-w,F1_score_w,Total Obs.,AUC_w,Time
5,1,84,0.8168693009118541,0.9207708779443254,0.8657137104892288,2335,0.8159010265021387,0.9347826086956522,0.8269230769230769,0.8775510204081632,52,0.913081887740202,1.0,0.8888888888888888,0.9411764705882353,54,0.9444444444444444,0.8947368421052632,0.68,0.7727272727272727,25,0.8397486173956763,0.0,0.0,0.0,4,0.5,1.0,0.5,0.6666666666666666,2,0.75,0.8604282315622522,0.7086871325930765,0.7772206303724929,1531,0.81874486079492,0.8372926697116646,0.8353734698975768,0.8314948780207696,4003,0.8197854739837369,38552.198751449585
