Rep.,Kfold,Num. Vars.,Precision-Background,Recall-Background,F1_score_Background,Num. Obs. Background,AUC_Background,Precision-DoS,Recall-DoS,F1_score_DoS,Num. Obs. Dos,AUC_DoS,Precision-Botnet,Recall-Botnet,F1_score_Botnet,Num. Obs. Botnet,AUC_Botnet,Precision-Scan,Recall-Scan,F1_score_Scan,Num. Obs. Scan,AUC_Scan,Precision-SSHscan,Recall-SSHscan,F1_score_SSHscan,Num. Obs. SSHscan,AUC_SSHscan,Precision-UDPscan,Recall-UDPscan,F1_score_UDPscan,Num. Obs. UDPscan,AUC_UDPscan,Precision-Spam,Recall-Spam,F1_score_Spam,Num. Obs. Spam,AUC_Spam,Precision-w,Recall-w,F1_score_w,Total Obs.,AUC_w,Time
18,5,84,0.839073749756762,0.9234393404004712,0.8792373961360045,9339,0.8377688308716983,0.96,0.8038277511961722,0.875,209,0.9016923846475735,0.9710144927536232,0.9348837209302325,0.9526066350710901,215,0.9672519389660026,1.0,0.9494949494949495,0.9740932642487047,99,0.9747474747474747,1.0,1.0,1.0,19,1.0,1.0,1.0,1.0,8,1.0,0.875966069745523,0.7590656648154198,0.8133368338146495,6122,0.8462635432985987,0.8577966487978589,0.8594716132658797,0.8557595902085027,16011,0.8447105988916273,31809.44377017021
