Rep.,Kfold,Num. Vars.,Precision-Background,Recall-Background,F1_score_Background,Num. Obs. Background,AUC_Background,Precision-DoS,Recall-DoS,F1_score_DoS,Num. Obs. Dos,AUC_DoS,Precision-Botnet,Recall-Botnet,F1_score_Botnet,Num. Obs. Botnet,AUC_Botnet,Precision-Scan,Recall-Scan,F1_score_Scan,Num. Obs. Scan,AUC_Scan,Precision-SSHscan,Recall-SSHscan,F1_score_SSHscan,Num. Obs. SSHscan,AUC_SSHscan,Precision-UDPscan,Recall-UDPscan,F1_score_UDPscan,Num. Obs. UDPscan,AUC_UDPscan,Precision-Spam,Recall-Spam,F1_score_Spam,Num. Obs. Spam,AUC_Spam,Precision-w,Recall-w,F1_score_w,Total Obs.,AUC_w,Time
14,5,78,0.8724311158471609,0.9523097374543038,0.910622070390085,6018,0.8542462274702419,1.0,0.42168674698795183,0.5932203389830509,83,0.7108433734939759,1.0,0.01680672268907563,0.03305785123966942,119,0.5084033613445378,0.9142857142857143,0.9142857142857143,0.9142857142857143,35,0.9569836214740672,0.0,0.0,0.0,6,0.5,0.0,0.0,0.0,2,0.5,0.9028861154446178,0.725250626566416,0.8043780403057678,3192,0.8427466608802062,0.8848548847876715,0.8582760444209413,0.8601659964777002,9455,0.8448329524269832,4162.6168093681335
