Rep.,Kfold,Num. Vars.,Precision-Background,Recall-Background,F1_score_Background,Num. Obs. Background,AUC_Background,Precision-DoS,Recall-DoS,F1_score_DoS,Num. Obs. Dos,AUC_DoS,Precision-Botnet,Recall-Botnet,F1_score_Botnet,Num. Obs. Botnet,AUC_Botnet,Precision-Scan,Recall-Scan,F1_score_Scan,Num. Obs. Scan,AUC_Scan,Precision-SSHscan,Recall-SSHscan,F1_score_SSHscan,Num. Obs. SSHscan,AUC_SSHscan,Precision-UDPscan,Recall-UDPscan,F1_score_UDPscan,Num. Obs. UDPscan,AUC_UDPscan,Precision-Spam,Recall-Spam,F1_score_Spam,Num. Obs. Spam,AUC_Spam,Precision-w,Recall-w,F1_score_w,Total Obs.,AUC_w,Time
10,1,88,0.8642857142857143,0.9652650822669104,0.9119886943550287,6017,0.8498814494303985,1.0,0.3614457831325301,0.5309734513274336,83,0.6807228915662651,1.0,0.01694915254237288,0.03333333333333333,118,0.5084745762711864,0.9375,0.8571428571428571,0.8955223880597014,35,0.9284652376401341,0.0,0.0,0.0,5,0.5,0.0,0.0,0.0,2,0.5,0.9294898382413936,0.7020676691729323,0.7999286096733892,3192,0.8374555598260828,0.8888225990820642,0.8581252644942869,0.8590938964650092,9452,0.8399694362574025,5030.234915971756
