Rep.,Kfold,Num. Vars.,Precision-Background,Recall-Background,F1_score_Background,Num. Obs. Background,AUC_Background,Precision-DoS,Recall-DoS,F1_score_DoS,Num. Obs. Dos,AUC_DoS,Precision-Botnet,Recall-Botnet,F1_score_Botnet,Num. Obs. Botnet,AUC_Botnet,Precision-Scan,Recall-Scan,F1_score_Scan,Num. Obs. Scan,AUC_Scan,Precision-SSHscan,Recall-SSHscan,F1_score_SSHscan,Num. Obs. SSHscan,AUC_SSHscan,Precision-UDPscan,Recall-UDPscan,F1_score_UDPscan,Num. Obs. UDPscan,AUC_UDPscan,Precision-Spam,Recall-Spam,F1_score_Spam,Num. Obs. Spam,AUC_Spam,Precision-w,Recall-w,F1_score_w,Total Obs.,AUC_w,Time
19,4,82,0.8702450759284318,0.961781322698571,0.9137264188175862,6018,0.8553816444790122,1.0,0.39759036144578314,0.5689655172413793,83,0.6987951807228916,1.0,0.025210084033613446,0.049180327868852465,119,0.5126050420168067,0.825,0.9166666666666666,0.8684210526315789,36,0.9579617834394902,0.0,0.0,0.0,6,0.5,0.0,0.0,0.0,1,0.5,0.9191385615603413,0.7084246789852803,0.8001414927484967,3193,0.8383253843593176,0.8887102679779476,0.8586082910321489,0.8606172937428456,9456,0.8440615813174511,4286.97638964653
