Rep.,Kfold,Num. Vars.,Precision-Background,Recall-Background,F1_score_Background,Num. Obs. Background,AUC_Background,Precision-DoS,Recall-DoS,F1_score_DoS,Num. Obs. Dos,AUC_DoS,Precision-Botnet,Recall-Botnet,F1_score_Botnet,Num. Obs. Botnet,AUC_Botnet,Precision-Scan,Recall-Scan,F1_score_Scan,Num. Obs. Scan,AUC_Scan,Precision-SSHscan,Recall-SSHscan,F1_score_SSHscan,Num. Obs. SSHscan,AUC_SSHscan,Precision-UDPscan,Recall-UDPscan,F1_score_UDPscan,Num. Obs. UDPscan,AUC_UDPscan,Precision-Spam,Recall-Spam,F1_score_Spam,Num. Obs. Spam,AUC_Spam,Precision-w,Recall-w,F1_score_w,Total Obs.,AUC_w,Time
18,3,84,0.8731523378582202,0.9622672872340425,0.9155464178396331,6016,0.8587885752434397,1.0,0.5119047619047619,0.6771653543307087,84,0.7559523809523809,1.0,0.03389830508474576,0.06557377049180328,118,0.5169491525423728,0.967741935483871,0.8333333333333334,0.8955223880597015,36,0.9166135712010195,0.0,0.0,0.0,5,0.5,0.0,0.0,0.0,2,0.5,0.923479661699557,0.718358395989975,0.8081057268722467,3192,0.8440059029941888,0.8925706394136738,0.8631122395006876,0.8657843150905962,9453,0.8485705066735661,4102.051085233688
