Rep.,Kfold,Num. Vars.,Precision-Background,Recall-Background,F1_score_Background,Num. Obs. Background,AUC_Background,Precision-DoS,Recall-DoS,F1_score_DoS,Num. Obs. Dos,AUC_DoS,Precision-Botnet,Recall-Botnet,F1_score_Botnet,Num. Obs. Botnet,AUC_Botnet,Precision-Scan,Recall-Scan,F1_score_Scan,Num. Obs. Scan,AUC_Scan,Precision-SSHscan,Recall-SSHscan,F1_score_SSHscan,Num. Obs. SSHscan,AUC_SSHscan,Precision-UDPscan,Recall-UDPscan,F1_score_UDPscan,Num. Obs. UDPscan,AUC_UDPscan,Precision-Spam,Recall-Spam,F1_score_Spam,Num. Obs. Spam,AUC_Spam,Precision-w,Recall-w,F1_score_w,Total Obs.,AUC_w,Time
2,5,86,0.8716986794717887,0.9654312780455376,0.9161738033278133,6017,0.8582614905511531,1.0,0.5180722891566265,0.6825396825396826,83,0.7590361445783133,1.0,0.01680672268907563,0.03305785123966942,119,0.5084033613445378,0.96875,0.8857142857142857,0.9253731343283582,35,0.9428040473914956,0.0,0.0,0.0,5,0.5,0.0,0.0,0.0,2,0.5,0.9269572235673931,0.7198370416797242,0.8103721996824836,3191,0.8454639608654171,0.8928097444758043,0.8656369022429116,0.8666407322746575,9452,0.8487127623176616,4829.4771292209625
