Rep.,Kfold,Num. Vars.,Precision-Background,Recall-Background,F1_score_Background,Num. Obs. Background,AUC_Background,Precision-DoS,Recall-DoS,F1_score_DoS,Num. Obs. Dos,AUC_DoS,Precision-Botnet,Recall-Botnet,F1_score_Botnet,Num. Obs. Botnet,AUC_Botnet,Precision-Scan,Recall-Scan,F1_score_Scan,Num. Obs. Scan,AUC_Scan,Precision-SSHscan,Recall-SSHscan,F1_score_SSHscan,Num. Obs. SSHscan,AUC_SSHscan,Precision-UDPscan,Recall-UDPscan,F1_score_UDPscan,Num. Obs. UDPscan,AUC_UDPscan,Precision-Spam,Recall-Spam,F1_score_Spam,Num. Obs. Spam,AUC_Spam,Precision-w,Recall-w,F1_score_w,Total Obs.,AUC_w,Time
3,2,82,0.8621203097081597,0.9621136590229312,0.9093764724359981,6018,0.8462678921024409,0.9642857142857143,0.3253012048192771,0.48648648648648646,83,0.6625972406166823,1.0,0.008403361344537815,0.016666666666666666,119,0.5042016806722689,0.8611111111111112,0.8857142857142857,0.8732394366197184,35,0.942591693717198,0.0,0.0,0.0,5,0.5,0.0,0.0,0.0,1,0.5,0.9163179916317992,0.6860902255639098,0.7846649946255821,3192,0.82707322330743,0.8825030843422206,0.8504178567650481,0.8516030218933774,9453,0.834004462469173,4037.950902938843
