Rep.,Kfold,Num. Vars.,Precision-Background,Recall-Background,F1_score_Background,Num. Obs. Background,AUC_Background,Precision-DoS,Recall-DoS,F1_score_DoS,Num. Obs. Dos,AUC_DoS,Precision-Botnet,Recall-Botnet,F1_score_Botnet,Num. Obs. Botnet,AUC_Botnet,Precision-Scan,Recall-Scan,F1_score_Scan,Num. Obs. Scan,AUC_Scan,Precision-SSHscan,Recall-SSHscan,F1_score_SSHscan,Num. Obs. SSHscan,AUC_SSHscan,Precision-UDPscan,Recall-UDPscan,F1_score_UDPscan,Num. Obs. UDPscan,AUC_UDPscan,Precision-Spam,Recall-Spam,F1_score_Spam,Num. Obs. Spam,AUC_Spam,Precision-w,Recall-w,F1_score_w,Total Obs.,AUC_w,Time
3,5,82,0.874602453430259,0.9596211365902293,0.9151414309484194,6018,0.8593566840937762,0.9767441860465116,0.5060240963855421,0.6666666666666666,83,0.7529586977873081,1.0,0.03361344537815126,0.06504065040650406,119,0.5168067226890757,0.9666666666666667,0.8285714285714286,0.8923076923076922,35,0.914232635729451,0.0,0.0,0.0,6,0.5,0.0,0.0,0.0,2,0.5,0.9198412698412698,0.7261904761904762,0.8116246498599439,3192,0.8469687811257347,0.8919507137865494,0.863881544156531,0.866454886701534,9455,0.8498283012582303,3880.138742208481
