Rep.,Kfold,Num. Vars.,Precision-Background,Recall-Background,F1_score_Background,Num. Obs. Background,AUC_Background,Precision-DoS,Recall-DoS,F1_score_DoS,Num. Obs. Dos,AUC_DoS,Precision-Botnet,Recall-Botnet,F1_score_Botnet,Num. Obs. Botnet,AUC_Botnet,Precision-Scan,Recall-Scan,F1_score_Scan,Num. Obs. Scan,AUC_Scan,Precision-SSHscan,Recall-SSHscan,F1_score_SSHscan,Num. Obs. SSHscan,AUC_SSHscan,Precision-UDPscan,Recall-UDPscan,F1_score_UDPscan,Num. Obs. UDPscan,AUC_UDPscan,Precision-Spam,Recall-Spam,F1_score_Spam,Num. Obs. Spam,AUC_Spam,Precision-w,Recall-w,F1_score_w,Total Obs.,AUC_w,Time
8,3,90,0.864683014354067,0.9609504818876703,0.9102786085314024,6018,0.8487430720937623,0.9655172413793104,0.3373493975903614,0.5,83,0.6686213370022245,1.0,0.01694915254237288,0.03333333333333333,118,0.5084745762711864,0.9117647058823529,0.8611111111111112,0.8857142857142858,36,0.930396269158614,0.0,0.0,0.0,5,0.5,0.0,0.0,0.0,1,0.5,0.9126886984904121,0.7008145363408521,0.7928406875775296,3192,0.8333173464326844,0.8830980817106123,0.8548608907225219,0.8554028550204699,9453,0.8377948391340618,4146.314485549927
