Rep,Kfold,Num_Vars_,Precision_background,Recall_background,F1_score_background,Num_Obs_background,AUC_background,Accuracy_background,Precision_dos,Recall_dos,F1_score_dos,Num_Obs_dos,AUC_dos,Accuracy_dos,Precision_scan,Recall_scan,F1_score_scan,Num_Obs_scan,AUC_scan,Accuracy_scan,Precision_w,Recall_w,F1_score_w,Total_Obs,AUC_w,Accuracy_w,Hyper_time,Training_time,Testing_time,Total_time
1.0,1.0,53.0,0.5681818181818182,0.006424533150591057,0.012705404031848212,11674.0,0.4291862925493215,0.033419023136246784,0.016407674277281015,0.7241379310344828,0.03208828522920203,261.0,0.381902835664724,0.05448212952981176,0.0,0.0,0.0,124.0,0.48177628822790114,0.9536445808110126,0.5503969606468958,0.02189236255079194,0.012994272254135313,12059.0,0.4287036801616662,0.04333737788542925,0.0,5.01929235458374,0.05588483810424805,7.432162046432495
