{"C": 0.2422177518749891, "gamma": 0.12556861674008396}