{"C": 0.15226533950655605, "gamma": 0.5375985042396706}