Rep,Kfold,Num_Vars_,Precision_background,Recall_background,F1_score_background,Num_Obs_background,AUC_background,Accuracy_background,Precision_dos,Recall_dos,F1_score_dos,Num_Obs_dos,AUC_dos,Accuracy_dos,Precision_nerisbotnet,Recall_nerisbotnet,F1_score_nerisbotnet,Num_Obs_nerisbotnet,AUC_nerisbotnet,Accuracy_nerisbotnet,Precision_scan,Recall_scan,F1_score_scan,Num_Obs_scan,AUC_scan,Accuracy_scan,Precision_sshscan,Recall_sshscan,F1_score_sshscan,Num_Obs_sshscan,AUC_sshscan,Accuracy_sshscan,Precision_udpscan,Recall_udpscan,F1_score_udpscan,Num_Obs_udpscan,AUC_udpscan,Accuracy_udpscan,Precision_spam,Recall_spam,F1_score_spam,Num_Obs_spam,AUC_spam,Accuracy_spam,Precision_w,Recall_w,F1_score_w,Total_Obs,AUC_w,Accuracy_w,Hyper_time,Training_time,Testing_time,Total_time
10.0,5.0,87.0,0.8219341379824169,0.9165835825855766,0.8666823788200172,6018.0,0.7843977284289931,0.8204992595726677,0.9518072289156626,0.9518072289156626,0.9518072289156626,83.0,0.975690190063423,0.9991537973344616,0.9722222222222222,0.8823529411764706,0.9251101321585902,119.0,0.9410157849963766,0.9982018193357309,0.6326530612244898,0.8857142857142857,0.7380952380952381,35.0,0.9419016274096431,0.9976729426697694,0.0,0.0,0.0,5.0,0.49973542173775004,0.998942246668077,0.0,0.0,0.0,2.0,0.4999471011426153,0.9996826740004231,0.7926158680282797,0.6322055137844611,0.7033809689787381,3192.0,0.7739437022770916,0.8199703829067062,0.8137578585478903,0.8196530569071293,0.8119111537739794,9454.0,0.7848912756308759,0.8249141546013345,0.0,4.440970420837402,0.03967142105102539,6.1989357471466064
