Rep,Kfold,Num_Vars_,Precision_background,Recall_background,F1_score_background,Num_Obs_background,AUC_background,Accuracy_background,Precision_dos,Recall_dos,F1_score_dos,Num_Obs_dos,AUC_dos,Accuracy_dos,Precision_nerisbotnet,Recall_nerisbotnet,F1_score_nerisbotnet,Num_Obs_nerisbotnet,AUC_nerisbotnet,Accuracy_nerisbotnet,Precision_scan,Recall_scan,F1_score_scan,Num_Obs_scan,AUC_scan,Accuracy_scan,Precision_sshscan,Recall_sshscan,F1_score_sshscan,Num_Obs_sshscan,AUC_sshscan,Accuracy_sshscan,Precision_udpscan,Recall_udpscan,F1_score_udpscan,Num_Obs_udpscan,AUC_udpscan,Accuracy_udpscan,Precision_spam,Recall_spam,F1_score_spam,Num_Obs_spam,AUC_spam,Accuracy_spam,Precision_w,Recall_w,F1_score_w,Total_Obs,AUC_w,Accuracy_w,Hyper_time,Training_time,Testing_time,Total_time
10.0,2.0,88.0,0.8082810905379793,0.9212362911266201,0.8610701250291216,6018.0,0.7692619173910167,0.8107679289189761,0.9058823529411765,0.927710843373494,0.9166666666666667,83.0,0.9634285728979305,0.9985191453353078,0.9545454545454546,0.8823529411764706,0.9170305676855895,119.0,0.940908661268471,0.9979902686693463,0.8918918918918919,0.9428571428571428,0.9166666666666667,35.0,0.9712162346624603,0.9993653480008462,0.0,0.0,0.0,5.0,0.49994708434755003,0.9993653480008462,0.25,0.5,0.3333333333333333,2.0,0.7498413034278459,0.9995768986672308,0.7949461474730737,0.6011904761904762,0.6846236175526221,3192.0,0.7610711243935454,0.8129892109160144,0.8062406458845836,0.8122487835836683,0.8023269061287437,9454.0,0.7709627603561022,0.8163607632991504,0.0,5.310314178466797,0.0265810489654541,7.423417568206787
