Rep,Kfold,Num_Vars_,Precision_background,Recall_background,F1_score_background,Num_Obs_background,AUC_background,Accuracy_background,Precision_dos,Recall_dos,F1_score_dos,Num_Obs_dos,AUC_dos,Accuracy_dos,Precision_nerisbotnet,Recall_nerisbotnet,F1_score_nerisbotnet,Num_Obs_nerisbotnet,AUC_nerisbotnet,Accuracy_nerisbotnet,Precision_scan,Recall_scan,F1_score_scan,Num_Obs_scan,AUC_scan,Accuracy_scan,Precision_sshscan,Recall_sshscan,F1_score_sshscan,Num_Obs_sshscan,AUC_sshscan,Accuracy_sshscan,Precision_udpscan,Recall_udpscan,F1_score_udpscan,Num_Obs_udpscan,AUC_udpscan,Accuracy_udpscan,Precision_spam,Recall_spam,F1_score_spam,Num_Obs_spam,AUC_spam,Accuracy_spam,Precision_w,Recall_w,F1_score_w,Total_Obs,AUC_w,Accuracy_w,Hyper_time,Training_time,Testing_time,Total_time
1.0,1.0,84.0,0.8152840512651023,0.9222748421402459,0.8654854491940042,24072.0,0.7781617935692134,0.8175159319882592,0.9968454258675079,0.948948948948949,0.9723076923076923,333.0,0.9744611354498239,0.9995240235872755,0.9797297297297297,0.9157894736842105,0.9466811751904244,475.0,0.9577742291028304,0.9987042864320279,1.0,0.9785714285714285,0.9891696750902527,140.0,0.9892857142857143,0.9999206705978793,1.0,0.045454545454545456,0.08695652173913045,22.0,0.5227272727272727,0.9994446941851548,1.0,1.0,1.0,7.0,1.0,1.0,0.8102390522530146,0.599937343358396,0.6894068940689407,12768.0,0.7641588589122214,0.817489488854219,0.8180704722652652,0.8133114736758601,0.8080271246850653,37817.0,0.7780926388216406,0.8222003866403363,0.0,4.589614152908325,0.010959863662719727,6.300609588623047
