Rep,Kfold,Num_Vars_,Precision_background,Recall_background,F1_score_background,Num_Obs_background,AUC_background,Accuracy_background,Precision_dos,Recall_dos,F1_score_dos,Num_Obs_dos,AUC_dos,Accuracy_dos,Precision_nerisbotnet,Recall_nerisbotnet,F1_score_nerisbotnet,Num_Obs_nerisbotnet,AUC_nerisbotnet,Accuracy_nerisbotnet,Precision_scan,Recall_scan,F1_score_scan,Num_Obs_scan,AUC_scan,Accuracy_scan,Precision_sshscan,Recall_sshscan,F1_score_sshscan,Num_Obs_sshscan,AUC_sshscan,Accuracy_sshscan,Precision_udpscan,Recall_udpscan,F1_score_udpscan,Num_Obs_udpscan,AUC_udpscan,Accuracy_udpscan,Precision_spam,Recall_spam,F1_score_spam,Num_Obs_spam,AUC_spam,Accuracy_spam,Precision_w,Recall_w,F1_score_w,Total_Obs,AUC_w,Accuracy_w,Hyper_time,Training_time,Testing_time,Total_time
14.0,4.0,86.0,0.8155635456413267,0.923399659369418,0.8661380506146622,24073.0,0.7788732367257332,0.8183284418709182,0.9968454258675079,0.948948948948949,0.9723076923076923,333.0,0.9744611368731086,0.9995240739271833,0.9813953488372092,0.888421052631579,0.932596685082873,475.0,0.944103419798358,0.998387139419899,0.9928571428571429,0.9858156028368794,0.9893238434163701,141.0,0.9928945317793738,0.9999206789878639,0.0,0.0,0.0,22.0,0.499986772136829,0.9993918722402898,1.0,1.0,1.0,8.0,1.0,1.0,0.8118969356377903,0.5996554154593156,0.6898198198198198,12769.0,0.7644213529476045,0.8179318368102377,0.8182300409835016,0.8135956214801301,0.8083632669839661,37821.0,0.7784737104898707,0.8228720300932635,0.0,5.521614074707031,0.09313035011291504,8.315319776535034
