Rep,Kfold,Num_Vars_,Precision_background,Recall_background,F1_score_background,Num_Obs_background,AUC_background,Accuracy_background,Precision_dos,Recall_dos,F1_score_dos,Num_Obs_dos,AUC_dos,Accuracy_dos,Precision_nerisbotnet,Recall_nerisbotnet,F1_score_nerisbotnet,Num_Obs_nerisbotnet,AUC_nerisbotnet,Accuracy_nerisbotnet,Precision_scan,Recall_scan,F1_score_scan,Num_Obs_scan,AUC_scan,Accuracy_scan,Precision_sshscan,Recall_sshscan,F1_score_sshscan,Num_Obs_sshscan,AUC_sshscan,Accuracy_sshscan,Precision_udpscan,Recall_udpscan,F1_score_udpscan,Num_Obs_udpscan,AUC_udpscan,Accuracy_udpscan,Precision_spam,Recall_spam,F1_score_spam,Num_Obs_spam,AUC_spam,Accuracy_spam,Precision_w,Recall_w,F1_score_w,Total_Obs,AUC_w,Accuracy_w,Hyper_time,Training_time,Testing_time,Total_time
14.0,5.0,78.0,0.8150442477876106,0.9182452642073778,0.8635724331926864,6018.0,0.7767491591542998,0.8153553299492385,0.971830985915493,0.8313253012048193,0.8961038961038961,83.0,0.9155559611753319,0.9983079526226735,0.9714285714285714,0.8571428571428571,0.9107142857142857,119.0,0.9284107773986751,0.9978849407783418,0.9117647058823529,0.8857142857142857,0.8985507246376812,35.0,0.9426979240905574,0.9992597292724196,0.0,0.0,0.0,6.0,0.5,0.9993654822335025,0.16666666666666666,0.5,0.25,2.0,0.7497355616670193,0.9993654822335025,0.8111254851228978,0.5891011587848418,0.6825108853410741,3193.0,0.7595833113100322,0.814932318104907,0.8167689326410168,0.8047800338409475,0.8027640713395282,9456.0,0.7745126775124794,0.8199517924858495,0.0,5.301622152328491,0.042438507080078125,8.036859035491943
