Rep,Kfold,Num_Vars_,Precision_background,Recall_background,F1_score_background,Num_Obs_background,AUC_background,Accuracy_background,Precision_dos,Recall_dos,F1_score_dos,Num_Obs_dos,AUC_dos,Accuracy_dos,Precision_nerisbotnet,Recall_nerisbotnet,F1_score_nerisbotnet,Num_Obs_nerisbotnet,AUC_nerisbotnet,Accuracy_nerisbotnet,Precision_scan,Recall_scan,F1_score_scan,Num_Obs_scan,AUC_scan,Accuracy_scan,Precision_sshscan,Recall_sshscan,F1_score_sshscan,Num_Obs_sshscan,AUC_sshscan,Accuracy_sshscan,Precision_udpscan,Recall_udpscan,F1_score_udpscan,Num_Obs_udpscan,AUC_udpscan,Accuracy_udpscan,Precision_spam,Recall_spam,F1_score_spam,Num_Obs_spam,AUC_spam,Accuracy_spam,Precision_w,Recall_w,F1_score_w,Total_Obs,AUC_w,Accuracy_w,Hyper_time,Training_time,Testing_time,Total_time
17.0,4.0,86.0,0.8127745241581259,0.922402691812404,0.8641254645574299,24073.0,0.775147221069886,0.8153573600571141,0.9968553459119497,0.9491017964071856,0.9723926380368099,334.0,0.9745375595347919,0.9995240487585605,0.9795918367346939,0.9094736842105263,0.9432314410480349,475.0,0.9546163408199161,0.9986250297469526,1.0,0.9642857142857143,0.9818181818181818,140.0,0.9821428571428572,0.9998677913218224,1.0,0.047619047619047616,0.0909090909090909,21.0,0.5238095238095238,0.9994711652872894,1.0,1.0,1.0,7.0,1.0,1.0,0.8074593560726809,0.5951131646957475,0.6852119026149683,12769.0,0.7613889176772151,0.8153838017927497,0.8155325483416852,0.8116555170681403,0.8056992729777965,37819.0,0.7751852891247732,0.8201140114867602,0.0,4.093576669692993,0.07060647010803223,5.901124477386475
