Rep,Kfold,Num_Vars_,Precision_background,Recall_background,F1_score_background,Num_Obs_background,AUC_background,Accuracy_background,Precision_dos,Recall_dos,F1_score_dos,Num_Obs_dos,AUC_dos,Accuracy_dos,Precision_nerisbotnet,Recall_nerisbotnet,F1_score_nerisbotnet,Num_Obs_nerisbotnet,AUC_nerisbotnet,Accuracy_nerisbotnet,Precision_scan,Recall_scan,F1_score_scan,Num_Obs_scan,AUC_scan,Accuracy_scan,Precision_sshscan,Recall_sshscan,F1_score_sshscan,Num_Obs_sshscan,AUC_sshscan,Accuracy_sshscan,Precision_udpscan,Recall_udpscan,F1_score_udpscan,Num_Obs_udpscan,AUC_udpscan,Accuracy_udpscan,Precision_spam,Recall_spam,F1_score_spam,Num_Obs_spam,AUC_spam,Accuracy_spam,Precision_w,Recall_w,F1_score_w,Total_Obs,AUC_w,Accuracy_w,Hyper_time,Training_time,Testing_time,Total_time
13.0,3.0,87.0,0.8119058066403393,0.922399468261881,0.8636328276935045,6018.0,0.7741723926533373,0.8146150592216582,0.9367088607594937,0.891566265060241,0.9135802469135801,83.0,0.9455164089624261,0.9985194585448393,0.9905660377358491,0.8823529411764706,0.9333333333333333,119.0,0.9411229201973174,0.9984137055837563,0.7391304347826086,0.9444444444444444,0.8292682926829269,36.0,0.971585279547063,0.9985194585448393,0.0,0.0,0.0,6.0,0.49994708994709,0.9992597292724196,0.0,0.0,0.0,2.0,0.5,0.9997884940778342,0.7993421052631579,0.6090225563909775,0.6913229018492176,3192.0,0.7655585323461912,0.8164128595600677,0.8100446313396086,0.8151438240270727,0.8059213774808895,9456.0,0.7753892276107831,0.8200056531310034,0.0,5.066980361938477,0.04687643051147461,7.2606611251831055
