Rep,Kfold,Num_Vars_,Precision_background,Recall_background,F1_score_background,Num_Obs_background,AUC_background,Accuracy_background,Precision_dos,Recall_dos,F1_score_dos,Num_Obs_dos,AUC_dos,Accuracy_dos,Precision_nerisbotnet,Recall_nerisbotnet,F1_score_nerisbotnet,Num_Obs_nerisbotnet,AUC_nerisbotnet,Accuracy_nerisbotnet,Precision_scan,Recall_scan,F1_score_scan,Num_Obs_scan,AUC_scan,Accuracy_scan,Precision_sshscan,Recall_sshscan,F1_score_sshscan,Num_Obs_sshscan,AUC_sshscan,Accuracy_sshscan,Precision_udpscan,Recall_udpscan,F1_score_udpscan,Num_Obs_udpscan,AUC_udpscan,Accuracy_udpscan,Precision_spam,Recall_spam,F1_score_spam,Num_Obs_spam,AUC_spam,Accuracy_spam,Precision_w,Recall_w,F1_score_w,Total_Obs,AUC_w,Accuracy_w,Hyper_time,Training_time,Testing_time,Total_time
15.0,2.0,77.0,0.8139603125114624,0.9218211274041457,0.8645395044413277,24073.0,0.7764339506228557,0.8161290322580645,0.9904761904761905,0.9341317365269461,0.9614791987673345,334.0,0.9670258533245626,0.9993389740877843,0.9795454545454545,0.9073684210526316,0.9420765027322404,475.0,0.9535637124676735,0.9985986250661026,0.9926470588235294,0.9642857142857143,0.9782608695652174,140.0,0.9821295875037913,0.9998413537810682,0.0,0.0,0.0,21.0,0.499986772136829,0.9994182971972502,1.0,1.0,1.0,8.0,1.0,1.0,0.8110756123535676,0.596444514057483,0.6873956405974999,12769.0,0.7628144888757736,0.8168429402432575,0.8168737393970008,0.8115547329455315,0.806530706983892,37820.0,0.776398729896793,0.8211004980311145,0.0,2.8583099842071533,0.007400989532470703,3.990111827850342
