Rep,Kfold,Num_Vars_,Precision_background,Recall_background,F1_score_background,Num_Obs_background,AUC_background,Accuracy_background,Precision_dos,Recall_dos,F1_score_dos,Num_Obs_dos,AUC_dos,Accuracy_dos,Precision_nerisbotnet,Recall_nerisbotnet,F1_score_nerisbotnet,Num_Obs_nerisbotnet,AUC_nerisbotnet,Accuracy_nerisbotnet,Precision_scan,Recall_scan,F1_score_scan,Num_Obs_scan,AUC_scan,Accuracy_scan,Precision_sshscan,Recall_sshscan,F1_score_sshscan,Num_Obs_sshscan,AUC_sshscan,Accuracy_sshscan,Precision_udpscan,Recall_udpscan,F1_score_udpscan,Num_Obs_udpscan,AUC_udpscan,Accuracy_udpscan,Precision_spam,Recall_spam,F1_score_spam,Num_Obs_spam,AUC_spam,Accuracy_spam,Precision_w,Recall_w,F1_score_w,Total_Obs,AUC_w,Accuracy_w,Hyper_time,Training_time,Testing_time,Total_time
14.0,1.0,80.0,0.8098920338488473,0.922399468261881,0.8624922311995028,6018.0,0.771589722489497,0.8127776602496298,0.9382716049382716,0.9156626506024096,0.9268292682926829,83.0,0.9575645448081943,0.9987306960016924,0.9454545454545454,0.8739495798319328,0.9082969432314411,119.0,0.9366534187322493,0.9977787180029617,0.8292682926829268,0.9714285714285714,0.8947368421052632,35.0,0.9853426963735913,0.9991537973344616,0.0,0.0,0.0,5.0,0.4998941686951,0.9992595726676539,0.14285714285714285,0.5,0.22222222222222224,2.0,0.749682606855692,0.9992595726676539,0.7959687371452078,0.606203007518797,0.6882447092299484,3192.0,0.7634975433633588,0.8145758409138989,0.8075267830884759,0.8145758409138989,0.8043293588588498,9454.0,0.7732109744908097,0.8181740595203416,0.0,4.960691452026367,0.0391538143157959,7.1991448402404785
