Rep,Kfold,Num_Vars_,Precision_background,Recall_background,F1_score_background,Num_Obs_background,AUC_background,Accuracy_background,Precision_dos,Recall_dos,F1_score_dos,Num_Obs_dos,AUC_dos,Accuracy_dos,Precision_nerisbotnet,Recall_nerisbotnet,F1_score_nerisbotnet,Num_Obs_nerisbotnet,AUC_nerisbotnet,Accuracy_nerisbotnet,Precision_scan,Recall_scan,F1_score_scan,Num_Obs_scan,AUC_scan,Accuracy_scan,Precision_sshscan,Recall_sshscan,F1_score_sshscan,Num_Obs_sshscan,AUC_sshscan,Accuracy_sshscan,Precision_udpscan,Recall_udpscan,F1_score_udpscan,Num_Obs_udpscan,AUC_udpscan,Accuracy_udpscan,Precision_spam,Recall_spam,F1_score_spam,Num_Obs_spam,AUC_spam,Accuracy_spam,Precision_w,Recall_w,F1_score_w,Total_Obs,AUC_w,Accuracy_w,Hyper_time,Training_time,Testing_time,Total_time
15.0,1.0,79.0,0.8150989099717401,0.9226071784646062,0.8655273875172937,24072.0,0.7780636096003833,0.8175255823792273,0.996875,0.9579579579579579,0.9770290964777947,333.0,0.9789656406660087,0.9996033739654671,0.9816091954022989,0.8989473684210526,0.9384615384615385,475.0,0.9493665719568845,0.9985192628044105,1.0,0.9787234042553191,0.989247311827957,141.0,0.9893617021276595,0.9999206747930934,1.0,0.045454545454545456,0.08695652173913045,22.0,0.5227272727272727,0.9994447235516539,1.0,1.0,1.0,7.0,1.0,1.0,0.8116416649059793,0.6016915968360874,0.6910726332358893,12769.0,0.7652569760627543,0.8183717179195642,0.8184546688923628,0.8139823898040668,0.8085565075873954,37819.0,0.7783404695435374,0.8225073496806957,0.0,3.9398927688598633,0.007971048355102539,5.4334259033203125
