Rep,Kfold,Num_Vars_,Precision_background,Recall_background,F1_score_background,Num_Obs_background,AUC_background,Accuracy_background,Precision_dos,Recall_dos,F1_score_dos,Num_Obs_dos,AUC_dos,Accuracy_dos,Precision_nerisbotnet,Recall_nerisbotnet,F1_score_nerisbotnet,Num_Obs_nerisbotnet,AUC_nerisbotnet,Accuracy_nerisbotnet,Precision_scan,Recall_scan,F1_score_scan,Num_Obs_scan,AUC_scan,Accuracy_scan,Precision_sshscan,Recall_sshscan,F1_score_sshscan,Num_Obs_sshscan,AUC_sshscan,Accuracy_sshscan,Precision_udpscan,Recall_udpscan,F1_score_udpscan,Num_Obs_udpscan,AUC_udpscan,Accuracy_udpscan,Precision_spam,Recall_spam,F1_score_spam,Num_Obs_spam,AUC_spam,Accuracy_spam,Precision_w,Recall_w,F1_score_w,Total_Obs,AUC_w,Accuracy_w,Hyper_time,Training_time,Testing_time,Total_time
18.0,4.0,88.0,0.8177230221166691,0.9154204054503157,0.8638181105448843,6018.0,0.7790140444015257,0.8162682462449756,0.9210526315789473,0.8433734939759037,0.8805031446540881,83.0,0.9213666103963394,0.9979902686693463,0.9642857142857143,0.907563025210084,0.935064935064935,119.0,0.9535672651492305,0.9984133700021155,0.8,0.9142857142857143,0.8533333333333333,35.0,0.956718183610635,0.9988364713348847,0.0,0.0,0.0,5.0,0.49994708434755003,0.9993653480008462,0.0,0.0,0.0,2.0,0.4998942022852306,0.9995768986672308,0.8008456659619451,0.593358395989975,0.6816627676804031,3192.0,0.7590714049576192,0.8128834355828221,0.8141055512237885,0.8052676115929766,0.802680992028839,9454.0,0.7761788700340002,0.8198250341280409,0.0,5.079056262969971,0.024250268936157227,7.216721534729004
