Rep,Kfold,Num_Vars_,Precision_background,Recall_background,F1_score_background,Num_Obs_background,AUC_background,Accuracy_background,Precision_dos,Recall_dos,F1_score_dos,Num_Obs_dos,AUC_dos,Accuracy_dos,Precision_nerisbotnet,Recall_nerisbotnet,F1_score_nerisbotnet,Num_Obs_nerisbotnet,AUC_nerisbotnet,Accuracy_nerisbotnet,Precision_scan,Recall_scan,F1_score_scan,Num_Obs_scan,AUC_scan,Accuracy_scan,Precision_sshscan,Recall_sshscan,F1_score_sshscan,Num_Obs_sshscan,AUC_sshscan,Accuracy_sshscan,Precision_udpscan,Recall_udpscan,F1_score_udpscan,Num_Obs_udpscan,AUC_udpscan,Accuracy_udpscan,Precision_spam,Recall_spam,F1_score_spam,Num_Obs_spam,AUC_spam,Accuracy_spam,Precision_w,Recall_w,F1_score_w,Total_Obs,AUC_w,Accuracy_w,Hyper_time,Training_time,Testing_time,Total_time
18.0,5.0,82.0,0.8168832603173435,0.9217380467743945,0.8661488016238582,24073.0,0.7799568243619553,0.818667371760973,0.9968051118210862,0.9369369369369369,0.9659442724458205,333.0,0.9684551305113099,0.9994182971972502,0.9767441860465116,0.8842105263157894,0.9281767955801105,475.0,0.9419713764260699,0.998281332628239,0.9927536231884058,0.9716312056737588,0.9820788530465949,141.0,0.9858023328456377,0.9998677948175568,1.0,0.047619047619047616,0.0909090909090909,21.0,0.5238095238095238,0.9994711792702274,1.0,1.0,1.0,8.0,1.0,1.0,0.8106633081444165,0.60490249823792,0.6928286316544827,12769.0,0.7664447024741154,0.8189053410893707,0.8191712945212464,0.8141459545214172,0.8093192630592518,37820.0,0.779761055789297,0.8234093633149425,0.0,4.009298324584961,0.04564094543457031,6.256351709365845
