Rep,Kfold,Num_Vars_,Precision_background,Recall_background,F1_score_background,Num_Obs_background,AUC_background,Accuracy_background,Precision_dos,Recall_dos,F1_score_dos,Num_Obs_dos,AUC_dos,Accuracy_dos,Precision_nerisbotnet,Recall_nerisbotnet,F1_score_nerisbotnet,Num_Obs_nerisbotnet,AUC_nerisbotnet,Accuracy_nerisbotnet,Precision_scan,Recall_scan,F1_score_scan,Num_Obs_scan,AUC_scan,Accuracy_scan,Precision_sshscan,Recall_sshscan,F1_score_sshscan,Num_Obs_sshscan,AUC_sshscan,Accuracy_sshscan,Precision_udpscan,Recall_udpscan,F1_score_udpscan,Num_Obs_udpscan,AUC_udpscan,Accuracy_udpscan,Precision_spam,Recall_spam,F1_score_spam,Num_Obs_spam,AUC_spam,Accuracy_spam,Precision_w,Recall_w,F1_score_w,Total_Obs,AUC_w,Accuracy_w,Hyper_time,Training_time,Testing_time,Total_time
14.0,2.0,91.0,0.8166110275505337,0.9247258225324028,0.8673121505522978,24072.0,0.7805281957125857,0.8199005764450791,0.9968152866242038,0.93993993993994,0.9675425038639878,333.0,0.9699566313011692,0.9994447088687927,0.9839449541284404,0.9012605042016807,0.9407894736842106,476.0,0.9505365238591821,0.9985721085197525,1.0,0.9928571428571429,0.996415770609319,140.0,0.9964285714285714,0.9999735575651806,0.0,0.0,0.0,21.0,0.5,0.9994447088687927,1.0,1.0,1.0,7.0,1.0,1.0,0.8147167813658021,0.602631372856136,0.6928063383451878,12769.0,0.7663841522350862,0.8195568247924269,0.8199237539020405,0.8155640171346977,0.8102196804053707,37818.0,0.7802444579476291,0.8244139780161437,0.0,5.163923501968384,0.04610586166381836,7.235788345336914
