Rep,Kfold,Num_Vars_,Precision_background,Recall_background,F1_score_background,Num_Obs_background,AUC_background,Accuracy_background,Precision_dos,Recall_dos,F1_score_dos,Num_Obs_dos,AUC_dos,Accuracy_dos,Precision_nerisbotnet,Recall_nerisbotnet,F1_score_nerisbotnet,Num_Obs_nerisbotnet,AUC_nerisbotnet,Accuracy_nerisbotnet,Precision_scan,Recall_scan,F1_score_scan,Num_Obs_scan,AUC_scan,Accuracy_scan,Precision_sshscan,Recall_sshscan,F1_score_sshscan,Num_Obs_sshscan,AUC_sshscan,Accuracy_sshscan,Precision_udpscan,Recall_udpscan,F1_score_udpscan,Num_Obs_udpscan,AUC_udpscan,Accuracy_udpscan,Precision_spam,Recall_spam,F1_score_spam,Num_Obs_spam,AUC_spam,Accuracy_spam,Precision_w,Recall_w,F1_score_w,Total_Obs,AUC_w,Accuracy_w,Hyper_time,Training_time,Testing_time,Total_time
1.0,4.0,85.0,0.8129347343495634,0.9127617148554337,0.8599608610567515,6018.0,0.7724460495115353,0.8107679289189761,0.9875,0.9404761904761905,0.9634146341463415,84.0,0.970184733445139,0.9993653480008462,0.9719626168224299,0.8813559322033898,0.9244444444444444,118.0,0.9405172977212322,0.9982018193357309,0.7560975609756098,0.8857142857142857,0.8157894736842105,35.0,0.9423263009418652,0.9985191453353078,0.0,0.0,0.0,5.0,0.5,0.9994711233340385,0.0,0.0,0.0,2.0,0.4998942022852306,0.9995768986672308,0.7971637301246239,0.581140350877193,0.6722232288458054,3192.0,0.7528825357068814,0.8086524222551301,0.8103334949537407,0.7998730696001692,0.7974978753550905,9454.0,0.7701226092251763,0.8149036504640577,0.0,5.836704254150391,0.036849260330200195,8.042294979095459
