Rep,Kfold,Num_Vars_,Precision_background,Recall_background,F1_score_background,Num_Obs_background,AUC_background,Accuracy_background,Precision_dos,Recall_dos,F1_score_dos,Num_Obs_dos,AUC_dos,Accuracy_dos,Precision_nerisbotnet,Recall_nerisbotnet,F1_score_nerisbotnet,Num_Obs_nerisbotnet,AUC_nerisbotnet,Accuracy_nerisbotnet,Precision_scan,Recall_scan,F1_score_scan,Num_Obs_scan,AUC_scan,Accuracy_scan,Precision_sshscan,Recall_sshscan,F1_score_sshscan,Num_Obs_sshscan,AUC_sshscan,Accuracy_sshscan,Precision_udpscan,Recall_udpscan,F1_score_udpscan,Num_Obs_udpscan,AUC_udpscan,Accuracy_udpscan,Precision_spam,Recall_spam,F1_score_spam,Num_Obs_spam,AUC_spam,Accuracy_spam,Precision_w,Recall_w,F1_score_w,Total_Obs,AUC_w,Accuracy_w,Hyper_time,Training_time,Testing_time,Total_time
11.0,2.0,86.0,0.8154630852781447,0.9231504174801645,0.8659717486604968,24073.0,0.7786625732559767,0.8181121099947118,0.9936908517350158,0.9459459459459459,0.9692307692307692,333.0,0.9729462970586561,0.9994711792702274,0.9841269841269841,0.9136842105263158,0.9475982532751092,475.0,0.9567483845508805,0.9987308302485457,1.0,0.9716312056737588,0.9856115107913669,141.0,0.9858156028368794,0.9998942358540455,1.0,0.045454545454545456,0.08695652173913045,22.0,0.5227272727272727,0.9994447382337388,1.0,1.0,1.0,8.0,1.0,1.0,0.811968537414966,0.5982926065162907,0.6889430014430014,12768.0,0.763839740907834,0.8176097303014278,0.8188053016579361,0.8132469592808038,0.8081625973264871,37820.0,0.778275952868444,0.8226295023520078,0.0,4.076674938201904,0.007264852523803711,5.630066394805908
