Rep,Kfold,Num_Vars_,Precision_background,Recall_background,F1_score_background,Num_Obs_background,AUC_background,Accuracy_background,Precision_dos,Recall_dos,F1_score_dos,Num_Obs_dos,AUC_dos,Accuracy_dos,Precision_nerisbotnet,Recall_nerisbotnet,F1_score_nerisbotnet,Num_Obs_nerisbotnet,AUC_nerisbotnet,Accuracy_nerisbotnet,Precision_scan,Recall_scan,F1_score_scan,Num_Obs_scan,AUC_scan,Accuracy_scan,Precision_sshscan,Recall_sshscan,F1_score_sshscan,Num_Obs_sshscan,AUC_sshscan,Accuracy_sshscan,Precision_udpscan,Recall_udpscan,F1_score_udpscan,Num_Obs_udpscan,AUC_udpscan,Accuracy_udpscan,Precision_spam,Recall_spam,F1_score_spam,Num_Obs_spam,AUC_spam,Accuracy_spam,Precision_w,Recall_w,F1_score_w,Total_Obs,AUC_w,Accuracy_w,Hyper_time,Training_time,Testing_time,Total_time
10.0,3.0,84.0,0.8157657657657658,0.9026416348230603,0.8570076504456187,6019.0,0.7728740460328216,0.8082901554404145,0.9358974358974359,0.8690476190476191,0.9012345679012346,84.0,0.9342570859561151,0.9983081315427725,0.9819819819819819,0.9159663865546218,0.9478260869565216,119.0,0.9578761039648244,0.9987310986570794,0.9032258064516129,0.7777777777777778,0.835820895522388,36.0,0.8887296701223034,0.9988368404356561,0.0,0.0,0.0,6.0,0.4999470955454449,0.999259807549963,0.16666666666666666,1.0,0.2857142857142857,1.0,0.9997356175972928,0.9994712911071164,0.7773837667454688,0.6181077694235589,0.6886561954624782,3192.0,0.7639621049831281,0.8113566670191392,0.8057161006414134,0.8054351274188432,0.801035201282062,9457.0,0.773919261931384,0.8142760882841095,0.0,4.748857736587524,0.007386207580566406,6.865490913391113
