Rep,Kfold,Num_Vars_,Precision_background,Recall_background,F1_score_background,Num_Obs_background,AUC_background,Accuracy_background,Precision_dos,Recall_dos,F1_score_dos,Num_Obs_dos,AUC_dos,Accuracy_dos,Precision_nerisbotnet,Recall_nerisbotnet,F1_score_nerisbotnet,Num_Obs_nerisbotnet,AUC_nerisbotnet,Accuracy_nerisbotnet,Precision_scan,Recall_scan,F1_score_scan,Num_Obs_scan,AUC_scan,Accuracy_scan,Precision_sshscan,Recall_sshscan,F1_score_sshscan,Num_Obs_sshscan,AUC_sshscan,Accuracy_sshscan,Precision_udpscan,Recall_udpscan,F1_score_udpscan,Num_Obs_udpscan,AUC_udpscan,Accuracy_udpscan,Precision_spam,Recall_spam,F1_score_spam,Num_Obs_spam,AUC_spam,Accuracy_spam,Precision_w,Recall_w,F1_score_w,Total_Obs,AUC_w,Accuracy_w,Hyper_time,Training_time,Testing_time,Total_time
13.0,2.0,85.0,0.8154364875760464,0.9242720059818054,0.8664498919371484,24073.0,0.7789820896944233,0.8186457259194627,0.9968553459119497,0.9491017964071856,0.9723926380368099,334.0,0.9745375602464345,0.9995240739271833,0.9770642201834863,0.8968421052631579,0.9352360043907794,475.0,0.9482871694847895,0.9984400200946564,0.9926470588235294,0.9574468085106383,0.9747292418772563,141.0,0.9787101346162533,0.9998149176383491,0.25,0.045454545454545456,0.07692307692307693,22.0,0.5226875891377597,0.999365431902911,1.0,1.0,1.0,7.0,1.0,1.0,0.8169059011164275,0.6016915968360874,0.6929737530441057,12769.0,0.766477284926107,0.8199941831257767,0.8199305264850133,0.8148647576743079,0.8096500746995076,37821.0,0.7792499802491953,0.8237705052092166,0.0,5.100883722305298,0.039880990982055664,7.689143419265747
