Rep,Kfold,Num_Vars_,Precision_background,Recall_background,F1_score_background,Num_Obs_background,AUC_background,Accuracy_background,Precision_dos,Recall_dos,F1_score_dos,Num_Obs_dos,AUC_dos,Accuracy_dos,Precision_nerisbotnet,Recall_nerisbotnet,F1_score_nerisbotnet,Num_Obs_nerisbotnet,AUC_nerisbotnet,Accuracy_nerisbotnet,Precision_scan,Recall_scan,F1_score_scan,Num_Obs_scan,AUC_scan,Accuracy_scan,Precision_sshscan,Recall_sshscan,F1_score_sshscan,Num_Obs_sshscan,AUC_sshscan,Accuracy_sshscan,Precision_udpscan,Recall_udpscan,F1_score_udpscan,Num_Obs_udpscan,AUC_udpscan,Accuracy_udpscan,Precision_spam,Recall_spam,F1_score_spam,Num_Obs_spam,AUC_spam,Accuracy_spam,Precision_w,Recall_w,F1_score_w,Total_Obs,AUC_w,Accuracy_w,Hyper_time,Training_time,Testing_time,Total_time
14.0,2.0,91.0,0.8168617572973774,0.9159328792158166,0.8635651629072683,6019.0,0.7782107677056395,0.8157978217193613,0.9302325581395349,0.9523809523809523,0.9411764705882352,84.0,0.9758704079092428,0.9989425822142328,0.9557522123893806,0.9152542372881356,0.9350649350649352,118.0,0.9573594240300835,0.9984138733213492,0.8648648648648649,0.8888888888888888,0.8767123287671232,36.0,0.9441790798334689,0.9990483239928095,0.0,0.0,0.0,6.0,0.49989419109088984,0.9991540657713863,0.3333333333333333,0.5,0.4,2.0,0.7498942358540455,0.9996827746642698,0.7870036101083032,0.6146616541353384,0.6902374670184697,3192.0,0.7649525349687066,0.8137887279264038,0.8090860249958856,0.8137887279264038,0.8060478841032562,9457.0,0.7781759785590081,0.8198778420255397,0.0,5.163923501968384,0.04610586166381836,7.235788345336914
