Rep,Kfold,Num_Vars_,Precision_background,Recall_background,F1_score_background,Num_Obs_background,AUC_background,Accuracy_background,Precision_dos,Recall_dos,F1_score_dos,Num_Obs_dos,AUC_dos,Accuracy_dos,Precision_nerisbotnet,Recall_nerisbotnet,F1_score_nerisbotnet,Num_Obs_nerisbotnet,AUC_nerisbotnet,Accuracy_nerisbotnet,Precision_scan,Recall_scan,F1_score_scan,Num_Obs_scan,AUC_scan,Accuracy_scan,Precision_sshscan,Recall_sshscan,F1_score_sshscan,Num_Obs_sshscan,AUC_sshscan,Accuracy_sshscan,Precision_udpscan,Recall_udpscan,F1_score_udpscan,Num_Obs_udpscan,AUC_udpscan,Accuracy_udpscan,Precision_spam,Recall_spam,F1_score_spam,Num_Obs_spam,AUC_spam,Accuracy_spam,Precision_w,Recall_w,F1_score_w,Total_Obs,AUC_w,Accuracy_w,Hyper_time,Training_time,Testing_time,Total_time
17.0,1.0,85.0,0.8131675201170446,0.923562645397142,0.8648564537462071,6018.0,0.775954780207302,0.8162682462449756,0.9404761904761905,0.9404761904761905,0.9404761904761905,84.0,0.969971286273314,0.998942246668077,0.9732142857142857,0.923728813559322,0.9478260869565216,118.0,0.9617037383991982,0.9987306960016924,0.7631578947368421,0.8285714285714286,0.7945205479452055,35.0,0.9138079565619645,0.9984133700021155,0.25,0.2,0.22222222222222224,5.0,0.59984125304265,0.9992595726676539,0.2,0.5,0.28571428571428575,2.0,0.7497884045704613,0.9994711233340385,0.8042131350681536,0.6099624060150376,0.6937466595403526,3192.0,0.76713386988711,0.818172202242437,0.8126602787425423,0.8170086735773218,0.8080685120603948,9454.0,0.7774304919292665,0.8216214358333531,0.0,4.484296083450317,0.006879091262817383,6.187688112258911
