Rep,Kfold,Num_Vars_,Precision_background,Recall_background,F1_score_background,Num_Obs_background,AUC_background,Accuracy_background,Precision_dos,Recall_dos,F1_score_dos,Num_Obs_dos,AUC_dos,Accuracy_dos,Precision_nerisbotnet,Recall_nerisbotnet,F1_score_nerisbotnet,Num_Obs_nerisbotnet,AUC_nerisbotnet,Accuracy_nerisbotnet,Precision_scan,Recall_scan,F1_score_scan,Num_Obs_scan,AUC_scan,Accuracy_scan,Precision_sshscan,Recall_sshscan,F1_score_sshscan,Num_Obs_sshscan,AUC_sshscan,Accuracy_sshscan,Precision_udpscan,Recall_udpscan,F1_score_udpscan,Num_Obs_udpscan,AUC_udpscan,Accuracy_udpscan,Precision_spam,Recall_spam,F1_score_spam,Num_Obs_spam,AUC_spam,Accuracy_spam,Precision_w,Recall_w,F1_score_w,Total_Obs,AUC_w,Accuracy_w,Hyper_time,Training_time,Testing_time,Total_time
12.0,3.0,82.0,0.81241313729793,0.9227733466267863,0.864083712607461,24072.0,0.7748097362453685,0.8152153793267578,0.9968354430379747,0.9459459459459459,0.970724191063174,333.0,0.9729596339483225,0.9994975804532353,0.9770642201834863,0.8968421052631579,0.9352360043907794,475.0,0.9482871551434958,0.9984398550916255,1.0,0.9928571428571429,0.996415770609319,140.0,0.9964285714285714,0.9999735568659598,1.0,0.047619047619047616,0.0909090909090909,21.0,0.5238095238095238,0.9994711373191951,1.0,1.0,1.0,7.0,1.0,1.0,0.8114903177490104,0.5940167593390242,0.6859287393742086,12769.0,0.7618359108097229,0.8163259909564482,0.8166269300973553,0.8114340111590026,0.805847707630434,37817.0,0.7750756187118442,0.820334981806621,0.0,5.255782842636108,0.046869754791259766,7.324890613555908
