Rep,Kfold,Num_Vars_,Precision_background,Recall_background,F1_score_background,Num_Obs_background,AUC_background,Accuracy_background,Precision_dos,Recall_dos,F1_score_dos,Num_Obs_dos,AUC_dos,Accuracy_dos,Precision_nerisbotnet,Recall_nerisbotnet,F1_score_nerisbotnet,Num_Obs_nerisbotnet,AUC_nerisbotnet,Accuracy_nerisbotnet,Precision_scan,Recall_scan,F1_score_scan,Num_Obs_scan,AUC_scan,Accuracy_scan,Precision_sshscan,Recall_sshscan,F1_score_sshscan,Num_Obs_sshscan,AUC_sshscan,Accuracy_sshscan,Precision_udpscan,Recall_udpscan,F1_score_udpscan,Num_Obs_udpscan,AUC_udpscan,Accuracy_udpscan,Precision_spam,Recall_spam,F1_score_spam,Num_Obs_spam,AUC_spam,Accuracy_spam,Precision_w,Recall_w,F1_score_w,Total_Obs,AUC_w,Accuracy_w,Hyper_time,Training_time,Testing_time,Total_time
11.0,1.0,86.0,0.8155653450807636,0.9228979727484214,0.865918303710633,6018.0,0.7788377621811312,0.8181241408480491,0.9010989010989011,0.9761904761904762,0.937142857142857,84.0,0.9876151356733882,0.9988368404356561,0.9545454545454546,0.8823529411764706,0.9170305676855895,119.0,0.9409087473070188,0.9979909062070424,0.7804878048780488,0.8888888888888888,0.8311688311688312,36.0,0.9439667881446886,0.9986253568785027,0.0,0.0,0.0,6.0,0.49984128663633476,0.9990483239928095,0.0,0.0,0.0,2.0,0.49994711792702273,0.9996827746642698,0.8057259713701431,0.6171679197994987,0.6989533439772929,3192.0,0.7706749415438036,0.8205562017553135,0.8139293988652171,0.8187585915195094,0.8099740024513875,9457.0,0.7803689991401977,0.8236537862327021,0.0,4.453425884246826,0.03876805305480957,6.129510879516602
