Rep,Kfold,Num_Vars_,Precision_background,Recall_background,F1_score_background,Num_Obs_background,AUC_background,Accuracy_background,Precision_dos,Recall_dos,F1_score_dos,Num_Obs_dos,AUC_dos,Accuracy_dos,Precision_nerisbotnet,Recall_nerisbotnet,F1_score_nerisbotnet,Num_Obs_nerisbotnet,AUC_nerisbotnet,Accuracy_nerisbotnet,Precision_scan,Recall_scan,F1_score_scan,Num_Obs_scan,AUC_scan,Accuracy_scan,Precision_sshscan,Recall_sshscan,F1_score_sshscan,Num_Obs_sshscan,AUC_sshscan,Accuracy_sshscan,Precision_udpscan,Recall_udpscan,F1_score_udpscan,Num_Obs_udpscan,AUC_udpscan,Accuracy_udpscan,Precision_spam,Recall_spam,F1_score_spam,Num_Obs_spam,AUC_spam,Accuracy_spam,Precision_w,Recall_w,F1_score_w,Total_Obs,AUC_w,Accuracy_w,Hyper_time,Training_time,Testing_time,Total_time
14.0,4.0,86.0,0.8138133725202057,0.9202392821535393,0.8637604304764874,6018.0,0.7757482790278756,0.8152104929130527,0.9397590361445783,0.9285714285714286,0.9341317365269461,84.0,0.9640189053209332,0.9988364713348847,0.9469026548672567,0.8991596638655462,0.9224137931034483,119.0,0.949258460749056,0.9980960440025386,0.7209302325581395,0.8857142857142857,0.7948717948717948,35.0,0.9422201325588098,0.9983075946689232,0.0,0.0,0.0,5.0,0.5,0.9994711233340385,0.5,1.0,0.6666666666666666,1.0,0.9999471067386014,0.9998942246668077,0.7936248467511239,0.6083959899749374,0.6887746054264942,3192.0,0.7638754143423073,0.8143642902475143,0.8089838290417886,0.8141527395811297,0.8053099532328777,9454.0,0.7760905925949644,0.8196531911681827,0.0,5.521614074707031,0.09313035011291504,8.315319776535034
