Rep,Kfold,Num_Vars_,Precision_background,Recall_background,F1_score_background,Num_Obs_background,AUC_background,Accuracy_background,Precision_dos,Recall_dos,F1_score_dos,Num_Obs_dos,AUC_dos,Accuracy_dos,Precision_nerisbotnet,Recall_nerisbotnet,F1_score_nerisbotnet,Num_Obs_nerisbotnet,AUC_nerisbotnet,Accuracy_nerisbotnet,Precision_scan,Recall_scan,F1_score_scan,Num_Obs_scan,AUC_scan,Accuracy_scan,Precision_sshscan,Recall_sshscan,F1_score_sshscan,Num_Obs_sshscan,AUC_sshscan,Accuracy_sshscan,Precision_udpscan,Recall_udpscan,F1_score_udpscan,Num_Obs_udpscan,AUC_udpscan,Accuracy_udpscan,Precision_spam,Recall_spam,F1_score_spam,Num_Obs_spam,AUC_spam,Accuracy_spam,Precision_w,Recall_w,F1_score_w,Total_Obs,AUC_w,Accuracy_w,Hyper_time,Training_time,Testing_time,Total_time
11.0,4.0,85.0,0.8205930561764267,0.9149360358863599,0.8652003142183817,6019.0,0.7822642926812473,0.8185087255420412,0.9493670886075949,0.9036144578313253,0.9259259259259259,83.0,0.9515938272938103,0.9987308302485457,0.9906542056074766,0.8907563025210085,0.9380530973451328,119.0,0.9453245951336833,0.9985193019566367,0.8918918918918919,0.9428571428571428,0.9166666666666667,35.0,0.9712162572035183,0.9993654151242729,0.0,0.0,0.0,5.0,0.49994708994709,0.9993654151242729,0.1111111111111111,0.5,0.1818181818181818,2.0,0.749576853908812,0.9990481226864093,0.7822706065318819,0.6303258145363408,0.6981263011797363,3192.0,0.7704558978477649,0.8159703860391327,0.8106061489620136,0.8179799048122687,0.8098346890300424,9455.0,0.7823597436514504,0.8223027667867023,0.0,3.215449094772339,0.020717382431030273,5.0485618114471436
