Rep,Kfold,Num_Vars_,Precision_background,Recall_background,F1_score_background,Num_Obs_background,AUC_background,Accuracy_background,Precision_dos,Recall_dos,F1_score_dos,Num_Obs_dos,AUC_dos,Accuracy_dos,Precision_nerisbotnet,Recall_nerisbotnet,F1_score_nerisbotnet,Num_Obs_nerisbotnet,AUC_nerisbotnet,Accuracy_nerisbotnet,Precision_scan,Recall_scan,F1_score_scan,Num_Obs_scan,AUC_scan,Accuracy_scan,Precision_sshscan,Recall_sshscan,F1_score_sshscan,Num_Obs_sshscan,AUC_sshscan,Accuracy_sshscan,Precision_udpscan,Recall_udpscan,F1_score_udpscan,Num_Obs_udpscan,AUC_udpscan,Accuracy_udpscan,Precision_spam,Recall_spam,F1_score_spam,Num_Obs_spam,AUC_spam,Accuracy_spam,Precision_w,Recall_w,F1_score_w,Total_Obs,AUC_w,Accuracy_w,Hyper_time,Training_time,Testing_time,Total_time
12.0,4.0,83.0,0.8153621068032187,0.9260551678298438,0.8671905391737338,6018.0,0.7794372435017708,0.8194606028556319,0.9634146341463414,0.9404761904761905,0.9518072289156626,84.0,0.9700780269422891,0.9991538868323638,0.9727272727272728,0.8991596638655462,0.9344978165938865,119.0,0.9494191635523103,0.9984135378106822,0.8048780487804879,0.9428571428571428,0.868421052631579,35.0,0.9710039429784653,0.9989423585404548,0.0,0.0,0.0,5.0,0.4998941798941799,0.9992596509783184,0.1111111111111111,1.0,0.19999999999999998,1.0,0.9995768986672309,0.9991538868323638,0.8104089219330854,0.6144691512683996,0.6989668685429284,3193.0,0.7705849429289939,0.8212585933368588,0.8164408317308702,0.8202009518773136,0.8114548556584656,9455.0,0.7808654336006554,0.8246949940448242,0.0,5.424597978591919,0.028697729110717773,8.026275396347046
