Rep,Kfold,Num_Vars_,Precision_background,Recall_background,F1_score_background,Num_Obs_background,AUC_background,Accuracy_background,Precision_dos,Recall_dos,F1_score_dos,Num_Obs_dos,AUC_dos,Accuracy_dos,Precision_nerisbotnet,Recall_nerisbotnet,F1_score_nerisbotnet,Num_Obs_nerisbotnet,AUC_nerisbotnet,Accuracy_nerisbotnet,Precision_scan,Recall_scan,F1_score_scan,Num_Obs_scan,AUC_scan,Accuracy_scan,Precision_sshscan,Recall_sshscan,F1_score_sshscan,Num_Obs_sshscan,AUC_sshscan,Accuracy_sshscan,Precision_udpscan,Recall_udpscan,F1_score_udpscan,Num_Obs_udpscan,AUC_udpscan,Accuracy_udpscan,Precision_spam,Recall_spam,F1_score_spam,Num_Obs_spam,AUC_spam,Accuracy_spam,Precision_w,Recall_w,F1_score_w,Total_Obs,AUC_w,Accuracy_w,Hyper_time,Training_time,Testing_time,Total_time
10.0,4.0,90.0,0.8150415391342369,0.9292123629112662,0.8683904029815979,6018.0,0.7801048729357145,0.8207676853124669,0.926829268292683,0.9047619047619048,0.9156626506024096,84.0,0.952060884099719,0.9985196150999259,0.9818181818181818,0.907563025210084,0.9432314410480349,119.0,0.9536744232925554,0.9986253568785027,0.7674418604651163,0.9428571428571428,0.8461538461538461,35.0,0.9708978985353428,0.9987310986570794,0.0,0.0,0.0,6.0,0.49989419109088984,0.9991540657713863,0.3333333333333333,1.0,0.5,2.0,0.9997884717080909,0.9995770328856931,0.8162046908315566,0.5994362668336987,0.6912242686890574,3193.0,0.7653151959966704,0.8191815586338163,0.817730645478576,0.8168552395051285,0.809223656954438,9457.0,0.7793976192576281,0.8248586633159073,0.0,3.6287107467651367,0.008933782577514648,5.941617250442505
