Rep,Kfold,Num_Vars_,Precision_background,Recall_background,F1_score_background,Num_Obs_background,AUC_background,Accuracy_background,Precision_dos,Recall_dos,F1_score_dos,Num_Obs_dos,AUC_dos,Accuracy_dos,Precision_nerisbotnet,Recall_nerisbotnet,F1_score_nerisbotnet,Num_Obs_nerisbotnet,AUC_nerisbotnet,Accuracy_nerisbotnet,Precision_scan,Recall_scan,F1_score_scan,Num_Obs_scan,AUC_scan,Accuracy_scan,Precision_sshscan,Recall_sshscan,F1_score_sshscan,Num_Obs_sshscan,AUC_sshscan,Accuracy_sshscan,Precision_udpscan,Recall_udpscan,F1_score_udpscan,Num_Obs_udpscan,AUC_udpscan,Accuracy_udpscan,Precision_spam,Recall_spam,F1_score_spam,Num_Obs_spam,AUC_spam,Accuracy_spam,Precision_w,Recall_w,F1_score_w,Total_Obs,AUC_w,Accuracy_w,Hyper_time,Training_time,Testing_time,Total_time
14.0,3.0,81.0,0.8122901766165523,0.9247258225324028,0.8648690651954309,6018.0,0.775226706376795,0.8160566955785911,0.927710843373494,0.927710843373494,0.927710843373494,83.0,0.9635352850951346,0.9987306960016924,0.9732142857142857,0.9159663865546218,0.9437229437229437,119.0,0.9578225076854523,0.9986249206685001,0.7555555555555555,0.9714285714285714,0.85,35.0,0.9851303596074804,0.9987306960016924,0.5,0.2,0.28571428571428575,5.0,0.59994708434755,0.9994711233340385,0.25,0.5,0.3333333333333333,2.0,0.7498413034278459,0.9995768986672308,0.7979423868312757,0.6074561403508771,0.6897901102810386,3192.0,0.7645233432511332,0.8155278189126296,0.8099906204874432,0.8172202242437063,0.8068267754137346,9454.0,0.7762435073329268,0.8205920339605279,0.0,4.436574220657349,0.0329442024230957,6.436857223510742
