Rep,Kfold,Num_Vars_,Precision_background,Recall_background,F1_score_background,Num_Obs_background,AUC_background,Accuracy_background,Precision_dos,Recall_dos,F1_score_dos,Num_Obs_dos,AUC_dos,Accuracy_dos,Precision_nerisbotnet,Recall_nerisbotnet,F1_score_nerisbotnet,Num_Obs_nerisbotnet,AUC_nerisbotnet,Accuracy_nerisbotnet,Precision_scan,Recall_scan,F1_score_scan,Num_Obs_scan,AUC_scan,Accuracy_scan,Precision_sshscan,Recall_sshscan,F1_score_sshscan,Num_Obs_sshscan,AUC_sshscan,Accuracy_sshscan,Precision_udpscan,Recall_udpscan,F1_score_udpscan,Num_Obs_udpscan,AUC_udpscan,Accuracy_udpscan,Precision_spam,Recall_spam,F1_score_spam,Num_Obs_spam,AUC_spam,Accuracy_spam,Precision_w,Recall_w,F1_score_w,Total_Obs,AUC_w,Accuracy_w,Hyper_time,Training_time,Testing_time,Total_time
15.0,5.0,81.0,0.8126474056603774,0.9160850780990363,0.861271676300578,6018.0,0.7730891048236742,0.812143008250476,0.96,0.8571428571428571,0.9056603773584904,84.0,0.9284113431925599,0.9984133700021155,0.9487179487179487,0.940677966101695,0.9446808510638298,118.0,0.9700176462899222,0.9986249206685001,0.8157894736842105,0.8857142857142857,0.8493150684931505,35.0,0.9424855535164485,0.9988364713348847,0.0,0.0,0.0,5.0,0.49994708434755003,0.9993653480008462,0.3333333333333333,0.5,0.4,2.0,0.7498942022852306,0.9996826740004231,0.802245250431779,0.5820802005012531,0.6746550472040668,3192.0,0.7544703142397675,0.8104506029193992,0.8116233279920375,0.8024116775967844,0.7991015123940306,9454.0,0.7711185349240511,0.8163840575919054,0.0,3.0615758895874023,0.034783124923706055,4.871665716171265
