Rep,Kfold,Num_Vars_,Precision_background,Recall_background,F1_score_background,Num_Obs_background,AUC_background,Accuracy_background,Precision_dos,Recall_dos,F1_score_dos,Num_Obs_dos,AUC_dos,Accuracy_dos,Precision_nerisbotnet,Recall_nerisbotnet,F1_score_nerisbotnet,Num_Obs_nerisbotnet,AUC_nerisbotnet,Accuracy_nerisbotnet,Precision_scan,Recall_scan,F1_score_scan,Num_Obs_scan,AUC_scan,Accuracy_scan,Precision_sshscan,Recall_sshscan,F1_score_sshscan,Num_Obs_sshscan,AUC_sshscan,Accuracy_sshscan,Precision_udpscan,Recall_udpscan,F1_score_udpscan,Num_Obs_udpscan,AUC_udpscan,Accuracy_udpscan,Precision_spam,Recall_spam,F1_score_spam,Num_Obs_spam,AUC_spam,Accuracy_spam,Precision_w,Recall_w,F1_score_w,Total_Obs,AUC_w,Accuracy_w,Hyper_time,Training_time,Testing_time,Total_time
10.0,5.0,87.0,0.8147658887421106,0.9223611514975284,0.8652313687286897,24073.0,0.7775902353356131,0.8171121863514978,0.9968454258675079,0.9461077844311377,0.9708141321044547,334.0,0.9730405542584105,0.9994976335898046,0.9792147806004619,0.8926315789473684,0.9339207048458149,475.0,0.9461952946415737,0.9984135797572777,1.0,1.0,1.0,141.0,1.0,1.0,1.0,0.045454545454545456,0.08695652173913045,22.0,0.5227272727272727,0.9994447529150472,1.0,1.0,1.0,7.0,1.0,1.0,0.8147794741306191,0.6018482261727621,0.6923111571550831,12769.0,0.7660566374357345,0.8193860553660665,0.8192763739162812,0.813780703841781,0.8087203723730707,37821.0,0.7782619509988674,0.8225892664809694,0.0,4.440970420837402,0.03967142105102539,6.1989357471466064
