Rep,Kfold,Num_Vars_,Precision_background,Recall_background,F1_score_background,Num_Obs_background,AUC_background,Accuracy_background,Precision_dos,Recall_dos,F1_score_dos,Num_Obs_dos,AUC_dos,Accuracy_dos,Precision_nerisbotnet,Recall_nerisbotnet,F1_score_nerisbotnet,Num_Obs_nerisbotnet,AUC_nerisbotnet,Accuracy_nerisbotnet,Precision_scan,Recall_scan,F1_score_scan,Num_Obs_scan,AUC_scan,Accuracy_scan,Precision_sshscan,Recall_sshscan,F1_score_sshscan,Num_Obs_sshscan,AUC_sshscan,Accuracy_sshscan,Precision_udpscan,Recall_udpscan,F1_score_udpscan,Num_Obs_udpscan,AUC_udpscan,Accuracy_udpscan,Precision_spam,Recall_spam,F1_score_spam,Num_Obs_spam,AUC_spam,Accuracy_spam,Precision_w,Recall_w,F1_score_w,Total_Obs,AUC_w,Accuracy_w,Hyper_time,Training_time,Testing_time,Total_time
1.0,3.0,87.0,0.8162080746482495,0.9229427159057866,0.866300152064569,24073.0,0.7795043833402505,0.818667371760973,0.996875,0.9550898203592815,0.9755351681957186,334.0,0.9775315718666705,0.9995769434161819,0.9770114942528736,0.8947368421052632,0.9340659340659342,475.0,0.9472345343208068,0.9984135378106822,1.0,0.9716312056737588,0.9856115107913669,141.0,0.9858156028368794,0.9998942358540455,0.5,0.047619047619047616,0.08695652173913042,21.0,0.5237962959463528,0.9994447382337388,1.0,1.0,1.0,7.0,1.0,1.0,0.8107252190435976,0.6014566528310753,0.6905853790126788,12769.0,0.7649413318843813,0.8180327868852459,0.8185157063126686,0.8140401903754627,0.8088269603410908,37820.0,0.779110961343264,0.8231178966805662,0.0,5.422329664230347,0.031896352767944336,7.418341875076294
