Rep,Kfold,Num_Vars_,Precision_background,Recall_background,F1_score_background,Num_Obs_background,AUC_background,Accuracy_background,Precision_dos,Recall_dos,F1_score_dos,Num_Obs_dos,AUC_dos,Accuracy_dos,Precision_nerisbotnet,Recall_nerisbotnet,F1_score_nerisbotnet,Num_Obs_nerisbotnet,AUC_nerisbotnet,Accuracy_nerisbotnet,Precision_scan,Recall_scan,F1_score_scan,Num_Obs_scan,AUC_scan,Accuracy_scan,Precision_sshscan,Recall_sshscan,F1_score_sshscan,Num_Obs_sshscan,AUC_sshscan,Accuracy_sshscan,Precision_udpscan,Recall_udpscan,F1_score_udpscan,Num_Obs_udpscan,AUC_udpscan,Accuracy_udpscan,Precision_spam,Recall_spam,F1_score_spam,Num_Obs_spam,AUC_spam,Accuracy_spam,Precision_w,Recall_w,F1_score_w,Total_Obs,AUC_w,Accuracy_w,Hyper_time,Training_time,Testing_time,Total_time
13.0,3.0,87.0,0.8133748625870282,0.9220703692933993,0.8643186729747094,24073.0,0.7757812926053784,0.8157275443560116,0.9937304075235109,0.9491017964071856,0.9709035222052068,334.0,0.9745242208659912,0.999497607022925,0.9794520547945206,0.9031578947368422,0.9397590361445782,475.0,0.9514584460830741,0.998545704540046,1.0,1.0,1.0,140.0,1.0,1.0,1.0,0.047619047619047616,0.0909090909090909,21.0,0.5238095238095238,0.9994711652872894,1.0,1.0,1.0,7.0,1.0,1.0,0.8088408434121802,0.5918239486255775,0.6835202604920405,12769.0,0.7602632717179783,0.8149607340225813,0.8163517670675562,0.810386313757635,0.8052616417736416,37819.0,0.7752351628841281,0.8202060629019757,0.0,5.066980361938477,0.04687643051147461,7.2606611251831055
