Rep,Kfold,Num_Vars_,Precision_background,Recall_background,F1_score_background,Num_Obs_background,AUC_background,Accuracy_background,Precision_dos,Recall_dos,F1_score_dos,Num_Obs_dos,AUC_dos,Accuracy_dos,Precision_nerisbotnet,Recall_nerisbotnet,F1_score_nerisbotnet,Num_Obs_nerisbotnet,AUC_nerisbotnet,Accuracy_nerisbotnet,Precision_scan,Recall_scan,F1_score_scan,Num_Obs_scan,AUC_scan,Accuracy_scan,Precision_sshscan,Recall_sshscan,F1_score_sshscan,Num_Obs_sshscan,AUC_sshscan,Accuracy_sshscan,Precision_udpscan,Recall_udpscan,F1_score_udpscan,Num_Obs_udpscan,AUC_udpscan,Accuracy_udpscan,Precision_spam,Recall_spam,F1_score_spam,Num_Obs_spam,AUC_spam,Accuracy_spam,Precision_w,Recall_w,F1_score_w,Total_Obs,AUC_w,Accuracy_w,Hyper_time,Training_time,Testing_time,Total_time
15.0,2.0,77.0,0.8137879911045218,0.9120970422067132,0.8601425997022643,6018.0,0.7733310349235486,0.8112109994711793,0.8735632183908046,0.9156626506024096,0.8941176470588235,83.0,0.9572444708411109,0.9980962453728186,0.9298245614035088,0.8907563025210085,0.9098712446351931,119.0,0.9449497022459369,0.997778952934955,0.8421052631578947,0.8888888888888888,0.8648648648648649,36.0,0.9441259392952779,0.9989423585404548,0.0,0.0,0.0,6.0,0.49994708434755003,0.9992596509783184,0.14285714285714285,1.0,0.25,1.0,0.9996826740004231,0.9993654151242729,0.7849547065773926,0.6243734335839599,0.6955156168207991,3192.0,0.7685973826070845,0.8154415653093601,0.8055594997791693,0.8140666314119513,0.8048964137337729,9455.0,0.7760081669057137,0.8174819464070532,0.0,2.8583099842071533,0.007400989532470703,3.990111827850342
