Rep,Kfold,Num_Vars_,Precision_background,Recall_background,F1_score_background,Num_Obs_background,AUC_background,Accuracy_background,Precision_dos,Recall_dos,F1_score_dos,Num_Obs_dos,AUC_dos,Accuracy_dos,Precision_nerisbotnet,Recall_nerisbotnet,F1_score_nerisbotnet,Num_Obs_nerisbotnet,AUC_nerisbotnet,Accuracy_nerisbotnet,Precision_scan,Recall_scan,F1_score_scan,Num_Obs_scan,AUC_scan,Accuracy_scan,Precision_sshscan,Recall_sshscan,F1_score_sshscan,Num_Obs_sshscan,AUC_sshscan,Accuracy_sshscan,Precision_udpscan,Recall_udpscan,F1_score_udpscan,Num_Obs_udpscan,AUC_udpscan,Accuracy_udpscan,Precision_spam,Recall_spam,F1_score_spam,Num_Obs_spam,AUC_spam,Accuracy_spam,Precision_w,Recall_w,F1_score_w,Total_Obs,AUC_w,Accuracy_w,Hyper_time,Training_time,Testing_time,Total_time
18.0,2.0,75.0,0.8152588356063939,0.9237319818884228,0.8661122904048766,24073.0,0.7785896397403123,0.8182178741406663,0.9905362776025236,0.9401197604790419,0.9646697388632872,334.0,0.9700198653006104,0.9993918561607615,0.9817351598173516,0.9052631578947369,0.9419496166484119,475.0,0.9525244695619086,0.9985986250661026,1.0,0.9858156028368794,0.9928571428571429,141.0,0.9929078014184397,0.9999471179270227,0.0,0.0,0.0,21.0,0.499986772136829,0.9994182971972502,1.0,1.0,1.0,7.0,1.0,1.0,0.8121083377588953,0.5987939541076044,0.6893256401009736,12769.0,0.764089005316147,0.8177683765203596,0.818104194395255,0.8136700158646218,0.8082638520147307,37820.0,0.7782542672294448,0.8227433854761945,0.0,4.417924165725708,0.036009788513183594,6.606912136077881
