Rep,Kfold,Num_Vars_,Precision_background,Recall_background,F1_score_background,Num_Obs_background,AUC_background,Accuracy_background,Precision_dos,Recall_dos,F1_score_dos,Num_Obs_dos,AUC_dos,Accuracy_dos,Precision_nerisbotnet,Recall_nerisbotnet,F1_score_nerisbotnet,Num_Obs_nerisbotnet,AUC_nerisbotnet,Accuracy_nerisbotnet,Precision_scan,Recall_scan,F1_score_scan,Num_Obs_scan,AUC_scan,Accuracy_scan,Precision_sshscan,Recall_sshscan,F1_score_sshscan,Num_Obs_sshscan,AUC_sshscan,Accuracy_sshscan,Precision_udpscan,Recall_udpscan,F1_score_udpscan,Num_Obs_udpscan,AUC_udpscan,Accuracy_udpscan,Precision_spam,Recall_spam,F1_score_spam,Num_Obs_spam,AUC_spam,Accuracy_spam,Precision_w,Recall_w,F1_score_w,Total_Obs,AUC_w,Accuracy_w,Hyper_time,Training_time,Testing_time,Total_time
10.0,2.0,88.0,0.8158869932122547,0.9237319818884228,0.8664666458852869,24073.0,0.7793667183227391,0.8187779276063563,0.9936908517350158,0.9431137724550899,0.9677419354838709,334.0,0.9715302103132281,0.9994447529150472,0.981941309255079,0.9157894736842105,0.9477124183006537,475.0,0.9577876303246737,0.9987308638058222,0.9927536231884058,0.9716312056737588,0.9820788530465949,141.0,0.9858023331978136,0.9998677983131065,0.0,0.0,0.0,22.0,0.5,0.9994183125776684,1.0,1.0,1.0,7.0,1.0,1.0,0.8118382041507836,0.6004385621426893,0.6903164813397559,12769.0,0.7647530508302461,0.8181169191718887,0.8183946152572693,0.8143095105893551,0.8088618767364122,37821.0,0.7790186684610253,0.8232240359163934,0.0,5.310314178466797,0.0265810489654541,7.423417568206787
