Rep,Kfold,Num_Vars_,Precision_background,Recall_background,F1_score_background,Num_Obs_background,AUC_background,Accuracy_background,Precision_dos,Recall_dos,F1_score_dos,Num_Obs_dos,AUC_dos,Accuracy_dos,Precision_nerisbotnet,Recall_nerisbotnet,F1_score_nerisbotnet,Num_Obs_nerisbotnet,AUC_nerisbotnet,Accuracy_nerisbotnet,Precision_scan,Recall_scan,F1_score_scan,Num_Obs_scan,AUC_scan,Accuracy_scan,Precision_sshscan,Recall_sshscan,F1_score_sshscan,Num_Obs_sshscan,AUC_sshscan,Accuracy_sshscan,Precision_udpscan,Recall_udpscan,F1_score_udpscan,Num_Obs_udpscan,AUC_udpscan,Accuracy_udpscan,Precision_spam,Recall_spam,F1_score_spam,Num_Obs_spam,AUC_spam,Accuracy_spam,Precision_w,Recall_w,F1_score_w,Total_Obs,AUC_w,Accuracy_w,Hyper_time,Training_time,Testing_time,Total_time
16.0,3.0,80.0,0.8148637247349694,0.9227765546462842,0.8654692796197451,24073.0,0.7778343058363805,0.8174030300626636,0.9968253968253968,0.9401197604790419,0.9676425269645608,334.0,0.9700465422823625,0.9994447529150472,0.9772209567198178,0.9031578947368422,0.9387308533916849,475.0,0.9514450642216316,0.9985193411067925,1.0,0.9574468085106383,0.9782608695652174,141.0,0.9787234042553192,0.9998413579757278,1.0,0.045454545454545456,0.08695652173913045,22.0,0.5227272727272727,0.9994447529150472,1.0,1.0,1.0,7.0,1.0,1.0,0.8073909360440491,0.5971493460725193,0.6865349119884752,12769.0,0.7622701863685286,0.8158959308320775,0.8168189351120534,0.8123793659607097,0.8068730029592325,37821.0,0.7770991037985912,0.8215963336250062,0.0,3.760866403579712,0.043203115463256836,5.7225260734558105
