Rep,Kfold,Num_Vars_,Precision_background,Recall_background,F1_score_background,Num_Obs_background,AUC_background,Accuracy_background,Precision_dos,Recall_dos,F1_score_dos,Num_Obs_dos,AUC_dos,Accuracy_dos,Precision_nerisbotnet,Recall_nerisbotnet,F1_score_nerisbotnet,Num_Obs_nerisbotnet,AUC_nerisbotnet,Accuracy_nerisbotnet,Precision_scan,Recall_scan,F1_score_scan,Num_Obs_scan,AUC_scan,Accuracy_scan,Precision_sshscan,Recall_sshscan,F1_score_sshscan,Num_Obs_sshscan,AUC_sshscan,Accuracy_sshscan,Precision_udpscan,Recall_udpscan,F1_score_udpscan,Num_Obs_udpscan,AUC_udpscan,Accuracy_udpscan,Precision_spam,Recall_spam,F1_score_spam,Num_Obs_spam,AUC_spam,Accuracy_spam,Precision_w,Recall_w,F1_score_w,Total_Obs,AUC_w,Accuracy_w,Hyper_time,Training_time,Testing_time,Total_time
16.0,1.0,87.0,0.8133836348985423,0.9224857724421551,0.8645060827250609,24073.0,0.775902762539739,0.8159342112221694,0.9935691318327974,0.9279279279279279,0.9596273291925466,333.0,0.9639372866263621,0.9993124966946957,0.9796380090497737,0.911578947368421,0.9443838604143947,475.0,0.9556689691719861,0.9986514358242107,1.0,1.0,1.0,140.0,1.0,1.0,0.0,0.0,0.0,21.0,0.4999867714368865,0.9994182664339732,1.0,1.0,1.0,7.0,1.0,1.0,0.8106036410092622,0.5962878847208082,0.6871221008934211,12769.0,0.7626335427436529,0.8166481569622931,0.8163934822084415,0.8120471733037178,0.8065010119537375,37818.0,0.7760539560240173,0.820902291501765,0.0,4.1495726108551025,0.01230764389038086,5.939532518386841
