Rep,Kfold,Num_Vars_,Precision_background,Recall_background,F1_score_background,Num_Obs_background,AUC_background,Accuracy_background,Precision_dos,Recall_dos,F1_score_dos,Num_Obs_dos,AUC_dos,Accuracy_dos,Precision_nerisbotnet,Recall_nerisbotnet,F1_score_nerisbotnet,Num_Obs_nerisbotnet,AUC_nerisbotnet,Accuracy_nerisbotnet,Precision_scan,Recall_scan,F1_score_scan,Num_Obs_scan,AUC_scan,Accuracy_scan,Precision_sshscan,Recall_sshscan,F1_score_sshscan,Num_Obs_sshscan,AUC_sshscan,Accuracy_sshscan,Precision_udpscan,Recall_udpscan,F1_score_udpscan,Num_Obs_udpscan,AUC_udpscan,Accuracy_udpscan,Precision_spam,Recall_spam,F1_score_spam,Num_Obs_spam,AUC_spam,Accuracy_spam,Precision_w,Recall_w,F1_score_w,Total_Obs,AUC_w,Accuracy_w,Hyper_time,Training_time,Testing_time,Total_time
18.0,3.0,84.0,0.8175386882829772,0.9217347956131605,0.8665156603920956,6018.0,0.7807684743268014,0.8192490745637229,0.9285714285714286,0.9285714285714286,0.9285714285714286,84.0,0.963965577694102,0.9987308302485457,0.963302752293578,0.8898305084745762,0.9251101321585902,118.0,0.9447010526736167,0.9982020095187731,0.7619047619047619,0.8888888888888888,0.8205128205128205,36.0,0.9439136025291668,0.9985193019566367,0.0,0.0,0.0,5.0,0.5,0.9994711792702274,0.0,0.0,0.0,2.0,0.4998413202158045,0.9994711792702274,0.8,0.6165413533834586,0.6963906581740977,3192.0,0.7689923755580873,0.8185087255420412,0.8136061472539577,0.8175568482284505,0.8095475073785856,9455.0,0.7808796135751855,0.8236430462870548,0.0,4.847223997116089,0.03854084014892578,7.193403482437134
