Rep,Kfold,Num_Vars_,Precision_background,Recall_background,F1_score_background,Num_Obs_background,AUC_background,Accuracy_background,Precision_dos,Recall_dos,F1_score_dos,Num_Obs_dos,AUC_dos,Accuracy_dos,Precision_nerisbotnet,Recall_nerisbotnet,F1_score_nerisbotnet,Num_Obs_nerisbotnet,AUC_nerisbotnet,Accuracy_nerisbotnet,Precision_scan,Recall_scan,F1_score_scan,Num_Obs_scan,AUC_scan,Accuracy_scan,Precision_sshscan,Recall_sshscan,F1_score_sshscan,Num_Obs_sshscan,AUC_sshscan,Accuracy_sshscan,Precision_udpscan,Recall_udpscan,F1_score_udpscan,Num_Obs_udpscan,AUC_udpscan,Accuracy_udpscan,Precision_spam,Recall_spam,F1_score_spam,Num_Obs_spam,AUC_spam,Accuracy_spam,Precision_w,Recall_w,F1_score_w,Total_Obs,AUC_w,Accuracy_w,Hyper_time,Training_time,Testing_time,Total_time
16.0,5.0,76.0,0.8162185985015425,0.92319195779504,0.8664158593399739,24073.0,0.7796058712454979,0.818804367943735,0.9968354430379747,0.9431137724550899,0.9692307692307692,334.0,0.9715435482703865,0.999471193252426,0.9769585253456221,0.8926315789473684,0.9328932893289329,475.0,0.9461819063268948,0.998387139419899,1.0,0.9716312056737588,0.9856115107913669,141.0,0.9858156028368794,0.9998942386504852,1.0,0.045454545454545456,0.08695652173913045,22.0,0.5227272727272727,0.9994447529150472,1.0,1.0,1.0,7.0,1.0,1.0,0.8132111251580278,0.604510924896233,0.6934998427743587,12769.0,0.7668690661524116,0.8195975780650961,0.8196430955391011,0.8150762803733376,0.8097950908260262,37821.0,0.7797529201983184,0.8237367908253975,0.0,3.8797767162323,0.007728099822998047,5.719222068786621
