Rep,Kfold,Num_Vars_,Precision_background,Recall_background,F1_score_background,Num_Obs_background,AUC_background,Accuracy_background,Precision_dos,Recall_dos,F1_score_dos,Num_Obs_dos,AUC_dos,Accuracy_dos,Precision_nerisbotnet,Recall_nerisbotnet,F1_score_nerisbotnet,Num_Obs_nerisbotnet,AUC_nerisbotnet,Accuracy_nerisbotnet,Precision_scan,Recall_scan,F1_score_scan,Num_Obs_scan,AUC_scan,Accuracy_scan,Precision_sshscan,Recall_sshscan,F1_score_sshscan,Num_Obs_sshscan,AUC_sshscan,Accuracy_sshscan,Precision_udpscan,Recall_udpscan,F1_score_udpscan,Num_Obs_udpscan,AUC_udpscan,Accuracy_udpscan,Precision_spam,Recall_spam,F1_score_spam,Num_Obs_spam,AUC_spam,Accuracy_spam,Precision_w,Recall_w,F1_score_w,Total_Obs,AUC_w,Accuracy_w,Hyper_time,Training_time,Testing_time,Total_time
11.0,2.0,86.0,0.8135393671817512,0.9185776005317381,0.8628736439553577,6018.0,0.7749710813249322,0.8141723955579059,0.8863636363636364,0.9285714285714286,0.9069767441860465,84.0,0.9637521532996935,0.9983077736647277,0.954954954954955,0.8907563025210085,0.9217391304347827,119.0,0.9451103706263997,0.9980962453728186,0.8611111111111112,0.8857142857142857,0.8732394366197184,35.0,0.9425917500758265,0.9990481226864093,0.0,0.0,0.0,5.0,0.4998941798941799,0.9992596509783184,0.0,0.0,0.0,1.0,0.4997884493336154,0.9994711792702274,0.798202614379085,0.6119636705292828,0.6927849672043964,3193.0,0.7665375682572956,0.8167107350608144,0.8104467407081195,0.8140666314119513,0.8060573636088882,9455.0,0.7763874889944115,0.8197821907384503,0.0,4.076674938201904,0.007264852523803711,5.630066394805908
