Rep,Kfold,Num_Vars_,Precision_background,Recall_background,F1_score_background,Num_Obs_background,AUC_background,Accuracy_background,Precision_dos,Recall_dos,F1_score_dos,Num_Obs_dos,AUC_dos,Accuracy_dos,Precision_nerisbotnet,Recall_nerisbotnet,F1_score_nerisbotnet,Num_Obs_nerisbotnet,AUC_nerisbotnet,Accuracy_nerisbotnet,Precision_scan,Recall_scan,F1_score_scan,Num_Obs_scan,AUC_scan,Accuracy_scan,Precision_sshscan,Recall_sshscan,F1_score_sshscan,Num_Obs_sshscan,AUC_sshscan,Accuracy_sshscan,Precision_udpscan,Recall_udpscan,F1_score_udpscan,Num_Obs_udpscan,AUC_udpscan,Accuracy_udpscan,Precision_spam,Recall_spam,F1_score_spam,Num_Obs_spam,AUC_spam,Accuracy_spam,Precision_w,Recall_w,F1_score_w,Total_Obs,AUC_w,Accuracy_w,Hyper_time,Training_time,Testing_time,Total_time
16.0,3.0,80.0,0.815785620149363,0.9257228315054835,0.8672841908616797,6018.0,0.7797997161019852,0.8196530569071293,0.9390243902439024,0.927710843373494,0.9333333333333333,83.0,0.9635886411937366,0.9988364713348847,0.9809523809523809,0.865546218487395,0.9196428571428571,119.0,0.9326659855157918,0.9980960440025386,0.8095238095238095,0.9714285714285714,0.8831168831168832,35.0,0.9852896121820637,0.9990480220012693,0.0,0.0,0.0,5.0,0.4998941686951,0.9992595726676539,0.125,0.5,0.2,2.0,0.7496297079983073,0.9991537973344616,0.8063571727310749,0.6040100250626567,0.6906680995880351,3192.0,0.7650359930487348,0.8173259995768987,0.8151624337289367,0.8159509202453987,0.8083501260912157,9454.0,0.7789590181398997,0.8234836925853304,0.0,3.760866403579712,0.043203115463256836,5.7225260734558105
