Rep,Kfold,Num_Vars_,Precision_background,Recall_background,F1_score_background,Num_Obs_background,AUC_background,Accuracy_background,Precision_dos,Recall_dos,F1_score_dos,Num_Obs_dos,AUC_dos,Accuracy_dos,Precision_nerisbotnet,Recall_nerisbotnet,F1_score_nerisbotnet,Num_Obs_nerisbotnet,AUC_nerisbotnet,Accuracy_nerisbotnet,Precision_scan,Recall_scan,F1_score_scan,Num_Obs_scan,AUC_scan,Accuracy_scan,Precision_sshscan,Recall_sshscan,F1_score_sshscan,Num_Obs_sshscan,AUC_sshscan,Accuracy_sshscan,Precision_udpscan,Recall_udpscan,F1_score_udpscan,Num_Obs_udpscan,AUC_udpscan,Accuracy_udpscan,Precision_spam,Recall_spam,F1_score_spam,Num_Obs_spam,AUC_spam,Accuracy_spam,Precision_w,Recall_w,F1_score_w,Total_Obs,AUC_w,Accuracy_w,Hyper_time,Training_time,Testing_time,Total_time
14.0,1.0,80.0,0.8131646497983132,0.9211564823661363,0.863798375630563,24073.0,0.7752785612296205,0.8151027207107163,0.9936507936507937,0.937125748502994,0.9645608628659477,334.0,0.9685361983371801,0.9993918722402898,0.9745958429561201,0.888421052631579,0.9295154185022027,475.0,0.9440632548543211,0.9983078184077628,1.0,0.9645390070921985,0.9819494584837545,141.0,0.9822695035460993,0.9998677983131065,0.0,0.0,0.0,22.0,0.499986772136829,0.9993918722402898,1.0,1.0,1.0,7.0,1.0,1.0,0.8089971285759864,0.5957396820424465,0.6861807685368934,12769.0,0.7620243995395052,0.816028132518971,0.81563706247495,0.8106607440310938,0.8055101281202008,37821.0,0.7752833401414037,0.8201737685314295,0.0,4.960691452026367,0.0391538143157959,7.1991448402404785
