Rep,Kfold,Num_Vars_,Precision_background,Recall_background,F1_score_background,Num_Obs_background,AUC_background,Accuracy_background,Precision_dos,Recall_dos,F1_score_dos,Num_Obs_dos,AUC_dos,Accuracy_dos,Precision_nerisbotnet,Recall_nerisbotnet,F1_score_nerisbotnet,Num_Obs_nerisbotnet,AUC_nerisbotnet,Accuracy_nerisbotnet,Precision_scan,Recall_scan,F1_score_scan,Num_Obs_scan,AUC_scan,Accuracy_scan,Precision_sshscan,Recall_sshscan,F1_score_sshscan,Num_Obs_sshscan,AUC_sshscan,Accuracy_sshscan,Precision_udpscan,Recall_udpscan,F1_score_udpscan,Num_Obs_udpscan,AUC_udpscan,Accuracy_udpscan,Precision_spam,Recall_spam,F1_score_spam,Num_Obs_spam,AUC_spam,Accuracy_spam,Precision_w,Recall_w,F1_score_w,Total_Obs,AUC_w,Accuracy_w,Hyper_time,Training_time,Testing_time,Total_time
19.0,3.0,89.0,0.8138206320723624,0.9231504174801645,0.8650447644998054,24073.0,0.7766621367971129,0.8166578529878371,0.99375,0.954954954954955,0.9739663093415009,333.0,0.9774508015631606,0.9995505023796932,0.9745958429561201,0.888421052631579,0.9295154185022027,475.0,0.9440632509107821,0.9983077736647277,1.0,0.9858156028368794,0.9928571428571429,141.0,0.9929078014184397,0.9999471179270227,0.0,0.0,0.0,22.0,0.4999603153606011,0.9993389740877843,1.0,1.0,1.0,7.0,1.0,1.0,0.8110009593859929,0.595817996710784,0.6869525959367946,12769.0,0.7625211894854865,0.8166578529878371,0.8167273162792671,0.8121893178212586,0.8066833362047294,37820.0,0.7764447640322095,0.8213731658016585,0.0,3.094240665435791,0.04371309280395508,5.131044149398804
