Rep,Kfold,Num_Vars_,Precision_background,Recall_background,F1_score_background,Num_Obs_background,AUC_background,Accuracy_background,Precision_dos,Recall_dos,F1_score_dos,Num_Obs_dos,AUC_dos,Accuracy_dos,Precision_nerisbotnet,Recall_nerisbotnet,F1_score_nerisbotnet,Num_Obs_nerisbotnet,AUC_nerisbotnet,Accuracy_nerisbotnet,Precision_scan,Recall_scan,F1_score_scan,Num_Obs_scan,AUC_scan,Accuracy_scan,Precision_sshscan,Recall_sshscan,F1_score_sshscan,Num_Obs_sshscan,AUC_sshscan,Accuracy_sshscan,Precision_udpscan,Recall_udpscan,F1_score_udpscan,Num_Obs_udpscan,AUC_udpscan,Accuracy_udpscan,Precision_spam,Recall_spam,F1_score_spam,Num_Obs_spam,AUC_spam,Accuracy_spam,Precision_w,Recall_w,F1_score_w,Total_Obs,AUC_w,Accuracy_w,Hyper_time,Training_time,Testing_time,Total_time
20.0,3.0,83.0,0.8180193596425912,0.9127617148554337,0.8627974554307704,6018.0,0.7785578073695096,0.8152104929130527,0.9390243902439024,0.927710843373494,0.9333333333333333,83.0,0.9635886411937366,0.9988364713348847,0.9067796610169492,0.8991596638655462,0.9029535864978903,119.0,0.9489906514292915,0.9975671673365771,0.7857142857142857,0.9428571428571428,0.8571428571428571,35.0,0.9709508137048215,0.9988364713348847,0.0,0.0,0.0,6.0,0.49989415749364946,0.9991537973344616,0.3333333333333333,1.0,0.5,1.0,0.9998942134772031,0.9997884493336154,0.790483806477409,0.6193609022556391,0.6945371508870543,3192.0,0.767840783290068,0.8160566955785911,0.8102119689009516,0.813200761582399,0.8065047404139802,9454.0,0.7792679233540172,0.8202197616248703,0.0,4.470702886581421,0.016700267791748047,6.3605570793151855
