Rep,Kfold,Num_Vars_,Precision_background,Recall_background,F1_score_background,Num_Obs_background,AUC_background,Accuracy_background,Precision_dos,Recall_dos,F1_score_dos,Num_Obs_dos,AUC_dos,Accuracy_dos,Precision_nerisbotnet,Recall_nerisbotnet,F1_score_nerisbotnet,Num_Obs_nerisbotnet,AUC_nerisbotnet,Accuracy_nerisbotnet,Precision_scan,Recall_scan,F1_score_scan,Num_Obs_scan,AUC_scan,Accuracy_scan,Precision_sshscan,Recall_sshscan,F1_score_sshscan,Num_Obs_sshscan,AUC_sshscan,Accuracy_sshscan,Precision_udpscan,Recall_udpscan,F1_score_udpscan,Num_Obs_udpscan,AUC_udpscan,Accuracy_udpscan,Precision_spam,Recall_spam,F1_score_spam,Num_Obs_spam,AUC_spam,Accuracy_spam,Precision_w,Recall_w,F1_score_w,Total_Obs,AUC_w,Accuracy_w,Hyper_time,Training_time,Testing_time,Total_time
2.0,1.0,85.0,0.8158811663304603,0.9241026919242273,0.8666264098018973,24072.0,0.7794527718314574,0.8189486487915807,0.9905362776025236,0.9429429429429429,0.9661538461538461,333.0,0.9714314554650688,0.9994182664339732,0.9770642201834863,0.8949579831932774,0.9342105263157895,476.0,0.9473450941085555,0.9984134539108361,1.0,0.9929078014184397,0.9964412811387899,141.0,0.9964539007092199,0.9999735575651806,0.0,0.0,0.0,21.0,0.5,0.9994447088687927,1.0,1.0,1.0,7.0,1.0,1.0,0.8137505321413367,0.5988408521303258,0.689947662876737,12768.0,0.7644902863446041,0.8182875879210958,0.8189959643433393,0.8138452588714369,0.8087311427970164,37818.0,0.7788995197800066,0.8233820797920167,0.0,5.875367164611816,0.12014174461364746,9.023422956466675
