Rep,Kfold,Num_Vars_,Precision_background,Recall_background,F1_score_background,Num_Obs_background,AUC_background,Accuracy_background,Precision_dos,Recall_dos,F1_score_dos,Num_Obs_dos,AUC_dos,Accuracy_dos,Precision_nerisbotnet,Recall_nerisbotnet,F1_score_nerisbotnet,Num_Obs_nerisbotnet,AUC_nerisbotnet,Accuracy_nerisbotnet,Precision_scan,Recall_scan,F1_score_scan,Num_Obs_scan,AUC_scan,Accuracy_scan,Precision_sshscan,Recall_sshscan,F1_score_sshscan,Num_Obs_sshscan,AUC_sshscan,Accuracy_sshscan,Precision_udpscan,Recall_udpscan,F1_score_udpscan,Num_Obs_udpscan,AUC_udpscan,Accuracy_udpscan,Precision_spam,Recall_spam,F1_score_spam,Num_Obs_spam,AUC_spam,Accuracy_spam,Precision_w,Recall_w,F1_score_w,Total_Obs,AUC_w,Accuracy_w,Hyper_time,Training_time,Testing_time,Total_time
2.0,2.0,86.0,0.8146627565982405,0.92319195779504,0.8655385274472767,24073.0,0.7776879329205085,0.8174198154366853,0.9968354430379747,0.9459459459459459,0.970724191063174,333.0,0.9729596346600028,0.999497607022925,0.977116704805492,0.8989473684210526,0.9364035087719298,475.0,0.949339793893474,0.9984663793331394,1.0,0.9928571428571429,0.996415770609319,140.0,0.9964285714285714,0.9999735582643645,1.0,0.045454545454545456,0.08695652173913045,22.0,0.5227272727272727,0.9994447235516539,1.0,1.0,1.0,7.0,1.0,1.0,0.8126396425151612,0.5981674367609053,0.6891014074341393,12769.0,0.7639340177816503,0.8177635579999472,0.8184523327475552,0.8131098125280943,0.8078399459641739,37819.0,0.7776220165179003,0.8222284672917227,0.0,6.680676460266113,0.06914353370666504,9.511560678482056
