Rep,Kfold,Num_Vars_,Precision_background,Recall_background,F1_score_background,Num_Obs_background,AUC_background,Accuracy_background,Precision_dos,Recall_dos,F1_score_dos,Num_Obs_dos,AUC_dos,Accuracy_dos,Precision_nerisbotnet,Recall_nerisbotnet,F1_score_nerisbotnet,Num_Obs_nerisbotnet,AUC_nerisbotnet,Accuracy_nerisbotnet,Precision_scan,Recall_scan,F1_score_scan,Num_Obs_scan,AUC_scan,Accuracy_scan,Precision_sshscan,Recall_sshscan,F1_score_sshscan,Num_Obs_sshscan,AUC_sshscan,Accuracy_sshscan,Precision_udpscan,Recall_udpscan,F1_score_udpscan,Num_Obs_udpscan,AUC_udpscan,Accuracy_udpscan,Precision_spam,Recall_spam,F1_score_spam,Num_Obs_spam,AUC_spam,Accuracy_spam,Precision_w,Recall_w,F1_score_w,Total_Obs,AUC_w,Accuracy_w,Hyper_time,Training_time,Testing_time,Total_time
20.0,3.0,83.0,0.8153761467889908,0.9229842562206622,0.8658496190791654,24073.0,0.7785200594457979,0.8179582771476164,0.9968051118210862,0.9341317365269461,0.9644513137557961,334.0,0.9670525303063146,0.9993918722402898,0.9794520547945206,0.9031578947368422,0.9397590361445782,475.0,0.9514584525363106,0.9985457814441713,1.0,0.9787234042553191,0.989247311827957,141.0,0.9893617021276595,0.9999206789878639,0.0,0.0,0.0,21.0,0.4999867724867725,0.9994183125776684,1.0,1.0,1.0,8.0,1.0,1.0,0.8110360835619329,0.6020048555094369,0.691059468692408,12769.0,0.7652567787047424,0.8182755611961608,0.817848347902735,0.8141773089024616,0.8086442026323195,37821.0,0.7785572890885706,0.8227533110838954,0.0,4.470702886581421,0.016700267791748047,6.3605570793151855
