Rep,Kfold,Num_Vars_,Precision_background,Recall_background,F1_score_background,Num_Obs_background,AUC_background,Accuracy_background,Precision_dos,Recall_dos,F1_score_dos,Num_Obs_dos,AUC_dos,Accuracy_dos,Precision_nerisbotnet,Recall_nerisbotnet,F1_score_nerisbotnet,Num_Obs_nerisbotnet,AUC_nerisbotnet,Accuracy_nerisbotnet,Precision_scan,Recall_scan,F1_score_scan,Num_Obs_scan,AUC_scan,Accuracy_scan,Precision_sshscan,Recall_sshscan,F1_score_sshscan,Num_Obs_sshscan,AUC_sshscan,Accuracy_sshscan,Precision_udpscan,Recall_udpscan,F1_score_udpscan,Num_Obs_udpscan,AUC_udpscan,Accuracy_udpscan,Precision_spam,Recall_spam,F1_score_spam,Num_Obs_spam,AUC_spam,Accuracy_spam,Precision_w,Recall_w,F1_score_w,Total_Obs,AUC_w,Accuracy_w,Hyper_time,Training_time,Testing_time,Total_time
2.0,3.0,83.0,0.8138988772290306,0.9214472645702655,0.8643404056344615,24073.0,0.7762604376386386,0.8158959308320775,0.9968454258675079,0.9461077844311377,0.9708141321044547,334.0,0.9730405542584105,0.9994976335898046,0.9839080459770115,0.9010526315789473,0.9406593406593406,475.0,0.950432597586721,0.9985722217815499,0.9928571428571429,0.9858156028368794,0.9893238434163701,141.0,0.9928945317793738,0.9999206789878639,0.0,0.0,0.0,21.0,0.5,0.9994447529150472,1.0,1.0,1.0,8.0,1.0,1.0,0.8090160472972973,0.6001253034693398,0.6890877208758598,12769.0,0.7639577499304226,0.8171650670262552,0.8162557608390929,0.8126702096718754,0.8070856788969097,37821.0,0.7767336448558582,0.8210669906742969,0.0,5.50252628326416,0.046976327896118164,7.703903436660767
