Rep,Kfold,Num_Vars_,Precision_background,Recall_background,F1_score_background,Num_Obs_background,AUC_background,Accuracy_background,Precision_dos,Recall_dos,F1_score_dos,Num_Obs_dos,AUC_dos,Accuracy_dos,Precision_nerisbotnet,Recall_nerisbotnet,F1_score_nerisbotnet,Num_Obs_nerisbotnet,AUC_nerisbotnet,Accuracy_nerisbotnet,Precision_scan,Recall_scan,F1_score_scan,Num_Obs_scan,AUC_scan,Accuracy_scan,Precision_sshscan,Recall_sshscan,F1_score_sshscan,Num_Obs_sshscan,AUC_sshscan,Accuracy_sshscan,Precision_udpscan,Recall_udpscan,F1_score_udpscan,Num_Obs_udpscan,AUC_udpscan,Accuracy_udpscan,Precision_spam,Recall_spam,F1_score_spam,Num_Obs_spam,AUC_spam,Accuracy_spam,Precision_w,Recall_w,F1_score_w,Total_Obs,AUC_w,Accuracy_w,Hyper_time,Training_time,Testing_time,Total_time
3.0,5.0,82.0,0.8149289882197512,0.922482552342971,0.8653767463611387,24072.0,0.7778194386796691,0.8173140484941431,0.9936102236421726,0.9311377245508982,0.9613601236476043,334.0,0.9655421849378473,0.9993389566091119,0.9768518518518519,0.888421052631579,0.9305402425578833,475.0,0.9440766359987374,0.9983341706549618,1.0,0.9858156028368794,0.9928571428571429,141.0,0.9929078014184397,0.9999471165287289,0.0,0.0,0.0,21.0,0.5,0.9994447235516539,1.0,1.0,1.0,7.0,1.0,1.0,0.8092056421677802,0.5975409194142063,0.6874493197585368,12769.0,0.7628622760743686,0.8165472381607128,0.81688008391529,0.8121579100452153,0.8069881053454147,37819.0,0.7772041942663541,0.8217521426959687,0.0,6.75369668006897,0.11796236038208008,9.870341062545776
