Rep,Kfold,Num_Vars_,Precision_background,Recall_background,F1_score_background,Num_Obs_background,AUC_background,Accuracy_background,Precision_dos,Recall_dos,F1_score_dos,Num_Obs_dos,AUC_dos,Accuracy_dos,Precision_nerisbotnet,Recall_nerisbotnet,F1_score_nerisbotnet,Num_Obs_nerisbotnet,AUC_nerisbotnet,Accuracy_nerisbotnet,Precision_scan,Recall_scan,F1_score_scan,Num_Obs_scan,AUC_scan,Accuracy_scan,Precision_sshscan,Recall_sshscan,F1_score_sshscan,Num_Obs_sshscan,AUC_sshscan,Accuracy_sshscan,Precision_udpscan,Recall_udpscan,F1_score_udpscan,Num_Obs_udpscan,AUC_udpscan,Accuracy_udpscan,Precision_spam,Recall_spam,F1_score_spam,Num_Obs_spam,AUC_spam,Accuracy_spam,Precision_w,Recall_w,F1_score_w,Total_Obs,AUC_w,Accuracy_w,Hyper_time,Training_time,Testing_time,Total_time
3.0,4.0,81.0,0.8128122245077872,0.9192422731804586,0.8627573300062382,6018.0,0.7741771773471434,0.8138157198772876,0.9518072289156626,0.9518072289156626,0.9518072289156626,83.0,0.9756901672860062,0.999153707817624,0.9724770642201835,0.8983050847457628,0.9339207048458149,118.0,0.9489918567810228,0.9984132021580451,0.8888888888888888,0.9142857142857143,0.9014084507042254,35.0,0.9569304978309012,0.999259494340421,0.0,0.0,0.0,5.0,0.49989415749364946,0.999259494340421,0.0,0.0,0.0,2.0,0.49989419109088984,0.999576853908812,0.7920589439214081,0.606203007518797,0.6867790594498668,3192.0,0.7625329044941054,0.8132867872633026,0.8086977172087264,0.8128636411721146,0.8045090774027263,9453.0,0.7746703093196788,0.8183927299535517,0.0,6.022402763366699,0.04924583435058594,8.299871444702148
