Rep,Kfold,Num_Vars_,Precision_background,Recall_background,F1_score_background,Num_Obs_background,AUC_background,Accuracy_background,Precision_dos,Recall_dos,F1_score_dos,Num_Obs_dos,AUC_dos,Accuracy_dos,Precision_nerisbotnet,Recall_nerisbotnet,F1_score_nerisbotnet,Num_Obs_nerisbotnet,AUC_nerisbotnet,Accuracy_nerisbotnet,Precision_scan,Recall_scan,F1_score_scan,Num_Obs_scan,AUC_scan,Accuracy_scan,Precision_sshscan,Recall_sshscan,F1_score_sshscan,Num_Obs_sshscan,AUC_sshscan,Accuracy_sshscan,Precision_udpscan,Recall_udpscan,F1_score_udpscan,Num_Obs_udpscan,AUC_udpscan,Accuracy_udpscan,Precision_spam,Recall_spam,F1_score_spam,Num_Obs_spam,AUC_spam,Accuracy_spam,Precision_w,Recall_w,F1_score_w,Total_Obs,AUC_w,Accuracy_w,Hyper_time,Training_time,Testing_time,Total_time
3.0,4.0,81.0,0.8135841323281856,0.9235242803140448,0.8650751960154867,24073.0,0.7765123038052878,0.8166411083496378,0.9904761904761905,0.9341317365269461,0.9614791987673345,334.0,0.9670258554593757,0.9993390090423563,0.9793103448275862,0.8949579831932774,0.9352360043907794,476.0,0.9473584967645282,0.9984400613399609,0.9924812030075187,0.9361702127659575,0.9635036496350365,141.0,0.9680718370960701,0.9997356036169425,0.5,0.045454545454545456,0.08333333333333334,22.0,0.5227140452140452,0.9994183279572736,1.0,1.0,1.0,7.0,1.0,1.0,0.8146211312700107,0.5977758634192184,0.6895523736392791,12769.0,0.7642214247044602,0.8182803659245942,0.8181010698562798,0.8128338004336101,0.8074888475250102,37822.0,0.776803214525,0.8219187249572998,0.0,6.022402763366699,0.04924583435058594,8.299871444702148
