Rep,Kfold,Num_Vars_,Precision_background,Recall_background,F1_score_background,Num_Obs_background,AUC_background,Accuracy_background,Precision_dos,Recall_dos,F1_score_dos,Num_Obs_dos,AUC_dos,Accuracy_dos,Precision_nerisbotnet,Recall_nerisbotnet,F1_score_nerisbotnet,Num_Obs_nerisbotnet,AUC_nerisbotnet,Accuracy_nerisbotnet,Precision_scan,Recall_scan,F1_score_scan,Num_Obs_scan,AUC_scan,Accuracy_scan,Precision_sshscan,Recall_sshscan,F1_score_sshscan,Num_Obs_sshscan,AUC_sshscan,Accuracy_sshscan,Precision_udpscan,Recall_udpscan,F1_score_udpscan,Num_Obs_udpscan,AUC_udpscan,Accuracy_udpscan,Precision_spam,Recall_spam,F1_score_spam,Num_Obs_spam,AUC_spam,Accuracy_spam,Precision_w,Recall_w,F1_score_w,Total_Obs,AUC_w,Accuracy_w,Hyper_time,Training_time,Testing_time,Total_time
3.0,1.0,86.0,0.814981684981685,0.9242304656669298,0.8661748389231698,24073.0,0.7783756911819553,0.8182082606166375,0.9968354430379747,0.9459459459459459,0.970724191063174,333.0,0.9729596343041722,0.9994975937384314,0.981651376146789,0.9010526315789473,0.9396267837541162,475.0,0.9504192006674963,0.9985456660849331,1.0,0.9714285714285714,0.9855072463768115,140.0,0.9857142857142858,0.9998942302607224,1.0,0.045454545454545456,0.08695652173913045,22.0,0.5227272727272727,0.9994447088687927,1.0,1.0,1.0,7.0,1.0,1.0,0.812717862047111,0.6026002506265664,0.69206206431302,12768.0,0.7659109037563969,0.8189486487915807,0.818738864333994,0.8152202654820456,0.8092477992073711,37818.0,0.7787014943023226,0.8231312780033866,0.0,5.541338920593262,0.012817144393920898,7.280344486236572
