Rep,Kfold,Num_Vars_,Precision_background,Recall_background,F1_score_background,Num_Obs_background,AUC_background,Accuracy_background,Precision_dos,Recall_dos,F1_score_dos,Num_Obs_dos,AUC_dos,Accuracy_dos,Precision_nerisbotnet,Recall_nerisbotnet,F1_score_nerisbotnet,Num_Obs_nerisbotnet,AUC_nerisbotnet,Accuracy_nerisbotnet,Precision_scan,Recall_scan,F1_score_scan,Num_Obs_scan,AUC_scan,Accuracy_scan,Precision_sshscan,Recall_sshscan,F1_score_sshscan,Num_Obs_sshscan,AUC_sshscan,Accuracy_sshscan,Precision_udpscan,Recall_udpscan,F1_score_udpscan,Num_Obs_udpscan,AUC_udpscan,Accuracy_udpscan,Precision_spam,Recall_spam,F1_score_spam,Num_Obs_spam,AUC_spam,Accuracy_spam,Precision_w,Recall_w,F1_score_w,Total_Obs,AUC_w,Accuracy_w,Hyper_time,Training_time,Testing_time,Total_time
4.0,2.0,83.0,0.8160576958457519,0.9212811033107631,0.8654829268292683,24073.0,0.7788058361017658,0.8177106745286761,0.9936908517350158,0.9459459459459459,0.9692307692307692,333.0,0.9729462963470327,0.9994711652872894,0.9863945578231292,0.9157894736842105,0.9497816593886462,475.0,0.9578144026518739,0.9987836801607658,1.0,0.9857142857142858,0.9928057553956835,140.0,0.9928571428571429,0.9999471165287289,0.0,0.0,0.0,22.0,0.5,0.9994182818160184,1.0,1.0,1.0,7.0,1.0,1.0,0.8101612733213872,0.6019265408410995,0.6906901509705248,12769.0,0.7650151666281345,0.8179750918850314,0.8180105946674773,0.8133213464131785,0.8084318986599978,37819.0,0.778778511147721,0.8224886686808163,0.0,6.326141595840454,0.049115896224975586,8.732945203781128
