Rep,Kfold,Num_Vars_,Precision_background,Recall_background,F1_score_background,Num_Obs_background,AUC_background,Accuracy_background,Precision_dos,Recall_dos,F1_score_dos,Num_Obs_dos,AUC_dos,Accuracy_dos,Precision_nerisbotnet,Recall_nerisbotnet,F1_score_nerisbotnet,Num_Obs_nerisbotnet,AUC_nerisbotnet,Accuracy_nerisbotnet,Precision_scan,Recall_scan,F1_score_scan,Num_Obs_scan,AUC_scan,Accuracy_scan,Precision_sshscan,Recall_sshscan,F1_score_sshscan,Num_Obs_sshscan,AUC_sshscan,Accuracy_sshscan,Precision_udpscan,Recall_udpscan,F1_score_udpscan,Num_Obs_udpscan,AUC_udpscan,Accuracy_udpscan,Precision_spam,Recall_spam,F1_score_spam,Num_Obs_spam,AUC_spam,Accuracy_spam,Precision_w,Recall_w,F1_score_w,Total_Obs,AUC_w,Accuracy_w,Hyper_time,Training_time,Testing_time,Total_time
4.0,3.0,84.0,0.8174132304954019,0.9156005981059977,0.8637254133688582,6019.0,0.7786675865966541,0.8160761501850873,0.9069767441860465,0.9397590361445783,0.923076923076923,83.0,0.9694527148285845,0.9986250661025913,0.9743589743589743,0.957983193277311,0.9661016949152542,119.0,0.9788309282581928,0.9991538868323638,0.7674418604651163,0.9428571428571428,0.8461538461538461,35.0,0.9708977858659388,0.9987308302485457,0.0,0.0,0.0,6.0,0.49994708434755003,0.9992596509783184,0.0,0.0,0.0,1.0,0.4996826740004231,0.9992596509783184,0.793732645775486,0.6268796992481203,0.7005076142131978,3192.0,0.7719261980193978,0.8190375462718139,0.8113900679534228,0.8182971972501322,0.8097282325289656,9455.0,0.7810909435517789,0.8217943717925736,0.0,6.502429485321045,0.0815269947052002,9.136497497558594
