Rep,Kfold,Num_Vars_,Precision_background,Recall_background,F1_score_background,Num_Obs_background,AUC_background,Accuracy_background,Precision_dos,Recall_dos,F1_score_dos,Num_Obs_dos,AUC_dos,Accuracy_dos,Precision_nerisbotnet,Recall_nerisbotnet,F1_score_nerisbotnet,Num_Obs_nerisbotnet,AUC_nerisbotnet,Accuracy_nerisbotnet,Precision_scan,Recall_scan,F1_score_scan,Num_Obs_scan,AUC_scan,Accuracy_scan,Precision_sshscan,Recall_sshscan,F1_score_sshscan,Num_Obs_sshscan,AUC_sshscan,Accuracy_sshscan,Precision_udpscan,Recall_udpscan,F1_score_udpscan,Num_Obs_udpscan,AUC_udpscan,Accuracy_udpscan,Precision_spam,Recall_spam,F1_score_spam,Num_Obs_spam,AUC_spam,Accuracy_spam,Precision_w,Recall_w,F1_score_w,Total_Obs,AUC_w,Accuracy_w,Hyper_time,Training_time,Testing_time,Total_time
4.0,4.0,82.0,0.8120146520146521,0.9209039548022598,0.8630382309429261,6018.0,0.7739151934523075,0.8140002114835572,0.8863636363636364,0.9285714285714286,0.9069767441860465,84.0,0.9637522671503255,0.9983081315427725,0.9469026548672567,0.8991596638655462,0.9224137931034483,119.0,0.9492585639953132,0.9980966479856191,0.7804878048780488,0.9142857142857143,0.8421052631578947,35.0,0.9566652515389513,0.9987310986570794,0.0,0.0,0.0,6.0,0.5,0.9993655493285397,0.0,0.0,0.0,2.0,0.49936541512427285,0.9985196150999259,0.7882210568777733,0.6119636705292828,0.6889985895627644,3193.0,0.7640757049964422,0.8134715025906736,0.805535269640413,0.8155863381622079,0.8046064864534103,9457.0,0.7749301400486209,0.8186156271142137,0.0,5.997898817062378,0.05484127998352051,8.001082181930542
