Rep,Kfold,Num_Vars_,Precision_background,Recall_background,F1_score_background,Num_Obs_background,AUC_background,Accuracy_background,Precision_dos,Recall_dos,F1_score_dos,Num_Obs_dos,AUC_dos,Accuracy_dos,Precision_nerisbotnet,Recall_nerisbotnet,F1_score_nerisbotnet,Num_Obs_nerisbotnet,AUC_nerisbotnet,Accuracy_nerisbotnet,Precision_scan,Recall_scan,F1_score_scan,Num_Obs_scan,AUC_scan,Accuracy_scan,Precision_sshscan,Recall_sshscan,F1_score_sshscan,Num_Obs_sshscan,AUC_sshscan,Accuracy_sshscan,Precision_udpscan,Recall_udpscan,F1_score_udpscan,Num_Obs_udpscan,AUC_udpscan,Accuracy_udpscan,Precision_spam,Recall_spam,F1_score_spam,Num_Obs_spam,AUC_spam,Accuracy_spam,Precision_w,Recall_w,F1_score_w,Total_Obs,AUC_w,Accuracy_w,Hyper_time,Training_time,Testing_time,Total_time
4.0,5.0,86.0,0.8139790460839622,0.9230257965355377,0.8650795195733001,24073.0,0.7768449224149796,0.8167468669028608,0.9968253968253968,0.9401197604790419,0.9676425269645608,334.0,0.9700465426381552,0.9994447675955793,0.9792626728110599,0.8928571428571429,0.9340659340659342,476.0,0.9463080765964609,0.9984136217016552,1.0,0.9787234042553191,0.989247311827957,141.0,0.9893617021276595,0.9999206810850828,0.5,0.045454545454545456,0.08333333333333334,22.0,0.5227140452140452,0.9994183279572736,1.0,1.0,1.0,7.0,1.0,1.0,0.8111264465442192,0.59832406609758,0.68866053722733,12769.0,0.7636573030763316,0.8173549785838929,0.817256091351597,0.8128866797102215,0.807326182313639,37822.0,0.776917292025098,0.821674911534167,0.0,5.767513751983643,0.030285358428955078,7.9414756298065186
