Rep,Kfold,Num_Vars_,Precision_background,Recall_background,F1_score_background,Num_Obs_background,AUC_background,Accuracy_background,Precision_dos,Recall_dos,F1_score_dos,Num_Obs_dos,AUC_dos,Accuracy_dos,Precision_nerisbotnet,Recall_nerisbotnet,F1_score_nerisbotnet,Num_Obs_nerisbotnet,AUC_nerisbotnet,Accuracy_nerisbotnet,Precision_scan,Recall_scan,F1_score_scan,Num_Obs_scan,AUC_scan,Accuracy_scan,Precision_sshscan,Recall_sshscan,F1_score_sshscan,Num_Obs_sshscan,AUC_sshscan,Accuracy_sshscan,Precision_udpscan,Recall_udpscan,F1_score_udpscan,Num_Obs_udpscan,AUC_udpscan,Accuracy_udpscan,Precision_spam,Recall_spam,F1_score_spam,Num_Obs_spam,AUC_spam,Accuracy_spam,Precision_w,Recall_w,F1_score_w,Total_Obs,AUC_w,Accuracy_w,Hyper_time,Training_time,Testing_time,Total_time
4.0,1.0,89.0,0.8150699992670234,0.9238566028330495,0.8660604762553787,24073.0,0.7784106988561523,0.8181169191718887,0.9968454258675079,0.9461077844311377,0.9708141321044547,334.0,0.9730405542584105,0.9994976335898046,0.9772209567198178,0.9031578947368422,0.9387308533916849,475.0,0.9514450642216316,0.9985193411067925,1.0,0.9716312056737588,0.9856115107913669,141.0,0.9858156028368794,0.9998942386504852,0.0,0.0,0.0,22.0,0.499986772136829,0.9993918722402898,1.0,1.0,1.0,7.0,1.0,1.0,0.8153584343756648,0.6003602474743519,0.691533985837355,12769.0,0.7655321914363616,0.8191745326670369,0.8190586781835377,0.814230189577219,0.808941900228932,37821.0,0.7786069370357646,0.8231582667918351,0.0,6.90326189994812,0.13065218925476074,9.970252990722656
