Rep,Kfold,Num_Vars_,Precision_background,Recall_background,F1_score_background,Num_Obs_background,AUC_background,Accuracy_background,Precision_dos,Recall_dos,F1_score_dos,Num_Obs_dos,AUC_dos,Accuracy_dos,Precision_nerisbotnet,Recall_nerisbotnet,F1_score_nerisbotnet,Num_Obs_nerisbotnet,AUC_nerisbotnet,Accuracy_nerisbotnet,Precision_scan,Recall_scan,F1_score_scan,Num_Obs_scan,AUC_scan,Accuracy_scan,Precision_sshscan,Recall_sshscan,F1_score_sshscan,Num_Obs_sshscan,AUC_sshscan,Accuracy_sshscan,Precision_udpscan,Recall_udpscan,F1_score_udpscan,Num_Obs_udpscan,AUC_udpscan,Accuracy_udpscan,Precision_spam,Recall_spam,F1_score_spam,Num_Obs_spam,AUC_spam,Accuracy_spam,Precision_w,Recall_w,F1_score_w,Total_Obs,AUC_w,Accuracy_w,Hyper_time,Training_time,Testing_time,Total_time
4.0,3.0,84.0,0.8145894428152493,0.9231472249916916,0.8654774887054058,24072.0,0.7776195828188018,0.8173453199365415,0.9937106918238994,0.9461077844311377,0.9693251533742332,334.0,0.9730272155896286,0.9994711792702274,0.9769585253456221,0.8926315789473684,0.9328932893289329,475.0,0.9461819027418593,0.9983870967741936,1.0,0.9787234042553191,0.989247311827957,141.0,0.9893617021276595,0.9999206768905341,0.5,0.047619047619047616,0.08695652173913042,21.0,0.5237962959463528,0.9994447382337388,1.0,1.0,1.0,8.0,1.0,1.0,0.8115388694453283,0.5992638421176286,0.6894314803135418,12769.0,0.7641642750566587,0.8177154944473823,0.8177364241672245,0.8133527234267584,0.8078612784723067,37820.0,0.7776150037503138,0.8221729267556723,0.0,6.502429485321045,0.0815269947052002,9.136497497558594
