Rep,Kfold,Num_Vars_,Precision_background,Recall_background,F1_score_background,Num_Obs_background,AUC_background,Accuracy_background,Precision_dos,Recall_dos,F1_score_dos,Num_Obs_dos,AUC_dos,Accuracy_dos,Precision_nerisbotnet,Recall_nerisbotnet,F1_score_nerisbotnet,Num_Obs_nerisbotnet,AUC_nerisbotnet,Accuracy_nerisbotnet,Precision_scan,Recall_scan,F1_score_scan,Num_Obs_scan,AUC_scan,Accuracy_scan,Precision_sshscan,Recall_sshscan,F1_score_sshscan,Num_Obs_sshscan,AUC_sshscan,Accuracy_sshscan,Precision_udpscan,Recall_udpscan,F1_score_udpscan,Num_Obs_udpscan,AUC_udpscan,Accuracy_udpscan,Precision_spam,Recall_spam,F1_score_spam,Num_Obs_spam,AUC_spam,Accuracy_spam,Precision_w,Recall_w,F1_score_w,Total_Obs,AUC_w,Accuracy_w,Hyper_time,Training_time,Testing_time,Total_time
4.0,1.0,89.0,0.8142140961368328,0.9175805915586573,0.8628125000000001,6018.0,0.7754375600400969,0.814258514914322,0.9873417721518988,0.9397590361445783,0.962962962962963,83.0,0.9698261619736871,0.9993653480008462,0.9809523809523809,0.865546218487395,0.9196428571428571,119.0,0.9326659855157918,0.9980960440025386,0.7906976744186046,0.9714285714285714,0.8717948717948717,35.0,0.985236527990536,0.998942246668077,0.0,0.0,0.0,5.0,0.49994708434755003,0.9993653480008462,0.16666666666666666,0.5,0.25,2.0,0.7497355057130767,0.9993653480008462,0.7944582299421009,0.6018170426065163,0.6848484848484848,3192.0,0.7612247142128717,0.8129892109160144,0.8105078858564174,0.8101332769198223,0.8037675306827915,9454.0,0.7749500563488277,0.8185898660025459,0.0,6.90326189994812,0.13065218925476074,9.970252990722656
