Rep,Kfold,Num_Vars_,Precision_background,Recall_background,F1_score_background,Num_Obs_background,AUC_background,Accuracy_background,Precision_dos,Recall_dos,F1_score_dos,Num_Obs_dos,AUC_dos,Accuracy_dos,Precision_nerisbotnet,Recall_nerisbotnet,F1_score_nerisbotnet,Num_Obs_nerisbotnet,AUC_nerisbotnet,Accuracy_nerisbotnet,Precision_scan,Recall_scan,F1_score_scan,Num_Obs_scan,AUC_scan,Accuracy_scan,Precision_sshscan,Recall_sshscan,F1_score_sshscan,Num_Obs_sshscan,AUC_sshscan,Accuracy_sshscan,Precision_udpscan,Recall_udpscan,F1_score_udpscan,Num_Obs_udpscan,AUC_udpscan,Accuracy_udpscan,Precision_spam,Recall_spam,F1_score_spam,Num_Obs_spam,AUC_spam,Accuracy_spam,Precision_w,Recall_w,F1_score_w,Total_Obs,AUC_w,Accuracy_w,Hyper_time,Training_time,Testing_time,Total_time
5.0,3.0,83.0,0.8158791290179233,0.9152542372881356,0.8627143864045735,6018.0,0.7767481896568735,0.8145758409138989,0.9367088607594937,0.8809523809523809,0.9079754601226993,84.0,0.9402093815114093,0.9984133700021155,0.9636363636363636,0.8983050847457628,0.9298245614035089,118.0,0.9489383178655978,0.9983075946689232,0.8918918918918919,0.9428571428571428,0.9166666666666667,35.0,0.9712162346624603,0.9993653480008462,0.0,0.0,0.0,6.0,0.4999470787468247,0.9992595726676539,0.25,1.0,0.4,1.0,0.9998413202158045,0.9996826740004231,0.7937649880095923,0.6221804511278195,0.6975763962065331,3192.0,0.7698893312809331,0.8178548762428601,0.8110341962751836,0.8153162682462449,0.8078011005186408,9454.0,0.778601835452167,0.8204305291017769,0.0,4.206763029098511,0.06623601913452148,5.829756498336792
