Rep,Kfold,Num_Vars_,Precision_background,Recall_background,F1_score_background,Num_Obs_background,AUC_background,Accuracy_background,Precision_dos,Recall_dos,F1_score_dos,Num_Obs_dos,AUC_dos,Accuracy_dos,Precision_nerisbotnet,Recall_nerisbotnet,F1_score_nerisbotnet,Num_Obs_nerisbotnet,AUC_nerisbotnet,Accuracy_nerisbotnet,Precision_scan,Recall_scan,F1_score_scan,Num_Obs_scan,AUC_scan,Accuracy_scan,Precision_sshscan,Recall_sshscan,F1_score_sshscan,Num_Obs_sshscan,AUC_sshscan,Accuracy_sshscan,Precision_udpscan,Recall_udpscan,F1_score_udpscan,Num_Obs_udpscan,AUC_udpscan,Accuracy_udpscan,Precision_spam,Recall_spam,F1_score_spam,Num_Obs_spam,AUC_spam,Accuracy_spam,Precision_w,Recall_w,F1_score_w,Total_Obs,AUC_w,Accuracy_w,Hyper_time,Training_time,Testing_time,Total_time
5.0,1.0,84.0,0.8159169296250092,0.9237319818884228,0.8664835271884194,24073.0,0.7793898143238578,0.8187995769434162,0.9968051118210862,0.9341317365269461,0.9644513137557961,334.0,0.9670525299505028,0.9993918561607615,0.9817767653758542,0.9073684210526316,0.9431072210065645,475.0,0.953577101140856,0.9986250661025913,1.0,0.9928571428571429,0.996415770609319,140.0,0.9964285714285714,0.9999735589635114,0.0,0.0,0.0,22.0,0.499986771786867,0.9993918561607615,1.0,1.0,1.0,7.0,1.0,1.0,0.8137733446519525,0.6005951914793641,0.6911188212499437,12769.0,0.7652690539649026,0.8187466948704389,0.8191146736019409,0.8142517186673718,0.8091051045797253,37820.0,0.7791490197599353,0.8234443539927645,0.0,4.999624729156494,0.05275893211364746,6.848089694976807
