Rep,Kfold,Num_Vars_,Precision_background,Recall_background,F1_score_background,Num_Obs_background,AUC_background,Accuracy_background,Precision_dos,Recall_dos,F1_score_dos,Num_Obs_dos,AUC_dos,Accuracy_dos,Precision_nerisbotnet,Recall_nerisbotnet,F1_score_nerisbotnet,Num_Obs_nerisbotnet,AUC_nerisbotnet,Accuracy_nerisbotnet,Precision_scan,Recall_scan,F1_score_scan,Num_Obs_scan,AUC_scan,Accuracy_scan,Precision_sshscan,Recall_sshscan,F1_score_sshscan,Num_Obs_sshscan,AUC_sshscan,Accuracy_sshscan,Precision_udpscan,Recall_udpscan,F1_score_udpscan,Num_Obs_udpscan,AUC_udpscan,Accuracy_udpscan,Precision_spam,Recall_spam,F1_score_spam,Num_Obs_spam,AUC_spam,Accuracy_spam,Precision_w,Recall_w,F1_score_w,Total_Obs,AUC_w,Accuracy_w,Hyper_time,Training_time,Testing_time,Total_time
5.0,1.0,84.0,0.8077315827862874,0.9200731139913593,0.8602501359434477,6018.0,0.768299577071327,0.809730301427816,0.896551724137931,0.9397590361445783,0.9176470588235294,83.0,0.9693993644231215,0.9985193019566367,0.9279279279279279,0.865546218487395,0.8956521739130435,119.0,0.9323446602291302,0.9974616604970915,0.868421052631579,0.9166666666666666,0.8918918918918918,36.0,0.9580679123756944,0.9991538868323638,0.0,0.0,0.0,5.0,0.4998941798941799,0.9992596509783184,0.0,0.0,0.0,2.0,0.499788426954406,0.9993654151242729,0.795614398014067,0.6024436090225563,0.6856837225886967,3192.0,0.761783835486849,0.8135378106821788,0.8055663879524472,0.8116340560549974,0.8017496756527658,9455.0,0.7704536765840886,0.8158973299167395,0.0,4.999624729156494,0.05275893211364746,6.848089694976807
