Rep,Kfold,Num_Vars_,Precision_background,Recall_background,F1_score_background,Num_Obs_background,AUC_background,Accuracy_background,Precision_dos,Recall_dos,F1_score_dos,Num_Obs_dos,AUC_dos,Accuracy_dos,Precision_nerisbotnet,Recall_nerisbotnet,F1_score_nerisbotnet,Num_Obs_nerisbotnet,AUC_nerisbotnet,Accuracy_nerisbotnet,Precision_scan,Recall_scan,F1_score_scan,Num_Obs_scan,AUC_scan,Accuracy_scan,Precision_sshscan,Recall_sshscan,F1_score_sshscan,Num_Obs_sshscan,AUC_sshscan,Accuracy_sshscan,Precision_udpscan,Recall_udpscan,F1_score_udpscan,Num_Obs_udpscan,AUC_udpscan,Accuracy_udpscan,Precision_spam,Recall_spam,F1_score_spam,Num_Obs_spam,AUC_spam,Accuracy_spam,Precision_w,Recall_w,F1_score_w,Total_Obs,AUC_w,Accuracy_w,Hyper_time,Training_time,Testing_time,Total_time
5.0,2.0,88.0,0.818275760259817,0.92107012296444,0.866635397123202,6018.0,0.7815065565374847,0.819585448392555,0.9605263157894737,0.8690476190476191,0.9125000000000001,84.0,0.9343637583074202,0.9985194585448393,0.9622641509433962,0.8571428571428571,0.9066666666666666,119.0,0.9283572270077572,0.9977791878172588,0.7021276595744681,0.9428571428571428,0.8048780487804879,35.0,0.97068555051784,0.9983079526226735,0.0,0.0,0.0,5.0,0.49989419109088984,0.9992597292724196,0.2,0.5,0.28571428571428575,2.0,0.7497884493336154,0.9994712351945855,0.8170158187259513,0.59849671155653,0.6908893709327549,3193.0,0.7650794271498123,0.8191624365482234,0.8199326509104512,0.8103849407783418,0.8073928801700291,9456.0,0.7797101497425896,0.8240691905299744,0.0,4.959381103515625,0.0226895809173584,8.061084032058716
