Rep,Kfold,Num_Vars_,Precision_background,Recall_background,F1_score_background,Num_Obs_background,AUC_background,Accuracy_background,Precision_dos,Recall_dos,F1_score_dos,Num_Obs_dos,AUC_dos,Accuracy_dos,Precision_nerisbotnet,Recall_nerisbotnet,F1_score_nerisbotnet,Num_Obs_nerisbotnet,AUC_nerisbotnet,Accuracy_nerisbotnet,Precision_scan,Recall_scan,F1_score_scan,Num_Obs_scan,AUC_scan,Accuracy_scan,Precision_sshscan,Recall_sshscan,F1_score_sshscan,Num_Obs_sshscan,AUC_sshscan,Accuracy_sshscan,Precision_udpscan,Recall_udpscan,F1_score_udpscan,Num_Obs_udpscan,AUC_udpscan,Accuracy_udpscan,Precision_spam,Recall_spam,F1_score_spam,Num_Obs_spam,AUC_spam,Accuracy_spam,Precision_w,Recall_w,F1_score_w,Total_Obs,AUC_w,Accuracy_w,Hyper_time,Training_time,Testing_time,Total_time
5.0,4.0,78.0,0.8151560178306092,0.9114470842332614,0.8606165189426622,6019.0,0.7747517644035088,0.8120769881556683,0.9310344827586207,0.9759036144578314,0.9529411764705883,83.0,0.9876317389476824,0.9991539763113367,0.9636363636363636,0.8907563025210085,0.9257641921397379,119.0,0.9451639496968328,0.9982021996615905,0.96875,0.8857142857142857,0.9253731343283582,35.0,0.9428040699349477,0.9994712351945855,0.0,0.0,0.0,6.0,0.5,0.9993654822335025,0.0,0.0,0.0,2.0,0.4997884493336154,0.9993654822335025,0.7825742574257426,0.6190476190476191,0.6912716459681651,3192.0,0.7657019704433498,0.8133460236886633,0.8069221595142873,0.8121827411167513,0.8045937011061174,9456.0,0.7760995371502604,0.8173418103010183,0.0,4.146600961685181,0.009634733200073242,6.065701723098755
