Rep,Kfold,Num_Vars_,Precision_background,Recall_background,F1_score_background,Num_Obs_background,AUC_background,Accuracy_background,Precision_dos,Recall_dos,F1_score_dos,Num_Obs_dos,AUC_dos,Accuracy_dos,Precision_nerisbotnet,Recall_nerisbotnet,F1_score_nerisbotnet,Num_Obs_nerisbotnet,AUC_nerisbotnet,Accuracy_nerisbotnet,Precision_scan,Recall_scan,F1_score_scan,Num_Obs_scan,AUC_scan,Accuracy_scan,Precision_sshscan,Recall_sshscan,F1_score_sshscan,Num_Obs_sshscan,AUC_sshscan,Accuracy_sshscan,Precision_udpscan,Recall_udpscan,F1_score_udpscan,Num_Obs_udpscan,AUC_udpscan,Accuracy_udpscan,Precision_spam,Recall_spam,F1_score_spam,Num_Obs_spam,AUC_spam,Accuracy_spam,Precision_w,Recall_w,F1_score_w,Total_Obs,AUC_w,Accuracy_w,Hyper_time,Training_time,Testing_time,Total_time
5.0,4.0,78.0,0.815302752293578,0.9229395147889664,0.8657885507189899,24072.0,0.7784116356224603,0.8178693249424892,0.9936305732484076,0.9341317365269461,0.962962962962963,334.0,0.9670391909258714,0.9993653983447474,0.9752808988764045,0.9136842105263158,0.9434782608695652,475.0,0.9566948259144004,0.9986250297469526,1.0,0.9858156028368794,0.9928571428571429,141.0,0.9929078014184397,0.9999471165287289,1.0,0.047619047619047616,0.0909090909090909,21.0,0.5238095238095238,0.9994711652872894,1.0,1.0,1.0,7.0,1.0,1.0,0.8090649158106534,0.59832406609758,0.687916441563119,12769.0,0.7631740090966943,0.8167058885745261,0.8176061979858934,0.8130833707924588,0.8076350719696875,37819.0,0.7778713066696141,0.8221630463867965,0.0,4.146600961685181,0.009634733200073242,6.065701723098755
