Rep,Kfold,Num_Vars_,Precision_background,Recall_background,F1_score_background,Num_Obs_background,AUC_background,Accuracy_background,Precision_dos,Recall_dos,F1_score_dos,Num_Obs_dos,AUC_dos,Accuracy_dos,Precision_nerisbotnet,Recall_nerisbotnet,F1_score_nerisbotnet,Num_Obs_nerisbotnet,AUC_nerisbotnet,Accuracy_nerisbotnet,Precision_scan,Recall_scan,F1_score_scan,Num_Obs_scan,AUC_scan,Accuracy_scan,Precision_sshscan,Recall_sshscan,F1_score_sshscan,Num_Obs_sshscan,AUC_sshscan,Accuracy_sshscan,Precision_udpscan,Recall_udpscan,F1_score_udpscan,Num_Obs_udpscan,AUC_udpscan,Accuracy_udpscan,Precision_spam,Recall_spam,F1_score_spam,Num_Obs_spam,AUC_spam,Accuracy_spam,Precision_w,Recall_w,F1_score_w,Total_Obs,AUC_w,Accuracy_w,Hyper_time,Training_time,Testing_time,Total_time
6.0,4.0,90.0,0.8176426982950333,0.9164174144233965,0.8642168769098174,6018.0,0.7793256356584697,0.8167301184433164,0.9186046511627907,0.9404761904761905,0.9294117647058823,84.0,0.9698646423998536,0.998730964467005,0.9732142857142857,0.9159663865546218,0.9437229437229437,119.0,0.9578225421045573,0.9986252115059222,0.8378378378378378,0.8857142857142857,0.8611111111111112,35.0,0.9425387053239723,0.998942470389171,0.0,0.0,0.0,5.0,0.4999470955454449,0.9993654822335025,0.2,1.0,0.33333333333333337,2.0,0.9995768986672309,0.9991539763113367,0.8061797752808989,0.629188850610711,0.7067722075637642,3193.0,0.7760346296802556,0.8237098138747885,0.8161384724866136,0.8190566835871405,0.8120516072428363,9456.0,0.7826562504648009,0.8238023700831136,0.0,3.7275445461273193,0.04349017143249512,5.4732160568237305
