Rep,Kfold,Num_Vars_,Precision_background,Recall_background,F1_score_background,Num_Obs_background,AUC_background,Accuracy_background,Precision_dos,Recall_dos,F1_score_dos,Num_Obs_dos,AUC_dos,Accuracy_dos,Precision_nerisbotnet,Recall_nerisbotnet,F1_score_nerisbotnet,Num_Obs_nerisbotnet,AUC_nerisbotnet,Accuracy_nerisbotnet,Precision_scan,Recall_scan,F1_score_scan,Num_Obs_scan,AUC_scan,Accuracy_scan,Precision_sshscan,Recall_sshscan,F1_score_sshscan,Num_Obs_sshscan,AUC_sshscan,Accuracy_sshscan,Precision_udpscan,Recall_udpscan,F1_score_udpscan,Num_Obs_udpscan,AUC_udpscan,Accuracy_udpscan,Precision_spam,Recall_spam,F1_score_spam,Num_Obs_spam,AUC_spam,Accuracy_spam,Precision_w,Recall_w,F1_score_w,Total_Obs,AUC_w,Accuracy_w,Hyper_time,Training_time,Testing_time,Total_time
6.0,5.0,87.0,0.8154798988529336,0.9243550866115565,0.8665109034267913,24073.0,0.779059998935688,0.8187250469315989,0.9968454258675079,0.9461077844311377,0.9708141321044547,334.0,0.9730405542584105,0.9994976335898046,0.9746543778801844,0.8905263157894737,0.9306930693069307,475.0,0.9451158864332684,0.9983342587451416,1.0,0.950354609929078,0.9745454545454546,141.0,0.975177304964539,0.9998149176383491,0.0,0.0,0.0,22.0,0.5,0.9994183125776684,1.0,1.0,1.0,7.0,1.0,1.0,0.813661956868161,0.5998120447959903,0.6905599134433323,12769.0,0.7648988373429098,0.8185135242325692,0.8187145853908955,0.8141244282277041,0.80875753021035,37821.0,0.7786872425263358,0.8233195667617648,0.0,3.9750850200653076,0.010389566421508789,5.266626596450806
