Rep,Kfold,Num_Vars_,Precision_background,Recall_background,F1_score_background,Num_Obs_background,AUC_background,Accuracy_background,Precision_dos,Recall_dos,F1_score_dos,Num_Obs_dos,AUC_dos,Accuracy_dos,Precision_nerisbotnet,Recall_nerisbotnet,F1_score_nerisbotnet,Num_Obs_nerisbotnet,AUC_nerisbotnet,Accuracy_nerisbotnet,Precision_scan,Recall_scan,F1_score_scan,Num_Obs_scan,AUC_scan,Accuracy_scan,Precision_sshscan,Recall_sshscan,F1_score_sshscan,Num_Obs_sshscan,AUC_sshscan,Accuracy_sshscan,Precision_udpscan,Recall_udpscan,F1_score_udpscan,Num_Obs_udpscan,AUC_udpscan,Accuracy_udpscan,Precision_spam,Recall_spam,F1_score_spam,Num_Obs_spam,AUC_spam,Accuracy_spam,Precision_w,Recall_w,F1_score_w,Total_Obs,AUC_w,Accuracy_w,Hyper_time,Training_time,Testing_time,Total_time
6.0,5.0,87.0,0.8177737881508079,0.9082751744765702,0.8606518658478979,6018.0,0.7768966093570279,0.8127776602496298,0.9620253164556962,0.9156626506024096,0.9382716049382716,83.0,0.9576712570053985,0.998942246668077,0.9904761904761905,0.8739495798319328,0.9285714285714286,119.0,0.9369212280520135,0.9983075946689232,0.9444444444444444,0.9714285714285714,0.9577464788732395,35.0,0.9856081173312302,0.9996826740004231,0.0,0.0,0.0,5.0,0.49994708434755003,0.9993653480008462,0.0,0.0,0.0,2.0,0.4999471011426153,0.9996826740004231,0.7806603773584906,0.6221804511278195,0.6924686192468619,3192.0,0.7665357701183652,0.8134123122487836,0.8085467426600286,0.8108737042521684,0.8051259182651863,9454.0,0.7775674029541642,0.8177918294898943,0.0,3.9750850200653076,0.010389566421508789,5.266626596450806
