Rep,Kfold,Num_Vars_,Precision_background,Recall_background,F1_score_background,Num_Obs_background,AUC_background,Accuracy_background,Precision_dos,Recall_dos,F1_score_dos,Num_Obs_dos,AUC_dos,Accuracy_dos,Precision_nerisbotnet,Recall_nerisbotnet,F1_score_nerisbotnet,Num_Obs_nerisbotnet,AUC_nerisbotnet,Accuracy_nerisbotnet,Precision_scan,Recall_scan,F1_score_scan,Num_Obs_scan,AUC_scan,Accuracy_scan,Precision_sshscan,Recall_sshscan,F1_score_sshscan,Num_Obs_sshscan,AUC_sshscan,Accuracy_sshscan,Precision_udpscan,Recall_udpscan,F1_score_udpscan,Num_Obs_udpscan,AUC_udpscan,Accuracy_udpscan,Precision_spam,Recall_spam,F1_score_spam,Num_Obs_spam,AUC_spam,Accuracy_spam,Precision_w,Recall_w,F1_score_w,Total_Obs,AUC_w,Accuracy_w,Hyper_time,Training_time,Testing_time,Total_time
7.0,4.0,88.0,0.8156621205455346,0.9242273180458624,0.866557606917504,6018.0,0.779303885899022,0.8188451776649747,0.9058823529411765,0.9166666666666666,0.9112426035502958,84.0,0.9579065300896286,0.9984137055837563,1.0,0.8487394957983193,0.9181818181818181,119.0,0.9243697478991597,0.9980964467005076,0.66,0.9428571428571428,0.7764705882352942,35.0,0.9705263317512548,0.9979906937394247,0.0,0.0,0.0,6.0,0.49994708994709,0.9992597292724196,0.0,0.0,0.0,2.0,0.49994711233340383,0.9996827411167513,0.8041407867494824,0.6083959899749374,0.692705546638131,3192.0,0.766442567145834,0.8177876480541455,0.8136279769875671,0.8158840947546532,0.8078515512847452,9456.0,0.7788459820825918,0.8231549575234554,0.0,3.803560733795166,0.02775406837463379,5.8782923221588135
