Rep,Kfold,Num_Vars_,Precision_background,Recall_background,F1_score_background,Num_Obs_background,AUC_background,Accuracy_background,Precision_dos,Recall_dos,F1_score_dos,Num_Obs_dos,AUC_dos,Accuracy_dos,Precision_nerisbotnet,Recall_nerisbotnet,F1_score_nerisbotnet,Num_Obs_nerisbotnet,AUC_nerisbotnet,Accuracy_nerisbotnet,Precision_scan,Recall_scan,F1_score_scan,Num_Obs_scan,AUC_scan,Accuracy_scan,Precision_sshscan,Recall_sshscan,F1_score_sshscan,Num_Obs_sshscan,AUC_sshscan,Accuracy_sshscan,Precision_udpscan,Recall_udpscan,F1_score_udpscan,Num_Obs_udpscan,AUC_udpscan,Accuracy_udpscan,Precision_spam,Recall_spam,F1_score_spam,Num_Obs_spam,AUC_spam,Accuracy_spam,Precision_w,Recall_w,F1_score_w,Total_Obs,AUC_w,Accuracy_w,Hyper_time,Training_time,Testing_time,Total_time
7.0,3.0,88.0,0.817403132122638,0.923687271518777,0.8673011662831064,24072.0,0.7811991783837702,0.820095187731359,0.9968652037617555,0.9520958083832335,0.9739663093415007,334.0,0.9760345658786466,0.9995505023796932,0.9794050343249427,0.9010526315789473,0.9385964912280702,475.0,0.9504058177308313,0.9985193019566367,1.0,0.9787234042553191,0.989247311827957,141.0,0.9893617021276595,0.9999206768905341,0.0,0.0,0.0,22.0,0.5,0.9994182971972502,1.0,1.0,1.0,7.0,1.0,1.0,0.813512944643233,0.6053723862479442,0.6941762830586862,12769.0,0.7673183435371292,0.8199101004759387,0.8199483171857842,0.8158646218931782,0.8106618874871613,37820.0,0.7810114452433985,0.8246664724021857,0.0,4.067178726196289,0.026430368423461914,5.88668966293335
