Rep,Kfold,Num_Vars_,Precision_background,Recall_background,F1_score_background,Num_Obs_background,AUC_background,Accuracy_background,Precision_dos,Recall_dos,F1_score_dos,Num_Obs_dos,AUC_dos,Accuracy_dos,Precision_nerisbotnet,Recall_nerisbotnet,F1_score_nerisbotnet,Num_Obs_nerisbotnet,AUC_nerisbotnet,Accuracy_nerisbotnet,Precision_scan,Recall_scan,F1_score_scan,Num_Obs_scan,AUC_scan,Accuracy_scan,Precision_sshscan,Recall_sshscan,F1_score_sshscan,Num_Obs_sshscan,AUC_sshscan,Accuracy_sshscan,Precision_udpscan,Recall_udpscan,F1_score_udpscan,Num_Obs_udpscan,AUC_udpscan,Accuracy_udpscan,Precision_spam,Recall_spam,F1_score_spam,Num_Obs_spam,AUC_spam,Accuracy_spam,Precision_w,Recall_w,F1_score_w,Total_Obs,AUC_w,Accuracy_w,Hyper_time,Training_time,Testing_time,Total_time
7.0,5.0,83.0,0.8127203290246768,0.9194084413426388,0.8627787307032591,6018.0,0.7742766465002896,0.8138747884940778,0.9864864864864865,0.8690476190476191,0.9240506329113924,84.0,0.9344704591183465,0.998730964467005,0.963302752293578,0.8823529411764706,0.9210526315789473,119.0,0.9409622690245639,0.9980964467005076,0.8571428571428571,1.0,0.923076923076923,36.0,0.9996815286624204,0.9993654822335025,0.0,0.0,0.0,5.0,0.49989419109088984,0.9992597292724196,0.0,0.0,0.0,1.0,0.49989423585404547,0.9996827411167513,0.8056155507559395,0.5840901973066082,0.677196804647785,3193.0,0.7561198232261924,0.8119712351945855,0.8134133279271536,0.8049915397631133,0.8010731899498531,9456.0,0.7723504000637685,0.8180163544896517,0.0,3.9780466556549072,0.007449150085449219,5.516125679016113
