Rep,Kfold,Num_Vars_,Precision_background,Recall_background,F1_score_background,Num_Obs_background,AUC_background,Accuracy_background,Precision_dos,Recall_dos,F1_score_dos,Num_Obs_dos,AUC_dos,Accuracy_dos,Precision_nerisbotnet,Recall_nerisbotnet,F1_score_nerisbotnet,Num_Obs_nerisbotnet,AUC_nerisbotnet,Accuracy_nerisbotnet,Precision_scan,Recall_scan,F1_score_scan,Num_Obs_scan,AUC_scan,Accuracy_scan,Precision_sshscan,Recall_sshscan,F1_score_sshscan,Num_Obs_sshscan,AUC_sshscan,Accuracy_sshscan,Precision_udpscan,Recall_udpscan,F1_score_udpscan,Num_Obs_udpscan,AUC_udpscan,Accuracy_udpscan,Precision_spam,Recall_spam,F1_score_spam,Num_Obs_spam,AUC_spam,Accuracy_spam,Precision_w,Recall_w,F1_score_w,Total_Obs,AUC_w,Accuracy_w,Hyper_time,Training_time,Testing_time,Total_time
7.0,5.0,83.0,0.8136450241829107,0.9224442321272796,0.8646354521561375,24073.0,0.776222843547999,0.81615061212618,0.9968253968253968,0.9429429429429429,0.9691358024691358,333.0,0.9714581331585013,0.9994711652872894,0.9795918367346939,0.9094736842105263,0.9432314410480349,475.0,0.9546163408199161,0.9986250297469526,0.9925373134328358,0.95,0.9708029197080291,140.0,0.9749867300087581,0.9997884661149158,1.0,0.045454545454545456,0.08695652173913045,22.0,0.5227272727272727,0.9994447235516539,1.0,1.0,1.0,8.0,1.0,1.0,0.8090707262924199,0.5993890977443609,0.6886219462815495,12768.0,0.7636480836612108,0.8169967476665169,0.8166079458454549,0.8130040455855523,0.8070884174313161,37819.0,0.7765728260226284,0.8211675907946882,0.0,3.9780466556549072,0.007449150085449219,5.516125679016113
