Rep,Kfold,Num_Vars_,Precision_background,Recall_background,F1_score_background,Num_Obs_background,AUC_background,Accuracy_background,Precision_dos,Recall_dos,F1_score_dos,Num_Obs_dos,AUC_dos,Accuracy_dos,Precision_nerisbotnet,Recall_nerisbotnet,F1_score_nerisbotnet,Num_Obs_nerisbotnet,AUC_nerisbotnet,Accuracy_nerisbotnet,Precision_scan,Recall_scan,F1_score_scan,Num_Obs_scan,AUC_scan,Accuracy_scan,Precision_sshscan,Recall_sshscan,F1_score_sshscan,Num_Obs_sshscan,AUC_sshscan,Accuracy_sshscan,Precision_udpscan,Recall_udpscan,F1_score_udpscan,Num_Obs_udpscan,AUC_udpscan,Accuracy_udpscan,Precision_spam,Recall_spam,F1_score_spam,Num_Obs_spam,AUC_spam,Accuracy_spam,Precision_w,Recall_w,F1_score_w,Total_Obs,AUC_w,Accuracy_w,Hyper_time,Training_time,Testing_time,Total_time
7.0,1.0,84.0,0.8123832887847388,0.9216549661446434,0.8635762104935389,24073.0,0.7744731042535844,0.8146532349752783,0.9905362776025236,0.9401197604790419,0.9646697388632872,334.0,0.9700198663680455,0.9993918722402898,0.9817351598173516,0.9052631578947369,0.9419496166484119,475.0,0.9525244724299369,0.9985986621189287,1.0,0.9787234042553191,0.989247311827957,141.0,0.9893617021276595,0.9999206789878639,0.0,0.0,0.0,22.0,0.499986772136829,0.9993918722402898,1.0,1.0,1.0,7.0,1.0,1.0,0.8073277239322612,0.5936251859973373,0.684177272316996,12769.0,0.7607076911944215,0.8149705190238228,0.8146382680372953,0.810554982681579,0.804876638298373,37821.0,0.7744719340132799,0.8195344536034583,0.0,2.80177903175354,0.007340669631958008,4.353176116943359
