Rep,Kfold,Num_Vars_,Precision_background,Recall_background,F1_score_background,Num_Obs_background,AUC_background,Accuracy_background,Precision_dos,Recall_dos,F1_score_dos,Num_Obs_dos,AUC_dos,Accuracy_dos,Precision_nerisbotnet,Recall_nerisbotnet,F1_score_nerisbotnet,Num_Obs_nerisbotnet,AUC_nerisbotnet,Accuracy_nerisbotnet,Precision_scan,Recall_scan,F1_score_scan,Num_Obs_scan,AUC_scan,Accuracy_scan,Precision_sshscan,Recall_sshscan,F1_score_sshscan,Num_Obs_sshscan,AUC_sshscan,Accuracy_sshscan,Precision_udpscan,Recall_udpscan,F1_score_udpscan,Num_Obs_udpscan,AUC_udpscan,Accuracy_udpscan,Precision_spam,Recall_spam,F1_score_spam,Num_Obs_spam,AUC_spam,Accuracy_spam,Precision_w,Recall_w,F1_score_w,Total_Obs,AUC_w,Accuracy_w,Hyper_time,Training_time,Testing_time,Total_time
8.0,3.0,90.0,0.8144632188542316,0.9230673368504133,0.8653711348235843,24073.0,0.7774475530713627,0.8171963407540584,0.9968152866242038,0.937125748502994,0.9660493827160493,334.0,0.9685495366501312,0.9994183279572736,0.9773755656108597,0.907563025210084,0.9411764705882353,476.0,0.9536476294582525,0.9985722595314896,1.0,1.0,1.0,140.0,1.0,1.0,1.0,0.045454545454545456,0.08695652173913045,22.0,0.5227272727272727,0.9994447675955793,1.0,1.0,1.0,8.0,1.0,1.0,0.8112326149272746,0.5984023807659175,0.6887506760411033,12769.0,0.7637164181001983,0.8174078578605045,0.8178670985788045,0.8131775157315848,0.8076598341780554,37822.0,0.7774396304973724,0.8219809198338284,0.0,4.439577102661133,0.03071308135986328,6.370804071426392
