Rep,Kfold,Num_Vars_,Precision_background,Recall_background,F1_score_background,Num_Obs_background,AUC_background,Accuracy_background,Precision_dos,Recall_dos,F1_score_dos,Num_Obs_dos,AUC_dos,Accuracy_dos,Precision_nerisbotnet,Recall_nerisbotnet,F1_score_nerisbotnet,Num_Obs_nerisbotnet,AUC_nerisbotnet,Accuracy_nerisbotnet,Precision_scan,Recall_scan,F1_score_scan,Num_Obs_scan,AUC_scan,Accuracy_scan,Precision_sshscan,Recall_sshscan,F1_score_sshscan,Num_Obs_sshscan,AUC_sshscan,Accuracy_sshscan,Precision_udpscan,Recall_udpscan,F1_score_udpscan,Num_Obs_udpscan,AUC_udpscan,Accuracy_udpscan,Precision_spam,Recall_spam,F1_score_spam,Num_Obs_spam,AUC_spam,Accuracy_spam,Precision_w,Recall_w,F1_score_w,Total_Obs,AUC_w,Accuracy_w,Hyper_time,Training_time,Testing_time,Total_time
8.0,1.0,90.0,0.8132061628760088,0.9209039548022598,0.8637107457336552,6018.0,0.7753152700131136,0.8150380710659898,0.8555555555555555,0.9166666666666666,0.8850574712643678,84.0,0.9576397780623132,0.9978849407783418,0.9339622641509434,0.8319327731092437,0.88,119.0,0.915591533818197,0.9971446700507615,0.7272727272727273,0.9142857142857143,0.810126582278481,35.0,0.9565059820765159,0.9984137055837563,0.0,0.0,0.0,6.0,0.49994708994709,0.9992597292724196,0.5,0.5,0.5,2.0,0.7499471123334038,0.9997884940778342,0.7966033158107562,0.6171679197994987,0.6954986760812003,3192.0,0.7684338960427889,0.8175761421319797,0.8085972074673148,0.8165186125211505,0.8064998202032871,9456.0,0.7768678840023401,0.820645550251803,0.0,4.556517839431763,0.02798318862915039,6.5404582023620605
