Rep,Kfold,Num_Vars_,Precision_background,Recall_background,F1_score_background,Num_Obs_background,AUC_background,Accuracy_background,Precision_dos,Recall_dos,F1_score_dos,Num_Obs_dos,AUC_dos,Accuracy_dos,Precision_nerisbotnet,Recall_nerisbotnet,F1_score_nerisbotnet,Num_Obs_nerisbotnet,AUC_nerisbotnet,Accuracy_nerisbotnet,Precision_scan,Recall_scan,F1_score_scan,Num_Obs_scan,AUC_scan,Accuracy_scan,Precision_sshscan,Recall_sshscan,F1_score_sshscan,Num_Obs_sshscan,AUC_sshscan,Accuracy_sshscan,Precision_udpscan,Recall_udpscan,F1_score_udpscan,Num_Obs_udpscan,AUC_udpscan,Accuracy_udpscan,Precision_spam,Recall_spam,F1_score_spam,Num_Obs_spam,AUC_spam,Accuracy_spam,Precision_w,Recall_w,F1_score_w,Total_Obs,AUC_w,Accuracy_w,Hyper_time,Training_time,Testing_time,Total_time
8.0,2.0,89.0,0.8131462333825702,0.9147557328015952,0.8609634031904911,6018.0,0.7733510988709751,0.8119513484928609,0.9746835443037974,0.927710843373494,0.9506172839506173,83.0,0.9637487208758208,0.9991538868323638,0.9732142857142857,0.9159663865546218,0.9437229437229437,119.0,0.957822524896848,0.9986250661025913,0.825,0.9428571428571428,0.88,35.0,0.9710570215347285,0.9990481226864093,0.0,0.0,0.0,6.0,0.49962959043285005,0.9986250661025913,0.25,0.5,0.3333333333333333,2.0,0.7498413202158045,0.9995769434161819,0.7892828364222402,0.6137218045112782,0.6905181529784984,3192.0,0.765107748814796,0.8142781597038604,0.8079313675868127,0.8126916975145426,0.8046623623739123,9455.0,0.7751144714388702,0.8175804172454285,0.0,4.213877439498901,0.02366328239440918,6.018987417221069
