Rep,Kfold,Num_Vars_,Precision_background,Recall_background,F1_score_background,Num_Obs_background,AUC_background,Accuracy_background,Precision_dos,Recall_dos,F1_score_dos,Num_Obs_dos,AUC_dos,Accuracy_dos,Precision_nerisbotnet,Recall_nerisbotnet,F1_score_nerisbotnet,Num_Obs_nerisbotnet,AUC_nerisbotnet,Accuracy_nerisbotnet,Precision_scan,Recall_scan,F1_score_scan,Num_Obs_scan,AUC_scan,Accuracy_scan,Precision_sshscan,Recall_sshscan,F1_score_sshscan,Num_Obs_sshscan,AUC_sshscan,Accuracy_sshscan,Precision_udpscan,Recall_udpscan,F1_score_udpscan,Num_Obs_udpscan,AUC_udpscan,Accuracy_udpscan,Precision_spam,Recall_spam,F1_score_spam,Num_Obs_spam,AUC_spam,Accuracy_spam,Precision_w,Recall_w,F1_score_w,Total_Obs,AUC_w,Accuracy_w,Hyper_time,Training_time,Testing_time,Total_time
8.0,5.0,88.0,0.8139816070054593,0.9228979727484214,0.8650248223498491,24072.0,0.7767905154350967,0.8166794468388905,0.9968354430379747,0.9459459459459459,0.970724191063174,333.0,0.9729596346600028,0.999497607022925,0.9795454545454545,0.9073684210526316,0.9420765027322404,475.0,0.9535637092409688,0.9985985880113171,1.0,0.9787234042553191,0.989247311827957,141.0,0.9893617021276595,0.9999206747930934,0.0,0.0,0.0,22.0,0.5,0.9994182818160184,1.0,1.0,1.0,7.0,1.0,1.0,0.8090793381417055,0.5973842900775316,0.6873000855971527,12769.0,0.7627640013261909,0.8164679129538063,0.8162703827707658,0.8126867447579259,0.806902183611021,37819.0,0.7766750347898944,0.8213260391497055,0.0,5.417190074920654,0.07031583786010742,7.512225389480591
