Rep,Kfold,Num_Vars_,Precision_background,Recall_background,F1_score_background,Num_Obs_background,AUC_background,Accuracy_background,Precision_dos,Recall_dos,F1_score_dos,Num_Obs_dos,AUC_dos,Accuracy_dos,Precision_nerisbotnet,Recall_nerisbotnet,F1_score_nerisbotnet,Num_Obs_nerisbotnet,AUC_nerisbotnet,Accuracy_nerisbotnet,Precision_scan,Recall_scan,F1_score_scan,Num_Obs_scan,AUC_scan,Accuracy_scan,Precision_sshscan,Recall_sshscan,F1_score_sshscan,Num_Obs_sshscan,AUC_sshscan,Accuracy_sshscan,Precision_udpscan,Recall_udpscan,F1_score_udpscan,Num_Obs_udpscan,AUC_udpscan,Accuracy_udpscan,Precision_spam,Recall_spam,F1_score_spam,Num_Obs_spam,AUC_spam,Accuracy_spam,Precision_w,Recall_w,F1_score_w,Total_Obs,AUC_w,Accuracy_w,Hyper_time,Training_time,Testing_time,Total_time
8.0,1.0,90.0,0.815274007776392,0.9232750384247913,0.8659199376643616,24073.0,0.7784569575944704,0.8180015336206669,1.0,0.9579579579579579,0.9785276073619632,333.0,0.9789789789789789,0.9996298157011027,0.9841986455981941,0.9178947368421052,0.9498910675381264,475.0,0.9588536451991161,0.9987836801607658,1.0,0.9858156028368794,0.9928571428571429,141.0,0.9929078014184397,0.9999471165287289,1.0,0.047619047619047616,0.0909090909090909,21.0,0.5238095238095238,0.9994711652872894,1.0,1.0,1.0,7.0,1.0,1.0,0.8128387713890955,0.5989505834442791,0.6896924880512219,12769.0,0.7643255911233371,0.8180279753563023,0.8190254585718181,0.8137708559189826,0.8085333810440339,37819.0,0.7784162271528904,0.8226931053380934,0.0,4.556517839431763,0.02798318862915039,6.5404582023620605
