Rep,Kfold,Num_Vars_,Precision_background,Recall_background,F1_score_background,Num_Obs_background,AUC_background,Accuracy_background,Precision_dos,Recall_dos,F1_score_dos,Num_Obs_dos,AUC_dos,Accuracy_dos,Precision_nerisbotnet,Recall_nerisbotnet,F1_score_nerisbotnet,Num_Obs_nerisbotnet,AUC_nerisbotnet,Accuracy_nerisbotnet,Precision_scan,Recall_scan,F1_score_scan,Num_Obs_scan,AUC_scan,Accuracy_scan,Precision_sshscan,Recall_sshscan,F1_score_sshscan,Num_Obs_sshscan,AUC_sshscan,Accuracy_sshscan,Precision_udpscan,Recall_udpscan,F1_score_udpscan,Num_Obs_udpscan,AUC_udpscan,Accuracy_udpscan,Precision_spam,Recall_spam,F1_score_spam,Num_Obs_spam,AUC_spam,Accuracy_spam,Precision_w,Recall_w,F1_score_w,Total_Obs,AUC_w,Accuracy_w,Hyper_time,Training_time,Testing_time,Total_time
8.0,2.0,89.0,0.8165741387551013,0.9226103933867819,0.8663598065220782,24073.0,0.779847424088459,0.8188260179799048,0.9936908517350158,0.9431137724550899,0.9677419354838709,334.0,0.9715302096016046,0.9994447382337388,0.9792626728110599,0.8947368421052632,0.935093509350935,475.0,0.9472479229939893,0.9984399788471708,1.0,0.9929078014184397,0.9964412811387899,141.0,0.9964539007092199,0.9999735589635114,0.0,0.0,0.0,21.0,0.499986772136829,0.9994182971972502,1.0,1.0,1.0,7.0,1.0,1.0,0.8116048862679023,0.6035711488761845,0.6922973276442848,12769.0,0.7660784170391859,0.8188524590163935,0.8187682323921508,0.8144896879957695,0.8093791021451544,37820.0,0.7796868303251929,0.8234950652720266,0.0,4.213877439498901,0.02366328239440918,6.018987417221069
