Rep,Kfold,Num_Vars_,Precision_background,Recall_background,F1_score_background,Num_Obs_background,AUC_background,Accuracy_background,Precision_dos,Recall_dos,F1_score_dos,Num_Obs_dos,AUC_dos,Accuracy_dos,Precision_nerisbotnet,Recall_nerisbotnet,F1_score_nerisbotnet,Num_Obs_nerisbotnet,AUC_nerisbotnet,Accuracy_nerisbotnet,Precision_scan,Recall_scan,F1_score_scan,Num_Obs_scan,AUC_scan,Accuracy_scan,Precision_sshscan,Recall_sshscan,F1_score_sshscan,Num_Obs_sshscan,AUC_sshscan,Accuracy_sshscan,Precision_udpscan,Recall_udpscan,F1_score_udpscan,Num_Obs_udpscan,AUC_udpscan,Accuracy_udpscan,Precision_spam,Recall_spam,F1_score_spam,Num_Obs_spam,AUC_spam,Accuracy_spam,Precision_w,Recall_w,F1_score_w,Total_Obs,AUC_w,Accuracy_w,Hyper_time,Training_time,Testing_time,Total_time
8.0,4.0,84.0,0.8148623853211009,0.922402691812404,0.8653040547123123,24073.0,0.7777067652704269,0.8172131147540984,0.990506329113924,0.937125748502994,0.963076923076923,334.0,0.9685228593125864,0.9993654151242729,0.9769585253456221,0.8926315789473684,0.9328932893289329,475.0,0.9461819027418593,0.9983870967741936,1.0,0.9858156028368794,0.9928571428571429,141.0,0.9929078014184397,0.9999471179270227,0.0,0.0,0.0,22.0,0.5,0.9994182971972502,1.0,1.0,1.0,7.0,1.0,1.0,0.8097415718387748,0.5963345864661654,0.6868431735149519,12768.0,0.7624615611558035,0.8164198836594394,0.8169711000670428,0.8117927022739292,0.8067652831943467,37820.0,0.7770430251720007,0.821650503749985,0.0,5.327594041824341,0.05481386184692383,7.453887462615967
