Rep,Kfold,Num_Vars_,Precision_background,Recall_background,F1_score_background,Num_Obs_background,AUC_background,Accuracy_background,Precision_dos,Recall_dos,F1_score_dos,Num_Obs_dos,AUC_dos,Accuracy_dos,Precision_nerisbotnet,Recall_nerisbotnet,F1_score_nerisbotnet,Num_Obs_nerisbotnet,AUC_nerisbotnet,Accuracy_nerisbotnet,Precision_scan,Recall_scan,F1_score_scan,Num_Obs_scan,AUC_scan,Accuracy_scan,Precision_sshscan,Recall_sshscan,F1_score_sshscan,Num_Obs_sshscan,AUC_sshscan,Accuracy_sshscan,Precision_udpscan,Recall_udpscan,F1_score_udpscan,Num_Obs_udpscan,AUC_udpscan,Accuracy_udpscan,Precision_spam,Recall_spam,F1_score_spam,Num_Obs_spam,AUC_spam,Accuracy_spam,Precision_w,Recall_w,F1_score_w,Total_Obs,AUC_w,Accuracy_w,Hyper_time,Training_time,Testing_time,Total_time
9.0,1.0,79.0,0.8156012762680163,0.9238150625181739,0.8663420335021426,24073.0,0.7790179633847965,0.8185568100690129,0.9968847352024922,0.9580838323353293,0.9770992366412213,334.0,0.9790285774988639,0.9996033739654671,0.981651376146789,0.9010526315789473,0.9396267837541162,475.0,0.9504192035358319,0.998545704540046,1.0,0.9716312056737588,0.9856115107913669,141.0,0.9858156028368794,0.9998942330574578,1.0,0.047619047619047616,0.0909090909090909,21.0,0.5238095238095238,0.9994711652872894,1.0,1.0,1.0,7.0,1.0,1.0,0.8132651974874907,0.5982926065162907,0.6894093226839944,12768.0,0.7641377207664284,0.8180015336206669,0.8193231833297442,0.8136386472408049,0.8085455508019346,37819.0,0.7785836356823846,0.8230390118182169,0.0,5.259487867355347,0.06000518798828125,8.00025987625122
