Rep,Kfold,Num_Vars_,Precision_background,Recall_background,F1_score_background,Num_Obs_background,AUC_background,Accuracy_background,Precision_dos,Recall_dos,F1_score_dos,Num_Obs_dos,AUC_dos,Accuracy_dos,Precision_nerisbotnet,Recall_nerisbotnet,F1_score_nerisbotnet,Num_Obs_nerisbotnet,AUC_nerisbotnet,Accuracy_nerisbotnet,Precision_scan,Recall_scan,F1_score_scan,Num_Obs_scan,AUC_scan,Accuracy_scan,Precision_sshscan,Recall_sshscan,F1_score_sshscan,Num_Obs_sshscan,AUC_sshscan,Accuracy_sshscan,Precision_udpscan,Recall_udpscan,F1_score_udpscan,Num_Obs_udpscan,AUC_udpscan,Accuracy_udpscan,Precision_spam,Recall_spam,F1_score_spam,Num_Obs_spam,AUC_spam,Accuracy_spam,Precision_w,Recall_w,F1_score_w,Total_Obs,AUC_w,Accuracy_w,Hyper_time,Training_time,Testing_time,Total_time
9.0,4.0,87.0,0.8129169415731985,0.9213193752077102,0.8637301865482728,24072.0,0.7750326873129036,0.8149656266525648,0.9936102236421726,0.9311377245508982,0.9613601236476043,334.0,0.9655421856495087,0.9993389740877843,0.9819004524886877,0.9117647058823529,0.9455337690631808,476.0,0.9557752406875346,0.9986779481755684,1.0,0.9857142857142858,0.9928057553956835,140.0,0.9928571428571429,0.9999471179270227,1.0,0.045454545454545456,0.08695652173913045,22.0,0.5227272727272727,0.9994447382337388,1.0,1.0,1.0,7.0,1.0,1.0,0.8079132099553287,0.5948782206907354,0.6852194307879663,12769.0,0.7613926451343982,0.8154680063458487,0.8157861138432239,0.8108143839238499,0.8054033359843362,37820.0,0.7750859238310828,0.8199020052680723,0.0,5.119944334030151,0.0336461067199707,7.556419849395752
