Rep,Kfold,Num_Vars_,Precision_background,Recall_background,F1_score_background,Num_Obs_background,AUC_background,Accuracy_background,Precision_dos,Recall_dos,F1_score_dos,Num_Obs_dos,AUC_dos,Accuracy_dos,Precision_nerisbotnet,Recall_nerisbotnet,F1_score_nerisbotnet,Num_Obs_nerisbotnet,AUC_nerisbotnet,Accuracy_nerisbotnet,Precision_scan,Recall_scan,F1_score_scan,Num_Obs_scan,AUC_scan,Accuracy_scan,Precision_sshscan,Recall_sshscan,F1_score_sshscan,Num_Obs_sshscan,AUC_sshscan,Accuracy_sshscan,Precision_udpscan,Recall_udpscan,F1_score_udpscan,Num_Obs_udpscan,AUC_udpscan,Accuracy_udpscan,Precision_spam,Recall_spam,F1_score_spam,Num_Obs_spam,AUC_spam,Accuracy_spam,Precision_w,Recall_w,F1_score_w,Total_Obs,AUC_w,Accuracy_w,Hyper_time,Training_time,Testing_time,Total_time
9.0,2.0,79.0,0.8193799610603565,0.9091060152874709,0.8619141394249704,6018.0,0.7791603374866674,0.8146150592216582,0.927710843373494,0.9166666666666666,0.9221556886227544,84.0,0.9580132309005549,0.9986252115059222,0.9537037037037037,0.865546218487395,0.9074889867841409,119.0,0.9325053572891082,0.9977791878172588,0.918918918918919,0.9714285714285714,0.9444444444444445,35.0,0.9855550669477005,0.9995769881556683,0.0,0.0,0.0,6.0,0.49994708994709,0.9992597292724196,0.14285714285714285,0.5,0.22222222222222224,2.0,0.7496826740004231,0.9992597292724196,0.7902321857485989,0.618421052631579,0.6938488576449913,3192.0,0.7673842172481011,0.8157783417935702,0.8118989076356541,0.810067681895093,0.8059134001622152,9456.0,0.7792842699444381,0.8197882198537852,0.0,4.918018341064453,0.042771100997924805,7.498557090759277
