Rep,Kfold,Num_Vars_,Precision_background,Recall_background,F1_score_background,Num_Obs_background,AUC_background,Accuracy_background,Precision_dos,Recall_dos,F1_score_dos,Num_Obs_dos,AUC_dos,Accuracy_dos,Precision_nerisbotnet,Recall_nerisbotnet,F1_score_nerisbotnet,Num_Obs_nerisbotnet,AUC_nerisbotnet,Accuracy_nerisbotnet,Precision_scan,Recall_scan,F1_score_scan,Num_Obs_scan,AUC_scan,Accuracy_scan,Precision_sshscan,Recall_sshscan,F1_score_sshscan,Num_Obs_sshscan,AUC_sshscan,Accuracy_sshscan,Precision_udpscan,Recall_udpscan,F1_score_udpscan,Num_Obs_udpscan,AUC_udpscan,Accuracy_udpscan,Precision_spam,Recall_spam,F1_score_spam,Num_Obs_spam,AUC_spam,Accuracy_spam,Precision_w,Recall_w,F1_score_w,Total_Obs,AUC_w,Accuracy_w,Hyper_time,Training_time,Testing_time,Total_time
9.0,4.0,87.0,0.8118696097061833,0.9227446419671042,0.8637636080870917,6019.0,0.7740905980499083,0.8147012162876784,0.9058823529411765,0.927710843373494,0.9166666666666667,83.0,0.9634286184430423,0.9985193019566367,0.9811320754716981,0.8813559322033898,0.9285714285714285,118.0,0.9405708653198591,0.9983077736647277,0.5714285714285714,0.8888888888888888,0.6956521739130435,36.0,0.943170423847778,0.9970386039132734,0.0,0.0,0.0,5.0,0.4997883597883598,0.9990481226864093,0.0,0.0,0.0,2.0,0.4999471067386015,0.9996827075621364,0.7960199004975125,0.6015037593984962,0.6852248394004283,3192.0,0.761473578565606,0.8134320465362243,0.8079399208863866,0.8130089899524061,0.8034827165106297,9455.0,0.7740116214863317,0.8190086862510245,0.0,5.119944334030151,0.0336461067199707,7.556419849395752
