Rep,Kfold,Num_Vars_,Precision_background,Recall_background,F1_score_background,Num_Obs_background,AUC_background,Accuracy_background,Precision_dos,Recall_dos,F1_score_dos,Num_Obs_dos,AUC_dos,Accuracy_dos,Precision_nerisbotnet,Recall_nerisbotnet,F1_score_nerisbotnet,Num_Obs_nerisbotnet,AUC_nerisbotnet,Accuracy_nerisbotnet,Precision_scan,Recall_scan,F1_score_scan,Num_Obs_scan,AUC_scan,Accuracy_scan,Precision_sshscan,Recall_sshscan,F1_score_sshscan,Num_Obs_sshscan,AUC_sshscan,Accuracy_sshscan,Precision_udpscan,Recall_udpscan,F1_score_udpscan,Num_Obs_udpscan,AUC_udpscan,Accuracy_udpscan,Precision_spam,Recall_spam,F1_score_spam,Num_Obs_spam,AUC_spam,Accuracy_spam,Precision_w,Recall_w,F1_score_w,Total_Obs,AUC_w,Accuracy_w,Hyper_time,Training_time,Testing_time,Total_time
9.0,2.0,79.0,0.8141651376146789,0.9216134258297678,0.8645636459287259,24073.0,0.7766076731942378,0.816203495597451,0.9968354430379747,0.9459459459459459,0.970724191063174,333.0,0.9729596346600028,0.999497607022925,0.9817767653758542,0.9073684210526316,0.9431072210065645,475.0,0.953577098272674,0.9986250297469526,1.0,0.9716312056737588,0.9856115107913669,141.0,0.9858156028368794,0.9998942330574578,1.0,0.047619047619047616,0.0909090909090909,21.0,0.5238095238095238,0.9994711652872894,1.0,1.0,1.0,7.0,1.0,1.0,0.807969478592624,0.597071031404182,0.6866921864444945,12769.0,0.7623678510314323,0.8160448451836378,0.816617303366894,0.811787725746318,0.8064761251404001,37819.0,0.7764323828405443,0.8208756696704799,0.0,4.918018341064453,0.042771100997924805,7.498557090759277
