Rep,Kfold,Num_Vars_,Precision_background,Recall_background,F1_score_background,Num_Obs_background,AUC_background,Accuracy_background,Precision_dos,Recall_dos,F1_score_dos,Num_Obs_dos,AUC_dos,Accuracy_dos,Precision_nerisbotnet,Recall_nerisbotnet,F1_score_nerisbotnet,Num_Obs_nerisbotnet,AUC_nerisbotnet,Accuracy_nerisbotnet,Precision_scan,Recall_scan,F1_score_scan,Num_Obs_scan,AUC_scan,Accuracy_scan,Precision_sshscan,Recall_sshscan,F1_score_sshscan,Num_Obs_sshscan,AUC_sshscan,Accuracy_sshscan,Precision_udpscan,Recall_udpscan,F1_score_udpscan,Num_Obs_udpscan,AUC_udpscan,Accuracy_udpscan,Precision_spam,Recall_spam,F1_score_spam,Num_Obs_spam,AUC_spam,Accuracy_spam,Precision_w,Recall_w,F1_score_w,Total_Obs,AUC_w,Accuracy_w,Hyper_time,Training_time,Testing_time,Total_time
9.0,3.0,81.0,0.8143480013190195,0.9232750384247913,0.8653973445469766,24073.0,0.777356169197848,0.817191507363634,0.9968051118210862,0.9341317365269461,0.9644513137557961,334.0,0.9670525303063146,0.9993918722402898,0.974477958236659,0.8842105263157894,0.9271523178807947,475.0,0.9419579916964264,0.9982549377330054,1.0,0.9858156028368794,0.9928571428571429,141.0,0.9929078014184397,0.9999471193252426,0.0,0.0,0.0,22.0,0.499986772136829,0.9993918722402898,1.0,1.0,1.0,7.0,1.0,1.0,0.8107993647432504,0.599733730127653,0.689475105789142,12769.0,0.7642010499592442,0.8176145527616933,0.8170251040868824,0.8133576584437218,0.8076501109973717,37821.0,0.7773407252107164,0.8220385110585231,0.0,4.468003273010254,0.06819915771484375,6.44222354888916
