,Rep,Kfold,Num_Vars_,Precision_background,Recall_background,F1_score_background,Num_Obs_background,AUC_background,Accuracy_background,Precision_dos,Recall_dos,F1_score_dos,Num_Obs_dos,AUC_dos,Accuracy_dos,Precision_scan,Recall_scan,F1_score_scan,Num_Obs_scan,AUC_scan,Accuracy_scan,Precision_w,Recall_w,F1_score_w,Total_Obs,AUC_w,Accuracy_w,Hyper_time,Training_time,Testing_time,Total_time
0,1.0,1.0,62.0,0.9799025578562728,0.5741302408563782,0.7240409494881315,5605.0,0.6523712428771687,0.5806837606837607,0.012578616352201259,0.08433734939759037,0.0218921032056294,166.0,0.4454937978515045,0.7861538461538462,0.036055143160127257,0.8607594936708861,0.06921119592875319,79.0,0.7728680504223431,0.6873504273504274,0.939707733915987,0.5641025641025641,0.6952737257250399,5850.0,0.648128096197136,0.5879546497187523,0.0,2.8628649711608887,0.016945838928222656,3.969814538955689
