,Rep,Kfold,Num_Vars_,Precision_background,Recall_background,F1_score_background,Num_Obs_background,AUC_background,Accuracy_background,Precision_dos,Recall_dos,F1_score_dos,Num_Obs_dos,AUC_dos,Accuracy_dos,Precision_scan,Recall_scan,F1_score_scan,Num_Obs_scan,AUC_scan,Accuracy_scan,Precision_w,Recall_w,F1_score_w,Total_Obs,AUC_w,Accuracy_w,Hyper_time,Training_time,Testing_time,Total_time
0,1.0,2.0,53.0,0.8839285714285714,0.013908401236302331,0.02738589211618257,7118.0,0.4987471299110805,0.11099873577749683,0.04627601314348302,0.9629629629629628,0.08830829523187457,351.0,0.5207062466620609,0.1176991150442478,0.0371900826446281,0.040816326530612235,0.03891891891891892,441.0,0.48921255475011,0.8876106194690265,0.7995508569517338,0.057522123893805316,0.03073226737706938,7910.0,0.4991899747067324,0.15459389049691458,0.0,3.4536347389221187,0.05200338363647461,4.940629005432129
