Rep,Kfold,Num_Vars_,Precision_background,Recall_background,F1_score_background,Num_Obs_background,AUC_background,Accuracy_background,Precision_dos,Recall_dos,F1_score_dos,Num_Obs_dos,AUC_dos,Accuracy_dos,Precision_scan,Recall_scan,F1_score_scan,Num_Obs_scan,AUC_scan,Accuracy_scan,Precision_w,Recall_w,F1_score_w,Total_Obs,AUC_w,Accuracy_w,Hyper_time,Training_time,Testing_time,Total_time
1.0,2.0,53.0,0.8839285714285714,0.013908401236302333,0.027385892116182572,7118.0,0.4987471299110805,0.11099873577749685,0.04627601314348302,0.9629629629629629,0.08830829523187458,351.0,0.5207062466620609,0.11769911504424779,0.0371900826446281,0.04081632653061224,0.03891891891891892,441.0,0.48921255475011,0.8876106194690265,0.7995508569517338,0.05752212389380531,0.03073226737706938,7910.0,0.4991899747067324,0.15459389049691458,0.0,3.453634738922119,0.05200338363647461,4.940629005432129
