Rep.,Kfold,Num. Vars.,Precision-Background,Recall-Background,F1_score_Background,Num. Obs. Background,AUC_Background,Precision-DoS,Recall-DoS,F1_score_DoS,Num. Obs. Dos,AUC_DoS,Precision-Botnet,Recall-Botnet,F1_score_Botnet,Num. Obs. Botnet,AUC_Botnet,Precision-Scan,Recall-Scan,F1_score_Scan,Num. Obs. Scan,AUC_Scan,Precision-SSHscan,Recall-SSHscan,F1_score_SSHscan,Num. Obs. SSHscan,AUC_SSHscan,Precision-UDPscan,Recall-UDPscan,F1_score_UDPscan,Num. Obs. UDPscan,AUC_UDPscan,Precision-Spam,Recall-Spam,F1_score_Spam,Num. Obs. Spam,AUC_Spam,Precision-w,Recall-w,F1_score_w,Total Obs.,AUC_w,Time
2,5,86,0.8191284086358175,0.9346543702226653,0.8730864005898445,24072,0.7866332155179668,0.987012987012987,0.9101796407185628,0.9470404984423675,334,0.9550364656840781,0.9732739420935412,0.92,0.945887445887446,475,0.9598393316195372,0.9923664122137404,0.9219858156028369,0.9558823529411765,141,0.9609796374579819,0.0,0.0,0.0,22,0.5,1.0,0.5714285714285714,0.7272727272727273,7,0.7857142857142857,0.8417776807163136,0.6037750626566416,0.7031834351910973,12768,0.7729665301706824,0.8303965626892884,0.8218884687590894,0.8170670911354232,37819,0.7861650337689284,586695.078555584
