Rep.,Kfold,Num. Vars.,Precision-Background,Recall-Background,F1_score_Background,Num. Obs. Background,AUC_Background,Precision-DoS,Recall-DoS,F1_score_DoS,Num. Obs. Dos,AUC_DoS,Precision-Botnet,Recall-Botnet,F1_score_Botnet,Num. Obs. Botnet,AUC_Botnet,Precision-Scan,Recall-Scan,F1_score_Scan,Num. Obs. Scan,AUC_Scan,Precision-SSHscan,Recall-SSHscan,F1_score_SSHscan,Num. Obs. SSHscan,AUC_SSHscan,Precision-UDPscan,Recall-UDPscan,F1_score_UDPscan,Num. Obs. UDPscan,AUC_UDPscan,Precision-Spam,Recall-Spam,F1_score_Spam,Num. Obs. Spam,AUC_Spam,Precision-w,Recall-w,F1_score_w,Total Obs.,AUC_w,Time
16,2,82,0.8181286549707603,0.9300315771979392,0.8704985610951234,6017,0.7840966495646473,0.972972972972973,0.8571428571428571,0.9113924050632912,84,0.9284647163742245,0.9732142857142857,0.9159663865546218,0.9437229437229437,119,0.957822524896848,0.8421052631578947,0.9142857142857143,0.8767123287671234,35,0.9568243858052774,0.0,0.0,0.0,5,0.5,0.0,0.0,0.0,2,0.5,0.8209389281262983,0.6188537425618541,0.7057142857142858,3193,0.775012946017433,0.8218883160662709,0.8233738762559493,0.8155135357197533,9455,0.7849271969545734,530774.5678186417
