Rep.,Kfold,Num. Vars.,Precision-Background,Recall-Background,F1_score_Background,Num. Obs. Background,AUC_Background,Precision-DoS,Recall-DoS,F1_score_DoS,Num. Obs. Dos,AUC_DoS,Precision-Botnet,Recall-Botnet,F1_score_Botnet,Num. Obs. Botnet,AUC_Botnet,Precision-Scan,Recall-Scan,F1_score_Scan,Num. Obs. Scan,AUC_Scan,Precision-SSHscan,Recall-SSHscan,F1_score_SSHscan,Num. Obs. SSHscan,AUC_SSHscan,Precision-UDPscan,Recall-UDPscan,F1_score_UDPscan,Num. Obs. UDPscan,AUC_UDPscan,Precision-Spam,Recall-Spam,F1_score_Spam,Num. Obs. Spam,AUC_Spam,Precision-w,Recall-w,F1_score_w,Total Obs.,AUC_w,Time
10,3,84,0.8232919718941546,0.9149360358863599,0.866698142902109,6019,0.7855157339746027,0.9866666666666667,0.8809523809523809,0.930817610062893,84,0.9404228400707274,0.9732142857142857,0.9159663865546218,0.9437229437229437,119,0.9578225421045573,1.0,0.8055555555555556,0.8923076923076924,36,0.9027777777777778,0.0,0.0,0.0,6,0.5,1.0,1.0,1.0,1,1.0,0.8032193158953722,0.6255092447508618,0.7033121916842847,3191,0.773728285583731,0.8200253506612785,0.815989847715736,0.8126628714322903,9456,0.7853704064263116,338785.3918840885
