Rep.,Kfold,Num. Vars.,Precision-Background,Recall-Background,F1_score_Background,Num. Obs. Background,AUC_Background,Precision-DoS,Recall-DoS,F1_score_DoS,Num. Obs. Dos,AUC_DoS,Precision-Botnet,Recall-Botnet,F1_score_Botnet,Num. Obs. Botnet,AUC_Botnet,Precision-Scan,Recall-Scan,F1_score_Scan,Num. Obs. Scan,AUC_Scan,Precision-SSHscan,Recall-SSHscan,F1_score_SSHscan,Num. Obs. SSHscan,AUC_SSHscan,Precision-UDPscan,Recall-UDPscan,F1_score_UDPscan,Num. Obs. UDPscan,AUC_UDPscan,Precision-Spam,Recall-Spam,F1_score_Spam,Num. Obs. Spam,AUC_Spam,Precision-w,Recall-w,F1_score_w,Total Obs.,AUC_w,Time
5,3,83,0.8225464384964165,0.9344493831263241,0.874934365337119,24073,0.7907262917959231,0.9810725552050473,0.933933933933934,0.9569230769230769,333,0.9668869413587723,0.9815242494226328,0.8928571428571429,0.9350935093509352,476,0.9463214620431116,1.0,0.9361702127659575,0.967032967032967,141,0.9680851063829787,0.0,0.0,0.0,21,0.5,1.0,0.5,0.6666666666666666,8,0.75,0.8431991294885746,0.6068603649463544,0.7057698437998087,12769,0.7746700036451396,0.8331581079816053,0.8227175378757833,0.8191141162050616,37821,0.7893058794413961,570206.0729937553
