Rep.,Kfold,Num. Vars.,Precision-Background,Recall-Background,F1_score_Background,Num. Obs. Background,AUC_Background,Precision-DoS,Recall-DoS,F1_score_DoS,Num. Obs. Dos,AUC_DoS,Precision-Botnet,Recall-Botnet,F1_score_Botnet,Num. Obs. Botnet,AUC_Botnet,Precision-Scan,Recall-Scan,F1_score_Scan,Num. Obs. Scan,AUC_Scan,Precision-SSHscan,Recall-SSHscan,F1_score_SSHscan,Num. Obs. SSHscan,AUC_SSHscan,Precision-UDPscan,Recall-UDPscan,F1_score_UDPscan,Num. Obs. UDPscan,AUC_UDPscan,Precision-Spam,Recall-Spam,F1_score_Spam,Num. Obs. Spam,AUC_Spam,Precision-w,Recall-w,F1_score_w,Total Obs.,AUC_w,Time
16,4,84,0.8192749134632902,0.934150394682177,0.8729496263224303,24070,0.7866853224501953,0.9808306709265175,0.9191616766467066,0.9489953632148377,334,0.9595008041754501,0.9774266365688488,0.9096638655462185,0.9423286180631121,476,0.9546980352850261,1.0,0.950354609929078,0.9745454545454546,141,0.975177304964539,0.0,0.0,0.0,21,0.5,1.0,0.5,0.6666666666666666,8,0.75,0.8419946926138877,0.5964129072681704,0.6982395011920045,12768,0.7696834995422688,0.8306200202404078,0.8191337458353165,0.815359790912699,37818,0.785122009808085,532584.8861784935
