Rep.,Kfold,Num. Vars.,Precision-Background,Recall-Background,F1_score_Background,Num. Obs. Background,AUC_Background,Precision-DoS,Recall-DoS,F1_score_DoS,Num. Obs. Dos,AUC_DoS,Precision-Botnet,Recall-Botnet,F1_score_Botnet,Num. Obs. Botnet,AUC_Botnet,Precision-Scan,Recall-Scan,F1_score_Scan,Num. Obs. Scan,AUC_Scan,Precision-SSHscan,Recall-SSHscan,F1_score_SSHscan,Num. Obs. SSHscan,AUC_SSHscan,Precision-UDPscan,Recall-UDPscan,F1_score_UDPscan,Num. Obs. UDPscan,AUC_UDPscan,Precision-Spam,Recall-Spam,F1_score_Spam,Num. Obs. Spam,AUC_Spam,Precision-w,Recall-w,F1_score_w,Total Obs.,AUC_w,Time
20,4,84,0.822913616398243,0.9339093590329415,0.8749051427237173,24073,0.7910018136450713,0.9807073954983923,0.9131736526946108,0.9457364341085271,334,0.9565067986043545,0.9702517162471396,0.8926315789473684,0.9298245614035088,475,0.9461417413828579,1.0,0.9432624113475178,0.9708029197080292,141,0.9716312056737588,0.0,0.0,0.0,22,0.5,1.0,0.5714285714285714,0.7272727272727273,7,0.7857142857142857,0.8417118093174432,0.608426658313102,0.7063048320378199,12769,0.7750539806015454,0.8327184214072392,0.822743978213162,0.8191193955079883,37821,0.7895307246257277,446734.9840877056
