Rep.,Kfold,Num. Vars.,Precision-Background,Recall-Background,F1_score_Background,Num. Obs. Background,AUC_Background,Precision-DoS,Recall-DoS,F1_score_DoS,Num. Obs. Dos,AUC_DoS,Precision-Botnet,Recall-Botnet,F1_score_Botnet,Num. Obs. Botnet,AUC_Botnet,Precision-Scan,Recall-Scan,F1_score_Scan,Num. Obs. Scan,AUC_Scan,Precision-SSHscan,Recall-SSHscan,F1_score_SSHscan,Num. Obs. SSHscan,AUC_SSHscan,Precision-UDPscan,Recall-UDPscan,F1_score_UDPscan,Num. Obs. UDPscan,AUC_UDPscan,Precision-Spam,Recall-Spam,F1_score_Spam,Num. Obs. Spam,AUC_Spam,Precision-w,Recall-w,F1_score_w,Total Obs.,AUC_w,Time
8,3,90,0.8144133587227186,0.9238949817215022,0.8657065005838849,6018,0.7775224544706493,0.9397590361445783,0.9397590361445783,0.9397590361445783,83,0.9696127091075081,0.9904761904761905,0.8813559322033898,0.9327354260089686,118,0.940624404237742,0.96875,0.8611111111111112,0.911764705882353,36,0.9305024600899083,0.0,0.0,0.0,5,0.5,1.0,1.0,1.0,1,1.0,0.8152946092770581,0.6112155388471178,0.6986571172784243,3192,0.7703098936848588,0.8181858855476443,0.8172008886067915,0.8105174599119191,9453,0.779268902440035,431901.0521736145
