Rep.,Kfold,Num. Vars.,Precision-Background,Recall-Background,F1_score_Background,Num. Obs. Background,AUC_Background,Precision-DoS,Recall-DoS,F1_score_DoS,Num. Obs. Dos,AUC_DoS,Precision-Botnet,Recall-Botnet,F1_score_Botnet,Num. Obs. Botnet,AUC_Botnet,Precision-Scan,Recall-Scan,F1_score_Scan,Num. Obs. Scan,AUC_Scan,Precision-SSHscan,Recall-SSHscan,F1_score_SSHscan,Num. Obs. SSHscan,AUC_SSHscan,Precision-UDPscan,Recall-UDPscan,F1_score_UDPscan,Num. Obs. UDPscan,AUC_UDPscan,Precision-Spam,Recall-Spam,F1_score_Spam,Num. Obs. Spam,AUC_Spam,Precision-w,Recall-w,F1_score_w,Total Obs.,AUC_w,Time
11,4,85,0.827427724240178,0.9272304369496595,0.8744907552491382,6019,0.7942322149823966,0.948051948051948,0.8795180722891566,0.9125,83,0.9395456345227258,0.9823008849557522,0.9327731092436975,0.9568965517241379,119,0.966279442368207,0.9714285714285714,0.9714285714285714,0.9714285714285714,35,0.9856612071580225,0.0,0.0,0.0,5,0.5,1.0,0.5,0.6666666666666666,2,0.75,0.8129265355279004,0.6343984962406015,0.7126517684321663,3192,0.7799966295668919,0.8256722464944194,0.8276044420941301,0.8210772949411468,9455,0.7934109600332414,562681.164970398
