Rep.,Kfold,Num. Vars.,Precision-Background,Recall-Background,F1_score_Background,Num. Obs. Background,AUC_Background,Precision-DoS,Recall-DoS,F1_score_DoS,Num. Obs. Dos,AUC_DoS,Precision-Botnet,Recall-Botnet,F1_score_Botnet,Num. Obs. Botnet,AUC_Botnet,Precision-Scan,Recall-Scan,F1_score_Scan,Num. Obs. Scan,AUC_Scan,Precision-SSHscan,Recall-SSHscan,F1_score_SSHscan,Num. Obs. SSHscan,AUC_SSHscan,Precision-UDPscan,Recall-UDPscan,F1_score_UDPscan,Num. Obs. UDPscan,AUC_UDPscan,Precision-Spam,Recall-Spam,F1_score_Spam,Num. Obs. Spam,AUC_Spam,Precision-w,Recall-w,F1_score_w,Total Obs.,AUC_w,Time
14,4,86,0.8202316771091359,0.9354021269524759,0.8740392826643893,24072,0.7882073557581905,0.9935064935064936,0.918918918918919,0.9547581903276131,333,0.9594327828335191,0.977116704805492,0.8989473684210526,0.9364035087719298,475,0.949339793893474,0.9924812030075187,0.9361702127659575,0.9635036496350365,141,0.9680718360395422,0.0,0.0,0.0,22,0.5,1.0,0.5,0.6666666666666666,8,0.75,0.8415635607138947,0.6019736842105263,0.701885758641158,12768,0.7721057595137498,0.8311327222113344,0.8215976096670985,0.8171941212249165,37819,0.7867976269321573,572058.2192618847
