Rep.,Kfold,Num. Vars.,Precision-Background,Recall-Background,F1_score_Background,Num. Obs. Background,AUC_Background,Precision-DoS,Recall-DoS,F1_score_DoS,Num. Obs. Dos,AUC_DoS,Precision-Botnet,Recall-Botnet,F1_score_Botnet,Num. Obs. Botnet,AUC_Botnet,Precision-Scan,Recall-Scan,F1_score_Scan,Num. Obs. Scan,AUC_Scan,Precision-SSHscan,Recall-SSHscan,F1_score_SSHscan,Num. Obs. SSHscan,AUC_SSHscan,Precision-UDPscan,Recall-UDPscan,F1_score_UDPscan,Num. Obs. UDPscan,AUC_UDPscan,Precision-Spam,Recall-Spam,F1_score_Spam,Num. Obs. Spam,AUC_Spam,Precision-w,Recall-w,F1_score_w,Total Obs.,AUC_w,Time
2,1,85,0.8150954393122541,0.9296991856406848,0.8686335403726708,6017,0.780294618998353,0.9605263157894737,0.8690476190476191,0.9125000000000001,84,0.9343637412280034,0.9716981132075472,0.8728813559322034,0.9196428571428572,118,0.9362800267933481,0.8611111111111112,0.8857142857142857,0.8732394366197184,35,0.9425917500758265,0.0,0.0,0.0,6,0.5,1.0,1.0,1.0,2,1.0,0.8355114916629113,0.5806451612903226,0.6851441241685144,3193,0.7611785372085597,0.8249287073501008,0.8098360655737705,0.8071882007738734,9455,0.777623913326012,510415.93287181854
