Rep.,Kfold,Num. Vars.,Precision-Background,Recall-Background,F1_score_Background,Num. Obs. Background,AUC_Background,Precision-DoS,Recall-DoS,F1_score_DoS,Num. Obs. Dos,AUC_DoS,Precision-Botnet,Recall-Botnet,F1_score_Botnet,Num. Obs. Botnet,AUC_Botnet,Precision-Scan,Recall-Scan,F1_score_Scan,Num. Obs. Scan,AUC_Scan,Precision-SSHscan,Recall-SSHscan,F1_score_SSHscan,Num. Obs. SSHscan,AUC_SSHscan,Precision-UDPscan,Recall-UDPscan,F1_score_UDPscan,Num. Obs. UDPscan,AUC_UDPscan,Precision-Spam,Recall-Spam,F1_score_Spam,Num. Obs. Spam,AUC_Spam,Precision-w,Recall-w,F1_score_w,Total Obs.,AUC_w,Time
2,5,86,0.8148843930635838,0.9371779956789098,0.8717631599288861,6017,0.782126115743385,0.9746835443037974,0.927710843373494,0.9506172839506173,83,0.9637486867096949,0.972972972972973,0.907563025210084,0.9391304347826087,119,0.9536207925793267,0.9393939393939394,0.8857142857142857,0.9117647058823529,35,0.9427509519258483,0.0,0.0,0.0,5,0.5,1.0,0.5,0.6666666666666666,2,0.75,0.8356521739130435,0.6023190222500784,0.7000546348570388,3191,0.7709726400181872,0.8253583142043899,0.8228946254760897,0.8149784307519218,9452,0.7825534100039391,586695.078555584
