Rep.,Kfold,Num. Vars.,Precision-Background,Recall-Background,F1_score_Background,Num. Obs. Background,AUC_Background,Precision-DoS,Recall-DoS,F1_score_DoS,Num. Obs. Dos,AUC_DoS,Precision-Botnet,Recall-Botnet,F1_score_Botnet,Num. Obs. Botnet,AUC_Botnet,Precision-Scan,Recall-Scan,F1_score_Scan,Num. Obs. Scan,AUC_Scan,Precision-SSHscan,Recall-SSHscan,F1_score_SSHscan,Num. Obs. SSHscan,AUC_SSHscan,Precision-UDPscan,Recall-UDPscan,F1_score_UDPscan,Num. Obs. UDPscan,AUC_UDPscan,Precision-Spam,Recall-Spam,F1_score_Spam,Num. Obs. Spam,AUC_Spam,Precision-w,Recall-w,F1_score_w,Total Obs.,AUC_w,Time
19,1,86,0.8168911007025761,0.9272304369496595,0.8685705392576454,6019,0.7816251108228076,0.9743589743589743,0.9047619047619048,0.9382716049382716,84,0.9522742515700262,0.9262295081967213,0.9495798319327731,0.9377593360995851,119,0.9743079624481258,0.9393939393939394,0.8857142857142857,0.9117647058823529,35,0.9427509970127527,0.0,0.0,0.0,5,0.5,1.0,1.0,1.0,2,1.0,0.8206429780033841,0.6077694235588973,0.6983441324694024,3192,0.7700405227628458,0.8209926157060026,0.8188451776649747,0.8123266166614476,9456,0.7821489911442616,536441.8813717365
