Rep,Kfold,Num_Vars_,Precision_background,Recall_background,F1_score_background,Num_Obs_background,AUC_background,Accuracy_background,Precision_dos,Recall_dos,F1_score_dos,Num_Obs_dos,AUC_dos,Accuracy_dos,Precision_scan,Recall_scan,F1_score_scan,Num_Obs_scan,AUC_scan,Accuracy_scan,Precision_w,Recall_w,F1_score_w,Total_Obs,AUC_w,Accuracy_w,Hyper_time,Training_time,Testing_time,Total_time
1.0,1.0,53.0,0.08888888888888889,0.00034264176803152307,0.0006826521034217938,11674.0,0.4469245676372625,0.028858114271498467,0.021403508771929824,0.9348659003831418,0.041848898036189,261.0,0.49464095154773297,0.07347209553030931,0.0015723270440251573,0.008064516129032258,0.0026315789473684214,124.0,0.47742982823627983,0.9371423832821959,0.08653040660351785,0.02064847831495149,0.0015936776542221608,12059.0,0.4482710000541222,0.03916340479856341,366.1272554397583,18.238866806030273,1.7227389812469482,390.20048689842224
