{"C": 9.854849445282674, "gamma": 0.12560373983276762}