{"C": 4.549423264836399, "gamma": 0.12504005554051562}