{"C": 8.301296411617976, "gamma": 0.12506196148483922}