{"C": 3.7216614721653167, "gamma": 0.12513415561874375}