{"C": 2.602541307925907, "gamma": 0.12538191876588559}