{"C": 2.816654672877831, "gamma": 0.12509505973919308}