{"C": 3.8101965542669327, "gamma": 0.12523164906494166}