{"C": 3.257631429987192, "gamma": 0.12511061301268073}