{"C": 9.812484979151591, "gamma": 0.1251694986379224}