{"C": 2.264243010308699, "gamma": 0.12594990307259302}