{"C": 4.80719517604377, "gamma": 0.12548253383915545}