{"C": 5.223818322657103, "gamma": 0.12501439918035884}