Rep,Kfold,Num_Vars_,Precision_background,Recall_background,F1_score_background,Num_Obs_background,AUC_background,Accuracy_background,Precision_dos,Recall_dos,F1_score_dos,Num_Obs_dos,AUC_dos,Accuracy_dos,Precision_scan,Recall_scan,F1_score_scan,Num_Obs_scan,AUC_scan,Accuracy_scan,Precision_w,Recall_w,F1_score_w,Total_Obs,AUC_w,Accuracy_w,Hyper_time,Training_time,Testing_time,Total_time
14.0,1.0,34.0,0.012159533073929961,1.0,0.02402691013935608,50.0,0.500123061777012,0.012399708242159009,0.0,0.0,0.0,3297.0,0.5,0.19839533187454414,0.0,0.0,0.0,766.0,0.5,0.8137612448334549,0.0001478182965466808,0.012156576707999028,0.0002920849761652818,4113.0,0.500001496009932,0.310739243409897,3923.9697608947754,57.17035412788391,4.182296276092529,4.182296276092529
