Rep,Kfold,Num_Vars_,Precision_background,Recall_background,F1_score_background,Num_Obs_background,AUC_background,Accuracy_background,Precision_dos,Recall_dos,F1_score_dos,Num_Obs_dos,AUC_dos,Accuracy_dos,Precision_scan,Recall_scan,F1_score_scan,Num_Obs_scan,AUC_scan,Accuracy_scan,Precision_w,Recall_w,F1_score_w,Total_Obs,AUC_w,Accuracy_w,Hyper_time,Training_time,Testing_time,Total_time
14.0,2.0,46.0,0.9230769230769231,0.9950808151791989,0.9577274264457222,1423.0,0.6241226860706122,0.9209361163820367,0.7804878048780488,0.45714285714285713,0.5765765765765766,70.0,0.7255932684125933,0.9702719797596457,0.0,0.0,0.0,88.0,0.5,0.9443390259329538,0.8653843187096301,0.915876027830487,0.8875436357954605,1581.0,0.6217065851153464,0.9244231287014,3859.496922016144,68.93426990509033,1.8017747402191162,1.8017747402191162
