Rep,Kfold,Num_Vars_,Precision_background,Recall_background,F1_score_background,Num_Obs_background,AUC_background,Accuracy_background,Precision_dos,Recall_dos,F1_score_dos,Num_Obs_dos,AUC_dos,Accuracy_dos,Precision_scan,Recall_scan,F1_score_scan,Num_Obs_scan,AUC_scan,Accuracy_scan,Precision_w,Recall_w,F1_score_w,Total_Obs,AUC_w,Accuracy_w,Hyper_time,Training_time,Testing_time,Total_time
14.0,3.0,73.0,0.9603174603174603,0.9855491329479769,0.9727697095435683,3806.0,0.9747387275165764,0.9740836727138097,0.9428571428571428,0.009649122807017544,0.019102749638205498,3420.0,0.5046110230733785,0.5817598420338146,0.9565217391304348,0.02508551881413911,0.04888888888888889,877.0,0.5124735648319242,0.8943601135381958,0.9525372390172866,0.4697025792916204,0.47026637959287165,8103.0,0.7262821932860227,0.7998685595060353,4087.454372882843,29.43948268890381,6.408702611923218,4160.102883577347
