Rep,Kfold,Num_Vars_,Precision_background,Recall_background,F1_score_background,Num_Obs_background,AUC_background,Accuracy_background,Precision_dos,Recall_dos,F1_score_dos,Num_Obs_dos,AUC_dos,Accuracy_dos,Precision_scan,Recall_scan,F1_score_scan,Num_Obs_scan,AUC_scan,Accuracy_scan,Precision_w,Recall_w,F1_score_w,Total_Obs,AUC_w,Accuracy_w,Hyper_time,Training_time,Testing_time,Total_time
19.0,4.0,30.0,0.9881070366699702,0.8539614561027837,0.916149781759706,2335.0,0.7690859912092867,0.848610535047698,0.1,0.21153846153846154,0.13580246913580246,52.0,0.5847857631982261,0.9419328079635007,1.0,0.375,0.5454545454545454,24.0,0.6875,0.9937785151389465,0.9690708961527914,0.8353380340107839,0.8956293562401014,2411.0,0.7642989005226015,0.8520683491139823,1788.682225227356,14.965395212173462,1.0244216918945312,1.0244216918945312
