Rep,Kfold,Num_Vars_,Precision_background,Recall_background,F1_score_background,Num_Obs_background,AUC_background,Accuracy_background,Precision_dos,Recall_dos,F1_score_dos,Num_Obs_dos,AUC_dos,Accuracy_dos,Precision_scan,Recall_scan,F1_score_scan,Num_Obs_scan,AUC_scan,Accuracy_scan,Precision_w,Recall_w,F1_score_w,Total_Obs,AUC_w,Accuracy_w,Hyper_time,Training_time,Testing_time,Total_time
13.0,3.0,74.0,0.9994026680825645,0.9886415862385923,0.9939930028384711,15231.0,0.9940590586924944,0.9943868739205527,0.831486270163773,0.9873519520397719,0.9027406417112299,13678.0,0.9206737355419172,0.9102516654330126,0.8623595505617978,0.2620199146514936,0.40192013964651974,3515.0,0.6284674965003983,0.9154638539353566,0.9137109875737215,0.9093264248704663,0.8913133239087242,32424.0,0.9234687924958866,0.9503387676739287,4154.977006673813,52.28709268569946,5.638280868530273,4242.568132638931
