Rep,Kfold,Num_Vars_,Precision_background,Recall_background,F1_score_background,Num_Obs_background,AUC_background,Accuracy_background,Precision_dos,Recall_dos,F1_score_dos,Num_Obs_dos,AUC_dos,Accuracy_dos,Precision_scan,Recall_scan,F1_score_scan,Num_Obs_scan,AUC_scan,Accuracy_scan,Precision_w,Recall_w,F1_score_w,Total_Obs,AUC_w,Accuracy_w,Hyper_time,Training_time,Testing_time,Total_time
19.0,5.0,53.0,0.964331537079805,0.9871289729445758,0.9755970924195223,3807.0,0.9773979361117389,0.9768073032321737,0.8051637580683719,0.9850833577069319,0.8860826098395158,3419.0,0.9055990716420301,0.8931655563779917,0.9545454545454546,0.023863636363636365,0.04656319290465632,880.0,0.5118626236066729,0.8939057488280286,0.8961343511594598,0.8816925734024179,0.8369837384207407,8106.0,0.8965749170361909,0.9325284356809652,1135.7137959003448,12.44732141494751,1.0127723217010498,1166.1606266498566
