Rep,Kfold,Num_Vars_,Precision_background,Recall_background,F1_score_background,Num_Obs_background,AUC_background,Accuracy_background,Precision_dos,Recall_dos,F1_score_dos,Num_Obs_dos,AUC_dos,Accuracy_dos,Precision_scan,Recall_scan,F1_score_scan,Num_Obs_scan,AUC_scan,Accuracy_scan,Precision_w,Recall_w,F1_score_w,Total_Obs,AUC_w,Accuracy_w,Hyper_time,Training_time,Testing_time,Total_time
17.0,3.0,85.0,0.9286764705882353,0.8875614898102601,0.9076536112109235,1423.0,0.6368187195886743,0.8374446552814674,0.17647058823529413,0.6857142857142857,0.28070175438596495,70.0,0.7687340455705777,0.8444022770398482,0.0,0.0,0.0,88.0,0.5,0.9443390259329538,0.8436809353722513,0.8292220113851992,0.8293739478558898,1581.0,0.6350439096550436,0.8437025541685118,4261.081032752991,37.86745810508728,0.6073195934295654,0.6073195934295654
