Rep,Kfold,Num_Vars_,Precision_background,Recall_background,F1_score_background,Num_Obs_background,AUC_background,Accuracy_background,Precision_dos,Recall_dos,F1_score_dos,Num_Obs_dos,AUC_dos,Accuracy_dos,Precision_scan,Recall_scan,F1_score_scan,Num_Obs_scan,AUC_scan,Accuracy_scan,Precision_w,Recall_w,F1_score_w,Total_Obs,AUC_w,Accuracy_w,Hyper_time,Training_time,Testing_time,Total_time
15.0,2.0,41.0,0.9244532803180915,0.9796348314606742,0.9512444595976816,1424.0,0.6313268496926012,0.9096651926721415,1.0,0.02857142857142857,0.05555555555555556,70.0,0.5142857142857142,0.9570435881238155,0.0,0.0,0.0,89.0,0.5,0.9437776373973468,0.8758189963189907,0.8825015792798484,0.8581560324421904,1583.0,0.6187678041454606,0.9136781397739485,3898.0874869823456,50.59023332595825,1.358241081237793,1.358241081237793
