Rep,Kfold,Num_Vars_,Precision_background,Recall_background,F1_score_background,Num_Obs_background,AUC_background,Accuracy_background,Precision_dos,Recall_dos,F1_score_dos,Num_Obs_dos,AUC_dos,Accuracy_dos,Precision_scan,Recall_scan,F1_score_scan,Num_Obs_scan,AUC_scan,Accuracy_scan,Precision_w,Recall_w,F1_score_w,Total_Obs,AUC_w,Accuracy_w,Hyper_time,Training_time,Testing_time,Total_time
13.0,3.0,74.0,0.9055627425614489,0.9838369641602249,0.9430784776018862,1423.0,0.5298931656244162,0.8931056293485136,0.3950617283950617,0.45714285714285713,0.423841059602649,70.0,0.7123570010399923,0.9449715370018975,0.0,0.0,0.0,88.0,0.5,0.9443390259329538,0.8325554102799468,0.9057558507273877,0.8675961719162996,1581.0,0.5363080105985729,0.8982537333555771,4154.977006673813,52.28709268569946,1.0269970893859863,1.0269970893859863
