Rep,Kfold,Num_Vars_,Precision_background,Recall_background,F1_score_background,Num_Obs_background,AUC_background,Accuracy_background,Precision_dos,Recall_dos,F1_score_dos,Num_Obs_dos,AUC_dos,Accuracy_dos,Precision_scan,Recall_scan,F1_score_scan,Num_Obs_scan,AUC_scan,Accuracy_scan,Precision_w,Recall_w,F1_score_w,Total_Obs,AUC_w,Accuracy_w,Hyper_time,Training_time,Testing_time,Total_time
13.0,1.0,49.0,0.9214380825565912,0.9719101123595506,0.9460013670539986,1424.0,0.6148858737898382,0.9001895135818067,0.9393939393939394,0.44285714285714284,0.6019417475728155,70.0,0.7207676328958549,0.9740998104864181,0.0,0.0,0.0,89.0,0.5,0.9437776373973468,0.870426661603387,0.8938723941882502,0.8776006753095332,1583.0,0.6131087925328107,0.9059084420738508,3861.558001279831,71.83562326431274,1.5858373641967773,1.5858373641967773
