Rep,Kfold,Num_Vars_,Precision_background,Recall_background,F1_score_background,Num_Obs_background,AUC_background,Accuracy_background,Precision_dos,Recall_dos,F1_score_dos,Num_Obs_dos,AUC_dos,Accuracy_dos,Precision_scan,Recall_scan,F1_score_scan,Num_Obs_scan,AUC_scan,Accuracy_scan,Precision_w,Recall_w,F1_score_w,Total_Obs,AUC_w,Accuracy_w,Hyper_time,Training_time,Testing_time,Total_time
15.0,4.0,33.0,0.9731210855949896,0.9789971121029142,0.9760502552021986,3809.0,0.9775218118654107,0.977432482426933,0.8051979017644254,0.9871382636655949,0.8869336835193696,3421.0,0.9064317598191456,0.8938216796152423,0.9565217391304348,0.02502844141069397,0.04878048780487805,879.0,0.5124450644121243,0.8941916389197189,0.900478831626966,0.8790233074361821,0.8379397708922711,8109.0,0.8971171344623138,0.933135866585074,3685.681010723114,67.93142867088318,8.18305492401123,3812.8596234321594
