Rep,Kfold,Num_Vars_,Precision_background,Recall_background,F1_score_background,Num_Obs_background,AUC_background,Accuracy_background,Precision_dos,Recall_dos,F1_score_dos,Num_Obs_dos,AUC_dos,Accuracy_dos,Precision_scan,Recall_scan,F1_score_scan,Num_Obs_scan,AUC_scan,Accuracy_scan,Precision_w,Recall_w,F1_score_w,Total_Obs,AUC_w,Accuracy_w,Hyper_time,Training_time,Testing_time,Total_time
18.0,4.0,43.0,0.9866028708133971,0.8124507486209613,0.8910976663785652,3807.0,0.9013393808251386,0.9067242442936458,0.8310206598828246,0.7882421760748757,0.8090663464425097,3419.0,0.8356490436499004,0.8430598396051819,0.92,0.026166097838452786,0.050884955752212385,879.0,0.5129446597689358,0.8941394201110425,0.9137491382265245,0.7169648365206662,0.7653713177663583,8105.0,0.8315066574925611,0.8785033115254328,3975.930415391922,20.245651483535767,3.4859468936920166,4021.612473011017
