Rep,Kfold,Num_Vars_,Precision_background,Recall_background,F1_score_background,Num_Obs_background,AUC_background,Accuracy_background,Precision_dos,Recall_dos,F1_score_dos,Num_Obs_dos,AUC_dos,Accuracy_dos,Precision_scan,Recall_scan,F1_score_scan,Num_Obs_scan,AUC_scan,Accuracy_scan,Precision_w,Recall_w,F1_score_w,Total_Obs,AUC_w,Accuracy_w,Hyper_time,Training_time,Testing_time,Total_time
19.0,2.0,47.0,0.9251968503937008,0.9901685393258427,0.9565807327001358,1424.0,0.6343247759920354,0.9190897597977244,0.8604651162790697,0.5285714285714286,0.654867256637168,70.0,0.7623015873015873,0.9753476611883691,0.0,0.0,0.0,88.0,0.5,0.9443742098609356,0.8708678085336061,0.9146649810366625,0.8900200198037896,1582.0,0.632515544958135,0.9229855149828748,3742.553218126297,74.69898915290833,1.1184725761413574,1.1184725761413574
