Rep,Kfold,Num_Vars_,Precision_background,Recall_background,F1_score_background,Num_Obs_background,AUC_background,Accuracy_background,Precision_dos,Recall_dos,F1_score_dos,Num_Obs_dos,AUC_dos,Accuracy_dos,Precision_scan,Recall_scan,F1_score_scan,Num_Obs_scan,AUC_scan,Accuracy_scan,Precision_w,Recall_w,F1_score_w,Total_Obs,AUC_w,Accuracy_w,Hyper_time,Training_time,Testing_time,Total_time
12.0,5.0,26.0,0.9192587690271343,0.9761068165846802,0.9468302658486708,1423.0,0.6019774589252516,0.9013282732447818,0.0,0.0,0.0,70.0,0.5,0.9557242251739405,0.0,0.0,0.0,88.0,0.5,0.9443390259329538,0.8273910362590843,0.8785578747628083,0.8522071273261598,1581.0,0.5917861632198816,0.9061307165538269,3597.027680158615,57.48705434799194,1.7220497131347656,1.7220497131347656
