Rep,Kfold,Num_Vars_,Precision_background,Recall_background,F1_score_background,Num_Obs_background,AUC_background,Accuracy_background,Precision_dos,Recall_dos,F1_score_dos,Num_Obs_dos,AUC_dos,Accuracy_dos,Precision_scan,Recall_scan,F1_score_scan,Num_Obs_scan,AUC_scan,Accuracy_scan,Precision_w,Recall_w,F1_score_w,Total_Obs,AUC_w,Accuracy_w,Hyper_time,Training_time,Testing_time,Total_time
1.0,1.0,51.0,0.9856832971800434,0.9730192719486082,0.9793103448275863,2335.0,0.7722239216885898,0.9601990049751243,0.5714285714285714,0.07692307692307693,0.13559322033898308,52.0,0.5378259452411995,0.9788557213930348,1.0,0.24,0.3870967741935484,25.0,0.62,0.99212271973466,0.9769008228149615,0.9461028192371476,0.9549825547200994,2412.0,0.7655927886796847,0.9609321070160527,4576.631062269211,21.86094093322754,1.1217803955078125,1.1217803955078125
