Rep,Kfold,Num_Vars_,Precision_background,Recall_background,F1_score_background,Num_Obs_background,AUC_background,Accuracy_background,Precision_dos,Recall_dos,F1_score_dos,Num_Obs_dos,AUC_dos,Accuracy_dos,Precision_scan,Recall_scan,F1_score_scan,Num_Obs_scan,AUC_scan,Accuracy_scan,Precision_w,Recall_w,F1_score_w,Total_Obs,AUC_w,Accuracy_w,Hyper_time,Training_time,Testing_time,Total_time
18.0,5.0,31.0,0.9242002781641169,0.9332865168539326,0.928721174004193,1424.0,0.6217065495662069,0.8710493046776233,0.25,0.02857142857142857,0.05128205128205128,70.0,0.5123015873015873,0.9532237673830595,0.0,0.0,0.0,88.0,0.5,0.9443742098609356,0.8429590367292683,0.8413400758533502,0.8382355849378726,1582.0,0.6100955990476546,0.878764098638124,3522.244829893112,75.49186110496521,2.128833293914795,2.128833293914795
