Rep,Kfold,Num_Vars_,Precision_background,Recall_background,F1_score_background,Num_Obs_background,AUC_background,Accuracy_background,Precision_dos,Recall_dos,F1_score_dos,Num_Obs_dos,AUC_dos,Accuracy_dos,Precision_scan,Recall_scan,F1_score_scan,Num_Obs_scan,AUC_scan,Accuracy_scan,Precision_w,Recall_w,F1_score_w,Total_Obs,AUC_w,Accuracy_w,Hyper_time,Training_time,Testing_time,Total_time
17.0,4.0,36.0,0.47971781305114636,1.0,0.6483909415971394,3808.0,0.5196557338916027,0.49056371037375107,1.0,0.015497076023391813,0.030521163259429884,3420.0,0.507748538011696,0.5846799062538547,1.0,0.020477815699658702,0.04013377926421404,879.0,0.5102389078498294,0.8937954853830024,0.7556143372516055,0.47847539163685704,0.3217876743459234,8107.0,0.5136115745231558,0.5739876798005533,3377.081733226776,81.44438743591309,11.159901142120361,3537.2377514839172
