Rep,Kfold,Num_Vars_,Precision_background,Recall_background,F1_score_background,Num_Obs_background,AUC_background,Accuracy_background,Precision_dos,Recall_dos,F1_score_dos,Num_Obs_dos,AUC_dos,Accuracy_dos,Precision_scan,Recall_scan,F1_score_scan,Num_Obs_scan,AUC_scan,Accuracy_scan,Precision_w,Recall_w,F1_score_w,Total_Obs,AUC_w,Accuracy_w,Hyper_time,Training_time,Testing_time,Total_time
19.0,4.0,30.0,0.012207527975584944,0.9795918367346939,0.0241145440844009,49.0,0.5118239764525057,0.05520428015564202,0.0,0.0,0.0,3297.0,0.5,0.19820038910505836,0.0,0.0,0.0,766.0,0.5,0.813715953307393,0.00014546908336664937,0.011673151750972763,0.0002873571644298746,4112.0,0.5001408985520849,0.31115712860906297,1788.682225227356,14.965395212173462,1.9063236713409424,1.9063236713409424
