Rep,Kfold,Num_Vars_,Precision_background,Recall_background,F1_score_background,Num_Obs_background,AUC_background,Accuracy_background,Precision_dos,Recall_dos,F1_score_dos,Num_Obs_dos,AUC_dos,Accuracy_dos,Precision_scan,Recall_scan,F1_score_scan,Num_Obs_scan,AUC_scan,Accuracy_scan,Precision_w,Recall_w,F1_score_w,Total_Obs,AUC_w,Accuracy_w,Hyper_time,Training_time,Testing_time,Total_time
18.0,1.0,35.0,0.9299065420560748,0.9782303370786517,0.9534565366187542,1424.0,0.6568366875266676,0.9140328697850821,0.7105263157894737,0.38571428571428573,0.5,70.0,0.6892195767195766,0.965865992414665,0.0,0.0,0.0,88.0,0.5,0.9443742098609356,0.8684726662409062,0.8975979772439949,0.8803553148831263,1582.0,0.6495453940634291,0.9180141318019885,3903.3421638011932,40.274662256240845,1.156019926071167,1.156019926071167
