Rep,Kfold,Num_Vars_,Precision_background,Recall_background,F1_score_background,Num_Obs_background,AUC_background,Accuracy_background,Precision_dos,Recall_dos,F1_score_dos,Num_Obs_dos,AUC_dos,Accuracy_dos,Precision_scan,Recall_scan,F1_score_scan,Num_Obs_scan,AUC_scan,Accuracy_scan,Precision_w,Recall_w,F1_score_w,Total_Obs,AUC_w,Accuracy_w,Hyper_time,Training_time,Testing_time,Total_time
15.0,2.0,41.0,0.9863636363636363,0.9297343616109683,0.957212174680194,2334.0,0.7700619860002893,0.919535462463708,0.6,0.11538461538461539,0.1935483870967742,52.0,0.556844490820752,0.9792617171298217,1.0,0.28,0.43750000000000006,25.0,0.64,0.9925342181667358,0.9781720146299158,0.9054334301119867,0.935352646964996,2411.0,0.7641147195551033,0.9215805616487821,3898.0874869823456,50.59023332595825,2.006066083908081,2.006066083908081
