Rep,Kfold,Num_Vars_,Precision_background,Recall_background,F1_score_background,Num_Obs_background,AUC_background,Accuracy_background,Precision_dos,Recall_dos,F1_score_dos,Num_Obs_dos,AUC_dos,Accuracy_dos,Precision_scan,Recall_scan,F1_score_scan,Num_Obs_scan,AUC_scan,Accuracy_scan,Precision_w,Recall_w,F1_score_w,Total_Obs,AUC_w,Accuracy_w,Hyper_time,Training_time,Testing_time,Total_time
18.0,3.0,33.0,0.9655704008221994,0.9868697478991597,0.9761038961038961,3808.0,0.9778389707838443,0.9772951628825272,0.9132947976878613,0.04621234279028956,0.08797327394209355,3419.0,0.5215053176064576,0.5957551826258638,1.0,0.021664766248574687,0.04241071428571429,877.0,0.5108323831242874,0.8941263573543929,0.9472417324316057,0.48556268509378087,0.5003675291708077,8104.0,0.7347775767079661,0.8073267232297995,3644.373020887375,74.05754494667053,7.26249361038208,3772.3006579875946
