Rep,Kfold,Num_Vars_,Precision_background,Recall_background,F1_score_background,Num_Obs_background,AUC_background,Accuracy_background,Precision_dos,Recall_dos,F1_score_dos,Num_Obs_dos,AUC_dos,Accuracy_dos,Precision_scan,Recall_scan,F1_score_scan,Num_Obs_scan,AUC_scan,Accuracy_scan,Precision_w,Recall_w,F1_score_w,Total_Obs,AUC_w,Accuracy_w,Hyper_time,Training_time,Testing_time,Total_time
12.0,5.0,26.0,0.9638183217859893,0.9866036249014972,0.9750778816199376,3807.0,0.9768950170120706,0.9763079960513327,0.8050766283524904,0.9833284586136297,0.8853192890059249,3419.0,0.9047912303740507,0.8925222112537019,1.0,0.025056947608200455,0.048888888888888885,878.0,0.5125284738041003,0.8943731490621916,0.9007667008115036,0.8810463968410661,0.8368648308098229,8104.0,0.8961649242860109,0.9320826266190072,3597.027680158615,57.48705434799194,6.611966133117676,3711.8366463184357
