Rep,Kfold,Num_Vars_,Precision_background,Recall_background,F1_score_background,Num_Obs_background,AUC_background,Accuracy_background,Precision_dos,Recall_dos,F1_score_dos,Num_Obs_dos,AUC_dos,Accuracy_dos,Precision_scan,Recall_scan,F1_score_scan,Num_Obs_scan,AUC_scan,Accuracy_scan,Precision_w,Recall_w,F1_score_w,Total_Obs,AUC_w,Accuracy_w,Hyper_time,Training_time,Testing_time,Total_time
11.0,1.0,34.0,0.014313597918022121,0.4489795918367347,0.027742749054224466,49.0,0.5380512037450964,0.625,0.0,0.0,0.0,3298.0,0.5,0.19795719844357976,0.0,0.0,0.0,765.0,0.5,0.8139591439688716,0.0001705657339453025,0.005350194552529183,0.0003305920971928499,4112.0,0.5004534311730325,0.3176475159540644,3500.5628385543823,70.34566187858582,4.639458894729614,4.639458894729614
