Rep,Kfold,Num_Vars_,Precision_background,Recall_background,F1_score_background,Num_Obs_background,AUC_background,Accuracy_background,Precision_dos,Recall_dos,F1_score_dos,Num_Obs_dos,AUC_dos,Accuracy_dos,Precision_scan,Recall_scan,F1_score_scan,Num_Obs_scan,AUC_scan,Accuracy_scan,Precision_w,Recall_w,F1_score_w,Total_Obs,AUC_w,Accuracy_w,Hyper_time,Training_time,Testing_time,Total_time
14.0,1.0,34.0,0.9843379212149976,0.8882226980728052,0.9338135974786133,2335.0,0.7298256347506883,0.8781094527363185,0.4375,0.1346153846153846,0.2058823529411765,52.0,0.5654009126466754,0.9776119402985075,1.0,0.6,0.7499999999999999,25.0,0.8,0.9958540630182421,0.9727110472790296,0.8689883913764511,0.916215021751867,2412.0,0.7270081694031858,0.881475018495142,3923.9697608947754,57.17035412788391,1.9559910297393799,1.9559910297393799
