Rep,Kfold,Num_Vars_,Precision_background,Recall_background,F1_score_background,Num_Obs_background,AUC_background,Accuracy_background,Precision_dos,Recall_dos,F1_score_dos,Num_Obs_dos,AUC_dos,Accuracy_dos,Precision_scan,Recall_scan,F1_score_scan,Num_Obs_scan,AUC_scan,Accuracy_scan,Precision_w,Recall_w,F1_score_w,Total_Obs,AUC_w,Accuracy_w,Hyper_time,Training_time,Testing_time,Total_time
17.0,2.0,34.0,0.9195250659630607,0.9796205200281096,0.9486219802653965,1423.0,0.6061624612719164,0.904551201011378,0.5769230769230769,0.21428571428571427,0.31249999999999994,70.0,0.6035052910052909,0.9582806573957017,0.0,0.0,0.0,89.0,0.5,0.9437420986093552,0.8526351354298678,0.8906447534766119,0.8671075081653976,1582.0,0.6000724100886898,0.9091334082383834,3713.0203578472137,57.07761335372925,1.804551601409912,1.804551601409912
