Rep,Kfold,Num_Vars_,Precision_background,Recall_background,F1_score_background,Num_Obs_background,AUC_background,Accuracy_background,Precision_dos,Recall_dos,F1_score_dos,Num_Obs_dos,AUC_dos,Accuracy_dos,Precision_scan,Recall_scan,F1_score_scan,Num_Obs_scan,AUC_scan,Accuracy_scan,Precision_w,Recall_w,F1_score_w,Total_Obs,AUC_w,Accuracy_w,Hyper_time,Training_time,Testing_time,Total_time
10.0,5.0,61.0,0.9034920634920635,1.0,0.9492995330220146,1423.0,0.5220125786163522,0.9039190897597977,0.0,0.0,0.0,71.0,0.5,0.9551201011378002,0.0,0.0,0.0,88.0,0.5,0.9443742098609356,0.8126859711436196,0.8994943109987358,0.8538895293870586,1582.0,0.5198001892358212,0.9084673339928815,3750.395182609558,59.62366557121277,1.4735207557678223,1.4735207557678223
