Rep,Kfold,Num_Vars_,Precision_background,Recall_background,F1_score_background,Num_Obs_background,AUC_background,Accuracy_background,Precision_dos,Recall_dos,F1_score_dos,Num_Obs_dos,AUC_dos,Accuracy_dos,Precision_scan,Recall_scan,F1_score_scan,Num_Obs_scan,AUC_scan,Accuracy_scan,Precision_w,Recall_w,F1_score_w,Total_Obs,AUC_w,Accuracy_w,Hyper_time,Training_time,Testing_time,Total_time
16.0,5.0,26.0,0.9872340425531915,0.8942184154175589,0.9384269662921348,2335.0,0.7740322846318565,0.8864484044757563,0.25,0.32075471698113206,0.2809917355371901,53.0,0.6495722737448033,0.9639452963116453,1.0,0.36,0.5294117647058824,25.0,0.6799999999999999,0.9933692498963945,0.9711734311486541,0.8760878574388727,0.9197492011575852,2413.0,0.770324374274289,0.8892583325332855,3706.027670621872,63.24445343017578,2.4536619186401367,2.4536619186401367
