Rep,Kfold,Num_Vars_,Precision_background,Recall_background,F1_score_background,Num_Obs_background,AUC_background,Accuracy_background,Precision_dos,Recall_dos,F1_score_dos,Num_Obs_dos,AUC_dos,Accuracy_dos,Precision_scan,Recall_scan,F1_score_scan,Num_Obs_scan,AUC_scan,Accuracy_scan,Precision_w,Recall_w,F1_score_w,Total_Obs,AUC_w,Accuracy_w,Hyper_time,Training_time,Testing_time,Total_time
14.0,2.0,46.0,0.9894319682959049,0.9623126338329765,0.9756838905775076,2335.0,0.8253121610723324,0.9535655058043118,0.8888888888888888,0.3076923076923077,0.4571428571428572,52.0,0.6534224250325945,0.9842454394693201,1.0,0.4,0.5714285714285715,25.0,0.7,0.9937810945273632,0.9873739088694693,0.9423714759535655,0.9603146879583845,2412.0,0.8203075713953528,0.9546437588178512,3859.496922016144,68.93426990509033,2.66587233543396,2.66587233543396
