Rep,Kfold,Num_Vars_,Precision_background,Recall_background,F1_score_background,Num_Obs_background,AUC_background,Accuracy_background,Precision_dos,Recall_dos,F1_score_dos,Num_Obs_dos,AUC_dos,Accuracy_dos,Precision_scan,Recall_scan,F1_score_scan,Num_Obs_scan,AUC_scan,Accuracy_scan,Precision_w,Recall_w,F1_score_w,Total_Obs,AUC_w,Accuracy_w,Hyper_time,Training_time,Testing_time,Total_time
10.0,2.0,66.0,0.9927843803056027,0.614233193277311,0.7589227774172617,3808.0,0.805139392637725,0.8167016158875047,0.6144121365360303,0.14214682655747293,0.23087885985748216,3419.0,0.5385435497975078,0.6005920809177254,0.23769633507853402,0.25795454545454544,0.24741144414168936,880.0,0.5786105922236059,0.8296533859627483,0.751248401367896,0.37646478352041446,0.4807049252624091,8107.0,0.6681174941505995,0.7269667025539089,4319.378703117371,89.14587831497192,5.784656047821045,4444.46769618988
