Rep,Kfold,Num_Vars_,Precision_background,Recall_background,F1_score_background,Num_Obs_background,AUC_background,Accuracy_background,Precision_dos,Recall_dos,F1_score_dos,Num_Obs_dos,AUC_dos,Accuracy_dos,Precision_scan,Recall_scan,F1_score_scan,Num_Obs_scan,AUC_scan,Accuracy_scan,Precision_w,Recall_w,F1_score_w,Total_Obs,AUC_w,Accuracy_w,Hyper_time,Training_time,Testing_time,Total_time
10.0,1.0,30.0,0.9841269841269841,0.9027837259100643,0.9417020326111235,2335.0,0.7334431450063142,0.8918358889349358,0.35714285714285715,0.09433962264150944,0.1492537313432836,53.0,0.5452630316597378,0.9763779527559056,1.0,0.32,0.48484848484848486,25.0,0.66,0.9929548280149192,0.9705201323518772,0.8789888106092002,0.9195631603934435,2413.0,0.7285489781465851,0.894740448760676,3683.923172712326,69.6738646030426,2.3796193599700928,2.3796193599700928
