Rep,Kfold,Num_Vars_,Precision_background,Recall_background,F1_score_background,Num_Obs_background,AUC_background,Accuracy_background,Precision_dos,Recall_dos,F1_score_dos,Num_Obs_dos,AUC_dos,Accuracy_dos,Precision_scan,Recall_scan,F1_score_scan,Num_Obs_scan,AUC_scan,Accuracy_scan,Precision_w,Recall_w,F1_score_w,Total_Obs,AUC_w,Accuracy_w,Hyper_time,Training_time,Testing_time,Total_time
18.0,3.0,33.0,0.012168410805548795,1.0,0.024044241404183698,50.0,0.5003692762186116,0.012889105058365758,0.0,0.0,0.0,3297.0,0.5,0.19820038910505836,0.0,0.0,0.0,765.0,0.5,0.8139591439688716,0.0001479621936472373,0.012159533073929961,0.00029236674859172784,4112.0,0.5000044902263936,0.3105033762812457,3644.373020887375,74.05754494667053,3.69224214553833,3.69224214553833
