Rep,Kfold,Num_Vars_,Precision_background,Recall_background,F1_score_background,Num_Obs_background,AUC_background,Accuracy_background,Precision_dos,Recall_dos,F1_score_dos,Num_Obs_dos,AUC_dos,Accuracy_dos,Precision_scan,Recall_scan,F1_score_scan,Num_Obs_scan,AUC_scan,Accuracy_scan,Precision_w,Recall_w,F1_score_w,Total_Obs,AUC_w,Accuracy_w,Hyper_time,Training_time,Testing_time,Total_time
11.0,3.0,25.0,0.9243580846634282,0.9353932584269663,0.9298429319371728,1424.0,0.6249293336159989,0.8730259001895135,0.4069767441860465,0.49295774647887325,0.445859872611465,71.0,0.7296137938743572,0.9450410612760581,0.0,0.0,0.0,88.0,0.5,0.9444093493367025,0.8497670634225717,0.8635502210991788,0.8564449690675604,1583.0,0.622679690735478,0.8802241440063785,3382.667891740799,63.973273038864136,2.040921449661255,2.040921449661255
