Rep,Kfold,Num_Vars_,Precision_background,Recall_background,F1_score_background,Num_Obs_background,AUC_background,Accuracy_background,Precision_dos,Recall_dos,F1_score_dos,Num_Obs_dos,AUC_dos,Accuracy_dos,Precision_scan,Recall_scan,F1_score_scan,Num_Obs_scan,AUC_scan,Accuracy_scan,Precision_w,Recall_w,F1_score_w,Total_Obs,AUC_w,Accuracy_w,Hyper_time,Training_time,Testing_time,Total_time
15.0,5.0,50.0,0.9854700854700855,0.9875802997858673,0.986524064171123,2335.0,0.7730109291137128,0.9738805970149254,0.8888888888888888,0.15384615384615385,0.2622950819672132,52.0,0.5767112125162972,0.9813432835820896,1.0,0.32,0.48484848484848486,25.0,0.66,0.9929519071310116,0.9835385040608923,0.9626865671641791,0.9657107156812104,2412.0,0.7676075881141654,0.9742391552464322,3903.2627363204956,51.86731004714966,1.6474766731262207,1.6474766731262207
