Rep,Kfold,Num_Vars_,Precision_background,Recall_background,F1_score_background,Num_Obs_background,AUC_background,Accuracy_background,Precision_dos,Recall_dos,F1_score_dos,Num_Obs_dos,AUC_dos,Accuracy_dos,Precision_scan,Recall_scan,F1_score_scan,Num_Obs_scan,AUC_scan,Accuracy_scan,Precision_w,Recall_w,F1_score_w,Total_Obs,AUC_w,Accuracy_w,Hyper_time,Training_time,Testing_time,Total_time
16.0,5.0,26.0,0.9743243243243244,0.9466911764705882,0.9603090037293553,3808.0,0.962296507053624,0.9632416430245467,0.8056747734859323,0.9880116959064328,0.8875755187811926,3420.0,0.9070632407417806,0.8944122363389663,0.8620689655172413,0.02844141069397042,0.05506607929515418,879.0,0.5139440036314346,0.8941655359565808,0.8910069536250859,0.8645614900703096,0.8314750270301596,8107.0,0.8903833923016061,0.9267158666612276,3706.027670621872,63.24445343017578,8.656085968017578,3821.578113555908
