Rep,Kfold,Num_Vars_,Precision_background,Recall_background,F1_score_background,Num_Obs_background,AUC_background,Accuracy_background,Precision_dos,Recall_dos,F1_score_dos,Num_Obs_dos,AUC_dos,Accuracy_dos,Precision_scan,Recall_scan,F1_score_scan,Num_Obs_scan,AUC_scan,Accuracy_scan,Precision_w,Recall_w,F1_score_w,Total_Obs,AUC_w,Accuracy_w,Hyper_time,Training_time,Testing_time,Total_time
18.0,5.0,31.0,0.9835866261398176,0.6932305055698372,0.813269665745162,2334.0,0.6735383297079955,0.6919568822553898,0.1504424778761062,0.32075471698113206,0.20481927710843376,53.0,0.6400297535732282,0.945273631840796,1.0,0.4,0.5714285714285715,25.0,0.7,0.9937810945273632,0.9654496835562886,0.6820066334991708,0.7973932569741581,2412.0,0.6730763011931354,0.7006514896495961,3522.244829893112,75.49186110496521,3.5659589767456055,3.5659589767456055
