Rep,Kfold,Num_Vars_,Precision_background,Recall_background,F1_score_background,Num_Obs_background,AUC_background,Accuracy_background,Precision_dos,Recall_dos,F1_score_dos,Num_Obs_dos,AUC_dos,Accuracy_dos,Precision_scan,Recall_scan,F1_score_scan,Num_Obs_scan,AUC_scan,Accuracy_scan,Precision_w,Recall_w,F1_score_w,Total_Obs,AUC_w,Accuracy_w,Hyper_time,Training_time,Testing_time,Total_time
14.0,3.0,73.0,0.011933755479785679,1.0,0.02358604091456077,49.0,0.5007383706620724,0.013375486381322957,0.0,0.0,0.0,3298.0,0.5,0.19795719844357976,0.0,0.0,0.0,765.0,0.5,0.8139591439688716,0.00014220671656359394,0.011916342412451361,0.0002810593396919936,4112.0,0.5000087986776365,0.31035918882193525,4087.454372882843,29.43948268890381,3.0026657581329346,3.0026657581329346
