Rep,Kfold,Num_Vars_,Precision_background,Recall_background,F1_score_background,Num_Obs_background,AUC_background,Accuracy_background,Precision_dos,Recall_dos,F1_score_dos,Num_Obs_dos,AUC_dos,Accuracy_dos,Precision_scan,Recall_scan,F1_score_scan,Num_Obs_scan,AUC_scan,Accuracy_scan,Precision_w,Recall_w,F1_score_w,Total_Obs,AUC_w,Accuracy_w,Hyper_time,Training_time,Testing_time,Total_time
10.0,1.0,30.0,0.9012658227848102,1.0,0.9480692410119841,1424.0,0.5063291139240507,0.9013906447534766,0.0,0.0,0.0,70.0,0.5,0.9557522123893806,0.0,0.0,0.0,88.0,0.5,0.9443742098609356,0.8112531805597786,0.900126422250316,0.8533821739576899,1582.0,0.5056970026724704,0.9061870186245068,3683.923172712326,69.6738646030426,1.8312878608703613,1.8312878608703613
