Rep,Kfold,Num_Vars_,Precision_background,Recall_background,F1_score_background,Num_Obs_background,AUC_background,Accuracy_background,Precision_dos,Recall_dos,F1_score_dos,Num_Obs_dos,AUC_dos,Accuracy_dos,Precision_scan,Recall_scan,F1_score_scan,Num_Obs_scan,AUC_scan,Accuracy_scan,Precision_w,Recall_w,F1_score_w,Total_Obs,AUC_w,Accuracy_w,Hyper_time,Training_time,Testing_time,Total_time
11.0,5.0,36.0,0.9640749294328971,0.9866071428571429,0.9752109020116807,3808.0,0.9770169264774313,0.9764372070071552,0.8045977011494253,0.9827434922491957,0.8847926267281105,3419.0,0.9043224608675038,0.8920552677029361,0.88,0.02502844141069397,0.04867256637168142,879.0,0.5123066657032714,0.8939057488280286,0.8876926809166492,0.8807056501357019,0.83660156569018,8106.0,0.8959630531563322,0.9318964961484607,3795.0868339538574,44.146713733673096,7.075516939163208,3881.2466883659363
