Rep,Kfold,Num_Vars_,Precision_background,Recall_background,F1_score_background,Num_Obs_background,AUC_background,Accuracy_background,Precision_dos,Recall_dos,F1_score_dos,Num_Obs_dos,AUC_dos,Accuracy_dos,Precision_scan,Recall_scan,F1_score_scan,Num_Obs_scan,AUC_scan,Accuracy_scan,Precision_w,Recall_w,F1_score_w,Total_Obs,AUC_w,Accuracy_w,Hyper_time,Training_time,Testing_time,Total_time
1.0,5.0,98.0,0.9680165076089761,0.9858156028368794,0.9768349817803228,3807.0,0.9784858428234176,0.9780409573155687,0.8051391862955032,0.9894736842105263,0.8878394332939787,3420.0,0.9073488779567357,0.8945225758697262,1.0,0.02502844141069397,0.048834628190898996,879.0,0.512514220705347,0.8942758450530471,0.9027652185539099,0.883172958302492,0.8386562146166909,8106.0,0.8979433464397714,0.9337204048576934,5552.785260438919,55.283352851867676,2.339506149291992,5631.771734952927
