Rep,Kfold,Num_Vars_,Precision_background,Recall_background,F1_score_background,Num_Obs_background,AUC_background,Accuracy_background,Precision_dos,Recall_dos,F1_score_dos,Num_Obs_dos,AUC_dos,Accuracy_dos,Precision_scan,Recall_scan,F1_score_scan,Num_Obs_scan,AUC_scan,Accuracy_scan,Precision_w,Recall_w,F1_score_w,Total_Obs,AUC_w,Accuracy_w,Hyper_time,Training_time,Testing_time,Total_time
17.0,2.0,34.0,0.011948305291392344,1.0,0.023614457831325306,49.0,0.5013536795471327,0.014591439688715954,0.0,0.0,0.0,3297.0,0.5,0.19820038910505836,0.0,0.0,0.0,766.0,0.5,0.813715953307393,0.0001423800971007356,0.011916342412451361,0.00028139796540246594,4112.0,0.5000161309090004,0.3106731720957168,3713.0203578472137,57.07761335372925,3.9835150241851807,3.9835150241851807
