Rep,Kfold,Num_Vars_,Precision_background,Recall_background,F1_score_background,Num_Obs_background,AUC_background,Accuracy_background,Precision_dos,Recall_dos,F1_score_dos,Num_Obs_dos,AUC_dos,Accuracy_dos,Precision_scan,Recall_scan,F1_score_scan,Num_Obs_scan,AUC_scan,Accuracy_scan,Precision_w,Recall_w,F1_score_w,Total_Obs,AUC_w,Accuracy_w,Hyper_time,Training_time,Testing_time,Total_time
16.0,2.0,50.0,0.011995104039167686,1.0,0.023705853894533137,49.0,0.5033226679793257,0.01848249027237354,0.0,0.0,0.0,3298.0,0.5,0.19795719844357976,0.0,0.0,0.0,765.0,0.5,0.8139591439688716,0.00014293776700370053,0.011916342412451361,0.00028248707218680053,4112.0,0.5000395940493646,0.3104200456290027,3824.3981959819794,66.5694317817688,2.647637367248535,2.647637367248535
