Rep,Kfold,Num_Vars_,Precision_background,Recall_background,F1_score_background,Num_Obs_background,AUC_background,Accuracy_background,Precision_dos,Recall_dos,F1_score_dos,Num_Obs_dos,AUC_dos,Accuracy_dos,Precision_scan,Recall_scan,F1_score_scan,Num_Obs_scan,AUC_scan,Accuracy_scan,Precision_w,Recall_w,F1_score_w,Total_Obs,AUC_w,Accuracy_w,Hyper_time,Training_time,Testing_time,Total_time
12.0,2.0,50.0,0.9898275099513489,0.9584582441113491,0.9738903394255876,2335.0,0.831793224619777,0.950269374222959,0.8235294117647058,0.2641509433962264,0.4,53.0,0.6314398784777743,0.9825942809780357,1.0,0.28,0.43750000000000006,25.0,0.64,0.9925404061334439,0.9862802712639575,0.9361790302527974,0.9557279082298991,2413.0,0.8254055089293416,0.9514173211171908,3849.0710709095,66.23775887489319,2.082348108291626,2.082348108291626
