Rep,Kfold,Num_Vars_,Precision_background,Recall_background,F1_score_background,Num_Obs_background,AUC_background,Accuracy_background,Precision_dos,Recall_dos,F1_score_dos,Num_Obs_dos,AUC_dos,Accuracy_dos,Precision_scan,Recall_scan,F1_score_scan,Num_Obs_scan,AUC_scan,Accuracy_scan,Precision_w,Recall_w,F1_score_w,Total_Obs,AUC_w,Accuracy_w,Hyper_time,Training_time,Testing_time,Total_time
18.0,5.0,31.0,0.013176338659938324,0.9591836734693877,0.02599557522123894,49.0,0.5464143816522424,0.14348249027237353,0.0,0.0,0.0,3297.0,0.5,0.19820038910505836,0.0,0.0,0.0,766.0,0.5,0.813715953307393,0.00015701376321424558,0.011429961089494163,0.00030977217554491925,4112.0,0.5005530896646303,0.3122090819883723,3522.244829893112,75.49186110496521,5.321471214294434,5.321471214294434
