Rep,Kfold,Num_Vars_,Precision_background,Recall_background,F1_score_background,Num_Obs_background,AUC_background,Accuracy_background,Precision_dos,Recall_dos,F1_score_dos,Num_Obs_dos,AUC_dos,Accuracy_dos,Precision_scan,Recall_scan,F1_score_scan,Num_Obs_scan,AUC_scan,Accuracy_scan,Precision_w,Recall_w,F1_score_w,Total_Obs,AUC_w,Accuracy_w,Hyper_time,Training_time,Testing_time,Total_time
17.0,1.0,40.0,0.9901389511429852,0.9460385438972163,0.967586508979413,2335.0,0.8301621290914653,0.9386401326699834,0.8888888888888888,0.15384615384615385,0.2622950819672132,52.0,0.5767112125162972,0.9813432835820896,1.0,0.48,0.6486486486486487,25.0,0.74,0.9946102819237148,0.9880583221977995,0.9241293532338308,0.9490754804914763,2412.0,0.8237634968820144,0.9401408862266883,3637.237569332123,80.7906563282013,2.3977484703063965,2.3977484703063965
