Rep,Kfold,Num_Vars_,Precision_background,Recall_background,F1_score_background,Num_Obs_background,AUC_background,Accuracy_background,Precision_dos,Recall_dos,F1_score_dos,Num_Obs_dos,AUC_dos,Accuracy_dos,Precision_scan,Recall_scan,F1_score_scan,Num_Obs_scan,AUC_scan,Accuracy_scan,Precision_w,Recall_w,F1_score_w,Total_Obs,AUC_w,Accuracy_w,Hyper_time,Training_time,Testing_time,Total_time
16.0,3.0,47.0,0.924802110817942,0.9845505617977528,0.9537414965986394,1424.0,0.6337847148611406,0.914087176247631,1.0,0.4,0.5714285714285715,70.0,0.7,0.9734680985470625,0.0,0.0,0.0,89.0,0.5,0.9437776373973468,0.876132789516582,0.903348073278585,0.8832140815896794,1583.0,0.629191051144829,0.9183822587512854,3959.1368503570557,40.68879294395447,1.0327370166778564,1.0327370166778564
