Rep,Kfold,Num_Vars_,Precision_background,Recall_background,F1_score_background,Num_Obs_background,AUC_background,Accuracy_background,Precision_dos,Recall_dos,F1_score_dos,Num_Obs_dos,AUC_dos,Accuracy_dos,Precision_scan,Recall_scan,F1_score_scan,Num_Obs_scan,AUC_scan,Accuracy_scan,Precision_w,Recall_w,F1_score_w,Total_Obs,AUC_w,Accuracy_w,Hyper_time,Training_time,Testing_time,Total_time
14.0,2.0,46.0,0.9640841457157516,0.9871289729445758,0.9754704737183647,3807.0,0.9772778415211478,0.9766810610734115,0.8050766283524904,0.9833284586136297,0.8853192890059249,3419.0,0.904809769212918,0.8925354719309069,1.0,0.02502844141069397,0.048834628190898996,879.0,0.512514220705347,0.8942628007402837,0.9009038044512068,0.8811844540407157,0.8369461296405765,8105.0,0.8963036821233777,0.9322468328055469,3859.496922016144,68.93426990509033,6.387024641036987,3984.192482471466
