Rep,Kfold,Num_Vars_,Precision_background,Recall_background,F1_score_background,Num_Obs_background,AUC_background,Accuracy_background,Precision_dos,Recall_dos,F1_score_dos,Num_Obs_dos,AUC_dos,Accuracy_dos,Precision_scan,Recall_scan,F1_score_scan,Num_Obs_scan,AUC_scan,Accuracy_scan,Precision_w,Recall_w,F1_score_w,Total_Obs,AUC_w,Accuracy_w,Hyper_time,Training_time,Testing_time,Total_time
17.0,3.0,85.0,0.9952203929899097,0.8029134532990574,0.8887834953758595,2334.0,0.8430151682079703,0.805474906677727,0.06466165413533835,0.8113207547169812,0.11977715877437327,53.0,0.7737689439403395,0.7378681045209456,1.0,0.875,0.9333333333333333,24.0,0.9375,0.9987557030277893,0.9748118892192544,0.8038158440481128,0.8723222180100779,2411.0,0.8424334950751724,0.8059127244289058,4261.081032752991,37.86745810508728,0.7120764255523682,0.7120764255523682
