Rep,Kfold,Num_Vars_,Precision_background,Recall_background,F1_score_background,Num_Obs_background,AUC_background,Accuracy_background,Precision_dos,Recall_dos,F1_score_dos,Num_Obs_dos,AUC_dos,Accuracy_dos,Precision_scan,Recall_scan,F1_score_scan,Num_Obs_scan,AUC_scan,Accuracy_scan,Precision_w,Recall_w,F1_score_w,Total_Obs,AUC_w,Accuracy_w,Hyper_time,Training_time,Testing_time,Total_time
16.0,3.0,47.0,0.992942453854506,0.7832976445396146,0.8757481446013886,2335.0,0.807233237854223,0.7848258706467661,0.75,0.23076923076923078,0.3529411764705882,52.0,0.6145371577574968,0.9817578772802653,1.0,0.36,0.5294117647058824,25.0,0.6799999999999999,0.9933665008291874,0.9877780388682718,0.7669983416252073,0.8608872939213764,2412.0,0.8017601752043949,0.7912329934077539,3959.1368503570557,40.68879294395447,1.332216739654541,1.332216739654541
