Rep,Kfold,Num_Vars_,Precision_background,Recall_background,F1_score_background,Num_Obs_background,AUC_background,Accuracy_background,Precision_dos,Recall_dos,F1_score_dos,Num_Obs_dos,AUC_dos,Accuracy_dos,Precision_scan,Recall_scan,F1_score_scan,Num_Obs_scan,AUC_scan,Accuracy_scan,Precision_w,Recall_w,F1_score_w,Total_Obs,AUC_w,Accuracy_w,Hyper_time,Training_time,Testing_time,Total_time
12.0,4.0,67.0,0.9311797752808989,0.9311797752808989,0.9311797752808989,1424.0,0.6554633053619685,0.8761061946902655,0.9069767441860465,0.5571428571428572,0.6902654867256637,70.0,0.7772486772486772,0.9778761061946902,0.0,0.0,0.0,88.0,0.5,0.9443742098609356,0.878311233939964,0.8628318584070797,0.8687222402470269,1582.0,0.6522042694329018,0.8844067504047591,4105.212975263596,65.36413836479187,1.059943437576294,1.059943437576294
