Rep,Kfold,Num_Vars_,Precision_background,Recall_background,F1_score_background,Num_Obs_background,AUC_background,Accuracy_background,Precision_dos,Recall_dos,F1_score_dos,Num_Obs_dos,AUC_dos,Accuracy_dos,Precision_scan,Recall_scan,F1_score_scan,Num_Obs_scan,AUC_scan,Accuracy_scan,Precision_w,Recall_w,F1_score_w,Total_Obs,AUC_w,Accuracy_w,Hyper_time,Training_time,Testing_time,Total_time
17.0,1.0,40.0,0.9291803278688524,0.9950842696629213,0.9610037300779924,1424.0,0.6557699829327265,0.927307206068268,0.0,0.0,0.0,70.0,0.4990079365079365,0.9538558786346397,0.0,0.0,0.0,88.0,0.5,0.9443742098609356,0.8363797641499657,0.8957016434892541,0.8650248493243117,1582.0,0.6401687808165348,0.9294312916646023,3637.237569332123,80.7906563282013,1.591944694519043,1.591944694519043
