Rep,Kfold,Num_Vars_,Precision_background,Recall_background,F1_score_background,Num_Obs_background,AUC_background,Accuracy_background,Precision_dos,Recall_dos,F1_score_dos,Num_Obs_dos,AUC_dos,Accuracy_dos,Precision_scan,Recall_scan,F1_score_scan,Num_Obs_scan,AUC_scan,Accuracy_scan,Precision_w,Recall_w,F1_score_w,Total_Obs,AUC_w,Accuracy_w,Hyper_time,Training_time,Testing_time,Total_time
11.0,5.0,36.0,0.9852801519468186,0.8886509635974305,0.9344742175185768,2335.0,0.7430267805000139,0.8793532338308457,0.42857142857142855,0.28846153846153844,0.3448275862068965,52.0,0.639993481095176,0.9763681592039801,1.0,0.36,0.5294117647058824,25.0,0.6799999999999999,0.9933665008291874,0.9734307085744343,0.8702321724709784,0.9175636925813775,2412.0,0.7401522361046773,0.8826264957688066,3795.0868339538574,44.146713733673096,1.5342566967010498,1.5342566967010498
