Rep,Kfold,Num_Vars_,Precision_background,Recall_background,F1_score_background,Num_Obs_background,AUC_background,Accuracy_background,Precision_dos,Recall_dos,F1_score_dos,Num_Obs_dos,AUC_dos,Accuracy_dos,Precision_scan,Recall_scan,F1_score_scan,Num_Obs_scan,AUC_scan,Accuracy_scan,Precision_w,Recall_w,F1_score_w,Total_Obs,AUC_w,Accuracy_w,Hyper_time,Training_time,Testing_time,Total_time
19.0,2.0,47.0,0.9611752360965372,0.9621848739495799,0.9616797900262467,3808.0,0.9638831346492086,0.9639861864824865,0.8063507337021891,0.9798304589301374,0.8846661388229085,3421.0,0.9040394027102149,0.8922052294030587,0.9259259259259259,0.02844141069397042,0.05518763796909492,879.0,0.514082373627522,0.8944252590034534,0.8920288662974458,0.8684015786877158,0.8309113758149916,8108.0,0.8898697804433181,0.9261585212848062,3742.553218126297,74.69898915290833,6.914873361587524,3875.990773677826
