Rep,Kfold,Num_Vars_,Precision_background,Recall_background,F1_score_background,Num_Obs_background,AUC_background,Accuracy_background,Precision_dos,Recall_dos,F1_score_dos,Num_Obs_dos,AUC_dos,Accuracy_dos,Precision_scan,Recall_scan,F1_score_scan,Num_Obs_scan,AUC_scan,Accuracy_scan,Precision_w,Recall_w,F1_score_w,Total_Obs,AUC_w,Accuracy_w,Hyper_time,Training_time,Testing_time,Total_time
1.0,4.0,40.0,0.9694697375468666,0.9508799579721565,0.9600848693807187,3807.0,0.9621779966687214,0.962862430598396,0.6575875486381323,0.049429657794676805,0.09194776931447225,3419.0,0.5153251575358361,0.5881554595928439,1.0,0.02502844141069397,0.048834628190898996,879.0,0.512514220705347,0.8942628007402837,0.84121691790681,0.47020357803824797,0.4950448068104105,8105.0,0.7249115788936269,0.7973569144338972,4161.4302389621735,39.03893184661865,5.551868438720703,4244.506484270096
