Rep,Kfold,Num_Vars_,Precision_background,Recall_background,F1_score_background,Num_Obs_background,AUC_background,Accuracy_background,Precision_dos,Recall_dos,F1_score_dos,Num_Obs_dos,AUC_dos,Accuracy_dos,Precision_scan,Recall_scan,F1_score_scan,Num_Obs_scan,AUC_scan,Accuracy_scan,Precision_w,Recall_w,F1_score_w,Total_Obs,AUC_w,Accuracy_w,Hyper_time,Training_time,Testing_time,Total_time
18.0,4.0,43.0,0.9263157894736842,0.9894588896697118,0.9568467550118926,1423.0,0.6402990650880205,0.9196710942441493,0.8148148148148148,0.3142857142857143,0.45360824742268047,70.0,0.655488323721282,0.9664769133459835,0.0,0.0,0.0,88.0,0.5,0.9443390259329538,0.8698193582910116,0.9044908285895004,0.8813064577492161,1581.0,0.6331623986595464,0.9231164992572696,3975.930415391922,20.245651483535767,0.996614933013916,0.996614933013916
