Rep,Kfold,Num_Vars_,Precision_background,Recall_background,F1_score_background,Num_Obs_background,AUC_background,Accuracy_background,Precision_dos,Recall_dos,F1_score_dos,Num_Obs_dos,AUC_dos,Accuracy_dos,Precision_scan,Recall_scan,F1_score_scan,Num_Obs_scan,AUC_scan,Accuracy_scan,Precision_w,Recall_w,F1_score_w,Total_Obs,AUC_w,Accuracy_w,Hyper_time,Training_time,Testing_time,Total_time
13.0,5.0,58.0,0.9915700737618546,0.8059957173447537,0.8892038743208127,2335.0,0.79773470077764,0.805474906677727,0.35135135135135137,0.25,0.2921348314606742,52.0,0.6199130987706656,0.9738697635835752,1.0,0.2916666666666667,0.45161290322580644,24.0,0.6458333333333334,0.9929489838241393,0.9778458699727087,0.7888842803815844,0.8719704551855962,2411.0,0.7923873942147922,0.8109730030736698,3860.374636888504,69.68307614326477,2.2022488117218018,2.2022488117218018
