Rep,Kfold,Num_Vars_,Precision_background,Recall_background,F1_score_background,Num_Obs_background,AUC_background,Accuracy_background,Precision_dos,Recall_dos,F1_score_dos,Num_Obs_dos,AUC_dos,Accuracy_dos,Precision_scan,Recall_scan,F1_score_scan,Num_Obs_scan,AUC_scan,Accuracy_scan,Precision_w,Recall_w,F1_score_w,Total_Obs,AUC_w,Accuracy_w,Hyper_time,Training_time,Testing_time,Total_time
12.0,1.0,25.0,0.9967585089141004,0.6458388028353899,0.7838139238489724,3809.0,0.8219891688595554,0.8326550746084598,0.8048722235490805,0.9850920783396667,0.8859095688748686,3421.0,0.9054086671561814,0.8929584412381305,0.6382978723404256,0.034129692832764506,0.06479481641468683,879.0,0.5158891894315967,0.8932050807744482,0.8769496691333637,0.7226538414107782,0.7489454328141781,8109.0,0.8240012815436819,0.8646591777851779,3667.686604499817,63.852999448776245,7.1060240268707275,3786.4706931114197
