Rep,Kfold,Num_Vars_,Precision_background,Recall_background,F1_score_background,Num_Obs_background,AUC_background,Accuracy_background,Precision_dos,Recall_dos,F1_score_dos,Num_Obs_dos,AUC_dos,Accuracy_dos,Precision_scan,Recall_scan,F1_score_scan,Num_Obs_scan,AUC_scan,Accuracy_scan,Precision_w,Recall_w,F1_score_w,Total_Obs,AUC_w,Accuracy_w,Hyper_time,Training_time,Testing_time,Total_time
16.0,1.0,29.0,0.9658009771149396,0.9866036249014972,0.9760914760914762,3807.0,0.9778294997471656,0.9772979642196176,0.8048838879578645,0.9830409356725146,0.8850862182440437,3420.0,0.9045407453175807,0.8922887106724244,0.9473684210526315,0.02050113895216401,0.04013377926421405,878.0,0.5101813844753902,0.893769278223319,0.8959033547657843,0.8804441702652683,0.8363001325192917,8105.0,0.8962449734846364,0.9323787990825231,3513.5154151916504,81.95303845405579,10.581161260604858,3669.1541237831116
