Rep,Kfold,Num_Vars_,Precision_background,Recall_background,F1_score_background,Num_Obs_background,AUC_background,Accuracy_background,Precision_dos,Recall_dos,F1_score_dos,Num_Obs_dos,AUC_dos,Accuracy_dos,Precision_scan,Recall_scan,F1_score_scan,Num_Obs_scan,AUC_scan,Accuracy_scan,Precision_w,Recall_w,F1_score_w,Total_Obs,AUC_w,Accuracy_w,Hyper_time,Training_time,Testing_time,Total_time
1.0,4.0,40.0,0.010804970286331712,0.8163265306122449,0.021327645961077047,49.0,0.45751103788795855,0.10724708171206225,0.0,0.0,0.0,3297.0,0.5,0.19820038910505836,0.0,0.0,0.0,766.0,0.5,0.813715953307393,0.00012875572568829134,0.009727626459143969,0.0002541475321237294,4112.0,0.4994936869787232,0.31177728845251246,4161.4302389621735,39.03893184661865,3.5785927772521973,3.5785927772521973
