Rep,Kfold,Num_Vars_,Precision_background,Recall_background,F1_score_background,Num_Obs_background,AUC_background,Accuracy_background,Precision_dos,Recall_dos,F1_score_dos,Num_Obs_dos,AUC_dos,Accuracy_dos,Precision_scan,Recall_scan,F1_score_scan,Num_Obs_scan,AUC_scan,Accuracy_scan,Precision_w,Recall_w,F1_score_w,Total_Obs,AUC_w,Accuracy_w,Hyper_time,Training_time,Testing_time,Total_time
14.0,3.0,73.0,0.9900136177939174,0.9344473007712082,0.9614282565571964,2334.0,0.8224868082803409,0.9273858921161826,0.6470588235294118,0.21153846153846154,0.31884057971014496,52.0,0.6044969661381875,0.9804979253112033,1.0,0.375,0.5454545454545454,24.0,0.6875,0.9937759336099585,0.9827132127612167,0.9132780082987552,0.9434208174441215,2410.0,0.8164390260437766,0.9291930235360963,4087.454372882843,29.43948268890381,1.6511971950531006,1.6511971950531006
