Rep,Kfold,Num_Vars_,Precision_background,Recall_background,F1_score_background,Num_Obs_background,AUC_background,Accuracy_background,Precision_dos,Recall_dos,F1_score_dos,Num_Obs_dos,AUC_dos,Accuracy_dos,Precision_scan,Recall_scan,F1_score_scan,Num_Obs_scan,AUC_scan,Accuracy_scan,Precision_w,Recall_w,F1_score_w,Total_Obs,AUC_w,Accuracy_w,Hyper_time,Training_time,Testing_time,Total_time
11.0,1.0,34.0,0.991062039957939,0.8076263924592973,0.8899905571293673,2334.0,0.7934235858400384,0.8067192036499378,0.46511627906976744,0.38461538461538464,0.4210526315789474,52.0,0.6874327452962468,0.9771878888428038,1.0,0.16,0.2758620689655173,25.0,0.58,0.9912899211945251,0.9798112184875394,0.7917876399834094,0.8735086059337149,2411.0,0.7889245757387202,0.8123096804515321,3500.5628385543823,70.34566187858582,2.4015979766845703,2.4015979766845703
