Rep,Kfold,Num_Vars_,Precision_background,Recall_background,F1_score_background,Num_Obs_background,AUC_background,Accuracy_background,Precision_dos,Recall_dos,F1_score_dos,Num_Obs_dos,AUC_dos,Accuracy_dos,Precision_scan,Recall_scan,F1_score_scan,Num_Obs_scan,AUC_scan,Accuracy_scan,Precision_w,Recall_w,F1_score_w,Total_Obs,AUC_w,Accuracy_w,Hyper_time,Training_time,Testing_time,Total_time
19.0,1.0,64.0,0.9567099567099567,0.9868662989230366,0.9715541763641067,3807.0,0.973651906734034,0.972852912142152,0.8037225042301185,0.9725065808715999,0.8800952885124406,3419.0,0.8995937386748607,0.888203356367226,1.0,0.022779043280182234,0.044543429844098,878.0,0.5113895216400911,0.8941263573543929,0.8968561262534033,0.8763573543928924,0.8325347571872292,8104.0,0.8923252469725834,0.9286107173867073,3912.6776542663574,35.70849585533142,2.925267457962036,3984.499682188034
