Rep,Kfold,Num_Vars_,Precision_background,Recall_background,F1_score_background,Num_Obs_background,AUC_background,Accuracy_background,Precision_dos,Recall_dos,F1_score_dos,Num_Obs_dos,AUC_dos,Accuracy_dos,Precision_scan,Recall_scan,F1_score_scan,Num_Obs_scan,AUC_scan,Accuracy_scan,Precision_w,Recall_w,F1_score_w,Total_Obs,AUC_w,Accuracy_w,Hyper_time,Training_time,Testing_time,Total_time
11.0,2.0,29.0,0.9740366220278764,0.9359243697478992,0.9546002410606669,3808.0,0.9569131036922794,0.958184285185642,0.8055820610687023,0.9874269005847953,0.8872832369942196,3420.0,0.9067708430809618,0.8941655359565808,0.12104283054003724,0.07394766780432309,0.09180790960451977,879.0,0.5043230314671865,0.8413716541260639,0.8104870795092892,0.8641914394967313,0.8326539460986337,8107.0,0.8866882110345068,0.9185120975620131,3139.634279489517,75.58227682113647,10.177366256713867,3286.0899970531464
