Rep,Kfold,Num_Vars_,Precision_background,Recall_background,F1_score_background,Num_Obs_background,AUC_background,Accuracy_background,Precision_dos,Recall_dos,F1_score_dos,Num_Obs_dos,AUC_dos,Accuracy_dos,Precision_scan,Recall_scan,F1_score_scan,Num_Obs_scan,AUC_scan,Accuracy_scan,Precision_w,Recall_w,F1_score_w,Total_Obs,AUC_w,Accuracy_w,Hyper_time,Training_time,Testing_time,Total_time
16.0,2.0,50.0,1.0,0.9870658525375878,0.993490830992896,15231.0,0.993532926268794,0.9939244410177333,0.8130455578141815,0.9942243017985085,0.8945533482436521,13678.0,0.9137121402308807,0.9011256746337702,0.8796992481203008,0.16638225255972697,0.27983735948337723,3516.0,0.5818074741300139,0.9071395528141866,0.9080912782166031,0.901094834232845,0.8743706306884511,32425.0,0.915216337181777,0.9453681667379024,3824.3981959819794,66.5694317817688,3.912287950515747,3926.6056525707245
