Rep,Kfold,Num_Vars_,Precision_background,Recall_background,F1_score_background,Num_Obs_background,AUC_background,Accuracy_background,Precision_dos,Recall_dos,F1_score_dos,Num_Obs_dos,AUC_dos,Accuracy_dos,Precision_scan,Recall_scan,F1_score_scan,Num_Obs_scan,AUC_scan,Accuracy_scan,Precision_w,Recall_w,F1_score_w,Total_Obs,AUC_w,Accuracy_w,Hyper_time,Training_time,Testing_time,Total_time
11.0,3.0,25.0,0.9898631525595539,0.8364025695931477,0.9066852367688022,2335.0,0.7866223374281529,0.833264205723766,0.10344827586206896,0.28846153846153844,0.15228426395939085,52.0,0.6166767209052074,0.9307341352136043,1.0,0.5416666666666666,0.7027027027027027,24.0,0.7708333333333333,0.9954375777685608,0.9708460271967589,0.8216507673164662,0.8883839379700981,2411.0,0.782799812269518,0.8369807537380948,3382.667891740799,63.973273038864136,2.5285089015960693,2.5285089015960693
