Rep,Kfold,Num_Vars_,Precision_background,Recall_background,F1_score_background,Num_Obs_background,AUC_background,Accuracy_background,Precision_dos,Recall_dos,F1_score_dos,Num_Obs_dos,AUC_dos,Accuracy_dos,Precision_scan,Recall_scan,F1_score_scan,Num_Obs_scan,AUC_scan,Accuracy_scan,Precision_w,Recall_w,F1_score_w,Total_Obs,AUC_w,Accuracy_w,Hyper_time,Training_time,Testing_time,Total_time
19.0,3.0,36.0,0.987,0.8453961456102784,0.9107266435986159,2335.0,0.7538669039739704,0.8395522388059702,0.5,0.19230769230769232,0.2777777777777778,52.0,0.5940352020860495,0.978441127694859,1.0,0.36,0.5294117647058824,25.0,0.6799999999999999,0.9933665008291874,0.9766355721393035,0.826285240464345,0.8931287111794607,2412.0,0.7496554939003712,0.8441407872192384,1395.7183201313019,18.065024852752686,1.0230498313903809,1.0230498313903809
