Rep,Kfold,Num_Vars_,Precision_background,Recall_background,F1_score_background,Num_Obs_background,AUC_background,Accuracy_background,Precision_dos,Recall_dos,F1_score_dos,Num_Obs_dos,AUC_dos,Accuracy_dos,Precision_scan,Recall_scan,F1_score_scan,Num_Obs_scan,AUC_scan,Accuracy_scan,Precision_w,Recall_w,F1_score_w,Total_Obs,AUC_w,Accuracy_w,Hyper_time,Training_time,Testing_time,Total_time
16.0,1.0,29.0,0.9201923076923076,0.6720505617977528,0.7767857142857142,1424.0,0.5750189915907004,0.6525584333543903,0.4626865671641791,0.43661971830985913,0.4492753623188406,71.0,0.7064050972501675,0.9519898926089703,0.0,0.0,0.0,88.0,0.5,0.9444093493367025,0.8485183780306397,0.624131396083386,0.7189143448310138,1583.0,0.5767415072204164,0.6822125800464425,3513.5154151916504,81.95303845405579,2.503114938735962,2.503114938735962
