Rep,Kfold,Num_Vars_,Precision_background,Recall_background,F1_score_background,Num_Obs_background,AUC_background,Accuracy_background,Precision_dos,Recall_dos,F1_score_dos,Num_Obs_dos,AUC_dos,Accuracy_dos,Precision_scan,Recall_scan,F1_score_scan,Num_Obs_scan,AUC_scan,Accuracy_scan,Precision_w,Recall_w,F1_score_w,Total_Obs,AUC_w,Accuracy_w,Hyper_time,Training_time,Testing_time,Total_time
13.0,2.0,28.0,0.9866468842729971,0.854389721627409,0.9157677300895112,2335.0,0.7518701854890292,0.8478441127694859,0.19753086419753085,0.3076923076923077,0.2406015037593985,52.0,0.6400749674054759,0.9581260364842454,1.0,0.24,0.3870967741935484,25.0,0.62,0.99212271973466,0.9697728357030346,0.8362354892205639,0.8957323164632403,2412.0,0.7480931929610148,0.8517170917111512,3215.2885603904724,83.52936005592346,3.5254344940185547,3.5254344940185547
