Rep,Kfold,Num_Vars_,Precision_background,Recall_background,F1_score_background,Num_Obs_background,AUC_background,Accuracy_background,Precision_dos,Recall_dos,F1_score_dos,Num_Obs_dos,AUC_dos,Accuracy_dos,Precision_scan,Recall_scan,F1_score_scan,Num_Obs_scan,AUC_scan,Accuracy_scan,Precision_w,Recall_w,F1_score_w,Total_Obs,AUC_w,Accuracy_w,Hyper_time,Training_time,Testing_time,Total_time
18.0,4.0,43.0,0.9904716531681753,0.8903640256959314,0.9377537212449256,2335.0,0.8153118829778359,0.8855721393034826,0.7083333333333334,0.3269230769230769,0.4473684210526316,52.0,0.6619784876140807,0.9825870646766169,1.0,0.28,0.43750000000000006,25.0,0.64,0.9925373134328358,0.9844878289722316,0.8718905472636815,0.9219965161698332,2412.0,0.8101891078396265,0.8887723488692524,3975.930415391922,20.245651483535767,1.3232951164245605,1.3232951164245605
