Rep,Kfold,Num_Vars_,Precision_background,Recall_background,F1_score_background,Num_Obs_background,AUC_background,Accuracy_background,Precision_dos,Recall_dos,F1_score_dos,Num_Obs_dos,AUC_dos,Accuracy_dos,Precision_scan,Recall_scan,F1_score_scan,Num_Obs_scan,AUC_scan,Accuracy_scan,Precision_w,Recall_w,F1_score_w,Total_Obs,AUC_w,Accuracy_w,Hyper_time,Training_time,Testing_time,Total_time
16.0,4.0,72.0,0.9902313624678664,0.8248394004282655,0.9,2335.0,0.7890430768375094,0.8225538971807629,0.15760869565217392,0.5576923076923077,0.24576271186440676,52.0,0.7460071707953063,0.9262023217247097,0.23076923076923078,0.72,0.3495145631067961,25.0,0.847431922915794,0.9722222222222222,0.9644092513704858,0.8179933665008292,0.8801896870209865,2412.0,0.7887204624253048,0.8263397289396028,4152.454391956329,58.28824782371521,1.119556188583374,1.119556188583374
