Rep,Kfold,Num_Vars_,Precision_background,Recall_background,F1_score_background,Num_Obs_background,AUC_background,Accuracy_background,Precision_dos,Recall_dos,F1_score_dos,Num_Obs_dos,AUC_dos,Accuracy_dos,Precision_scan,Recall_scan,F1_score_scan,Num_Obs_scan,AUC_scan,Accuracy_scan,Precision_w,Recall_w,F1_score_w,Total_Obs,AUC_w,Accuracy_w,Hyper_time,Training_time,Testing_time,Total_time
11.0,2.0,29.0,0.01614310645724258,0.7551020408163265,0.031610422896198205,49.0,0.6000467132459678,0.4486867704280156,0.0,0.0,0.0,3297.0,0.5,0.19820038910505836,0.0,0.0,0.0,766.0,0.5,0.813715953307393,0.00019236678414515722,0.00899805447470817,0.0003766806230334903,4112.0,0.5011921908922793,0.31584600069645263,3139.634279489517,75.58227682113647,5.38463568687439,5.38463568687439
