Rep,Kfold,Num_Vars_,Precision_background,Recall_background,F1_score_background,Num_Obs_background,AUC_background,Accuracy_background,Precision_dos,Recall_dos,F1_score_dos,Num_Obs_dos,AUC_dos,Accuracy_dos,Precision_scan,Recall_scan,F1_score_scan,Num_Obs_scan,AUC_scan,Accuracy_scan,Precision_w,Recall_w,F1_score_w,Total_Obs,AUC_w,Accuracy_w,Hyper_time,Training_time,Testing_time,Total_time
1.0,2.0,64.0,0.9847826086956522,0.9700214132762313,0.9773462783171522,2335.0,0.7606517322791413,0.9564857024450891,0.5714285714285714,0.1509433962264151,0.23880597014925373,53.0,0.5742005116725296,0.9788644840447576,1.0,0.24,0.3870967741935484,25.0,0.62,0.9921259842519685,0.975861212428538,0.9444674678823042,0.9550094055711974,2413.0,0.7550992217117444,0.957346490870267,5064.430722951889,128.26699829101562,1.4439115524291992,1.4439115524291992
