Rep,Kfold,Num_Vars_,Precision_background,Recall_background,F1_score_background,Num_Obs_background,AUC_background,Accuracy_background,Precision_dos,Recall_dos,F1_score_dos,Num_Obs_dos,AUC_dos,Accuracy_dos,Precision_scan,Recall_scan,F1_score_scan,Num_Obs_scan,AUC_scan,Accuracy_scan,Precision_w,Recall_w,F1_score_w,Total_Obs,AUC_w,Accuracy_w,Hyper_time,Training_time,Testing_time,Total_time
17.0,1.0,40.0,0.01173881144534116,0.9795918367346939,0.023199613339777672,49.0,0.49250327746161227,0.017023346303501944,0.0,0.0,0.0,3297.0,0.5,0.19820038910505836,0.0,0.0,0.0,766.0,0.5,0.813715953307393,0.00013988369669788833,0.011673151750972763,0.00027645453639326507,4112.0,0.49991066648726146,0.31070215152765374,3637.237569332123,80.7906563282013,3.5500717163085938,3.5500717163085938
