Rep,Kfold,Num_Vars_,Precision_background,Recall_background,F1_score_background,Num_Obs_background,AUC_background,Accuracy_background,Precision_dos,Recall_dos,F1_score_dos,Num_Obs_dos,AUC_dos,Accuracy_dos,Precision_scan,Recall_scan,F1_score_scan,Num_Obs_scan,AUC_scan,Accuracy_scan,Precision_w,Recall_w,F1_score_w,Total_Obs,AUC_w,Accuracy_w,Hyper_time,Training_time,Testing_time,Total_time
14.0,2.0,46.0,0.9996677740863787,0.9877880638172148,0.993692414385258,15231.0,0.993748632350622,0.9941094834232845,0.8151939655172413,0.9954675049345713,0.8963565151565018,13679.0,0.9153961871200115,0.9028835774865073,0.9133034379671151,0.17382645803698435,0.29206500956022946,3515.0,0.5859101159088416,0.908650732459522,0.9124823347995186,0.9027910562837317,0.8765704993965108,32425.0,0.9164830815841647,0.9463603183670994,3859.496922016144,68.93426990509033,6.387024641036987,3984.192482471466
