Rep,Kfold,Num_Vars_,Precision_background,Recall_background,F1_score_background,Num_Obs_background,AUC_background,Accuracy_background,Precision_dos,Recall_dos,F1_score_dos,Num_Obs_dos,AUC_dos,Accuracy_dos,Precision_scan,Recall_scan,F1_score_scan,Num_Obs_scan,AUC_scan,Accuracy_scan,Precision_w,Recall_w,F1_score_w,Total_Obs,AUC_w,Accuracy_w,Hyper_time,Training_time,Testing_time,Total_time
16.0,4.0,72.0,0.9225251076040172,0.9037245256500351,0.9130280440184594,1423.0,0.6100901109262834,0.845034788108792,0.5324675324675324,0.5857142857142857,0.5578231292517006,70.0,0.7809445022218021,0.958886780518659,0.0,0.0,0.0,88.0,0.5,0.9443390259329538,0.8539063601475293,0.8393421884882986,0.8464810409145394,1581.0,0.6115270986740212,0.8556030438945078,4152.454391956329,58.28824782371521,0.8478899002075195,0.8478899002075195
