Rep,Kfold,Num_Vars_,Precision_background,Recall_background,F1_score_background,Num_Obs_background,AUC_background,Accuracy_background,Precision_dos,Recall_dos,F1_score_dos,Num_Obs_dos,AUC_dos,Accuracy_dos,Precision_scan,Recall_scan,F1_score_scan,Num_Obs_scan,AUC_scan,Accuracy_scan,Precision_w,Recall_w,F1_score_w,Total_Obs,AUC_w,Accuracy_w,Hyper_time,Training_time,Testing_time,Total_time
14.0,4.0,28.0,0.9748040313549832,0.914390756302521,0.9436314363143632,3808.0,0.9467278275580994,0.9486863204637968,0.8053498925244805,0.9859649122807017,0.8865518601288287,3420.0,0.906039848928915,0.8935487850006167,0.9523809523809523,0.022753128555176336,0.044444444444444446,879.0,0.5113073888487005,0.8939188355741952,0.9008872876497295,0.8479092142592821,0.8220577942262681,8107.0,0.8823529105064931,0.9194879745279345,3451.9938151836395,72.66616368293762,9.68316102027893,3597.5284605026245
