Rep,Kfold,Num_Vars_,Precision_background,Recall_background,F1_score_background,Num_Obs_background,AUC_background,Accuracy_background,Precision_dos,Recall_dos,F1_score_dos,Num_Obs_dos,AUC_dos,Accuracy_dos,Precision_scan,Recall_scan,F1_score_scan,Num_Obs_scan,AUC_scan,Accuracy_scan,Precision_w,Recall_w,F1_score_w,Total_Obs,AUC_w,Accuracy_w,Hyper_time,Training_time,Testing_time,Total_time
17.0,1.0,40.0,0.9562452302213177,0.9871323529411765,0.9714433389326786,3808.0,0.9735568698163305,0.9727362447569702,1.0,0.01052939455981281,0.020839363241678725,3419.0,0.5052646972799064,0.5826548235874661,1.0,0.026166097838452786,0.050997782705099776,879.0,0.5130830489192264,0.8943992104613866,0.9794450822455931,0.47100912904021713,0.47068012195617104,8106.0,0.726104682983048,0.7997105067697567,3637.237569332123,80.7906563282013,7.161545038223267,3777.2977306842804
