Rep,Kfold,Num_Vars_,Precision_background,Recall_background,F1_score_background,Num_Obs_background,AUC_background,Accuracy_background,Precision_dos,Recall_dos,F1_score_dos,Num_Obs_dos,AUC_dos,Accuracy_dos,Precision_scan,Recall_scan,F1_score_scan,Num_Obs_scan,AUC_scan,Accuracy_scan,Precision_w,Recall_w,F1_score_w,Total_Obs,AUC_w,Accuracy_w,Hyper_time,Training_time,Testing_time,Total_time
15.0,3.0,65.0,0.9275568181818182,0.9171348314606742,0.9223163841807911,1424.0,0.6357826056037548,0.8609355246523388,0.37623762376237624,0.5428571428571428,0.4444444444444444,70.0,0.750595238095238,0.9399494310998736,0.0,0.0,0.0,88.0,0.5,0.9443742098609356,0.8515660826512487,0.8495575221238938,0.849867030458001,1582.0,0.6333097958574042,0.8690730579960076,4269.14396238327,59.52726125717163,0.9939272403717041,0.9939272403717041
