Rep,Kfold,Num_Vars_,Precision_background,Recall_background,F1_score_background,Num_Obs_background,AUC_background,Accuracy_background,Precision_dos,Recall_dos,F1_score_dos,Num_Obs_dos,AUC_dos,Accuracy_dos,Precision_scan,Recall_scan,F1_score_scan,Num_Obs_scan,AUC_scan,Accuracy_scan,Precision_w,Recall_w,F1_score_w,Total_Obs,AUC_w,Accuracy_w,Hyper_time,Training_time,Testing_time,Total_time
10.0,3.0,46.0,1.0,0.9873284748210885,0.9936238395718392,15231.0,0.9936642374105442,0.9940478026214341,0.8166177087704574,0.9958330287301703,0.8973649538866929,13679.0,0.9163257750073556,0.9039013107170393,0.9297218155197657,0.1806543385490754,0.30252501191043357,3515.0,0.5894970067010337,0.9096993060909792,0.9150188379282362,0.9034695451040864,0.8780976197871989,32425.0,0.9172244334581264,0.9468743615091822,3885.438225030899,47.14741325378418,7.135385036468506,3983.7679526805878
