Rep,Kfold,Num_Vars_,Precision_background,Recall_background,F1_score_background,Num_Obs_background,AUC_background,Accuracy_background,Precision_dos,Recall_dos,F1_score_dos,Num_Obs_dos,AUC_dos,Accuracy_dos,Precision_scan,Recall_scan,F1_score_scan,Num_Obs_scan,AUC_scan,Accuracy_scan,Precision_w,Recall_w,F1_score_w,Total_Obs,AUC_w,Accuracy_w,Hyper_time,Training_time,Testing_time,Total_time
1.0,3.0,36.0,0.9832007073386384,0.9524625267665953,0.967587557102458,2335.0,0.729478016630051,0.9382255389718076,0.8,0.15384615384615385,0.25806451612903225,52.0,0.5764993481095175,0.9809286898839138,1.0,0.36,0.5294117647058824,25.0,0.6799999999999999,0.9933665008291874,0.9794252287046935,0.9291044776119403,0.9477494174090365,2412.0,0.7256671372026798,0.9397176981317843,3374.421441078186,282.3188319206238,1.7505791187286377,1.7505791187286377
