Rep,Kfold,Num_Vars_,Precision_background,Recall_background,F1_score_background,Num_Obs_background,AUC_background,Accuracy_background,Precision_dos,Recall_dos,F1_score_dos,Num_Obs_dos,AUC_dos,Accuracy_dos,Precision_scan,Recall_scan,F1_score_scan,Num_Obs_scan,AUC_scan,Accuracy_scan,Precision_w,Recall_w,F1_score_w,Total_Obs,AUC_w,Accuracy_w,Hyper_time,Training_time,Testing_time,Total_time
1.0,2.0,64.0,0.9162371134020618,0.9985955056179775,0.9556451612903226,1424.0,0.5879053477456976,0.9165613147914032,0.0,0.0,0.0,70.0,0.5,0.9557522123893806,0.0,0.0,0.0,88.0,0.5,0.9443742098609356,0.8247292348195551,0.8988621997471555,0.8602014599730844,1582.0,0.5791259261630046,0.9198425395688857,5064.430722951889,128.26699829101562,1.0079278945922852,1.0079278945922852
