Rep,Kfold,Num_Vars_,Precision_background,Recall_background,F1_score_background,Num_Obs_background,AUC_background,Accuracy_background,Precision_dos,Recall_dos,F1_score_dos,Num_Obs_dos,AUC_dos,Accuracy_dos,Precision_scan,Recall_scan,F1_score_scan,Num_Obs_scan,AUC_scan,Accuracy_scan,Precision_w,Recall_w,F1_score_w,Total_Obs,AUC_w,Accuracy_w,Hyper_time,Training_time,Testing_time,Total_time
17.0,5.0,58.0,0.9946257197696737,0.6802310317668679,0.8079201746180231,3809.0,0.8384868513883199,0.8480325644504749,0.8888888888888888,0.2012284293653115,0.3281659909372764,3419.0,0.5914418597338503,0.6525225114098927,0.6410256410256411,0.02844141069397042,0.05446623093681917,879.0,0.513252249342558,0.8929320340446528,0.9116938468206902,0.40754903170099915,0.523898271262867,8107.0,0.6990360013001423,0.7704474851890382,3969.7647194862366,34.33000874519348,3.7275006771087646,4032.5120775699615
