Rep,Kfold,Num_Vars_,Precision_background,Recall_background,F1_score_background,Num_Obs_background,AUC_background,Accuracy_background,Precision_dos,Recall_dos,F1_score_dos,Num_Obs_dos,AUC_dos,Accuracy_dos,Precision_scan,Recall_scan,F1_score_scan,Num_Obs_scan,AUC_scan,Accuracy_scan,Precision_w,Recall_w,F1_score_w,Total_Obs,AUC_w,Accuracy_w,Hyper_time,Training_time,Testing_time,Total_time
13.0,4.0,35.0,0.9890818858560794,0.8535331905781585,0.9163218390804597,2335.0,0.7839094524319363,0.8490878938640133,0.31666666666666665,0.36538461538461536,0.33928571428571425,52.0,0.6740058670143416,0.9693200663349917,1.0,0.48,0.6486486486486487,25.0,0.74,0.9946102819237148,0.9746985365425423,0.8391376451077943,0.9011072005024656,2412.0,0.7810849405113255,0.8531882805431108,3614.2132613658905,98.25198340415955,2.759892702102661,2.759892702102661
