Rep,Kfold,Num_Vars_,Precision_background,Recall_background,F1_score_background,Num_Obs_background,AUC_background,Accuracy_background,Precision_dos,Recall_dos,F1_score_dos,Num_Obs_dos,AUC_dos,Accuracy_dos,Precision_scan,Recall_scan,F1_score_scan,Num_Obs_scan,AUC_scan,Accuracy_scan,Precision_w,Recall_w,F1_score_w,Total_Obs,AUC_w,Accuracy_w,Hyper_time,Training_time,Testing_time,Total_time
15.0,1.0,60.0,0.9841405915130733,0.9832976445396145,0.9837189374464439,2335.0,0.7482277696382282,0.9684778100373289,0.5,0.057692307692307696,0.10344827586206896,52.0,0.528210291192487,0.9784321858150146,1.0,0.3333333333333333,0.5,24.0,0.6666666666666666,0.9933637494815429,0.9738566077076011,0.956864371630029,0.9599183033107731,2411.0,0.74267058367784,0.968940228157238,4050.507436990738,36.98963212966919,1.4446845054626465,1.4446845054626465
