Rep,Kfold,Num_Vars_,Precision_background,Recall_background,F1_score_background,Num_Obs_background,AUC_background,Accuracy_background,Precision_dos,Recall_dos,F1_score_dos,Num_Obs_dos,AUC_dos,Accuracy_dos,Precision_scan,Recall_scan,F1_score_scan,Num_Obs_scan,AUC_scan,Accuracy_scan,Precision_w,Recall_w,F1_score_w,Total_Obs,AUC_w,Accuracy_w,Hyper_time,Training_time,Testing_time,Total_time
2.0,2.0,38.0,0.9871031746031746,0.8522483940042827,0.9147322454608137,2335.0,0.7594575303354747,0.8462494819726482,0.3275862068965517,0.3584905660377358,0.3423423423423423,53.0,0.6709825711544611,0.9697472026523001,1.0,0.64,0.7804878048780487,25.0,0.8200000000000001,0.9962702030667219,0.9727509248503647,0.8392043099875673,0.90076922188856,2413.0,0.7581414876106589,0.8505163270714352,3069.8298377990723,180.51779055595398,1.322345495223999,1.322345495223999
