Rep,Kfold,Num_Vars_,Precision_background,Recall_background,F1_score_background,Num_Obs_background,AUC_background,Accuracy_background,Precision_dos,Recall_dos,F1_score_dos,Num_Obs_dos,AUC_dos,Accuracy_dos,Precision_scan,Recall_scan,F1_score_scan,Num_Obs_scan,AUC_scan,Accuracy_scan,Precision_w,Recall_w,F1_score_w,Total_Obs,AUC_w,Accuracy_w,Hyper_time,Training_time,Testing_time,Total_time
20.0,3.0,60.0,0.9126984126984127,0.8883426966292135,0.900355871886121,1424.0,0.5612599559095435,0.8230088495575221,0.6833333333333333,0.5857142857142857,0.6307692307692309,70.0,0.7865740740740741,0.9696586599241467,0.0,0.0,0.0,88.0,0.5,0.9443742098609356,0.8517799450163546,0.8255372945638433,0.8383442526673087,1582.0,0.567821973704409,0.8362488232821518,884.4533276557922,25.096415758132935,1.2160899639129639,1.2160899639129639
