Rep,Kfold,Num_Vars_,Precision_background,Recall_background,F1_score_background,Num_Obs_background,AUC_background,Accuracy_background,Precision_dos,Recall_dos,F1_score_dos,Num_Obs_dos,AUC_dos,Accuracy_dos,Precision_scan,Recall_scan,F1_score_scan,Num_Obs_scan,AUC_scan,Accuracy_scan,Precision_w,Recall_w,F1_score_w,Total_Obs,AUC_w,Accuracy_w,Hyper_time,Training_time,Testing_time,Total_time
2.0,2.0,38.0,0.9655704008221994,0.9871289729445758,0.9762306793090011,3807.0,0.9779794667002478,0.9774241302738712,0.9324894514767933,0.06460099386144402,0.12083105522143248,3421.0,0.5305929195561222,0.6032568467801629,0.8571428571428571,0.02733485193621868,0.052980132450331126,878.0,0.5133907242525587,0.8941524796447077,0.9398648356777265,0.4938317295830249,0.5152220321161213,8106.0,0.7388457023714637,0.8104936113885539,3069.8298377990723,180.51779055595398,6.691401481628418,3286.898364543915
