Rep,Kfold,Num_Vars_,Precision_background,Recall_background,F1_score_background,Num_Obs_background,AUC_background,Accuracy_background,Precision_dos,Recall_dos,F1_score_dos,Num_Obs_dos,AUC_dos,Accuracy_dos,Precision_scan,Recall_scan,F1_score_scan,Num_Obs_scan,AUC_scan,Accuracy_scan,Precision_w,Recall_w,F1_score_w,Total_Obs,AUC_w,Accuracy_w,Hyper_time,Training_time,Testing_time,Total_time
20.0,1.0,24.0,0.011936662606577345,1.0,0.023591718825228696,49.0,0.5008614324390844,0.013618677042801557,0.0,0.0,0.0,3297.0,0.5,0.19820038910505836,0.0,0.0,0.0,766.0,0.5,0.813715953307393,0.00014224135888187984,0.011916342412451361,0.0002811269996196999,4112.0,0.5000102651239093,0.31066158032294205,1159.040595293045,16.348317623138428,1.494877576828003,1.494877576828003
