Rep,Kfold,Num_Vars_,Precision_background,Recall_background,F1_score_background,Num_Obs_background,AUC_background,Accuracy_background,Precision_dos,Recall_dos,F1_score_dos,Num_Obs_dos,AUC_dos,Accuracy_dos,Precision_scan,Recall_scan,F1_score_scan,Num_Obs_scan,AUC_scan,Accuracy_scan,Precision_w,Recall_w,F1_score_w,Total_Obs,AUC_w,Accuracy_w,Hyper_time,Training_time,Testing_time,Total_time
2.0,5.0,41.0,0.9924731182795699,0.790916880891174,0.8803051979017644,2334.0,0.8045493495364959,0.7917876399834094,0.34545454545454546,0.36538461538461536,0.35514018691588783,52.0,0.6750619558483061,0.9713811696391539,1.0,0.52,0.6842105263157895,25.0,0.76,0.9950228121111572,0.9785963892277696,0.7789299046038988,0.8669452031440228,2411.0,0.8012946509839459,0.7977684541042275,3994.8917458057404,253.2870843410492,1.6657748222351074,1.6657748222351074
