Rep,Kfold,Num_Vars_,Precision_background,Recall_background,F1_score_background,Num_Obs_background,AUC_background,Accuracy_background,Precision_dos,Recall_dos,F1_score_dos,Num_Obs_dos,AUC_dos,Accuracy_dos,Precision_scan,Recall_scan,F1_score_scan,Num_Obs_scan,AUC_scan,Accuracy_scan,Precision_w,Recall_w,F1_score_w,Total_Obs,AUC_w,Accuracy_w,Hyper_time,Training_time,Testing_time,Total_time
20.0,4.0,33.0,0.9909182643794148,0.8411134903640257,0.9098911280982165,2335.0,0.803673628298896,0.8387230514096186,0.375,0.17307692307692307,0.23684210526315785,52.0,0.5833604954367667,0.9759535655058044,1.0,0.68,0.8095238095238095,25.0,0.8400000000000001,0.9966832504145937,0.9777338919261747,0.8250414593698175,0.8943406587152218,2412.0,0.7993004427199975,0.8433188191161385,1113.1370408535004,8.344563484191895,0.7083711624145508,0.7083711624145508
