Rep,Kfold,Num_Vars_,Precision_background,Recall_background,F1_score_background,Num_Obs_background,AUC_background,Accuracy_background,Precision_dos,Recall_dos,F1_score_dos,Num_Obs_dos,AUC_dos,Accuracy_dos,Precision_scan,Recall_scan,F1_score_scan,Num_Obs_scan,AUC_scan,Accuracy_scan,Precision_w,Recall_w,F1_score_w,Total_Obs,AUC_w,Accuracy_w,Hyper_time,Training_time,Testing_time,Total_time
20.0,4.0,33.0,0.012218963831867057,1.0,0.024142926122646065,50.0,0.5024618414574101,0.017023346303501944,0.0,0.0,0.0,3297.0,0.5,0.19820038910505836,0.0,0.0,0.0,765.0,0.5,0.8139591439688716,0.00014857689484274147,0.012159533073929961,0.00029356670868976246,4112.0,0.5000299348426241,0.31055364672440156,1113.1370408535004,8.344563484191895,0.8085334300994873,0.8085334300994873
