Rep,Kfold,Num_Vars_,Precision_background,Recall_background,F1_score_background,Num_Obs_background,AUC_background,Accuracy_background,Precision_dos,Recall_dos,F1_score_dos,Num_Obs_dos,AUC_dos,Accuracy_dos,Precision_scan,Recall_scan,F1_score_scan,Num_Obs_scan,AUC_scan,Accuracy_scan,Precision_w,Recall_w,F1_score_w,Total_Obs,AUC_w,Accuracy_w,Hyper_time,Training_time,Testing_time,Total_time
2.0,3.0,41.0,0.9205515430072226,0.9845505617977528,0.9514760773668137,1424.0,0.6093638884938131,0.9096080910240202,0.0,0.0,0.0,70.0,0.49966931216931215,0.9551201011378002,0.0,0.0,0.0,88.0,0.5,0.9443742098609356,0.8286127669040994,0.8862199747155499,0.8564487573769549,1582.0,0.5984266934684207,0.9135557896116391,3989.8219442367554,22.964600801467896,1.0344481468200684,1.0344481468200684
