Rep,Kfold,Num_Vars_,Precision_background,Recall_background,F1_score_background,Num_Obs_background,AUC_background,Accuracy_background,Precision_dos,Recall_dos,F1_score_dos,Num_Obs_dos,AUC_dos,Accuracy_dos,Precision_scan,Recall_scan,F1_score_scan,Num_Obs_scan,AUC_scan,Accuracy_scan,Precision_w,Recall_w,F1_score_w,Total_Obs,AUC_w,Accuracy_w,Hyper_time,Training_time,Testing_time,Total_time
20.0,2.0,40.0,0.967733608673206,0.9847649067507224,0.9761749772165084,3807.0,0.9778441886626372,0.9774241302738712,0.804778972520908,0.9847953216374269,0.8857330703484549,3420.0,0.9052230982920382,0.8927954601529731,0.96,0.027303754266211604,0.05309734513274337,879.0,0.5135826921324139,0.8943992104613866,0.8981428490303973,0.8809523809523809,0.8379197884562848,8106.0,0.8968609682681745,0.9327154013904952,1221.8136644363403,8.895110368728638,0.9201219081878662,1245.8613102436066
