Rep,Kfold,Num_Vars_,Precision_background,Recall_background,F1_score_background,Num_Obs_background,AUC_background,Accuracy_background,Precision_dos,Recall_dos,F1_score_dos,Num_Obs_dos,AUC_dos,Accuracy_dos,Precision_scan,Recall_scan,F1_score_scan,Num_Obs_scan,AUC_scan,Accuracy_scan,Precision_w,Recall_w,F1_score_w,Total_Obs,AUC_w,Accuracy_w,Hyper_time,Training_time,Testing_time,Total_time
2.0,4.0,28.0,0.9866539561487131,0.8865096359743041,0.9339048048725468,2335.0,0.7614366361689703,0.8785240464344942,0.3103448275862069,0.34615384615384615,0.32727272727272727,52.0,0.6646023468057367,0.9693200663349917,1.0,0.08,0.14814814814814814,25.0,0.54,0.9904643449419569,0.9722118236491409,0.8665008291873963,0.9126822574209297,2412.0,0.7570538422423068,0.8816417497916719,4154.707610368729,21.30069398880005,1.4433023929595947,1.4433023929595947
