Rep,Kfold,Num_Vars_,Precision_background,Recall_background,F1_score_background,Num_Obs_background,AUC_background,Accuracy_background,Precision_dos,Recall_dos,F1_score_dos,Num_Obs_dos,AUC_dos,Accuracy_dos,Precision_scan,Recall_scan,F1_score_scan,Num_Obs_scan,AUC_scan,Accuracy_scan,Precision_w,Recall_w,F1_score_w,Total_Obs,AUC_w,Accuracy_w,Hyper_time,Training_time,Testing_time,Total_time
2.0,2.0,38.0,0.01195997071027581,1.0,0.023637240713941146,49.0,0.501723289020187,0.01532473850644612,0.0,0.0,0.0,3297.0,0.5,0.1980053514959864,0.0,0.0,0.0,765.0,0.5,0.8139138895645829,0.00014255377397312446,0.011919241060569205,0.00028173797007616545,4111.0,0.5000205402972486,0.3104399614658207,3069.8298377990723,180.51779055595398,2.6114110946655273,2.6114110946655273
