Rep,Kfold,Num_Vars_,Precision_background,Recall_background,F1_score_background,Num_Obs_background,AUC_background,Accuracy_background,Precision_dos,Recall_dos,F1_score_dos,Num_Obs_dos,AUC_dos,Accuracy_dos,Precision_scan,Recall_scan,F1_score_scan,Num_Obs_scan,AUC_scan,Accuracy_scan,Precision_w,Recall_w,F1_score_w,Total_Obs,AUC_w,Accuracy_w,Hyper_time,Training_time,Testing_time,Total_time
2.0,1.0,25.0,0.9713534822601839,0.9705882352941176,0.9709707079994745,3808.0,0.972613801220814,0.9727362447569702,0.8054028209419077,0.9850877192982456,0.8862291200841773,3420.0,0.905689399555226,0.8932889217863311,0.6571428571428571,0.02619589977220957,0.05038335158817087,878.0,0.512267844739453,0.8930421909696521,0.8673036191265153,0.8744140143103873,0.8355041487101282,8106.0,0.8945154538871172,0.9305846010628115,4207.80449962616,38.10714077949524,6.635045289993286,4287.024094343185
