Rep,Kfold,Num_Vars_,Precision_background,Recall_background,F1_score_background,Num_Obs_background,AUC_background,Accuracy_background,Precision_dos,Recall_dos,F1_score_dos,Num_Obs_dos,AUC_dos,Accuracy_dos,Precision_scan,Recall_scan,F1_score_scan,Num_Obs_scan,AUC_scan,Accuracy_scan,Precision_w,Recall_w,F1_score_w,Total_Obs,AUC_w,Accuracy_w,Hyper_time,Training_time,Testing_time,Total_time
2.0,2.0,38.0,0.9318840579710145,0.9037245256500351,0.917588298251873,1423.0,0.656264778548288,0.8539823008849557,0.07692307692307693,0.014084507042253521,0.02380952380952381,71.0,0.5030713733093465,0.9481668773704172,0.0,0.0,0.0,88.0,0.5,0.9443742098609356,0.8416767085678206,0.8135271807838179,0.8264340231370996,1582.0,0.6406971222371539,0.8632374165109696,3069.8298377990723,180.51779055595398,1.0815937519073486,1.0815937519073486
