Rep,Kfold,Num_Vars_,Precision_background,Recall_background,F1_score_background,Num_Obs_background,AUC_background,Accuracy_background,Precision_dos,Recall_dos,F1_score_dos,Num_Obs_dos,AUC_dos,Accuracy_dos,Precision_scan,Recall_scan,F1_score_scan,Num_Obs_scan,AUC_scan,Accuracy_scan,Precision_w,Recall_w,F1_score_w,Total_Obs,AUC_w,Accuracy_w,Hyper_time,Training_time,Testing_time,Total_time
2.0,5.0,41.0,0.011939571150097465,1.0,0.023597399470262462,49.0,0.5009844942160965,0.013861867704280155,0.0,0.0,0.0,3297.0,0.5,0.19820038910505836,0.0,0.0,0.0,766.0,0.5,0.813715953307393,0.00014227601808238711,0.011916342412451361,0.0002811946921310459,4112.0,0.5000117315701822,0.31066447826613575,3994.8917458057404,253.2870843410492,3.411000967025757,3.411000967025757
