Rep,Kfold,Num_Vars_,Precision_background,Recall_background,F1_score_background,Num_Obs_background,AUC_background,Accuracy_background,Precision_dos,Recall_dos,F1_score_dos,Num_Obs_dos,AUC_dos,Accuracy_dos,Precision_scan,Recall_scan,F1_score_scan,Num_Obs_scan,AUC_scan,Accuracy_scan,Precision_w,Recall_w,F1_score_w,Total_Obs,AUC_w,Accuracy_w,Hyper_time,Training_time,Testing_time,Total_time
20.0,3.0,60.0,0.9965826569841948,0.6126575630252101,0.7588225727760611,3808.0,0.8053981160868257,0.8170490994325191,0.6212424849699398,0.9970760233918129,0.7655180154899539,3420.0,0.7767070257804134,0.7422896619787811,0.45614035087719296,0.029612756264236904,0.05561497326203209,878.0,0.512661939836601,0.8910683444362201,0.7796850832054261,0.7116950407105848,0.6854796344227668,8106.0,0.7615853981500348,0.7935247496942345,884.4533276557922,25.096415758132935,0.9120337963104248,926.3917129039764
