Rep,Kfold,Num_Vars_,Precision_background,Recall_background,F1_score_background,Num_Obs_background,AUC_background,Accuracy_background,Precision_dos,Recall_dos,F1_score_dos,Num_Obs_dos,AUC_dos,Accuracy_dos,Precision_scan,Recall_scan,F1_score_scan,Num_Obs_scan,AUC_scan,Accuracy_scan,Precision_w,Recall_w,F1_score_w,Total_Obs,AUC_w,Accuracy_w,Hyper_time,Training_time,Testing_time,Total_time
20.0,5.0,40.0,0.993660855784469,0.6587864460204885,0.7922918970146896,3807.0,0.8275318921586855,0.83775447254781,0.8046444816854201,0.9830359754314127,0.8849394418114798,3419.0,0.9044501259999573,0.8921653300431832,0.92,0.026166097838452786,0.050884955752212385,879.0,0.5129446597689358,0.8941394201110425,0.9059378606852467,0.7269586674892042,0.750967437334308,8105.0,0.8258614744205878,0.8668220963213772,901.2013118267059,9.31901216506958,0.9109714031219482,927.3639199733734
