Rep,Kfold,Num_Vars_,Precision_background,Recall_background,F1_score_background,Num_Obs_background,AUC_background,Accuracy_background,Precision_dos,Recall_dos,F1_score_dos,Num_Obs_dos,AUC_dos,Accuracy_dos,Precision_scan,Recall_scan,F1_score_scan,Num_Obs_scan,AUC_scan,Accuracy_scan,Precision_w,Recall_w,F1_score_w,Total_Obs,AUC_w,Accuracy_w,Hyper_time,Training_time,Testing_time,Total_time
2.0,1.0,25.0,0.9224194608809994,0.985252808988764,0.9528013582342955,1424.0,0.6192086829753947,0.9121365360303414,1.0,0.04285714285714286,0.0821917808219178,70.0,0.5214285714285715,0.9576485461441213,0.0,0.0,0.0,88.0,0.5,0.9443742098609356,0.8745419167474987,0.888748419721871,0.8612784821638249,1582.0,0.6082510521851846,0.9159435878666606,4207.80449962616,38.10714077949524,1.4363996982574463,1.4363996982574463
