Rep,Kfold,Num_Vars_,Precision_background,Recall_background,F1_score_background,Num_Obs_background,AUC_background,Accuracy_background,Precision_dos,Recall_dos,F1_score_dos,Num_Obs_dos,AUC_dos,Accuracy_dos,Precision_scan,Recall_scan,F1_score_scan,Num_Obs_scan,AUC_scan,Accuracy_scan,Precision_w,Recall_w,F1_score_w,Total_Obs,AUC_w,Accuracy_w,Hyper_time,Training_time,Testing_time,Total_time
3.0,4.0,49.0,0.9729138166894665,0.9338235294117647,0.9529679753450355,3808.0,0.955394780061862,0.956698741672835,0.958974358974359,0.054694355074583215,0.10348644161593804,3419.0,0.526493753172026,0.6002960769800149,1.0,0.023890784982935155,0.046666666666666676,879.0,0.5119453924914675,0.8941524796447077,0.9699715207607725,0.46434739698988403,0.4963905988155425,8106.0,0.7264033388318193,0.7995905656418115,4266.90633392334,38.1309654712677,3.0181918144226074,4335.2758202552795
