Rep,Kfold,Num_Vars_,Precision_background,Recall_background,F1_score_background,Num_Obs_background,AUC_background,Accuracy_background,Precision_dos,Recall_dos,F1_score_dos,Num_Obs_dos,AUC_dos,Accuracy_dos,Precision_scan,Recall_scan,F1_score_scan,Num_Obs_scan,AUC_scan,Accuracy_scan,Precision_w,Recall_w,F1_score_w,Total_Obs,AUC_w,Accuracy_w,Hyper_time,Training_time,Testing_time,Total_time
3.0,3.0,50.0,0.9899863450159309,0.9314775160599572,0.9598411297440423,2335.0,0.8247131170043376,0.9245752175714878,0.5833333333333334,0.2641509433962264,0.36363636363636365,53.0,0.6299568276303166,0.9796933278077082,1.0,0.28,0.43750000000000006,25.0,0.64,0.9925404061334439,0.9811582189303212,0.9100704517198508,0.9413341339515401,2413.0,0.8185216908700932,0.92649000810467,4465.794444799423,15.734190940856934,0.7253167629241943,0.7253167629241943
