Rep,Kfold,Num_Vars_,Precision_background,Recall_background,F1_score_background,Num_Obs_background,AUC_background,Accuracy_background,Precision_dos,Recall_dos,F1_score_dos,Num_Obs_dos,AUC_dos,Accuracy_dos,Precision_scan,Recall_scan,F1_score_scan,Num_Obs_scan,AUC_scan,Accuracy_scan,Precision_w,Recall_w,F1_score_w,Total_Obs,AUC_w,Accuracy_w,Hyper_time,Training_time,Testing_time,Total_time
3.0,2.0,47.0,0.012228599950087347,1.0,0.02416173570019724,49.0,0.5130413385826771,0.037685387794796986,0.0,0.0,0.0,3298.0,0.5,0.19815220034038414,0.0,0.0,0.0,766.0,0.5,0.8137612448334549,0.00014568475505817653,0.011913445173839047,0.0002878495135690894,4113.0,0.5001553672721982,0.3108907498825574,4363.947721481323,170.7203938961029,2.8544890880584717,2.8544890880584717
