Rep,Kfold,Num_Vars_,Precision_background,Recall_background,F1_score_background,Num_Obs_background,AUC_background,Accuracy_background,Precision_dos,Recall_dos,F1_score_dos,Num_Obs_dos,AUC_dos,Accuracy_dos,Precision_scan,Recall_scan,F1_score_scan,Num_Obs_scan,AUC_scan,Accuracy_scan,Precision_w,Recall_w,F1_score_w,Total_Obs,AUC_w,Accuracy_w,Hyper_time,Training_time,Testing_time,Total_time
3.0,4.0,49.0,0.007046223224351747,0.5102040816326531,0.013900472616068945,49.0,0.321555400402839,0.13740272373540857,0.0,0.0,0.0,3297.0,0.5,0.19820038910505836,0.0,0.0,0.0,766.0,0.5,0.813715953307393,8.396520865594251e-05,0.006079766536964981,0.0001656427913879811,4112.0,0.4978735930495474,0.31213663340853004,4266.90633392334,38.1309654712677,1.9107575416564941,1.9107575416564941
