Rep,Kfold,Num_Vars_,Precision_background,Recall_background,F1_score_background,Num_Obs_background,AUC_background,Accuracy_background,Precision_dos,Recall_dos,F1_score_dos,Num_Obs_dos,AUC_dos,Accuracy_dos,Precision_scan,Recall_scan,F1_score_scan,Num_Obs_scan,AUC_scan,Accuracy_scan,Precision_w,Recall_w,F1_score_w,Total_Obs,AUC_w,Accuracy_w,Hyper_time,Training_time,Testing_time,Total_time
3.0,3.0,50.0,0.9296066252587992,0.9465917076598735,0.9380222841225627,1423.0,0.6545458538299368,0.8875552747946936,0.6065573770491803,0.5211267605633803,0.5606060606060606,71.0,0.7526268723451822,0.9633607075173721,0.0,0.0,0.0,89.0,0.5,0.9437776373973468,0.8628526857320045,0.8742893240682249,0.8683567533856204,1583.0,0.6502560062770107,0.8941162198325626,4465.794444799423,15.734190940856934,0.6078205108642578,0.6078205108642578
