Rep,Kfold,Num_Vars_,Precision_background,Recall_background,F1_score_background,Num_Obs_background,AUC_background,Accuracy_background,Precision_dos,Recall_dos,F1_score_dos,Num_Obs_dos,AUC_dos,Accuracy_dos,Precision_scan,Recall_scan,F1_score_scan,Num_Obs_scan,AUC_scan,Accuracy_scan,Precision_w,Recall_w,F1_score_w,Total_Obs,AUC_w,Accuracy_w,Hyper_time,Training_time,Testing_time,Total_time
4.0,5.0,32.0,0.011992168379833579,1.0,0.02370012091898428,49.0,0.5030773018217627,0.018000486499635125,0.0,0.0,0.0,3297.0,0.5,0.1980053514959864,0.0,0.0,0.0,765.0,0.5,0.8139138895645829,0.00014293754575817207,0.011919241060569205,0.0002824874543980126,4111.0,0.5000366791022297,0.31047185435116886,4393.688693761826,14.101155757904053,0.8296222686767578,0.8296222686767578
