Rep,Kfold,Num_Vars_,Precision_background,Recall_background,F1_score_background,Num_Obs_background,AUC_background,Accuracy_background,Precision_dos,Recall_dos,F1_score_dos,Num_Obs_dos,AUC_dos,Accuracy_dos,Precision_scan,Recall_scan,F1_score_scan,Num_Obs_scan,AUC_scan,Accuracy_scan,Precision_w,Recall_w,F1_score_w,Total_Obs,AUC_w,Accuracy_w,Hyper_time,Training_time,Testing_time,Total_time
4.0,1.0,27.0,0.9683445770627919,0.9802994483845547,0.9742853413392507,3807.0,0.9759570764491411,0.9756940160394818,0.8048780487804879,0.9844983913424978,0.8856729377713459,3419.0,0.9051813339554999,0.8927822331893893,0.8,0.027303754266211604,0.052805280528052806,879.0,0.513236709682234,0.893769278223319,0.8811308887919231,0.8787168414558915,0.8369692671564365,8105.0,0.8959184008200393,0.931833777901928,3849.801444530487,29.412933111190796,6.0319061279296875,3916.8392424583435
