Rep,Kfold,Num_Vars_,Precision_background,Recall_background,F1_score_background,Num_Obs_background,AUC_background,Accuracy_background,Precision_dos,Recall_dos,F1_score_dos,Num_Obs_dos,AUC_dos,Accuracy_dos,Precision_scan,Recall_scan,F1_score_scan,Num_Obs_scan,AUC_scan,Accuracy_scan,Precision_w,Recall_w,F1_score_w,Total_Obs,AUC_w,Accuracy_w,Hyper_time,Training_time,Testing_time,Total_time
4.0,5.0,32.0,0.9301221166892809,0.9627808988764045,0.9461697722567288,1424.0,0.6554410823495946,0.9013906447534766,1.0,0.4142857142857143,0.5858585858585859,70.0,0.7071428571428572,0.9740834386852086,0.0,0.0,0.0,88.0,0.5,0.9443742098609356,0.8814752807620329,0.8849557522123894,0.8775953582197742,1582.0,0.6490822384739713,0.9069981348322869,4393.688693761826,14.101155757904053,0.7105436325073242,0.7105436325073242
