Rep,Kfold,Num_Vars_,Precision_background,Recall_background,F1_score_background,Num_Obs_background,AUC_background,Accuracy_background,Precision_dos,Recall_dos,F1_score_dos,Num_Obs_dos,AUC_dos,Accuracy_dos,Precision_scan,Recall_scan,F1_score_scan,Num_Obs_scan,AUC_scan,Accuracy_scan,Precision_w,Recall_w,F1_score_w,Total_Obs,AUC_w,Accuracy_w,Hyper_time,Training_time,Testing_time,Total_time
4.0,2.0,34.0,0.9257425742574258,0.9192415730337079,0.9224806201550388,1424.0,0.6273423055041958,0.8609355246523388,0.0,0.0,0.0,70.0,0.5,0.9557522123893806,0.0,0.0,0.0,88.0,0.5,0.9443742098609356,0.8332853512911341,0.827433628318584,0.8303491802154079,1582.0,0.6146241738545984,0.8697722961061628,4437.273138284683,8.958591222763062,0.6450164318084717,0.6450164318084717
