Rep,Kfold,Num_Vars_,Precision_background,Recall_background,F1_score_background,Num_Obs_background,AUC_background,Accuracy_background,Precision_dos,Recall_dos,F1_score_dos,Num_Obs_dos,AUC_dos,Accuracy_dos,Precision_scan,Recall_scan,F1_score_scan,Num_Obs_scan,AUC_scan,Accuracy_scan,Precision_w,Recall_w,F1_score_w,Total_Obs,AUC_w,Accuracy_w,Hyper_time,Training_time,Testing_time,Total_time
4.0,5.0,32.0,0.9848790322580645,0.836830835117773,0.9048390831210927,2335.0,0.7236102227536918,0.8296019900497512,0.19480519480519481,0.28846153846153844,0.23255813953488372,52.0,0.6310951760104302,0.9589552238805971,1.0,0.4,0.5714285714285715,25.0,0.7,0.9937810945273632,0.9680026577331885,0.8204809286898839,0.8868897166788059,2412.0,0.7213709864354945,0.8340923904523816,4393.688693761826,14.101155757904053,0.8396313190460205,0.8396313190460205
