Rep,Kfold,Num_Vars_,Precision_background,Recall_background,F1_score_background,Num_Obs_background,AUC_background,Accuracy_background,Precision_dos,Recall_dos,F1_score_dos,Num_Obs_dos,AUC_dos,Accuracy_dos,Precision_scan,Recall_scan,F1_score_scan,Num_Obs_scan,AUC_scan,Accuracy_scan,Precision_w,Recall_w,F1_score_w,Total_Obs,AUC_w,Accuracy_w,Hyper_time,Training_time,Testing_time,Total_time
4.0,4.0,61.0,0.901712111604312,0.9992972593113141,0.9480000000000001,1423.0,0.5122272460078583,0.9013906447534766,0.0,0.0,0.0,71.0,0.5,0.9551201011378002,0.0,0.0,0.0,88.0,0.5,0.9443742098609356,0.8110849145467357,0.8988621997471555,0.8527206068268016,1582.0,0.5109983382232506,0.9061930120940225,4575.15313243866,162.4507441520691,0.8092217445373535,0.8092217445373535
