Rep,Kfold,Num_Vars_,Precision_background,Recall_background,F1_score_background,Num_Obs_background,AUC_background,Accuracy_background,Precision_dos,Recall_dos,F1_score_dos,Num_Obs_dos,AUC_dos,Accuracy_dos,Precision_scan,Recall_scan,F1_score_scan,Num_Obs_scan,AUC_scan,Accuracy_scan,Precision_w,Recall_w,F1_score_w,Total_Obs,AUC_w,Accuracy_w,Hyper_time,Training_time,Testing_time,Total_time
4.0,3.0,76.0,0.012162490878131841,1.0,0.02403268445085316,50.0,0.5002461235540241,0.012642839776318988,0.0,0.0,0.0,3297.0,0.5,0.19839533187454414,0.0,0.0,0.0,766.0,0.5,0.8137612448334549,0.00014785425332034818,0.012156576707999028,0.0002921551720259319,4113.0,0.5000029920198642,0.3107421990570422,5035.063121080399,20.92375087738037,0.7220280170440674,0.7220280170440674
