Rep,Kfold,Num_Vars_,Precision_background,Recall_background,F1_score_background,Num_Obs_background,AUC_background,Accuracy_background,Precision_dos,Recall_dos,F1_score_dos,Num_Obs_dos,AUC_dos,Accuracy_dos,Precision_scan,Recall_scan,F1_score_scan,Num_Obs_scan,AUC_scan,Accuracy_scan,Precision_w,Recall_w,F1_score_w,Total_Obs,AUC_w,Accuracy_w,Hyper_time,Training_time,Testing_time,Total_time
4.0,5.0,32.0,0.9164026322203266,0.9873949579831933,0.950575148527367,3808.0,0.9537859127826137,0.9517581739666873,0.8190364277320799,0.6115823340157941,0.7002679169457467,3419.0,0.7564953923600097,0.7791486736582357,0.8846153846153846,0.02619589977220957,0.050884955752212385,878.0,0.5128903948840293,0.8941394201110425,0.8718863760152119,0.7247378161628625,0.747524141243697,8105.0,0.8227997864359339,0.872703128014824,4393.688693761826,14.101155757904053,1.7175700664520264,4425.07461810112
