Rep,Kfold,Num_Vars_,Precision_background,Recall_background,F1_score_background,Num_Obs_background,AUC_background,Accuracy_background,Precision_dos,Recall_dos,F1_score_dos,Num_Obs_dos,AUC_dos,Accuracy_dos,Precision_scan,Recall_scan,F1_score_scan,Num_Obs_scan,AUC_scan,Accuracy_scan,Precision_w,Recall_w,F1_score_w,Total_Obs,AUC_w,Accuracy_w,Hyper_time,Training_time,Testing_time,Total_time
4.0,4.0,61.0,0.9998670919723551,0.9877888655462185,0.9937912813738442,15232.0,0.9938362695671532,0.9942020046260601,0.8224332990501543,0.9938587512794268,0.9000562783460787,13678.0,0.9186501843024328,0.9068928296067849,0.9029585798816568,0.2170697012802276,0.35,3515.0,0.6071166562437113,0.9125983037779491,0.914514036009713,0.9068003084040093,0.884461019987789,32425.0,0.920198190458973,0.948525770103477,4575.15313243866,162.4507441520691,1.0239536762237549,4750.910936594009
