Rep,Kfold,Num_Vars_,Precision_background,Recall_background,F1_score_background,Num_Obs_background,AUC_background,Accuracy_background,Precision_dos,Recall_dos,F1_score_dos,Num_Obs_dos,AUC_dos,Accuracy_dos,Precision_scan,Recall_scan,F1_score_scan,Num_Obs_scan,AUC_scan,Accuracy_scan,Precision_w,Recall_w,F1_score_w,Total_Obs,AUC_w,Accuracy_w,Hyper_time,Training_time,Testing_time,Total_time
4.0,4.0,61.0,0.9632862644415918,0.9858118759852864,0.9744189066355019,3806.0,0.9762741631612871,0.9756940160394818,0.8057071960297767,0.9494152046783626,0.8716778523489934,3420.0,0.8911430345697042,0.8820481184454041,0.9545454545454546,0.023890784982935155,0.04661487236403995,879.0,0.5118761979163222,0.8940160394818013,0.8958459700718062,0.8661320172732881,0.8304443043178618,8105.0,0.889987393113966,0.9273209239770578,4575.15313243866,162.4507441520691,1.0239536762237549,4750.910936594009
