Rep,Kfold,Num_Vars_,Precision_background,Recall_background,F1_score_background,Num_Obs_background,AUC_background,Accuracy_background,Precision_dos,Recall_dos,F1_score_dos,Num_Obs_dos,AUC_dos,Accuracy_dos,Precision_scan,Recall_scan,F1_score_scan,Num_Obs_scan,AUC_scan,Accuracy_scan,Precision_w,Recall_w,F1_score_w,Total_Obs,AUC_w,Accuracy_w,Hyper_time,Training_time,Testing_time,Total_time
5.0,2.0,77.0,0.9831387808041504,0.9738758029978587,0.9784853700516352,2335.0,0.7369379014989293,0.9585578118524658,0.7,0.1320754716981132,0.22222222222222224,53.0,0.5654021426287176,0.9796933278077082,1.0,0.28,0.43750000000000006,25.0,0.64,0.9925404061334439,0.9770945102269752,0.9481972648155823,0.9562696298584111,2413.0,0.7321658986984344,0.9593741181942198,4993.684707403183,13.943787336349487,0.8287169933319092,0.8287169933319092
