Rep,Kfold,Num_Vars_,Precision_background,Recall_background,F1_score_background,Num_Obs_background,AUC_background,Accuracy_background,Precision_dos,Recall_dos,F1_score_dos,Num_Obs_dos,AUC_dos,Accuracy_dos,Precision_scan,Recall_scan,F1_score_scan,Num_Obs_scan,AUC_scan,Accuracy_scan,Precision_w,Recall_w,F1_score_w,Total_Obs,AUC_w,Accuracy_w,Hyper_time,Training_time,Testing_time,Total_time
5.0,1.0,54.0,0.9881656804733728,0.9301628106255355,0.9582873537850364,2334.0,0.7940287737338205,0.9215767634854771,0.6451612903225806,0.38461538461538464,0.4819277108433735,52.0,0.6899752071507796,0.9821576763485477,1.0,0.4583333333333333,0.6285714285714286,24.0,0.7291666666666666,0.9946058091286307,0.9808826080172723,0.9136929460580913,0.9447255763418444,2410.0,0.7911377048409036,0.9236111637196328,4210.457282781601,45.00341725349426,1.4742028713226318,1.4742028713226318
