Rep,Kfold,Num_Vars_,Precision_background,Recall_background,F1_score_background,Num_Obs_background,AUC_background,Accuracy_background,Precision_dos,Recall_dos,F1_score_dos,Num_Obs_dos,AUC_dos,Accuracy_dos,Precision_scan,Recall_scan,F1_score_scan,Num_Obs_scan,AUC_scan,Accuracy_scan,Precision_w,Recall_w,F1_score_w,Total_Obs,AUC_w,Accuracy_w,Hyper_time,Training_time,Testing_time,Total_time
5.0,4.0,35.0,0.9917945058865502,0.7300420168067226,0.8410225381939191,3808.0,0.8623459676962202,0.870358949056371,0.8045292014302742,0.9868421052631579,0.8864084044648719,3420.0,0.9059450551918521,0.8933020846182311,0.96,0.027303754266211604,0.05309734513274337,879.0,0.513582701704218,0.8944122363389663,0.9093478903796128,0.7621808313802887,0.7747382675569245,8107.0,0.8429239827977485,0.882645659694457,3508.4234001636505,212.03740644454956,5.449735879898071,3757.4415028095245
