Rep,Kfold,Num_Vars_,Precision_background,Recall_background,F1_score_background,Num_Obs_background,AUC_background,Accuracy_background,Precision_dos,Recall_dos,F1_score_dos,Num_Obs_dos,AUC_dos,Accuracy_dos,Precision_scan,Recall_scan,F1_score_scan,Num_Obs_scan,AUC_scan,Accuracy_scan,Precision_w,Recall_w,F1_score_w,Total_Obs,AUC_w,Accuracy_w,Hyper_time,Training_time,Testing_time,Total_time
6.0,3.0,50.0,0.9638183217859893,0.9863445378151261,0.9749513303049968,3808.0,0.9767692907782006,0.9761904761904762,0.8043062200956937,0.9833284586136297,0.8848532701671272,3419.0,0.9044015879584044,0.8920552677029361,1.0,0.023890784982935155,0.046666666666666676,879.0,0.5119453924914675,0.8941524796447077,0.9004617734848537,0.8807056501357019,0.8362876877008187,8106.0,0.8958409188888691,0.9318073431060165,4193.840576887131,252.41391110420227,1.2148313522338867,4459.6914892196655
