Rep,Kfold,Num_Vars_,Precision_background,Recall_background,F1_score_background,Num_Obs_background,AUC_background,Accuracy_background,Precision_dos,Recall_dos,F1_score_dos,Num_Obs_dos,AUC_dos,Accuracy_dos,Precision_scan,Recall_scan,F1_score_scan,Num_Obs_scan,AUC_scan,Accuracy_scan,Precision_w,Recall_w,F1_score_w,Total_Obs,AUC_w,Accuracy_w,Hyper_time,Training_time,Testing_time,Total_time
6.0,1.0,41.0,0.9900090826521344,0.934018851756641,0.9611992945326279,2334.0,0.8259837848526794,0.9270315091210614,0.6666666666666666,0.1509433962264151,0.24615384615384617,53.0,0.5746238812416519,0.9796849087893864,1.0,0.28,0.43750000000000006,25.0,0.64,0.9925373134328358,0.9830076833513329,0.9100331674958541,0.9400592070005419,2412.0,0.8185328439270155,0.9288674441501724,4195.229777097702,181.1658570766449,1.1780903339385986,1.1780903339385986
