Rep,Kfold,Num_Vars_,Precision_background,Recall_background,F1_score_background,Num_Obs_background,AUC_background,Accuracy_background,Precision_dos,Recall_dos,F1_score_dos,Num_Obs_dos,AUC_dos,Accuracy_dos,Precision_scan,Recall_scan,F1_score_scan,Num_Obs_scan,AUC_scan,Accuracy_scan,Precision_w,Recall_w,F1_score_w,Total_Obs,AUC_w,Accuracy_w,Hyper_time,Training_time,Testing_time,Total_time
6.0,2.0,27.0,0.9877425944841676,0.8282655246252677,0.901001630561379,2335.0,0.758288606468478,0.8237976782752903,0.25555555555555554,0.4423076923076923,0.32394366197183094,52.0,0.7069589308996089,0.9601990049751243,1.0,0.4,0.5714285714285715,25.0,0.7,0.9937810945273632,0.9720845136854976,0.8155058043117744,0.8851449386687685,2412.0,0.7565778443244924,0.8285001883891764,4220.679445981979,30.10922336578369,1.2236120700836182,1.2236120700836182
