Rep,Kfold,Num_Vars_,Precision_background,Recall_background,F1_score_background,Num_Obs_background,AUC_background,Accuracy_background,Precision_dos,Recall_dos,F1_score_dos,Num_Obs_dos,AUC_dos,Accuracy_dos,Precision_scan,Recall_scan,F1_score_scan,Num_Obs_scan,AUC_scan,Accuracy_scan,Precision_w,Recall_w,F1_score_w,Total_Obs,AUC_w,Accuracy_w,Hyper_time,Training_time,Testing_time,Total_time
6.0,5.0,62.0,0.9842351938645079,0.9892933618843683,0.9867577958137548,2335.0,0.7512256283106051,0.9742845292409789,1.0,0.038461538461538464,0.07407407407407407,52.0,0.5192307692307693,0.9792617171298217,1.0,0.25,0.4,24.0,0.625,0.9925342181667358,0.9847321350782354,0.9614267938614682,0.9612323953035956,2411.0,0.744965508961121,0.9745735405659222,4623.443583011627,13.650139331817627,1.2158854007720947,1.2158854007720947
