Rep,Kfold,Num_Vars_,Precision_background,Recall_background,F1_score_background,Num_Obs_background,AUC_background,Accuracy_background,Precision_dos,Recall_dos,F1_score_dos,Num_Obs_dos,AUC_dos,Accuracy_dos,Precision_scan,Recall_scan,F1_score_scan,Num_Obs_scan,AUC_scan,Accuracy_scan,Precision_w,Recall_w,F1_score_w,Total_Obs,AUC_w,Accuracy_w,Hyper_time,Training_time,Testing_time,Total_time
6.0,1.0,41.0,0.9660581126253536,0.987125591171834,0.9764782326185835,3806.0,0.9782103880492806,0.9776681061073411,0.8024656766601289,0.8371821104940076,0.8194563662374821,3421.0,0.8433348639575077,0.844293645897594,0.96,0.02733485193621868,0.053156146179401995,878.0,0.5135982409674175,0.8945095619987662,0.8963519132025165,0.8198642813078346,0.8101798246255731,8105.0,0.8709508404791595,0.9123643146076652,4195.229777097702,181.1658570766449,1.6219840049743652,4395.098027706146
