Rep,Kfold,Num_Vars_,Precision_background,Recall_background,F1_score_background,Num_Obs_background,AUC_background,Accuracy_background,Precision_dos,Recall_dos,F1_score_dos,Num_Obs_dos,AUC_dos,Accuracy_dos,Precision_scan,Recall_scan,F1_score_scan,Num_Obs_scan,AUC_scan,Accuracy_scan,Precision_w,Recall_w,F1_score_w,Total_Obs,AUC_w,Accuracy_w,Hyper_time,Training_time,Testing_time,Total_time
6.0,2.0,27.0,0.9640841457157516,0.9868697478991597,0.9753438878795744,3808.0,0.9771520174713291,0.9765634636733687,0.8082951531227394,0.9801169590643275,0.8859521606977666,3420.0,0.905249433233892,0.8935487850006167,0.9523809523809523,0.022753128555176336,0.044444444444444446,879.0,0.5113073888487005,0.8939188355741952,0.8970944501922052,0.879486863204638,0.8367007007892497,8107.0,0.8963102428751374,0.9325823573257697,4220.679445981979,30.10922336578369,5.029515504837036,4278.926746606827
