Rep,Kfold,Num_Vars_,Precision_background,Recall_background,F1_score_background,Num_Obs_background,AUC_background,Accuracy_background,Precision_dos,Recall_dos,F1_score_dos,Num_Obs_dos,AUC_dos,Accuracy_dos,Precision_scan,Recall_scan,F1_score_scan,Num_Obs_scan,AUC_scan,Accuracy_scan,Precision_w,Recall_w,F1_score_w,Total_Obs,AUC_w,Accuracy_w,Hyper_time,Training_time,Testing_time,Total_time
7.0,2.0,91.0,0.9074585635359116,0.922752808988764,0.915041782729805,1424.0,0.5399927566956398,0.8458622867972204,0.16393442622950818,0.5633802816901409,0.25396825396825395,71.0,0.714229823384753,0.8515476942514214,0.0,0.0,0.0,88.0,0.5,0.9444093493367025,0.8236641432327435,0.8553379658875553,0.8345238437390955,1583.0,0.5455843354358235,0.8515955814483404,5285.970745563507,100.56778764724731,1.1153979301452637,1.1153979301452637
