Rep,Kfold,Num_Vars_,Precision_background,Recall_background,F1_score_background,Num_Obs_background,AUC_background,Accuracy_background,Precision_dos,Recall_dos,F1_score_dos,Num_Obs_dos,AUC_dos,Accuracy_dos,Precision_scan,Recall_scan,F1_score_scan,Num_Obs_scan,AUC_scan,Accuracy_scan,Precision_w,Recall_w,F1_score_w,Total_Obs,AUC_w,Accuracy_w,Hyper_time,Training_time,Testing_time,Total_time
7.0,2.0,91.0,0.9897488467452589,0.8269807280513919,0.9010732617825479,2335.0,0.7836202341555661,0.824212271973466,0.06578947368421052,0.660377358490566,0.11965811965811965,53.0,0.7248474329544818,0.7864842454394693,1.0,0.5833333333333334,0.7368421052631579,24.0,0.7916666666666667,0.9958540630182421,0.9695482583977789,0.8208955223880597,0.8822687218617103,2412.0,0.78240885601154,0.8250911349829075,5285.970745563507,100.56778764724731,0.9129242897033691,0.9129242897033691
