Rep,Kfold,Num_Vars_,Precision_background,Recall_background,F1_score_background,Num_Obs_background,AUC_background,Accuracy_background,Precision_dos,Recall_dos,F1_score_dos,Num_Obs_dos,AUC_dos,Accuracy_dos,Precision_scan,Recall_scan,F1_score_scan,Num_Obs_scan,AUC_scan,Accuracy_scan,Precision_w,Recall_w,F1_score_w,Total_Obs,AUC_w,Accuracy_w,Hyper_time,Training_time,Testing_time,Total_time
7.0,3.0,43.0,0.9865509761388286,0.9738758029978587,0.9801724137931035,2335.0,0.785639200200228,0.9618573797678275,0.8461538461538461,0.21153846153846154,0.3384615384615385,52.0,0.6053455019556714,0.9821724709784412,1.0,0.48,0.6486486486486487,25.0,0.74,0.9946102819237148,0.9836635693549605,0.9523217247097844,0.9629016593794001,2412.0,0.781279228262532,0.9626348288958744,4485.9479212760925,12.551644802093506,1.1590313911437988,1.1590313911437988
