Rep,Kfold,Num_Vars_,Precision_background,Recall_background,F1_score_background,Num_Obs_background,AUC_background,Accuracy_background,Precision_dos,Recall_dos,F1_score_dos,Num_Obs_dos,AUC_dos,Accuracy_dos,Precision_scan,Recall_scan,F1_score_scan,Num_Obs_scan,AUC_scan,Accuracy_scan,Precision_w,Recall_w,F1_score_w,Total_Obs,AUC_w,Accuracy_w,Hyper_time,Training_time,Testing_time,Total_time
7.0,3.0,43.0,0.9623463114754098,0.9866071428571429,0.9743257261410788,3808.0,0.976206572126408,0.9755766621438263,0.8046032126588348,0.9812865497076023,0.8842049795810828,3420.0,0.9037006676423653,0.891575181941532,0.9166666666666666,0.02502844141069397,0.048726467331118496,879.0,0.5123758698475718,0.894042185765388,0.8908483707156254,0.8801036141606019,0.8359496681998995,8107.0,0.8953286418638543,0.931299634016468,4485.9479212760925,12.551644802093506,2.9133923053741455,4519.628305435181
