Rep,Kfold,Num_Vars_,Precision_background,Recall_background,F1_score_background,Num_Obs_background,AUC_background,Accuracy_background,Precision_dos,Recall_dos,F1_score_dos,Num_Obs_dos,AUC_dos,Accuracy_dos,Precision_scan,Recall_scan,F1_score_scan,Num_Obs_scan,AUC_scan,Accuracy_scan,Precision_w,Recall_w,F1_score_w,Total_Obs,AUC_w,Accuracy_w,Hyper_time,Training_time,Testing_time,Total_time
7.0,5.0,41.0,0.9297886843899114,0.9585382993675334,0.9439446366782007,1423.0,0.6533197825951591,0.8975332068311196,0.42857142857142855,0.08571428571428572,0.14285714285714285,70.0,0.5402098893826226,0.9544592030360531,0.0,0.0,0.0,88.0,0.5,0.9443390259329538,0.855843958182697,0.866540164452878,0.8559349892429347,1581.0,0.6397778259896869,0.9026589069040523,4162.764094352722,172.2937388420105,0.7466599941253662,0.7466599941253662
