Rep,Kfold,Num_Vars_,Precision_background,Recall_background,F1_score_background,Num_Obs_background,AUC_background,Accuracy_background,Precision_dos,Recall_dos,F1_score_dos,Num_Obs_dos,AUC_dos,Accuracy_dos,Precision_scan,Recall_scan,F1_score_scan,Num_Obs_scan,AUC_scan,Accuracy_scan,Precision_w,Recall_w,F1_score_w,Total_Obs,AUC_w,Accuracy_w,Hyper_time,Training_time,Testing_time,Total_time
7.0,5.0,41.0,0.9884615384615385,0.8805139186295503,0.9313703284258211,2335.0,0.7844128034706193,0.8743781094527363,0.5555555555555556,0.28846153846153844,0.37974683544303794,52.0,0.6416883963494132,0.9796849087893864,1.0,0.4,0.5714285714285715,25.0,0.7,0.9937810945273632,0.979248167991949,0.8627694859038143,0.915747208376055,2412.0,0.7804609007935595,0.8778859984213813,4162.764094352722,172.2937388420105,0.8411200046539307,0.8411200046539307
