Rep,Kfold,Num_Vars_,Precision_background,Recall_background,F1_score_background,Num_Obs_background,AUC_background,Accuracy_background,Precision_dos,Recall_dos,F1_score_dos,Num_Obs_dos,AUC_dos,Accuracy_dos,Precision_scan,Recall_scan,F1_score_scan,Num_Obs_scan,AUC_scan,Accuracy_scan,Precision_w,Recall_w,F1_score_w,Total_Obs,AUC_w,Accuracy_w,Hyper_time,Training_time,Testing_time,Total_time
7.0,1.0,34.0,0.968266253869969,0.9858156028368794,0.976962124170246,3807.0,0.9785988204970809,0.978161628624306,0.8049653855335402,0.9862532904357999,0.886435331230284,3419.0,0.9059520826912247,0.8933991363355953,1.0,0.027303754266211604,0.053156146179401995,879.0,0.5136518771331058,0.8945095619987662,0.902821256214947,0.8820481184454041,0.8385862377155042,8105.0,0.8975294115180363,0.9333333587046327,4011.1563794612885,245.201153755188,4.536326885223389,4296.495472669601
