Rep,Kfold,Num_Vars_,Precision_background,Recall_background,F1_score_background,Num_Obs_background,AUC_background,Accuracy_background,Precision_dos,Recall_dos,F1_score_dos,Num_Obs_dos,AUC_dos,Accuracy_dos,Precision_scan,Recall_scan,F1_score_scan,Num_Obs_scan,AUC_scan,Accuracy_scan,Precision_w,Recall_w,F1_score_w,Total_Obs,AUC_w,Accuracy_w,Hyper_time,Training_time,Testing_time,Total_time
8.0,3.0,38.0,0.011225997045790252,0.7755102040816326,0.0221316249271986,49.0,0.47586733438145135,0.1833657587548638,0.0,0.0,0.0,3297.0,0.5,0.19820038910505836,0.0,0.0,0.0,766.0,0.5,0.813715953307393,0.00013377282471880406,0.00924124513618677,0.0002637280207764425,4112.0,0.49971242689316414,0.31268434467213735,3777.1871247291565,31.668163776397705,2.9058709144592285,2.9058709144592285
