Rep,Kfold,Num_Vars_,Precision_background,Recall_background,F1_score_background,Num_Obs_background,AUC_background,Accuracy_background,Precision_dos,Recall_dos,F1_score_dos,Num_Obs_dos,AUC_dos,Accuracy_dos,Precision_scan,Recall_scan,F1_score_scan,Num_Obs_scan,AUC_scan,Accuracy_scan,Precision_w,Recall_w,F1_score_w,Total_Obs,AUC_w,Accuracy_w,Hyper_time,Training_time,Testing_time,Total_time
8.0,2.0,32.0,0.9278846153846154,0.9487359550561798,0.9381944444444444,1424.0,0.644179298282807,0.8875552747946936,0.8636363636363636,0.2676056338028169,0.4086021505376344,71.0,0.632810753409345,0.965255843335439,0.0,0.0,0.0,88.0,0.5,0.9444093493367025,0.8734212723473621,0.8654453569172458,0.8622865708004175,1583.0,0.6356543804464818,0.8942008205471192,3403.8282997608185,206.49855637550354,1.7019321918487549,1.7019321918487549
