Rep,Kfold,Num_Vars_,Precision_background,Recall_background,F1_score_background,Num_Obs_background,AUC_background,Accuracy_background,Precision_dos,Recall_dos,F1_score_dos,Num_Obs_dos,AUC_dos,Accuracy_dos,Precision_scan,Recall_scan,F1_score_scan,Num_Obs_scan,AUC_scan,Accuracy_scan,Precision_w,Recall_w,F1_score_w,Total_Obs,AUC_w,Accuracy_w,Hyper_time,Training_time,Testing_time,Total_time
8.0,3.0,38.0,0.986003861003861,0.8749464668094219,0.9271613342409804,2335.0,0.7466837597205004,0.866860223973455,0.2619047619047619,0.21153846153846154,0.2340425531914894,52.0,0.5991986500146737,0.9701368726669432,1.0,0.375,0.5454545454545454,24.0,0.6875,0.9937785151389465,0.9705259490099806,0.8556615512235587,0.9084126243507074,2411.0,0.7429136908951188,0.870351067905447,3777.1871247291565,31.668163776397705,1.4353721141815186,1.4353721141815186
