Rep,Kfold,Num_Vars_,Precision_background,Recall_background,F1_score_background,Num_Obs_background,AUC_background,Accuracy_background,Precision_dos,Recall_dos,F1_score_dos,Num_Obs_dos,AUC_dos,Accuracy_dos,Precision_scan,Recall_scan,F1_score_scan,Num_Obs_scan,AUC_scan,Accuracy_scan,Precision_w,Recall_w,F1_score_w,Total_Obs,AUC_w,Accuracy_w,Hyper_time,Training_time,Testing_time,Total_time
8.0,2.0,32.0,0.011968734733756717,1.0,0.02365435674631909,49.0,0.5020925652387986,0.016054487959134032,0.0,0.0,0.0,3297.0,0.5,0.1980053514959864,0.0,0.0,0.0,765.0,0.5,0.8139138895645829,0.0001426582344816539,0.011919241060569205,0.00028194198019207867,4111.0,0.5000249417895162,0.31044865952546113,3403.8282997608185,206.49855637550354,4.449397325515747,4.449397325515747
