Rep,Kfold,Num_Vars_,Precision_background,Recall_background,F1_score_background,Num_Obs_background,AUC_background,Accuracy_background,Precision_dos,Recall_dos,F1_score_dos,Num_Obs_dos,AUC_dos,Accuracy_dos,Precision_scan,Recall_scan,F1_score_scan,Num_Obs_scan,AUC_scan,Accuracy_scan,Precision_w,Recall_w,F1_score_w,Total_Obs,AUC_w,Accuracy_w,Hyper_time,Training_time,Testing_time,Total_time
8.0,2.0,32.0,1.0,0.9872628192502134,0.9935905907228757,15231.0,0.9936314096251067,0.9940167776955342,0.809916375066722,0.9984645755648168,0.8943611238457003,13677.0,0.9137519442607783,0.900505798174192,0.9600760456273765,0.14362912400455063,0.24987629886194954,3516.0,0.5714513407486431,0.9064890204786578,0.9154901812920495,0.900505798174192,0.8710868629699106,32424.0,0.9141564352247377,0.9450808888080455,3403.8282997608185,206.49855637550354,9.998517990112305,3656.2935502529144
