Rep,Kfold,Num_Vars_,Precision_background,Recall_background,F1_score_background,Num_Obs_background,AUC_background,Accuracy_background,Precision_dos,Recall_dos,F1_score_dos,Num_Obs_dos,AUC_dos,Accuracy_dos,Precision_scan,Recall_scan,F1_score_scan,Num_Obs_scan,AUC_scan,Accuracy_scan,Precision_w,Recall_w,F1_score_w,Total_Obs,AUC_w,Accuracy_w,Hyper_time,Training_time,Testing_time,Total_time
8.0,1.0,19.0,0.9268476621417798,0.863061797752809,0.8938181818181818,1424.0,0.6245688735599488,0.8154235145385588,0.3010752688172043,0.4,0.3435582822085889,70.0,0.678505291005291,0.9323640960809102,0.0,0.0,0.0,88.0,0.5,0.9443742098609356,0.8476019846441837,0.7945638432364096,0.8197510560453174,1582.0,0.6200261986850427,0.8277708608699962,4216.483197450638,28.991724014282227,1.2840325832366943,1.2840325832366943
