Rep,Kfold,Num_Vars_,Precision_background,Recall_background,F1_score_background,Num_Obs_background,AUC_background,Accuracy_background,Precision_dos,Recall_dos,F1_score_dos,Num_Obs_dos,AUC_dos,Accuracy_dos,Precision_scan,Recall_scan,F1_score_scan,Num_Obs_scan,AUC_scan,Accuracy_scan,Precision_w,Recall_w,F1_score_w,Total_Obs,AUC_w,Accuracy_w,Hyper_time,Training_time,Testing_time,Total_time
8.0,1.0,19.0,0.01774622892635315,0.8163265306122449,0.03473729917498914,49.0,0.6357715330226579,0.45951859956236324,0.0,0.0,0.0,3298.0,0.5,0.19815220034038414,0.0,0.0,0.0,766.0,0.5,0.8137612448334549,0.00021141872535650481,0.009725261366399222,0.0004138409092084775,4113.0,0.5016175067148335,0.3159162367234547,4216.483197450638,28.991724014282227,3.340703010559082,3.340703010559082
