Rep,Kfold,Num_Vars_,Precision_background,Recall_background,F1_score_background,Num_Obs_background,AUC_background,Accuracy_background,Precision_dos,Recall_dos,F1_score_dos,Num_Obs_dos,AUC_dos,Accuracy_dos,Precision_scan,Recall_scan,F1_score_scan,Num_Obs_scan,AUC_scan,Accuracy_scan,Precision_w,Recall_w,F1_score_w,Total_Obs,AUC_w,Accuracy_w,Hyper_time,Training_time,Testing_time,Total_time
8.0,2.0,32.0,0.9648267008985879,0.9871289729445758,0.9758504284601403,3807.0,0.9776305483471425,0.9770540340488527,0.8282955499580185,0.5767319497223035,0.6799931070136136,3421.0,0.7447160282229448,0.7709104367135455,1.0,0.025056947608200455,0.048888888888888885,878.0,0.5125284738041003,0.8943992104613866,0.9110158310791149,0.7097211941771527,0.750585176990596,8106.0,0.828955468801908,0.8811018774248851,3403.8282997608185,206.49855637550354,9.998517990112305,3656.2935502529144
