Rep,Kfold,Num_Vars_,Precision_background,Recall_background,F1_score_background,Num_Obs_background,AUC_background,Accuracy_background,Precision_dos,Recall_dos,F1_score_dos,Num_Obs_dos,AUC_dos,Accuracy_dos,Precision_scan,Recall_scan,F1_score_scan,Num_Obs_scan,AUC_scan,Accuracy_scan,Precision_w,Recall_w,F1_score_w,Total_Obs,AUC_w,Accuracy_w,Hyper_time,Training_time,Testing_time,Total_time
9.0,1.0,74.0,0.9205252246026261,0.9360505973295854,0.9282229965156794,1423.0,0.6063900785390066,0.8697850821744627,0.5483870967741935,0.4788732394366197,0.5112781954887218,71.0,0.7301712325574892,0.9589127686472819,0.0,0.0,0.0,88.0,0.5,0.9443742098609356,0.8526187601014568,0.8634639696586599,0.8578774184080347,1582.0,0.6060273320307131,0.8779342028925283,4974.775107622147,24.81388807296753,0.6071262359619141,0.6071262359619141
