Rep,Kfold,Num_Vars_,Precision_background,Recall_background,F1_score_background,Num_Obs_background,AUC_background,Accuracy_background,Precision_dos,Recall_dos,F1_score_dos,Num_Obs_dos,AUC_dos,Accuracy_dos,Precision_scan,Recall_scan,F1_score_scan,Num_Obs_scan,AUC_scan,Accuracy_scan,Precision_w,Recall_w,F1_score_w,Total_Obs,AUC_w,Accuracy_w,Hyper_time,Training_time,Testing_time,Total_time
9.0,3.0,63.0,0.012168410805548795,1.0,0.024044241404183698,50.0,0.5004922471080482,0.01312910284463895,0.0,0.0,0.0,3297.0,0.5,0.19839533187454414,0.0,0.0,0.0,766.0,0.5,0.8137612448334549,0.00014792621937209817,0.012156576707999028,0.0002922956650156054,4113.0,0.5000059840397283,0.3107481103513325,4296.337342739105,23.5468647480011,1.3734726905822754,1.3734726905822754
