Rep,Kfold,Num_Vars_,Precision_background,Recall_background,F1_score_background,Num_Obs_background,AUC_background,Accuracy_background,Precision_dos,Recall_dos,F1_score_dos,Num_Obs_dos,AUC_dos,Accuracy_dos,Precision_scan,Recall_scan,F1_score_scan,Num_Obs_scan,AUC_scan,Accuracy_scan,Precision_w,Recall_w,F1_score_w,Total_Obs,AUC_w,Accuracy_w,Hyper_time,Training_time,Testing_time,Total_time
9.0,5.0,30.0,0.015963978714695046,0.7959183673469388,0.03130016051364366,49.0,0.6020458404927702,0.4127949404037947,0.0,0.0,0.0,3297.0,0.5,0.1980053514959864,0.0,0.0,0.0,765.0,0.5,0.8139138895645829,0.000190278510586246,0.009486742884942837,0.00037307415839662843,4111.0,0.5012163089720617,0.3151775046166283,3404.6748979091644,69.62507224082947,4.082128524780273,4.082128524780273
