Rep,Kfold,Num_Vars_,Precision_background,Recall_background,F1_score_background,Num_Obs_background,AUC_background,Accuracy_background,Precision_dos,Recall_dos,F1_score_dos,Num_Obs_dos,AUC_dos,Accuracy_dos,Precision_scan,Recall_scan,F1_score_scan,Num_Obs_scan,AUC_scan,Accuracy_scan,Precision_w,Recall_w,F1_score_w,Total_Obs,AUC_w,Accuracy_w,Hyper_time,Training_time,Testing_time,Total_time
9.0,2.0,38.0,0.011701608971233545,0.9795918367346939,0.02312695735967237,49.0,0.49090347436045545,0.013861867704280155,0.0,0.0,0.0,3297.0,0.5,0.19820038910505836,0.0,0.0,0.0,766.0,0.5,0.813715953307393,0.00013944037927783167,0.011673151750972763,0.000275588742856018,4112.0,0.49989160268571553,0.31066447826613575,3922.559154033661,183.2802608013153,2.4893863201141357,2.4893863201141357
