Rep,Kfold,Num_Vars_,Precision_background,Recall_background,F1_score_background,Num_Obs_background,AUC_background,Accuracy_background,Precision_dos,Recall_dos,F1_score_dos,Num_Obs_dos,AUC_dos,Accuracy_dos,Precision_scan,Recall_scan,F1_score_scan,Num_Obs_scan,AUC_scan,Accuracy_scan,Precision_w,Recall_w,F1_score_w,Total_Obs,AUC_w,Accuracy_w,Hyper_time,Training_time,Testing_time,Total_time
9.0,2.0,38.0,0.98558648111332,0.8496143958868895,0.912563276576162,2334.0,0.7364955096317564,0.8423890501866446,0.2765957446808511,0.25,0.2626262626262626,52.0,0.6177935565917761,0.9697221070095396,1.0,0.48,0.6486486486486487,25.0,0.74,0.9946080464537537,0.9704445564669818,0.8328494400663625,0.8958089877235771,2411.0,0.7339717065214815,0.8467137261972079,3922.559154033661,183.2802608013153,1.4621365070343018,1.4621365070343018
