Rep,Kfold,Num_Vars_,Precision_background,Recall_background,F1_score_background,Num_Obs_background,AUC_background,Accuracy_background,Precision_dos,Recall_dos,F1_score_dos,Num_Obs_dos,AUC_dos,Accuracy_dos,Precision_scan,Recall_scan,F1_score_scan,Num_Obs_scan,AUC_scan,Accuracy_scan,Precision_w,Recall_w,F1_score_w,Total_Obs,AUC_w,Accuracy_w,Hyper_time,Training_time,Testing_time,Total_time
9.0,1.0,74.0,0.9863013698630136,0.7943262411347518,0.8799650807507639,3807.0,0.8922793996371433,0.898236092265943,0.8041606886657102,0.9830458930137387,0.8846507957385242,3421.0,0.9041349823583419,0.8918218823239176,0.9583333333333334,0.026166097838452786,0.050941306755260235,879.0,0.5130138734903387,0.8942888861477736,0.9064090330570973,0.7906747255458246,0.7920556116044805,8107.0,0.8561604346693598,0.895101442409086,4974.775107622147,24.81388807296753,0.915407657623291,5011.01419377327
