Rep,Kfold,Num_Vars_,Precision_background,Recall_background,F1_score_background,Num_Obs_background,AUC_background,Accuracy_background,Precision_dos,Recall_dos,F1_score_dos,Num_Obs_dos,AUC_dos,Accuracy_dos,Precision_scan,Recall_scan,F1_score_scan,Num_Obs_scan,AUC_scan,Accuracy_scan,Precision_w,Recall_w,F1_score_w,Total_Obs,AUC_w,Accuracy_w,Hyper_time,Training_time,Testing_time,Total_time
9.0,5.0,30.0,0.9315274642588413,0.8693820224719101,0.8993824918270977,1424.0,0.6467163276916512,0.8249051833122629,0.6666666666666666,0.05714285714285714,0.10526315789473684,70.0,0.527910052910053,0.9570164348925411,0.0,0.0,0.0,88.0,0.5,0.9443742098609356,0.8679910087049664,0.7850821744627055,0.814215606456649,1582.0,0.6332982012241561,0.8373963729120749,3404.6748979091644,69.62507224082947,1.9164040088653564,1.9164040088653564
