Rep,Kfold,Num_Vars_,Precision_background,Recall_background,F1_score_background,Num_Obs_background,AUC_background,Accuracy_background,Precision_dos,Recall_dos,F1_score_dos,Num_Obs_dos,AUC_dos,Accuracy_dos,Precision_scan,Recall_scan,F1_score_scan,Num_Obs_scan,AUC_scan,Accuracy_scan,Precision_w,Recall_w,F1_score_w,Total_Obs,AUC_w,Accuracy_w,Hyper_time,Training_time,Testing_time,Total_time
9.0,5.0,30.0,0.9809289449400185,0.8374474789915967,0.9035274118147048,3808.0,0.9115077245982192,0.9159674234945706,0.8054493307839388,0.9856683240713658,0.886492174141786,3419.0,0.9059611631029187,0.8935093780848964,1.0,0.02280501710376283,0.044593088071348944,877.0,0.5114025085518814,0.8942497532082923,0.9089596105974675,0.8118213228035538,0.8033881127615665,8104.0,0.8658690315793309,0.9041423427817445,3404.6748979091644,69.62507224082947,8.701565980911255,3527.263487815857
