Rep,Kfold,Num_Vars_,Precision_background,Recall_background,F1_score_background,Num_Obs_background,AUC_background,Accuracy_background,Precision_dos,Recall_dos,F1_score_dos,Num_Obs_dos,AUC_dos,Accuracy_dos,Precision_scan,Recall_scan,F1_score_scan,Num_Obs_scan,AUC_scan,Accuracy_scan,Precision_w,Recall_w,F1_score_w,Total_Obs,AUC_w,Accuracy_w,Hyper_time,Training_time,Testing_time,Total_time
9.0,4.0,57.0,0.9648086308759312,0.9866036249014972,0.9755844155844156,3807.0,0.9773641670342759,0.9768044417026527,0.928125,0.08686750511845569,0.15886600695373096,3419.0,0.5409796339079261,0.6119679210363973,1.0,0.027303754266211604,0.053156146179401995,879.0,0.5136518771331058,0.8945095619987662,0.9531506271122356,0.5030228254164096,0.5310224553234264,8105.0,0.7429900989797271,0.8139773888442143,4358.243327140808,12.178069591522217,1.7353463172912598,4386.852538347244
