Rep,Kfold,Num_Vars_,Precision_background,Recall_background,F1_score_background,Num_Obs_background,AUC_background,Accuracy_background,Precision_dos,Recall_dos,F1_score_dos,Num_Obs_dos,AUC_dos,Accuracy_dos,Precision_scan,Recall_scan,F1_score_scan,Num_Obs_scan,AUC_scan,Accuracy_scan,Precision_w,Recall_w,F1_score_w,Total_Obs,AUC_w,Accuracy_w,Hyper_time,Training_time,Testing_time,Total_time
9.0,4.0,57.0,0.9050955414012739,0.9985945186226283,0.94954894754427,1423.0,0.527778271969542,0.9044908285895004,0.0,0.0,0.0,70.0,0.5,0.9557242251739405,0.0,0.0,0.0,88.0,0.5,0.9443390259329538,0.8146432355559853,0.898798228969007,0.8546541128118256,1581.0,0.5250022017790374,0.9089772163991998,4358.243327140808,12.178069591522217,0.9102559089660645,0.9102559089660645
