Rep,Kfold,Num_Vars_,Precision_background,Recall_background,F1_score_background,Num_Obs_background,AUC_background,Accuracy_background,Precision_dos,Recall_dos,F1_score_dos,Num_Obs_dos,AUC_dos,Accuracy_dos,Precision_scan,Recall_scan,F1_score_scan,Num_Obs_scan,AUC_scan,Accuracy_scan,Precision_w,Recall_w,F1_score_w,Total_Obs,AUC_w,Accuracy_w,Hyper_time,Training_time,Testing_time,Total_time
9.0,1.0,74.0,0.011756061719324026,0.9795918367346939,0.023233301064859633,49.0,0.4933638317531737,0.018721128130318503,0.0,0.0,0.0,3298.0,0.5,0.19815220034038414,0.0,0.0,0.0,766.0,0.5,0.8137612448334549,0.0001400551967534348,0.011670313639679067,0.0002767886584435016,4113.0,0.49992094037342705,0.31066482021478214,4974.775107622147,24.81388807296753,0.7100729942321777,0.7100729942321777
