Rep.,Kfold,Num. Vars.,Precision-Background,Recall-Background,F1_score_Background,Num. Obs. Background,AUC_Background,Precision-DoS,Recall-DoS,F1_score_DoS,Num. Obs. Dos,AUC_DoS,Precision-Botnet,Recall-Botnet,F1_score_Botnet,Num. Obs. Botnet,AUC_Botnet,Precision-Scan,Recall-Scan,F1_score_Scan,Num. Obs. Scan,AUC_Scan,Precision-SSHscan,Recall-SSHscan,F1_score_SSHscan,Num. Obs. SSHscan,AUC_SSHscan,Precision-UDPscan,Recall-UDPscan,F1_score_UDPscan,Num. Obs. UDPscan,AUC_UDPscan,Precision-Spam,Recall-Spam,F1_score_Spam,Num. Obs. Spam,AUC_Spam,Precision-w,Recall-w,F1_score_w,Total Obs.,AUC_w,Time
1,1,98,0.8805084745762712,0.9268510258697591,0.9030856149500217,1121,0.8834935401457638,1.0,0.6363636363636364,0.7777777777777778,33,0.8181818181818181,1.0,0.9285714285714286,0.962962962962963,28,0.9642857142857143,1.0,0.8666666666666667,0.9285714285714286,15,0.9333333333333333,0.0,0.0,0.0,5,0.5,1.0,0.5,0.6666666666666666,2,0.75,0.9160636758321273,0.7922403003754693,0.8496644295302013,799,0.8720337714501932,0.897146718417309,0.8652021967049426,0.8782488207414577,2003,0.8782582335956594,16203.878440856934
