Rep.,Kfold,Num. Vars.,Precision-Background,Recall-Background,F1_score_Background,Num. Obs. Background,AUC_Background,Precision-DoS,Recall-DoS,F1_score_DoS,Num. Obs. Dos,AUC_DoS,Precision-Botnet,Recall-Botnet,F1_score_Botnet,Num. Obs. Botnet,AUC_Botnet,Precision-Scan,Recall-Scan,F1_score_Scan,Num. Obs. Scan,AUC_Scan,Precision-SSHscan,Recall-SSHscan,F1_score_SSHscan,Num. Obs. SSHscan,AUC_SSHscan,Precision-UDPscan,Recall-UDPscan,F1_score_UDPscan,Num. Obs. UDPscan,AUC_UDPscan,Precision-Spam,Recall-Spam,F1_score_Spam,Num. Obs. Spam,AUC_Spam,Precision-w,Recall-w,F1_score_w,Total Obs.,AUC_w,Time
1,2,91,0.8655601659751038,0.9304192685102587,0.8968185726569218,1121,0.8734769049233061,1.0,0.7878787878787878,0.8813559322033898,33,0.8939393939393939,0.9310344827586207,0.9310344827586207,0.9310344827586207,29,0.9650109122653862,0.8823529411764706,0.9375,0.9090909090909091,16,0.9682469818913482,0.0,0.0,0.0,5,0.5,0.0,0.0,0.0,2,0.5,0.923943661971831,0.8220551378446115,0.8700265251989389,798,0.8886395092208133,0.8890806563724729,0.8817365269461078,0.8833557821184277,2004,0.8806283467780405,16248.333735227585
