Rep.,Kfold,Num. Vars.,Precision-Background,Recall-Background,F1_score_Background,Num. Obs. Background,AUC_Background,Precision-DoS,Recall-DoS,F1_score_DoS,Num. Obs. Dos,AUC_DoS,Precision-Botnet,Recall-Botnet,F1_score_Botnet,Num. Obs. Botnet,AUC_Botnet,Precision-Scan,Recall-Scan,F1_score_Scan,Num. Obs. Scan,AUC_Scan,Precision-SSHscan,Recall-SSHscan,F1_score_SSHscan,Num. Obs. SSHscan,AUC_SSHscan,Precision-UDPscan,Recall-UDPscan,F1_score_UDPscan,Num. Obs. UDPscan,AUC_UDPscan,Precision-Spam,Recall-Spam,F1_score_Spam,Num. Obs. Spam,AUC_Spam,Precision-w,Recall-w,F1_score_w,Total Obs.,AUC_w,Time
2,3,86,0.8391167192429022,0.9491525423728814,0.8907492674759313,1121,0.8589300126830394,0.9583333333333334,0.696969696969697,0.8070175438596493,33,0.8482310413782496,1.0,0.9642857142857143,0.9818181818181818,28,0.9821428571428572,0.9333333333333333,0.875,0.9032258064516129,16,0.9372483643683945,0.0,0.0,0.0,5,0.5,0.0,0.0,0.0,2,0.5,0.9231905465288035,0.7832080200501254,0.8474576271186441,798,0.8700272465395854,0.8746451481450883,0.8751872191712431,0.8703820350587619,2003,0.8642685397661771,15608.30129122734
