Rep.,Kfold,Num. Vars.,Precision-Background,Recall-Background,F1_score_Background,Num. Obs. Background,AUC_Background,Precision-DoS,Recall-DoS,F1_score_DoS,Num. Obs. Dos,AUC_DoS,Precision-Botnet,Recall-Botnet,F1_score_Botnet,Num. Obs. Botnet,AUC_Botnet,Precision-Scan,Recall-Scan,F1_score_Scan,Num. Obs. Scan,AUC_Scan,Precision-SSHscan,Recall-SSHscan,F1_score_SSHscan,Num. Obs. SSHscan,AUC_SSHscan,Precision-UDPscan,Recall-UDPscan,F1_score_UDPscan,Num. Obs. UDPscan,AUC_UDPscan,Precision-Spam,Recall-Spam,F1_score_Spam,Num. Obs. Spam,AUC_Spam,Precision-w,Recall-w,F1_score_w,Total Obs.,AUC_w,Time
3,1,85,0.8618152085036794,0.9402319357716324,0.8993174061433447,1121,0.8744194786445931,1.0,0.8484848484848485,0.9180327868852458,33,0.9242424242424243,0.9642857142857143,0.9310344827586207,0.9473684210526316,29,0.9652640768223483,1.0,0.8125,0.896551724137931,16,0.90625,0.0,0.0,0.0,5,0.5,1.0,0.5,0.6666666666666666,2,0.75,0.9140271493212669,0.7593984962406015,0.8295687885010268,798,0.8560674073242809,0.8854554888249907,0.8627744510978044,0.8700487188661618,2004,0.8684424575016034,10288.355221509933
