Rep.,Kfold,Num. Vars.,Precision-Background,Recall-Background,F1_score_Background,Num. Obs. Background,AUC_Background,Precision-DoS,Recall-DoS,F1_score_DoS,Num. Obs. Dos,AUC_DoS,Precision-Botnet,Recall-Botnet,F1_score_Botnet,Num. Obs. Botnet,AUC_Botnet,Precision-Scan,Recall-Scan,F1_score_Scan,Num. Obs. Scan,AUC_Scan,Precision-SSHscan,Recall-SSHscan,F1_score_SSHscan,Num. Obs. SSHscan,AUC_SSHscan,Precision-UDPscan,Recall-UDPscan,F1_score_UDPscan,Num. Obs. UDPscan,AUC_UDPscan,Precision-Spam,Recall-Spam,F1_score_Spam,Num. Obs. Spam,AUC_Spam,Precision-w,Recall-w,F1_score_w,Total Obs.,AUC_w,Time
5,3,89,0.8597359735973598,0.9295272078501338,0.8932704672096013,1121,0.8686097577712207,1.0,0.6363636363636364,0.7777777777777778,33,0.8181818181818181,0.9615384615384616,0.8620689655172413,0.9090909090909091,29,0.9307814463213737,0.7777777777777778,0.875,0.823529411764706,16,0.9364944695827049,0.0,0.0,0.0,5,0.5,0.0,0.0,0.0,2,0.5,0.9171428571428571,0.8035043804755945,0.85657104736491,799,0.8777057557436015,0.8827382688722407,0.8698254364089776,0.8732983711745957,2005,0.8715586088565184,8993.640356302261
