Rep.,Kfold,Num. Vars.,Precision-Background,Recall-Background,F1_score_Background,Num. Obs. Background,AUC_Background,Precision-DoS,Recall-DoS,F1_score_DoS,Num. Obs. Dos,AUC_DoS,Precision-Botnet,Recall-Botnet,F1_score_Botnet,Num. Obs. Botnet,AUC_Botnet,Precision-Scan,Recall-Scan,F1_score_Scan,Num. Obs. Scan,AUC_Scan,Precision-SSHscan,Recall-SSHscan,F1_score_SSHscan,Num. Obs. SSHscan,AUC_SSHscan,Precision-UDPscan,Recall-UDPscan,F1_score_UDPscan,Num. Obs. UDPscan,AUC_UDPscan,Precision-Spam,Recall-Spam,F1_score_Spam,Num. Obs. Spam,AUC_Spam,Precision-w,Recall-w,F1_score_w,Total Obs.,AUC_w,Time
14,1,82,0.8224510813594232,0.89049955396967,0.8551236749116609,4484,0.8231188617113865,0.9736842105263158,0.8345864661654135,0.8987854251012146,133,0.9171028777527575,0.9906542056074766,0.9380530973451328,0.9636363636363636,113,0.9689632575333258,0.9830508474576272,0.9206349206349206,0.9508196721311476,63,0.9602545672356992,0.0,0.0,0.0,19,0.5,1.0,0.42857142857142855,0.6,7,0.7142857142857143,0.8452939055174901,0.7338760175328741,0.7856544327132562,3194,0.8224266993661465,0.8359060915589657,0.8255335080494197,0.828189919675984,8013,0.8266765783436366,30700.936874628067
