Rep.,Kfold,Num. Vars.,Precision-Background,Recall-Background,F1_score_Background,Num. Obs. Background,AUC_Background,Precision-DoS,Recall-DoS,F1_score_DoS,Num. Obs. Dos,AUC_DoS,Precision-Botnet,Recall-Botnet,F1_score_Botnet,Num. Obs. Botnet,AUC_Botnet,Precision-Scan,Recall-Scan,F1_score_Scan,Num. Obs. Scan,AUC_Scan,Precision-SSHscan,Recall-SSHscan,F1_score_SSHscan,Num. Obs. SSHscan,AUC_SSHscan,Precision-UDPscan,Recall-UDPscan,F1_score_UDPscan,Num. Obs. UDPscan,AUC_UDPscan,Precision-Spam,Recall-Spam,F1_score_Spam,Num. Obs. Spam,AUC_Spam,Precision-w,Recall-w,F1_score_w,Total Obs.,AUC_w,Time
9,1,97,0.8214285714285714,0.8925066904549509,0.8554938007695597,4484,0.8229889643830436,0.9734513274336283,0.8270676691729323,0.8943089430894309,133,0.9133434792565168,0.9905660377358491,0.9292035398230089,0.9589041095890412,113,0.9645384787722638,0.9661016949152542,0.9047619047619048,0.9344262295081968,63,0.9522551662174304,0.0,0.0,0.0,20,0.5,1.0,0.5714285714285714,0.7272727272727273,7,0.7857142857142857,0.849188790560472,0.721265267773254,0.7800169348010161,3193,0.8182052479945108,0.8366420714011962,0.8212904030949707,0.8258938338742957,8013,0.8247562060968577,30332.669819116592
