Rep.,Kfold,Num. Vars.,Precision-Background,Recall-Background,F1_score_Background,Num. Obs. Background,AUC_Background,Precision-DoS,Recall-DoS,F1_score_DoS,Num. Obs. Dos,AUC_DoS,Precision-Botnet,Recall-Botnet,F1_score_Botnet,Num. Obs. Botnet,AUC_Botnet,Precision-Scan,Recall-Scan,F1_score_Scan,Num. Obs. Scan,AUC_Scan,Precision-SSHscan,Recall-SSHscan,F1_score_SSHscan,Num. Obs. SSHscan,AUC_SSHscan,Precision-UDPscan,Recall-UDPscan,F1_score_UDPscan,Num. Obs. UDPscan,AUC_UDPscan,Precision-Spam,Recall-Spam,F1_score_Spam,Num. Obs. Spam,AUC_Spam,Precision-w,Recall-w,F1_score_w,Total Obs.,AUC_w,Time
11,1,88,0.820475995075913,0.8918376449598573,0.8546698012395811,4484,0.8219108859719921,0.9910714285714286,0.8345864661654135,0.9061224489795919,133,0.9172297732527792,0.9907407407407407,0.9469026548672567,0.9683257918552035,113,0.9733880282818369,0.9827586206896551,0.9047619047619048,0.9421487603305785,63,0.9523180513871166,0.0,0.0,0.0,19,0.5,0.75,0.5,0.6,6,0.74993754683987,0.8463503649635037,0.7260488415779587,0.78159757330637,3194,0.819334092852076,0.8353017254644254,0.8232651023464803,0.8264668634540163,8012,0.8248104811314076,40788.93510437012
