Rep.,Kfold,Num. Vars.,Precision-Background,Recall-Background,F1_score_Background,Num. Obs. Background,AUC_Background,Precision-DoS,Recall-DoS,F1_score_DoS,Num. Obs. Dos,AUC_DoS,Precision-Botnet,Recall-Botnet,F1_score_Botnet,Num. Obs. Botnet,AUC_Botnet,Precision-Scan,Recall-Scan,F1_score_Scan,Num. Obs. Scan,AUC_Scan,Precision-SSHscan,Recall-SSHscan,F1_score_SSHscan,Num. Obs. SSHscan,AUC_SSHscan,Precision-UDPscan,Recall-UDPscan,F1_score_UDPscan,Num. Obs. UDPscan,AUC_UDPscan,Precision-Spam,Recall-Spam,F1_score_Spam,Num. Obs. Spam,AUC_Spam,Precision-w,Recall-w,F1_score_w,Total Obs.,AUC_w,Time
20,1,68,0.8117647058823529,0.8925066904549509,0.8502230720203953,4484,0.8147340708510583,0.9734513274336283,0.8333333333333334,0.8979591836734695,132,0.9164763113367175,0.9722222222222222,0.9292035398230089,0.9502262443438914,113,0.9644118724561302,0.9649122807017544,0.873015873015873,0.9166666666666667,63,0.9363821345202651,0.0,0.0,0.0,20,0.5,1.0,0.5,0.6666666666666666,6,0.75,0.843144424131627,0.7219787100814026,0.7778714791701805,3194,0.8164688070954957,0.8285200189552482,0.821392910634049,0.8218394829336952,8012,0.8193353011380334,27589.245019435883
