Rep.,Kfold,Num. Vars.,Precision-Background,Recall-Background,F1_score_Background,Num. Obs. Background,AUC_Background,Precision-DoS,Recall-DoS,F1_score_DoS,Num. Obs. Dos,AUC_DoS,Precision-Botnet,Recall-Botnet,F1_score_Botnet,Num. Obs. Botnet,AUC_Botnet,Precision-Scan,Recall-Scan,F1_score_Scan,Num. Obs. Scan,AUC_Scan,Precision-SSHscan,Recall-SSHscan,F1_score_SSHscan,Num. Obs. SSHscan,AUC_SSHscan,Precision-UDPscan,Recall-UDPscan,F1_score_UDPscan,Num. Obs. UDPscan,AUC_UDPscan,Precision-Spam,Recall-Spam,F1_score_Spam,Num. Obs. Spam,AUC_Spam,Precision-w,Recall-w,F1_score_w,Total Obs.,AUC_w,Time
19,3,87,0.8200041330853483,0.8849241748438894,0.8512281454467446,4484,0.8190210443380445,0.9912280701754386,0.849624060150376,0.9149797570850202,133,0.9247485702452602,0.9814814814814815,0.9380530973451328,0.9592760180995475,113,0.9688999503689837,1.0,0.9047619047619048,0.9500000000000001,63,0.9523809523809523,0.0,0.0,0.0,19,0.5,1.0,0.5,0.6666666666666666,6,0.75,0.8389799635701275,0.7210394489668128,0.7755514396363025,3194,0.8146500690247098,0.8322942183148315,0.8175237144283575,0.8222614578281465,8012,0.8213879103233935,25306.599952697754
