Rep.,Kfold,Num. Vars.,Precision-Background,Recall-Background,F1_score_Background,Num. Obs. Background,AUC_Background,Precision-DoS,Recall-DoS,F1_score_DoS,Num. Obs. Dos,AUC_DoS,Precision-Botnet,Recall-Botnet,F1_score_Botnet,Num. Obs. Botnet,AUC_Botnet,Precision-Scan,Recall-Scan,F1_score_Scan,Num. Obs. Scan,AUC_Scan,Precision-SSHscan,Recall-SSHscan,F1_score_SSHscan,Num. Obs. SSHscan,AUC_SSHscan,Precision-UDPscan,Recall-UDPscan,F1_score_UDPscan,Num. Obs. UDPscan,AUC_UDPscan,Precision-Spam,Recall-Spam,F1_score_Spam,Num. Obs. Spam,AUC_Spam,Precision-w,Recall-w,F1_score_w,Total Obs.,AUC_w,Time
11,3,87,0.8093699515347335,0.8938447814451382,0.8495125052988554,1121,0.8131355426500069,0.9032258064516129,0.8484848484848485,0.875,33,0.9234810029226274,0.896551724137931,0.9285714285714286,0.912280701754386,28,0.9635262206148283,0.9285714285714286,0.8125,0.8666666666666666,16,0.9059983643683944,0.0,0.0,0.0,5,0.5,0.0,0.0,0.0,1,0.5,0.8359941944847605,0.72090112640801,0.7741935483870968,799,0.8135236529050016,0.821283135202031,0.8212680978532202,0.8183573089950557,2003,0.8170144398828307,34669.47493505478
