Rep.,Kfold,Num. Vars.,Precision-Background,Recall-Background,F1_score_Background,Num. Obs. Background,AUC_Background,Precision-DoS,Recall-DoS,F1_score_DoS,Num. Obs. Dos,AUC_DoS,Precision-Botnet,Recall-Botnet,F1_score_Botnet,Num. Obs. Botnet,AUC_Botnet,Precision-Scan,Recall-Scan,F1_score_Scan,Num. Obs. Scan,AUC_Scan,Precision-SSHscan,Recall-SSHscan,F1_score_SSHscan,Num. Obs. SSHscan,AUC_SSHscan,Precision-UDPscan,Recall-UDPscan,F1_score_UDPscan,Num. Obs. UDPscan,AUC_UDPscan,Precision-Spam,Recall-Spam,F1_score_Spam,Num. Obs. Spam,AUC_Spam,Precision-w,Recall-w,F1_score_w,Total Obs.,AUC_w,Time
8,5,85,0.8195749897834083,0.894513826940232,0.8554062699936021,4484,0.8220797090470936,0.9827586206896551,0.8636363636363636,0.9193548387096775,132,0.9316912621583265,0.9814814814814815,0.9380530973451328,0.9592760180995475,113,0.9688999343398239,0.9830508474576272,0.9206349206349206,0.9508196721311476,63,0.960254551409559,0.0,0.0,0.0,19,0.5,1.0,0.6666666666666666,0.8,6,0.8333333333333333,0.8506254598969831,0.7238572323105823,0.7821380243572394,3194,0.8197862038654843,0.8364044091659018,0.8244913244289103,0.8273929887089657,8011,0.8253735521704688,29215.286696195602
