Rep.,Kfold,Num. Vars.,Precision-Background,Recall-Background,F1_score_Background,Num. Obs. Background,AUC_Background,Precision-DoS,Recall-DoS,F1_score_DoS,Num. Obs. Dos,AUC_DoS,Precision-Botnet,Recall-Botnet,F1_score_Botnet,Num. Obs. Botnet,AUC_Botnet,Precision-Scan,Recall-Scan,F1_score_Scan,Num. Obs. Scan,AUC_Scan,Precision-SSHscan,Recall-SSHscan,F1_score_SSHscan,Num. Obs. SSHscan,AUC_SSHscan,Precision-UDPscan,Recall-UDPscan,F1_score_UDPscan,Num. Obs. UDPscan,AUC_UDPscan,Precision-Spam,Recall-Spam,F1_score_Spam,Num. Obs. Spam,AUC_Spam,Precision-w,Recall-w,F1_score_w,Total Obs.,AUC_w,Time
7,5,81,0.7996755879967559,0.8795718108831401,0.8377230246389125,1121,0.7996042936368027,0.8823529411764706,0.9090909090909091,0.8955223880597014,33,0.9535297105129508,1.0,0.9642857142857143,0.9818181818181818,28,0.9821428571428572,1.0,0.8125,0.896551724137931,16,0.90625,0.0,0.0,0.0,5,0.5,0.0,0.0,0.0,1,0.49975012493753124,0.8255813953488372,0.7117794486215538,0.7644683714670256,798,0.8060558372675877,0.8133705967490305,0.8111888111888111,0.8094511720949017,2002,0.8072203805585693,28491.833728790283
