Rep.,Kfold,Num. Vars.,Precision-Background,Recall-Background,F1_score_Background,Num. Obs. Background,AUC_Background,Precision-DoS,Recall-DoS,F1_score_DoS,Num. Obs. Dos,AUC_DoS,Precision-Botnet,Recall-Botnet,F1_score_Botnet,Num. Obs. Botnet,AUC_Botnet,Precision-Scan,Recall-Scan,F1_score_Scan,Num. Obs. Scan,AUC_Scan,Precision-SSHscan,Recall-SSHscan,F1_score_SSHscan,Num. Obs. SSHscan,AUC_SSHscan,Precision-UDPscan,Recall-UDPscan,F1_score_UDPscan,Num. Obs. UDPscan,AUC_UDPscan,Precision-Spam,Recall-Spam,F1_score_Spam,Num. Obs. Spam,AUC_Spam,Precision-w,Recall-w,F1_score_w,Total Obs.,AUC_w,Time
20,4,92,0.8181818181818182,0.8911685994647636,0.8531169940222032,1121,0.8198764854628461,0.875,0.8484848484848485,0.8615384615384615,33,0.9232277108989438,0.9032258064516129,1.0,0.9491525423728813,28,0.999240890688259,0.8666666666666667,0.8125,0.8387096774193549,16,0.9057469818913482,0.0,0.0,0.0,5,0.5,1.0,0.5,0.6666666666666666,2,0.75,0.8359941944847605,0.72090112640801,0.7741935483870968,799,0.8135625963990256,0.8259347149812643,0.8208582834331337,0.8207008603041083,2004,0.8213848631915518,29729.661401987076
