Rep.,Kfold,Num. Vars.,Precision-Background,Recall-Background,F1_score_Background,Num. Obs. Background,AUC_Background,Precision-DoS,Recall-DoS,F1_score_DoS,Num. Obs. Dos,AUC_DoS,Precision-Botnet,Recall-Botnet,F1_score_Botnet,Num. Obs. Botnet,AUC_Botnet,Precision-Scan,Recall-Scan,F1_score_Scan,Num. Obs. Scan,AUC_Scan,Precision-SSHscan,Recall-SSHscan,F1_score_SSHscan,Num. Obs. SSHscan,AUC_SSHscan,Precision-UDPscan,Recall-UDPscan,F1_score_UDPscan,Num. Obs. UDPscan,AUC_UDPscan,Precision-Spam,Recall-Spam,F1_score_Spam,Num. Obs. Spam,AUC_Spam,Precision-w,Recall-w,F1_score_w,Total Obs.,AUC_w,Time
14,3,88,0.8191904664064105,0.8891614629794826,0.8527430221366699,4484,0.8198641782017595,0.9743589743589743,0.8571428571428571,0.9119999999999999,133,0.9283810490816456,0.9814814814814815,0.9380530973451328,0.9592760180995475,113,0.9688999503689837,0.9821428571428571,0.873015873015873,0.9243697478991596,63,0.9364450355141007,0.0,0.0,0.0,20,0.5,1.0,0.5,0.6666666666666666,6,0.75,0.8397529069767442,0.7237707485123708,0.7774600504625736,3193,0.8161289932642783,0.8316217217099651,0.8207688467299051,0.8235221089054819,8012,0.8223448903777425,41574.37410378456
