Rep.,Kfold,Num. Vars.,Precision-Background,Recall-Background,F1_score_Background,Num. Obs. Background,AUC_Background,Precision-DoS,Recall-DoS,F1_score_DoS,Num. Obs. Dos,AUC_DoS,Precision-Botnet,Recall-Botnet,F1_score_Botnet,Num. Obs. Botnet,AUC_Botnet,Precision-Scan,Recall-Scan,F1_score_Scan,Num. Obs. Scan,AUC_Scan,Precision-SSHscan,Recall-SSHscan,F1_score_SSHscan,Num. Obs. SSHscan,AUC_SSHscan,Precision-UDPscan,Recall-UDPscan,F1_score_UDPscan,Num. Obs. UDPscan,AUC_UDPscan,Precision-Spam,Recall-Spam,F1_score_Spam,Num. Obs. Spam,AUC_Spam,Precision-w,Recall-w,F1_score_w,Total Obs.,AUC_w,Time
8,5,85,0.8133891213389122,0.8670829616413916,0.8393782383419689,1121,0.8072674151355317,0.9333333333333333,0.8235294117647058,0.8749999999999999,34,0.911257091669155,1.0,0.8214285714285714,0.9019607843137255,28,0.9107142857142857,0.8666666666666667,0.8125,0.8387096774193549,16,0.9057469818913482,0.0,0.0,0.0,5,0.5,0.3333333333333333,0.5,0.4,2,0.7495004995004996,0.8081805359661495,0.7180451127819549,0.7604512276045123,798,0.8026378134390703,0.8138742212517837,0.8033932135728543,0.8068898910225758,2004,0.8085955295994626,29215.286696195602
