Rep.,Kfold,Num. Vars.,Precision-Background,Recall-Background,F1_score_Background,Num. Obs. Background,AUC_Background,Precision-DoS,Recall-DoS,F1_score_DoS,Num. Obs. Dos,AUC_DoS,Precision-Botnet,Recall-Botnet,F1_score_Botnet,Num. Obs. Botnet,AUC_Botnet,Precision-Scan,Recall-Scan,F1_score_Scan,Num. Obs. Scan,AUC_Scan,Precision-SSHscan,Recall-SSHscan,F1_score_SSHscan,Num. Obs. SSHscan,AUC_SSHscan,Precision-UDPscan,Recall-UDPscan,F1_score_UDPscan,Num. Obs. UDPscan,AUC_UDPscan,Precision-Spam,Recall-Spam,F1_score_Spam,Num. Obs. Spam,AUC_Spam,Precision-w,Recall-w,F1_score_w,Total Obs.,AUC_w,Time
5,3,89,0.8096800656275636,0.8804638715432649,0.8435897435897435,1121,0.8090102163146189,0.9565217391304348,0.6666666666666666,0.7857142857142856,33,0.8330797836375928,0.9333333333333333,0.9655172413793104,0.9491525423728815,29,0.9822525478151614,0.7894736842105263,0.9375,0.8571428571428572,16,0.9677444695827049,0.0,0.0,0.0,5,0.5,0.0,0.0,0.0,2,0.5,0.8132183908045977,0.7083854818523154,0.757190635451505,799,0.8002955601633054,0.8123073869459909,0.8069825436408977,0.8068966090581174,2005,0.8086271687377418,26657.266817331314
