Rep.,Kfold,Num. Vars.,Precision-Background,Recall-Background,F1_score_Background,Num. Obs. Background,AUC_Background,Precision-DoS,Recall-DoS,F1_score_DoS,Num. Obs. Dos,AUC_DoS,Precision-Botnet,Recall-Botnet,F1_score_Botnet,Num. Obs. Botnet,AUC_Botnet,Precision-Scan,Recall-Scan,F1_score_Scan,Num. Obs. Scan,AUC_Scan,Precision-SSHscan,Recall-SSHscan,F1_score_SSHscan,Num. Obs. SSHscan,AUC_SSHscan,Precision-UDPscan,Recall-UDPscan,F1_score_UDPscan,Num. Obs. UDPscan,AUC_UDPscan,Precision-Spam,Recall-Spam,F1_score_Spam,Num. Obs. Spam,AUC_Spam,Precision-w,Recall-w,F1_score_w,Total Obs.,AUC_w,Time
5,2,93,0.8168438266557645,0.8911685994647636,0.8523890784982935,4484,0.8186721184292656,0.9911504424778761,0.8421052631578947,0.9105691056910569,133,0.9209891878535318,0.9905660377358491,0.9292035398230089,0.9589041095890412,113,0.9645384867827864,0.9818181818181818,0.8571428571428571,0.9152542372881356,63,0.9285085433997521,0.0,0.0,0.0,20,0.5,1.0,0.42857142857142855,0.6,7,0.7142857142857143,0.8422978412001464,0.7207263619286162,0.7767842078623248,3194,0.8156536373958434,0.8317492563121999,0.8200648864487148,0.822870509145026,8014,0.8212008917025592,26671.45695233345
