Rep.,Kfold,Num. Vars.,Precision-Background,Recall-Background,F1_score_Background,Num. Obs. Background,AUC_Background,Precision-DoS,Recall-DoS,F1_score_DoS,Num. Obs. Dos,AUC_DoS,Precision-Botnet,Recall-Botnet,F1_score_Botnet,Num. Obs. Botnet,AUC_Botnet,Precision-Scan,Recall-Scan,F1_score_Scan,Num. Obs. Scan,AUC_Scan,Precision-SSHscan,Recall-SSHscan,F1_score_SSHscan,Num. Obs. SSHscan,AUC_SSHscan,Precision-UDPscan,Recall-UDPscan,F1_score_UDPscan,Num. Obs. UDPscan,AUC_UDPscan,Precision-Spam,Recall-Spam,F1_score_Spam,Num. Obs. Spam,AUC_Spam,Precision-w,Recall-w,F1_score_w,Total Obs.,AUC_w,Time
16,1,91,0.8140116763969975,0.8706512042818911,0.8413793103448275,1121,0.8089083685808548,0.9629629629629629,0.7878787878787878,0.8666666666666665,33,0.893685586832795,0.9230769230769231,0.8571428571428571,0.888888888888889,28,0.9280650994575046,0.9375,0.9375,0.9375,16,0.9684983643683944,0.0,0.0,0.0,4,0.5,1.0,0.5,0.6666666666666666,2,0.75,0.8194444444444444,0.7384230287859824,0.7768268597761685,799,0.8152248034295362,0.8197040099730789,0.8147778332501248,0.8156231103744046,2003,0.8150895257611205,39222.712881565094
