Rep.,Kfold,Num. Vars.,Precision-Background,Recall-Background,F1_score_Background,Num. Obs. Background,AUC_Background,Precision-DoS,Recall-DoS,F1_score_DoS,Num. Obs. Dos,AUC_DoS,Precision-Botnet,Recall-Botnet,F1_score_Botnet,Num. Obs. Botnet,AUC_Botnet,Precision-Scan,Recall-Scan,F1_score_Scan,Num. Obs. Scan,AUC_Scan,Precision-SSHscan,Recall-SSHscan,F1_score_SSHscan,Num. Obs. SSHscan,AUC_SSHscan,Precision-UDPscan,Recall-UDPscan,F1_score_UDPscan,Num. Obs. UDPscan,AUC_UDPscan,Precision-Spam,Recall-Spam,F1_score_Spam,Num. Obs. Spam,AUC_Spam,Precision-w,Recall-w,F1_score_w,Total Obs.,AUC_w,Time
10,3,87,0.800978792822186,0.8760035682426405,0.8368129527055816,1121,0.7996797886564677,0.9666666666666667,0.8787878787878788,0.9206349206349207,33,0.9391401322873405,0.9629629629629629,0.9285714285714286,0.9454545454545454,28,0.9640325497287524,0.9333333333333333,0.875,0.9032258064516129,16,0.9372483643683945,0.0,0.0,0.0,5,0.5,0.3333333333333333,0.5,0.4,2,0.7495002498750625,0.8246110325318247,0.7305764411027569,0.7747508305647841,798,0.813835938393702,0.8139789284458459,0.8162755866200699,0.8129923990666801,2003,0.8102154927656546,41122.80575251579
