Rep.,Kfold,Num. Vars.,Precision-Background,Recall-Background,F1_score_Background,Num. Obs. Background,AUC_Background,Precision-DoS,Recall-DoS,F1_score_DoS,Num. Obs. Dos,AUC_DoS,Precision-Botnet,Recall-Botnet,F1_score_Botnet,Num. Obs. Botnet,AUC_Botnet,Precision-Scan,Recall-Scan,F1_score_Scan,Num. Obs. Scan,AUC_Scan,Precision-SSHscan,Recall-SSHscan,F1_score_SSHscan,Num. Obs. SSHscan,AUC_SSHscan,Precision-UDPscan,Recall-UDPscan,F1_score_UDPscan,Num. Obs. UDPscan,AUC_UDPscan,Precision-Spam,Recall-Spam,F1_score_Spam,Num. Obs. Spam,AUC_Spam,Precision-w,Recall-w,F1_score_w,Total Obs.,AUC_w,Time
13,5,83,0.8206232062320623,0.8927297056199821,0.8551591540269173,4484,0.8223569163020545,0.975,0.8796992481203008,0.9249011857707509,133,0.9396592445703674,0.9811320754716981,0.9203539823008849,0.949771689497717,113,0.9600503928468598,0.9818181818181818,0.8571428571428571,0.9152542372881356,63,0.9285085275775928,0.0,0.0,0.0,19,0.5,1.0,0.5714285714285714,0.7272727272727273,7,0.7857142857142857,0.8464928387807565,0.7218916379580332,0.7792427315753889,3193,0.8175758252043747,0.835237588736192,0.8221417873190214,0.8257293651070554,8012,0.8243789857380085,36135.18894457817
