Rep.,Kfold,Num. Vars.,Precision-Background,Recall-Background,F1_score_Background,Num. Obs. Background,AUC_Background,Precision-DoS,Recall-DoS,F1_score_DoS,Num. Obs. Dos,AUC_DoS,Precision-Botnet,Recall-Botnet,F1_score_Botnet,Num. Obs. Botnet,AUC_Botnet,Precision-Scan,Recall-Scan,F1_score_Scan,Num. Obs. Scan,AUC_Scan,Precision-SSHscan,Recall-SSHscan,F1_score_SSHscan,Num. Obs. SSHscan,AUC_SSHscan,Precision-UDPscan,Recall-UDPscan,F1_score_UDPscan,Num. Obs. UDPscan,AUC_UDPscan,Precision-Spam,Recall-Spam,F1_score_Spam,Num. Obs. Spam,AUC_Spam,Precision-w,Recall-w,F1_score_w,Total Obs.,AUC_w,Time
18,2,92,0.8206967213114754,0.8931757359500446,0.8554036736437419,4484,0.8225799314670859,0.9824561403508771,0.8421052631578947,0.9068825910931173,133,0.9209257119190921,0.981651376146789,0.9469026548672567,0.963963963963964,113,0.9733247291300455,0.9818181818181818,0.8571428571428571,0.9152542372881356,63,0.9285085275775928,0.0,0.0,0.0,19,0.5,1.0,0.6666666666666666,0.8,6,0.8333333333333333,0.8429357798165138,0.7191609267376331,0.7761446190234838,3194,0.8151636929246489,0.8339726406291064,0.8211432850723914,0.8245931496844747,8012,0.8234580752888248,40170.85352182388
