Rep.,Kfold,Num. Vars.,Precision-Background,Recall-Background,F1_score_Background,Num. Obs. Background,AUC_Background,Precision-DoS,Recall-DoS,F1_score_DoS,Num. Obs. Dos,AUC_DoS,Precision-Botnet,Recall-Botnet,F1_score_Botnet,Num. Obs. Botnet,AUC_Botnet,Precision-Scan,Recall-Scan,F1_score_Scan,Num. Obs. Scan,AUC_Scan,Precision-SSHscan,Recall-SSHscan,F1_score_SSHscan,Num. Obs. SSHscan,AUC_SSHscan,Precision-UDPscan,Recall-UDPscan,F1_score_UDPscan,Num. Obs. UDPscan,AUC_UDPscan,Precision-Spam,Recall-Spam,F1_score_Spam,Num. Obs. Spam,AUC_Spam,Precision-w,Recall-w,F1_score_w,Total Obs.,AUC_w,Time
6,1,85,0.8219633943427621,0.8813559322033898,0.850624192854068,1121,0.8193627733579307,0.9354838709677419,0.8787878787878788,0.90625,33,0.9388863251807416,1.0,0.9642857142857143,0.9818181818181818,28,0.9821428571428572,0.8333333333333334,0.625,0.7142857142857143,16,0.8119967287367891,0.0,0.0,0.0,5,0.5,1.0,0.5,0.6666666666666666,2,0.75,0.824438202247191,0.7355889724310777,0.7774834437086092,798,0.8159272662985264,0.8255251879814097,0.8197703444832751,0.8208390275195678,2003,0.8213134417529793,20658.871064901352
