Rep.,Kfold,Num. Vars.,Precision-Background,Recall-Background,F1_score_Background,Num. Obs. Background,AUC_Background,Precision-DoS,Recall-DoS,F1_score_DoS,Num. Obs. Dos,AUC_DoS,Precision-Botnet,Recall-Botnet,F1_score_Botnet,Num. Obs. Botnet,AUC_Botnet,Precision-Scan,Recall-Scan,F1_score_Scan,Num. Obs. Scan,AUC_Scan,Precision-SSHscan,Recall-SSHscan,F1_score_SSHscan,Num. Obs. SSHscan,AUC_SSHscan,Precision-UDPscan,Recall-UDPscan,F1_score_UDPscan,Num. Obs. UDPscan,AUC_UDPscan,Precision-Spam,Recall-Spam,F1_score_Spam,Num. Obs. Spam,AUC_Spam,Precision-w,Recall-w,F1_score_w,Total Obs.,AUC_w,Time
15,5,80,0.8072874493927126,0.8893844781445138,0.8463497453310697,1121,0.8096184592765703,0.90625,0.8787878787878788,0.8923076923076922,33,0.9386321313695616,1.0,0.9642857142857143,0.9818181818181818,28,0.9821428571428572,0.9375,0.9375,0.9375,16,0.9684982376636455,0.0,0.0,0.0,5,0.5,0.5,1.0,0.6666666666666666,1,0.9997501249375312,0.827247191011236,0.7380952380952381,0.7801324503311258,798,0.8179678848283499,0.8184409286694292,0.8281718281718282,0.8211326121299185,2002,0.8180775460563487,33026.07903814316
