Rep.,Kfold,Num. Vars.,Precision-Background,Recall-Background,F1_score_Background,Num. Obs. Background,AUC_Background,Precision-DoS,Recall-DoS,F1_score_DoS,Num. Obs. Dos,AUC_DoS,Precision-Botnet,Recall-Botnet,F1_score_Botnet,Num. Obs. Botnet,AUC_Botnet,Precision-Scan,Recall-Scan,F1_score_Scan,Num. Obs. Scan,AUC_Scan,Precision-SSHscan,Recall-SSHscan,F1_score_SSHscan,Num. Obs. SSHscan,AUC_SSHscan,Precision-UDPscan,Recall-UDPscan,F1_score_UDPscan,Num. Obs. UDPscan,AUC_UDPscan,Precision-Spam,Recall-Spam,F1_score_Spam,Num. Obs. Spam,AUC_Spam,Precision-w,Recall-w,F1_score_w,Total Obs.,AUC_w,Time
8,3,95,0.8076298701298701,0.8876003568242641,0.8457288567785806,1121,0.8095985929081683,0.9655172413793104,0.8484848484848485,0.9032258064516129,33,0.9239887459065542,0.9310344827586207,0.9310344827586207,0.9310344827586207,29,0.9650109122653862,0.9333333333333333,0.875,0.9032258064516129,16,0.9372484909456741,0.0,0.0,0.0,5,0.5,0.0,0.0,0.0,1,0.5,0.8289855072463768,0.7158948685857321,0.7683008730691739,799,0.8089847786912064,0.8191157220580289,0.8163672654690619,0.8149663226283372,2004,0.8135787334082205,31574.725318193436
