Rep.,Kfold,Num. Vars.,Precision-Background,Recall-Background,F1_score_Background,Num. Obs. Background,AUC_Background,Precision-DoS,Recall-DoS,F1_score_DoS,Num. Obs. Dos,AUC_DoS,Precision-Botnet,Recall-Botnet,F1_score_Botnet,Num. Obs. Botnet,AUC_Botnet,Precision-Scan,Recall-Scan,F1_score_Scan,Num. Obs. Scan,AUC_Scan,Precision-SSHscan,Recall-SSHscan,F1_score_SSHscan,Num. Obs. SSHscan,AUC_SSHscan,Precision-UDPscan,Recall-UDPscan,F1_score_UDPscan,Num. Obs. UDPscan,AUC_UDPscan,Precision-Spam,Recall-Spam,F1_score_Spam,Num. Obs. Spam,AUC_Spam,Precision-w,Recall-w,F1_score_w,Total Obs.,AUC_w,Time
7,3,93,0.8203190596137699,0.8715432649420161,0.8451557093425606,1121,0.8141807233800991,0.8461538461538461,0.6666666666666666,0.7457627118644068,33,0.8323170731707316,0.92,0.8214285714285714,0.8679245283018867,28,0.9102074433422634,0.9333333333333333,0.9333333333333333,0.9333333333333333,15,0.9664149043303122,0.0,0.0,0.0,4,0.5,0.0,0.0,0.0,1,0.5,0.8254847645429363,0.7459324155193993,0.7836949375410913,799,0.8205535621690174,0.8230000347925631,0.815592203898051,0.8178430092715245,2001,0.8187243290731175,31096.26055908203
