Rep.,Kfold,Num. Vars.,Precision-Background,Recall-Background,F1_score_Background,Num. Obs. Background,AUC_Background,Precision-DoS,Recall-DoS,F1_score_DoS,Num. Obs. Dos,AUC_DoS,Precision-Botnet,Recall-Botnet,F1_score_Botnet,Num. Obs. Botnet,AUC_Botnet,Precision-Scan,Recall-Scan,F1_score_Scan,Num. Obs. Scan,AUC_Scan,Precision-SSHscan,Recall-SSHscan,F1_score_SSHscan,Num. Obs. SSHscan,AUC_SSHscan,Precision-UDPscan,Recall-UDPscan,F1_score_UDPscan,Num. Obs. UDPscan,AUC_UDPscan,Precision-Spam,Recall-Spam,F1_score_Spam,Num. Obs. Spam,AUC_Spam,Precision-w,Recall-w,F1_score_w,Total Obs.,AUC_w,Time
5,4,88,0.8195612056592168,0.8913916146297948,0.8539685930990278,4484,0.8209792540269154,0.9826086956521739,0.849624060150376,0.9112903225806452,133,0.9246851104153327,0.9719626168224299,0.9203539823008849,0.9454545454545454,113,0.9599870936950684,0.9821428571428571,0.873015873015873,0.9243697478991596,63,0.9364450355141007,0.0,0.0,0.0,19,0.5,1.0,0.5,0.6666666666666666,6,0.75,0.8441510817748441,0.7207263619286162,0.7775713561898328,3194,0.8162577430232537,0.8336900566135115,0.8205192211682476,0.8241427051652026,8012,0.8228726790792725,27312.95805168152
