Rep.,Kfold,Num. Vars.,Precision-Background,Recall-Background,F1_score_Background,Num. Obs. Background,AUC_Background,Precision-DoS,Recall-DoS,F1_score_DoS,Num. Obs. Dos,AUC_DoS,Precision-Botnet,Recall-Botnet,F1_score_Botnet,Num. Obs. Botnet,AUC_Botnet,Precision-Scan,Recall-Scan,F1_score_Scan,Num. Obs. Scan,AUC_Scan,Precision-SSHscan,Recall-SSHscan,F1_score_SSHscan,Num. Obs. SSHscan,AUC_SSHscan,Precision-UDPscan,Recall-UDPscan,F1_score_UDPscan,Num. Obs. UDPscan,AUC_UDPscan,Precision-Spam,Recall-Spam,F1_score_Spam,Num. Obs. Spam,AUC_Spam,Precision-w,Recall-w,F1_score_w,Total Obs.,AUC_w,Time
17,1,97,0.8172505634091375,0.889607493309545,0.8518953550453816,4484,0.8184223354901367,0.9830508474576272,0.8721804511278195,0.9243027888446216,133,0.9359633220106103,0.9811320754716981,0.9203539823008849,0.949771689497717,113,0.9600504088719616,0.9824561403508771,0.8888888888888888,0.9333333333333333,63,0.9443815513626834,0.0,0.0,0.0,20,0.5,1.0,0.42857142857142855,0.6,7,0.7142857142857143,0.8428882438316401,0.7275289696210461,0.7809715918641789,3193,0.8188474723623903,0.8319483480548198,0.8225383751403968,0.8245098635561451,8013,0.8226445260647295,41533.21897673607
