Rep.,Kfold,Num. Vars.,Precision-Background,Recall-Background,F1_score_Background,Num. Obs. Background,AUC_Background,Precision-DoS,Recall-DoS,F1_score_DoS,Num. Obs. Dos,AUC_DoS,Precision-Botnet,Recall-Botnet,F1_score_Botnet,Num. Obs. Botnet,AUC_Botnet,Precision-Scan,Recall-Scan,F1_score_Scan,Num. Obs. Scan,AUC_Scan,Precision-SSHscan,Recall-SSHscan,F1_score_SSHscan,Num. Obs. SSHscan,AUC_SSHscan,Precision-UDPscan,Recall-UDPscan,F1_score_UDPscan,Num. Obs. UDPscan,AUC_UDPscan,Precision-Spam,Recall-Spam,F1_score_Spam,Num. Obs. Spam,AUC_Spam,Precision-w,Recall-w,F1_score_w,Total Obs.,AUC_w,Time
9,5,86,0.8199013157894737,0.8893844781445138,0.8532306375695337,4484,0.82050737941816,0.972972972972973,0.8120300751879699,0.8852459016393442,133,0.9058246339382348,0.9809523809523809,0.9196428571428571,0.9493087557603686,112,0.9596948302678459,1.0,0.9682539682539683,0.9838709677419354,63,0.9841269841269842,0.0,0.0,0.0,19,0.5,0.8,0.5714285714285714,0.6666666666666666,7,0.7856518169486685,0.8457038391224863,0.7243971186971501,0.7803643724696356,3193,0.818404453910634,0.8344328960666797,0.8209961303208089,0.8249033133634924,8011,0.8235277207177765,29340.16728925705
