Rep.,Kfold,Num. Vars.,Precision-Background,Recall-Background,F1_score_Background,Num. Obs. Background,AUC_Background,Precision-DoS,Recall-DoS,F1_score_DoS,Num. Obs. Dos,AUC_DoS,Precision-Botnet,Recall-Botnet,F1_score_Botnet,Num. Obs. Botnet,AUC_Botnet,Precision-Scan,Recall-Scan,F1_score_Scan,Num. Obs. Scan,AUC_Scan,Precision-SSHscan,Recall-SSHscan,F1_score_SSHscan,Num. Obs. SSHscan,AUC_SSHscan,Precision-UDPscan,Recall-UDPscan,F1_score_UDPscan,Num. Obs. UDPscan,AUC_UDPscan,Precision-Spam,Recall-Spam,F1_score_Spam,Num. Obs. Spam,AUC_Spam,Precision-w,Recall-w,F1_score_w,Total Obs.,AUC_w,Time
4,2,86,0.8177541419513192,0.8916146297948261,0.8530886589139016,4484,0.8195318046933315,0.9732142857142857,0.8195488721804511,0.889795918367347,133,0.9095840566004426,0.972972972972973,0.9557522123893806,0.9642857142857144,113,0.9776862087393162,0.9814814814814815,0.8412698412698413,0.905982905982906,63,0.920572019641085,0.0,0.0,0.0,19,0.5,1.0,0.3333333333333333,0.5,6,0.6666666666666666,0.8440939104915627,0.7204132748904195,0.7773648648648649,3194,0.8161011995041554,0.8325090242010792,0.8201447828257613,0.823207312890961,8012,0.8218119198469747,25989.49925303459
