Rep.,Kfold,Num. Vars.,Precision-Background,Recall-Background,F1_score_Background,Num. Obs. Background,AUC_Background,Precision-DoS,Recall-DoS,F1_score_DoS,Num. Obs. Dos,AUC_DoS,Precision-Botnet,Recall-Botnet,F1_score_Botnet,Num. Obs. Botnet,AUC_Botnet,Precision-Scan,Recall-Scan,F1_score_Scan,Num. Obs. Scan,AUC_Scan,Precision-SSHscan,Recall-SSHscan,F1_score_SSHscan,Num. Obs. SSHscan,AUC_SSHscan,Precision-UDPscan,Recall-UDPscan,F1_score_UDPscan,Num. Obs. UDPscan,AUC_UDPscan,Precision-Spam,Recall-Spam,F1_score_Spam,Num. Obs. Spam,AUC_Spam,Precision-w,Recall-w,F1_score_w,Total Obs.,AUC_w,Time
13,3,89,0.8049792531120332,0.8652988403211418,0.8340498710232157,1121,0.7994294655120447,0.84375,0.8181818181818182,0.8307692307692308,33,0.9078218735579142,0.9259259259259259,0.8928571428571429,0.9090909090909091,28,0.9459222423146473,0.9090909090909091,0.625,0.7407407407407406,16,0.8122483643683945,0.0,0.0,0.0,5,0.5,0.0,0.0,0.0,2,0.5,0.8042553191489362,0.7105263157894737,0.7544910179640718,798,0.7980017471063551,0.8050387508191816,0.7983025461807289,0.7996882274958242,2003,0.8017502463664449,37384.451285123825
