Rep.,Kfold,Num. Vars.,Precision-Background,Recall-Background,F1_score_Background,Num. Obs. Background,AUC_Background,Precision-DoS,Recall-DoS,F1_score_DoS,Num. Obs. Dos,AUC_DoS,Precision-Botnet,Recall-Botnet,F1_score_Botnet,Num. Obs. Botnet,AUC_Botnet,Precision-Scan,Recall-Scan,F1_score_Scan,Num. Obs. Scan,AUC_Scan,Precision-SSHscan,Recall-SSHscan,F1_score_SSHscan,Num. Obs. SSHscan,AUC_SSHscan,Precision-UDPscan,Recall-UDPscan,F1_score_UDPscan,Num. Obs. UDPscan,AUC_UDPscan,Precision-Spam,Recall-Spam,F1_score_Spam,Num. Obs. Spam,AUC_Spam,Precision-w,Recall-w,F1_score_w,Total Obs.,AUC_w,Time
13,2,87,0.819376026272578,0.8902765388046388,0.8533561351004703,1121,0.8204217161143375,0.9,0.8181818181818182,0.8571428571428572,33,0.9083294877711122,0.9615384615384616,0.8928571428571429,0.9259259259259259,28,0.9461754068716094,0.9333333333333333,0.9333333333333333,0.9333333333333333,15,0.9664151576123408,0.0,0.0,0.0,5,0.5,1.0,0.5,0.6666666666666666,2,0.75,0.8363892806770099,0.7421777221526908,0.786472148541114,799,0.8229161036012624,0.8284666188894497,0.8277583624563155,0.8260351710818525,2003,0.8248460920592201,28076.91036939621
