Rep.,Kfold,Num. Vars.,Precision-Background,Recall-Background,F1_score_Background,Num. Obs. Background,AUC_Background,Precision-DoS,Recall-DoS,F1_score_DoS,Num. Obs. Dos,AUC_DoS,Precision-Botnet,Recall-Botnet,F1_score_Botnet,Num. Obs. Botnet,AUC_Botnet,Precision-Scan,Recall-Scan,F1_score_Scan,Num. Obs. Scan,AUC_Scan,Precision-SSHscan,Recall-SSHscan,F1_score_SSHscan,Num. Obs. SSHscan,AUC_SSHscan,Precision-UDPscan,Recall-UDPscan,F1_score_UDPscan,Num. Obs. UDPscan,AUC_UDPscan,Precision-Spam,Recall-Spam,F1_score_Spam,Num. Obs. Spam,AUC_Spam,Precision-w,Recall-w,F1_score_w,Total Obs.,AUC_w,Time
3,5,84,0.8199548347361938,0.8907225691347012,0.8538749331908071,4484,0.8210346613748358,0.9646017699115044,0.8257575757575758,0.8897959183673471,132,0.9126249485590772,0.9813084112149533,0.9292035398230089,0.9545454545454545,113,0.9644751555787618,0.9821428571428571,0.873015873015873,0.9243697478991596,63,0.9364450276000352,0.0,0.0,0.0,20,0.5,1.0,0.6666666666666666,0.8,6,0.8333333333333333,0.8478976234003657,0.7262762292514876,0.7823886639676114,3193,0.8199666741940294,0.8351148264349106,0.8221195855698414,0.8257763320661511,8011,0.8242568012526901,27557.38699913025
