Rep.,Kfold,Num. Vars.,Precision-Background,Recall-Background,F1_score_Background,Num. Obs. Background,AUC_Background,Precision-DoS,Recall-DoS,F1_score_DoS,Num. Obs. Dos,AUC_DoS,Precision-Botnet,Recall-Botnet,F1_score_Botnet,Num. Obs. Botnet,AUC_Botnet,Precision-Scan,Recall-Scan,F1_score_Scan,Num. Obs. Scan,AUC_Scan,Precision-SSHscan,Recall-SSHscan,F1_score_SSHscan,Num. Obs. SSHscan,AUC_SSHscan,Precision-UDPscan,Recall-UDPscan,F1_score_UDPscan,Num. Obs. UDPscan,AUC_UDPscan,Precision-Spam,Recall-Spam,F1_score_Spam,Num. Obs. Spam,AUC_Spam,Precision-w,Recall-w,F1_score_w,Total Obs.,AUC_w,Time
12,5,82,0.8135662063363119,0.8933987511150758,0.8516156462585034,4484,0.8165973347412113,0.9906542056074766,0.7969924812030075,0.8833333333333333,133,0.8984327807715762,0.9722222222222222,0.9292035398230089,0.9502262443438914,113,0.9644118724561302,1.0,0.8571428571428571,0.923076923076923,63,0.9285714285714286,0.0,0.0,0.0,20,0.5,1.0,0.6666666666666666,0.8,6,0.8333333333333333,0.8428254437869822,0.7137488255559036,0.7729353908767171,3193,0.8127781272415333,0.8299788606690918,0.8180229655516725,0.8205741395395064,8012,0.8186212070259573,35645.865129470825
