Rep.,Kfold,Num. Vars.,Precision-Background,Recall-Background,F1_score_Background,Num. Obs. Background,AUC_Background,Precision-DoS,Recall-DoS,F1_score_DoS,Num. Obs. Dos,AUC_DoS,Precision-Botnet,Recall-Botnet,F1_score_Botnet,Num. Obs. Botnet,AUC_Botnet,Precision-Scan,Recall-Scan,F1_score_Scan,Num. Obs. Scan,AUC_Scan,Precision-SSHscan,Recall-SSHscan,F1_score_SSHscan,Num. Obs. SSHscan,AUC_SSHscan,Precision-UDPscan,Recall-UDPscan,F1_score_UDPscan,Num. Obs. UDPscan,AUC_UDPscan,Precision-Spam,Recall-Spam,F1_score_Spam,Num. Obs. Spam,AUC_Spam,Precision-w,Recall-w,F1_score_w,Total Obs.,AUC_w,Time
14,5,89,0.8140529531568228,0.8913916146297948,0.8509687034277198,4484,0.8163390490264304,0.9819819819819819,0.8195488721804511,0.8934426229508197,133,0.9096475325369262,0.9811320754716981,0.9203539823008849,0.949771689497717,113,0.9600504088719616,0.9830508474576272,0.90625,0.943089430894309,64,0.9530620990061642,0.0,0.0,0.0,19,0.5,1.0,0.6666666666666666,0.8,6,0.8333333333333333,0.8404840484048405,0.7175954915466499,0.7741935483870968,3194,0.8136639005772262,0.8292906869998062,0.8191688506177461,0.8211440974742569,8013,0.8192027438717722,35959.676721572876
