Rep.,Kfold,Num. Vars.,Precision-Background,Recall-Background,F1_score_Background,Num. Obs. Background,AUC_Background,Precision-DoS,Recall-DoS,F1_score_DoS,Num. Obs. Dos,AUC_DoS,Precision-Botnet,Recall-Botnet,F1_score_Botnet,Num. Obs. Botnet,AUC_Botnet,Precision-Scan,Recall-Scan,F1_score_Scan,Num. Obs. Scan,AUC_Scan,Precision-SSHscan,Recall-SSHscan,F1_score_SSHscan,Num. Obs. SSHscan,AUC_SSHscan,Precision-UDPscan,Recall-UDPscan,F1_score_UDPscan,Num. Obs. UDPscan,AUC_UDPscan,Precision-Spam,Recall-Spam,F1_score_Spam,Num. Obs. Spam,AUC_Spam,Precision-w,Recall-w,F1_score_w,Total Obs.,AUC_w,Time
13,4,94,0.8101367658889783,0.8983050847457628,0.8519458544839257,1121,0.8155172082845462,0.9117647058823529,0.9117647058823529,0.9117647058823528,34,0.9551209316213795,1.0,0.9310344827586207,0.9642857142857143,29,0.9655172413793103,1.0,0.8125,0.896551724137931,16,0.90625,0.0,0.0,0.0,5,0.5,0.5,1.0,0.6666666666666666,1,0.9997503744383425,0.8330914368650217,0.7192982456140351,0.7720242098184265,798,0.811970847516802,0.8230889626645869,0.8248502994011976,0.8208994023347028,2004,0.8186733477320107,40760.65270447731
