Rep.,Kfold,Num. Vars.,Precision-Background,Recall-Background,F1_score_Background,Num. Obs. Background,AUC_Background,Precision-DoS,Recall-DoS,F1_score_DoS,Num. Obs. Dos,AUC_DoS,Precision-Botnet,Recall-Botnet,F1_score_Botnet,Num. Obs. Botnet,AUC_Botnet,Precision-Scan,Recall-Scan,F1_score_Scan,Num. Obs. Scan,AUC_Scan,Precision-SSHscan,Recall-SSHscan,F1_score_SSHscan,Num. Obs. SSHscan,AUC_SSHscan,Precision-UDPscan,Recall-UDPscan,F1_score_UDPscan,Num. Obs. UDPscan,AUC_UDPscan,Precision-Spam,Recall-Spam,F1_score_Spam,Num. Obs. Spam,AUC_Spam,Precision-w,Recall-w,F1_score_w,Total Obs.,AUC_w,Time
18,2,92,0.821247892074199,0.8688670829616414,0.8443866493281319,1121,0.8142521355851291,0.896551724137931,0.7878787878787878,0.8387096774193549,33,0.893177972619597,1.0,0.7857142857142857,0.88,28,0.8928571428571428,0.9411764705882353,1.0,0.9696969696969697,16,0.9997483643683945,0.0,0.0,0.0,5,0.5,1.0,0.5,0.6666666666666666,2,0.75,0.8168044077134986,0.7431077694235589,0.7782152230971128,798,0.8163671627200781,0.8223034622049489,0.8147778332501248,0.8171438273248404,2003,0.8181270528047395,40170.85352182388
