Rep.,Kfold,Num. Vars.,Precision-Background,Recall-Background,F1_score_Background,Num. Obs. Background,AUC_Background,Precision-DoS,Recall-DoS,F1_score_DoS,Num. Obs. Dos,AUC_DoS,Precision-Botnet,Recall-Botnet,F1_score_Botnet,Num. Obs. Botnet,AUC_Botnet,Precision-Scan,Recall-Scan,F1_score_Scan,Num. Obs. Scan,AUC_Scan,Precision-SSHscan,Recall-SSHscan,F1_score_SSHscan,Num. Obs. SSHscan,AUC_SSHscan,Precision-UDPscan,Recall-UDPscan,F1_score_UDPscan,Num. Obs. UDPscan,AUC_UDPscan,Precision-Spam,Recall-Spam,F1_score_Spam,Num. Obs. Spam,AUC_Spam,Precision-w,Recall-w,F1_score_w,Total Obs.,AUC_w,Time
1,4,86,0.8177168576104746,0.8913916146297948,0.8529662825437473,4484,0.8194202971108157,0.9736842105263158,0.8409090909090909,0.9024390243902439,132,0.9202641901245961,0.9724770642201835,0.9380530973451328,0.954954954954955,113,0.9688366512171922,1.0,0.8571428571428571,0.923076923076923,63,0.9285714285714286,0.0,0.0,0.0,19,0.5,0.8333333333333334,0.7142857142857143,0.7692307692307692,7,0.8570803961809583,0.839474644290405,0.7204132748904195,0.7754001684919966,3194,0.8145445369885888,0.8306507689426623,0.8205192211682476,0.8227532790511087,8012,0.8213790365506373,38796.69904971123
