Rep.,Kfold,Num. Vars.,Precision-Background,Recall-Background,F1_score_Background,Num. Obs. Background,AUC_Background,Precision-DoS,Recall-DoS,F1_score_DoS,Num. Obs. Dos,AUC_DoS,Precision-Botnet,Recall-Botnet,F1_score_Botnet,Num. Obs. Botnet,AUC_Botnet,Precision-Scan,Recall-Scan,F1_score_Scan,Num. Obs. Scan,AUC_Scan,Precision-SSHscan,Recall-SSHscan,F1_score_SSHscan,Num. Obs. SSHscan,AUC_SSHscan,Precision-UDPscan,Recall-UDPscan,F1_score_UDPscan,Num. Obs. UDPscan,AUC_UDPscan,Precision-Spam,Recall-Spam,F1_score_Spam,Num. Obs. Spam,AUC_Spam,Precision-w,Recall-w,F1_score_w,Total Obs.,AUC_w,Time
3,2,90,0.819950839819746,0.8927297056199821,0.8547939355114242,4484,0.821825323198203,0.9910714285714286,0.8345864661654135,0.9061224489795919,133,0.917229781306057,0.9813084112149533,0.9292035398230089,0.9545454545454545,113,0.9644751876330234,0.9833333333333333,0.921875,0.9516129032258064,64,0.9608745990061642,0.0,0.0,0.0,19,0.5,1.0,0.7142857142857143,0.8333333333333333,7,0.8571428571428572,0.8453720508166969,0.7294080801753836,0.7831203765971756,3193,0.8205131687183971,0.8347143651329187,0.8251591164357919,0.8272199988176356,8013,0.8252759925609904,29629.31757044792
