Rep.,Kfold,Num. Vars.,Precision-Background,Recall-Background,F1_score_Background,Num. Obs. Background,AUC_Background,Precision-DoS,Recall-DoS,F1_score_DoS,Num. Obs. Dos,AUC_DoS,Precision-Botnet,Recall-Botnet,F1_score_Botnet,Num. Obs. Botnet,AUC_Botnet,Precision-Scan,Recall-Scan,F1_score_Scan,Num. Obs. Scan,AUC_Scan,Precision-SSHscan,Recall-SSHscan,F1_score_SSHscan,Num. Obs. SSHscan,AUC_SSHscan,Precision-UDPscan,Recall-UDPscan,F1_score_UDPscan,Num. Obs. UDPscan,AUC_UDPscan,Precision-Spam,Recall-Spam,F1_score_Spam,Num. Obs. Spam,AUC_Spam,Precision-w,Recall-w,F1_score_w,Total Obs.,AUC_w,Time
4,1,81,0.818981386786664,0.8929527207850134,0.854368932038835,4484,0.8210867316024812,0.956140350877193,0.8195488721804511,0.8825910931174088,133,0.9094571772069768,0.9809523809523809,0.9196428571428571,0.9493087557603686,112,0.9596948623139928,0.9814814814814815,0.828125,0.8983050847457628,64,0.9139995990061642,0.0,0.0,0.0,19,0.5,1.0,0.5714285714285714,0.7272727272727273,7,0.7857142857142857,0.8485069191551348,0.7294927989981215,0.7845117845117845,3194,0.8215839176563547,0.8348049152977723,0.8240359415949082,0.8265332037360776,8013,0.8246389044033461,28207.092413187027
