Rep.,Kfold,Num. Vars.,Precision-Background,Recall-Background,F1_score_Background,Num. Obs. Background,AUC_Background,Precision-DoS,Recall-DoS,F1_score_DoS,Num. Obs. Dos,AUC_DoS,Precision-Botnet,Recall-Botnet,F1_score_Botnet,Num. Obs. Botnet,AUC_Botnet,Precision-Scan,Recall-Scan,F1_score_Scan,Num. Obs. Scan,AUC_Scan,Precision-SSHscan,Recall-SSHscan,F1_score_SSHscan,Num. Obs. SSHscan,AUC_SSHscan,Precision-UDPscan,Recall-UDPscan,F1_score_UDPscan,Num. Obs. UDPscan,AUC_UDPscan,Precision-Spam,Recall-Spam,F1_score_Spam,Num. Obs. Spam,AUC_Spam,Precision-w,Recall-w,F1_score_w,Total Obs.,AUC_w,Time
15,2,89,0.8199423156159868,0.8876003568242641,0.8524309273934462,4484,0.8198637064892732,0.9658119658119658,0.849624060150376,0.9040000000000001,133,0.924558126304717,0.9809523809523809,0.9196428571428571,0.9493087557603686,112,0.9596948142386861,0.9836065573770492,0.9523809523809523,0.9677419354838709,63,0.9761275593665175,0.0,0.0,0.0,19,0.5,1.0,0.8333333333333334,0.9090909090909091,6,0.9166666666666667,0.8426395939086294,0.7278421547134356,0.7810452024869768,3193,0.8188722918055449,0.8331406289396693,0.8220973782771536,0.8251129186027865,8010,0.8237048906200195,37594.83494734764
