Rep.,Kfold,Num. Vars.,Precision-Background,Recall-Background,F1_score_Background,Num. Obs. Background,AUC_Background,Precision-DoS,Recall-DoS,F1_score_DoS,Num. Obs. Dos,AUC_DoS,Precision-Botnet,Recall-Botnet,F1_score_Botnet,Num. Obs. Botnet,AUC_Botnet,Precision-Scan,Recall-Scan,F1_score_Scan,Num. Obs. Scan,AUC_Scan,Precision-SSHscan,Recall-SSHscan,F1_score_SSHscan,Num. Obs. SSHscan,AUC_SSHscan,Precision-UDPscan,Recall-UDPscan,F1_score_UDPscan,Num. Obs. UDPscan,AUC_UDPscan,Precision-Spam,Recall-Spam,F1_score_Spam,Num. Obs. Spam,AUC_Spam,Precision-w,Recall-w,F1_score_w,Total Obs.,AUC_w,Time
6,1,85,0.817140519533647,0.8909455842997324,0.852448522351435,4484,0.8187721118777574,0.9821428571428571,0.8270676691729323,0.8979591836734694,133,0.9134069149266107,0.9716981132075472,0.911504424778761,0.9406392694063926,113,0.9555623149340063,0.9838709677419355,0.9682539682539683,0.976,63,0.9840640831331484,0.0,0.0,0.0,19,0.5,1.0,0.3333333333333333,0.5,6,0.6666666666666666,0.8392142597308112,0.7222917971195992,0.7763755678950025,3194,0.8152762431011031,0.8303693450985121,0.8210184722915627,0.8228072325202154,8012,0.8213085582420068,20658.871064901352
