Rep.,Kfold,Num. Vars.,Precision-Background,Recall-Background,F1_score_Background,Num. Obs. Background,AUC_Background,Precision-DoS,Recall-DoS,F1_score_DoS,Num. Obs. Dos,AUC_DoS,Precision-Botnet,Recall-Botnet,F1_score_Botnet,Num. Obs. Botnet,AUC_Botnet,Precision-Scan,Recall-Scan,F1_score_Scan,Num. Obs. Scan,AUC_Scan,Precision-SSHscan,Recall-SSHscan,F1_score_SSHscan,Num. Obs. SSHscan,AUC_SSHscan,Precision-UDPscan,Recall-UDPscan,F1_score_UDPscan,Num. Obs. UDPscan,AUC_UDPscan,Precision-Spam,Recall-Spam,F1_score_Spam,Num. Obs. Spam,AUC_Spam,Precision-w,Recall-w,F1_score_w,Total Obs.,AUC_w,Time
4,4,72,0.8157358336730534,0.8925066904549509,0.8523961661341852,4484,0.818135431395276,0.9732142857142857,0.8195488721804511,0.889795918367347,133,0.9095840566004426,0.9714285714285714,0.9026548672566371,0.9357798165137614,113,0.9511375361729445,0.9661016949152542,0.9047619047619048,0.9344262295081968,63,0.9522551503932809,0.0,0.0,0.0,19,0.5,1.0,0.6666666666666666,0.8,6,0.8333333333333333,0.8469724770642202,0.7226048841577959,0.7798614630849806,3194,0.8180272241461458,0.8323842867304269,0.8215177234148777,0.8238613019105147,8012,0.8217977438703676,25987.97458600998
