Rep.,Kfold,Num. Vars.,Precision-Background,Recall-Background,F1_score_Background,Num. Obs. Background,AUC_Background,Precision-DoS,Recall-DoS,F1_score_DoS,Num. Obs. Dos,AUC_DoS,Precision-Botnet,Recall-Botnet,F1_score_Botnet,Num. Obs. Botnet,AUC_Botnet,Precision-Scan,Recall-Scan,F1_score_Scan,Num. Obs. Scan,AUC_Scan,Precision-SSHscan,Recall-SSHscan,F1_score_SSHscan,Num. Obs. SSHscan,AUC_SSHscan,Precision-UDPscan,Recall-UDPscan,F1_score_UDPscan,Num. Obs. UDPscan,AUC_UDPscan,Precision-Spam,Recall-Spam,F1_score_Spam,Num. Obs. Spam,AUC_Spam,Precision-w,Recall-w,F1_score_w,Total Obs.,AUC_w,Time
8,2,88,0.8151020408163265,0.8907225691347012,0.8512361466325661,4484,0.8169599240231329,0.9823008849557522,0.8345864661654135,0.9024390243902438,133,0.9171663134228516,0.9719626168224299,0.9203539823008849,0.9454545454545454,113,0.9599870936950684,0.9821428571428571,0.873015873015873,0.9243697478991596,63,0.9364450355141007,0.0,0.0,0.0,19,0.5,1.0,0.5,0.6666666666666666,6,0.75,0.8458980044345898,0.7166562304320601,0.7759322033898306,3194,0.8150528972832779,0.8318857427090036,0.81827259111333,0.8218130787725235,8012,0.8200180918313389,25781.92574930191
