Rep.,Kfold,Num. Vars.,Precision-Background,Recall-Background,F1_score_Background,Num. Obs. Background,AUC_Background,Precision-DoS,Recall-DoS,F1_score_DoS,Num. Obs. Dos,AUC_DoS,Precision-Botnet,Recall-Botnet,F1_score_Botnet,Num. Obs. Botnet,AUC_Botnet,Precision-Scan,Recall-Scan,F1_score_Scan,Num. Obs. Scan,AUC_Scan,Precision-SSHscan,Recall-SSHscan,F1_score_SSHscan,Num. Obs. SSHscan,AUC_SSHscan,Precision-UDPscan,Recall-UDPscan,F1_score_UDPscan,Num. Obs. UDPscan,AUC_UDPscan,Precision-Spam,Recall-Spam,F1_score_Spam,Num. Obs. Spam,AUC_Spam,Precision-w,Recall-w,F1_score_w,Total Obs.,AUC_w,Time
4,5,87,0.8175122749590835,0.8911685994647636,0.852752880921895,4484,0.8191312234635981,0.9655172413793104,0.8484848484848485,0.9032258064516129,132,0.9239885849227137,0.9904761904761905,0.9203539823008849,0.9541284403669724,113,0.9601136839840713,0.9830508474576272,0.9206349206349206,0.9508196721311476,63,0.960254551409559,0.0,0.0,0.0,19,0.5,1.0,0.7142857142857143,0.8333333333333333,7,0.8571428571428572,0.8469945355191257,0.7281553398058253,0.7830919501515662,3193,0.8204911194670471,0.8336640721014615,0.8238671826238921,0.8259810020944208,8011,0.8237757991146991,27233.740090608597
