Rep.,Kfold,Num. Vars.,Precision-Background,Recall-Background,F1_score_Background,Num. Obs. Background,AUC_Background,Precision-DoS,Recall-DoS,F1_score_DoS,Num. Obs. Dos,AUC_DoS,Precision-Botnet,Recall-Botnet,F1_score_Botnet,Num. Obs. Botnet,AUC_Botnet,Precision-Scan,Recall-Scan,F1_score_Scan,Num. Obs. Scan,AUC_Scan,Precision-SSHscan,Recall-SSHscan,F1_score_SSHscan,Num. Obs. SSHscan,AUC_SSHscan,Precision-UDPscan,Recall-UDPscan,F1_score_UDPscan,Num. Obs. UDPscan,AUC_UDPscan,Precision-Spam,Recall-Spam,F1_score_Spam,Num. Obs. Spam,AUC_Spam,Precision-w,Recall-w,F1_score_w,Total Obs.,AUC_w,Time
6,2,88,0.8156766687078996,0.8911685994647636,0.8517531706277309,4484,0.817644373407644,0.9826086956521739,0.849624060150376,0.9112903225806452,133,0.9246851265218885,0.9716981132075472,0.9196428571428571,0.944954128440367,112,0.959631579185275,0.9824561403508771,0.875,0.9256198347107438,64,0.9374370990061642,0.0,0.0,0.0,20,0.5,1.0,0.6666666666666666,0.8,6,0.8333333333333333,0.8471407624633431,0.7235441452723858,0.7804795677136104,3194,0.8185058348275188,0.8326040329436639,0.8215399975040559,0.8240595408813242,8013,0.821924727297083,26342.91343641281
