Rep.,Kfold,Num. Vars.,Precision-Background,Recall-Background,F1_score_Background,Num. Obs. Background,AUC_Background,Precision-DoS,Recall-DoS,F1_score_DoS,Num. Obs. Dos,AUC_DoS,Precision-Botnet,Recall-Botnet,F1_score_Botnet,Num. Obs. Botnet,AUC_Botnet,Precision-Scan,Recall-Scan,F1_score_Scan,Num. Obs. Scan,AUC_Scan,Precision-SSHscan,Recall-SSHscan,F1_score_SSHscan,Num. Obs. SSHscan,AUC_SSHscan,Precision-UDPscan,Recall-UDPscan,F1_score_UDPscan,Num. Obs. UDPscan,AUC_UDPscan,Precision-Spam,Recall-Spam,F1_score_Spam,Num. Obs. Spam,AUC_Spam,Precision-w,Recall-w,F1_score_w,Total Obs.,AUC_w,Time
6,2,88,0.8248730964467005,0.8697591436217663,0.8467216673903604,1121,0.8173994356020297,0.7777777777777778,0.8484848484848485,0.8115942028985507,33,0.9222109361774167,0.9642857142857143,0.9310344827586207,0.9473684210526316,29,0.9652638201932991,1.0,0.7333333333333333,0.846153846153846,15,0.8666666666666667,0.0,0.0,0.0,4,0.5,0.5,0.5,0.5,2,0.74975,0.8062755798090041,0.7406015037593985,0.7720444154147615,798,0.8113306522119251,0.818042760332312,0.8156843156843157,0.8157917248971328,2002,0.8185173523748512,26342.91343641281
