Rep.,Kfold,Num. Vars.,Precision-Background,Recall-Background,F1_score_Background,Num. Obs. Background,AUC_Background,Precision-DoS,Recall-DoS,F1_score_DoS,Num. Obs. Dos,AUC_DoS,Precision-Botnet,Recall-Botnet,F1_score_Botnet,Num. Obs. Botnet,AUC_Botnet,Precision-Scan,Recall-Scan,F1_score_Scan,Num. Obs. Scan,AUC_Scan,Precision-SSHscan,Recall-SSHscan,F1_score_SSHscan,Num. Obs. SSHscan,AUC_SSHscan,Precision-UDPscan,Recall-UDPscan,F1_score_UDPscan,Num. Obs. UDPscan,AUC_UDPscan,Precision-Spam,Recall-Spam,F1_score_Spam,Num. Obs. Spam,AUC_Spam,Precision-w,Recall-w,F1_score_w,Total Obs.,AUC_w,Time
16,4,87,0.8129306850425618,0.894513826940232,0.8517732002548312,4484,0.8164462558737441,0.972972972972973,0.8181818181818182,0.8888888888888891,132,0.9089005537609598,0.9814814814814815,0.9380530973451328,0.9592760180995475,113,0.9688999503689837,1.0,0.9206349206349206,0.9586776859504132,63,0.9603174603174602,0.0,0.0,0.0,19,0.5,1.0,0.7142857142857143,0.8333333333333333,7,0.8571428571428572,0.8469843633655995,0.7122730118973074,0.7738095238095237,3194,0.8134839530221282,0.8312267958263121,0.8191462805791313,0.8216250873585963,8012,0.8193551328979889,40273.0892457962
