Rep.,Kfold,Num. Vars.,Precision-Background,Recall-Background,F1_score_Background,Num. Obs. Background,AUC_Background,Precision-DoS,Recall-DoS,F1_score_DoS,Num. Obs. Dos,AUC_DoS,Precision-Botnet,Recall-Botnet,F1_score_Botnet,Num. Obs. Botnet,AUC_Botnet,Precision-Scan,Recall-Scan,F1_score_Scan,Num. Obs. Scan,AUC_Scan,Precision-SSHscan,Recall-SSHscan,F1_score_SSHscan,Num. Obs. SSHscan,AUC_SSHscan,Precision-UDPscan,Recall-UDPscan,F1_score_UDPscan,Num. Obs. UDPscan,AUC_UDPscan,Precision-Spam,Recall-Spam,F1_score_Spam,Num. Obs. Spam,AUC_Spam,Precision-w,Recall-w,F1_score_w,Total Obs.,AUC_w,Time
12,3,84,0.8202500512400082,0.8925066904549509,0.8548542133931433,4484,0.8219971820084333,0.9745762711864406,0.8646616541353384,0.9163346613545817,133,0.9321404717377199,0.9724770642201835,0.9380530973451328,0.954954954954955,113,0.9688366752548448,0.9821428571428571,0.859375,0.9166666666666665,64,0.9296245990061642,0.0,0.0,0.0,19,0.5,1.0,0.5,0.6666666666666666,6,0.75,0.8494897959183674,0.7298058860363181,0.7851128326035702,3194,0.8220517290733572,0.8360960106209012,0.8251591164357919,0.827813024675826,8013,0.8259600384584335,35735.76269650459
