Rep.,Kfold,Num. Vars.,Precision-Background,Recall-Background,F1_score_Background,Num. Obs. Background,AUC_Background,Precision-DoS,Recall-DoS,F1_score_DoS,Num. Obs. Dos,AUC_DoS,Precision-Botnet,Recall-Botnet,F1_score_Botnet,Num. Obs. Botnet,AUC_Botnet,Precision-Scan,Recall-Scan,F1_score_Scan,Num. Obs. Scan,AUC_Scan,Precision-SSHscan,Recall-SSHscan,F1_score_SSHscan,Num. Obs. SSHscan,AUC_SSHscan,Precision-UDPscan,Recall-UDPscan,F1_score_UDPscan,Num. Obs. UDPscan,AUC_UDPscan,Precision-Spam,Recall-Spam,F1_score_Spam,Num. Obs. Spam,AUC_Spam,Precision-w,Recall-w,F1_score_w,Total Obs.,AUC_w,Time
17,5,92,0.8230912476722533,0.8871543264942016,0.8539229365675647,4484,0.8223349624529999,0.9727272727272728,0.8106060606060606,0.8842975206611571,132,0.9051126266472802,0.9711538461538461,0.9017857142857143,0.9351851851851851,112,0.9507029356437435,0.9830508474576272,0.9206349206349206,0.9508196721311476,63,0.9602545434935015,0.0,0.0,0.0,19,0.5,1.0,0.42857142857142855,0.6,7,0.7142857142857143,0.8381607530774801,0.7250234888819292,0.7774979009235936,3193,0.8161135713041575,0.8330948655802545,0.8192259675405743,0.8236093505655767,8010,0.8232397299079971,40714.12095451355
