Rep.,Kfold,Num. Vars.,Precision-Background,Recall-Background,F1_score_Background,Num. Obs. Background,AUC_Background,Precision-DoS,Recall-DoS,F1_score_DoS,Num. Obs. Dos,AUC_DoS,Precision-Botnet,Recall-Botnet,F1_score_Botnet,Num. Obs. Botnet,AUC_Botnet,Precision-Scan,Recall-Scan,F1_score_Scan,Num. Obs. Scan,AUC_Scan,Precision-SSHscan,Recall-SSHscan,F1_score_SSHscan,Num. Obs. SSHscan,AUC_SSHscan,Precision-UDPscan,Recall-UDPscan,F1_score_UDPscan,Num. Obs. UDPscan,AUC_UDPscan,Precision-Spam,Recall-Spam,F1_score_Spam,Num. Obs. Spam,AUC_Spam,Precision-w,Recall-w,F1_score_w,Total Obs.,AUC_w,Time
10,4,89,0.8145952575633688,0.8887154326494202,0.850042662116041,4484,0.8157781869796576,0.9826086956521739,0.849624060150376,0.9112903225806452,133,0.9246850943046879,0.9716981132075472,0.911504424778761,0.9406392694063926,113,0.9555622908902668,1.0,0.9523809523809523,0.975609756097561,63,0.9761904761904762,0.0,0.0,0.0,19,0.5,1.0,0.5,0.6666666666666666,6,0.75,0.8442229605020303,0.7162543062950204,0.774991528295493,3193,0.8143330477095692,0.8310745089391237,0.8177505929347147,0.8212578344471516,8011,0.8194453212041646,36722.336153268814
